Store,DayOfWeek,year,month,week,day,Customers,Open,Promo,StateHoliday,SchoolHoliday,StoreType,Assortment,CompetitionDistance,CompetitionOpenSinceMonth,CompetitionOpenSinceYear,competition_open,Promo2,Promo2SinceWeek,Promo2SinceYear,promo_2_open,IsPromo2Month
148,5,2024,9,3,28,266,1.0,0,0,0,b,a,729.0,3,2018,78,1,13,2017,354,1
338,3,2024,8,41,6,3733,1.0,0,0,0,a,a,490.0,3,2013,137,0,43,2013,500,1
1078,3,2024,11,15,15,3567,1.0,0,0,1,c,c,740.0,12,2001,275,0,23,2022,96,1
805,2,2024,10,10,1,1996,1.0,1,0,1,a,b,1189.0,3,2006,223,0,21,2018,301,0
101,7,2023,11,10,10,793,1.0,0,0,1,a,a,559.0,5,2000,282,0,17,2015,409,1
480,3,2024,4,37,7,3453,1.0,1,0,1,c,a,782.0,12,2016,88,1,21,2021,172,1
645,4,2024,9,11,22,2474,1.0,0,0,1,d,a,689.0,8,2020,49,1,26,2011,500,0
963,7,2023,11,51,22,271,1.0,0,0,0,a,a,405.0,3,2015,104,0,34,2014,485,0
387,2,2023,1,46,20,263,1.0,0,0,1,d,a,897.0,10,2012,123,0,44,2018,262,0
1055,5,2024,2,50,21,2585,1.0,0,0,1,a,a,801.0,4,2019,58,0,21,2015,497,1
1009,3,2024,3,18,9,3599,1.0,0,0,1,a,a,1498.0,10,2002,257,0,29,2016,405,1
993,2,2024,5,42,2,3926,1.0,1,0,0,a,a,1032.0,3,2010,170,0,40,2020,210,1
378,7,2024,3,46,18,3702,1.0,1,0,1,c,c,1065.0,10,2000,281,0,19,2011,500,1
518,6,2024,1,23,2,709,1.0,0,0,1,a,b,569.0,4,2002,261,1,42,2012,500,1
445,6,2024,8,12,6,759,1.0,0,0,0,a,a,1043.0,1,2019,67,0,16,2011,500,0
985,1,2024,9,3,24,2197,1.0,1,0,1,c,c,986.0,6,2003,255,0,13,2010,500,1
90,5,2024,5,30,20,3414,1.0,1,0,0,d,c,94.0,2,2008,195,0,16,2019,274,1
668,2,2024,12,35,20,581,1.0,1,0,1,a,a,1159.0,4,2018,80,0,42,2011,500,0
22,3,2023,9,34,6,815,1.0,0,0,0,a,c,787.0,10,2008,179,0,36,2011,500,0
206,5,2024,7,1,15,1780,1.0,1,0,0,b,a,550.0,3,2002,268,0,14,2020,195,0
17,2,2023,1,42,18,3966,1.0,0,0,1,d,c,789.0,6,2017,67,0,32,2015,426,0
99,1,2024,6,41,9,2996,1.0,1,0,0,a,a,634.0,11,2012,139,0,28,2020,221,0
1096,6,2023,10,8,27,2164,1.0,1,a,1,a,c,922.0,5,2013,125,1,33,2021,79,0
50,1,2023,7,16,7,3481,1.0,1,0,0,a,a,701.0,5,2009,170,0,43,2011,500,0
1016,3,2023,11,19,20,2361,1.0,0,c,0,d,a,1335.0,4,2022,19,1,16,2011,500,0
47,5,2024,10,46,1,3516,1.0,0,0,1,c,c,1336.0,5,2007,209,1,48,2012,500,1
630,7,2023,12,9,7,2114,1.0,0,0,0,b,c,896.0,8,2007,196,0,46,2012,500,0
911,7,2023,6,16,25,3182,1.0,1,0,1,a,c,991.0,4,2018,62,0,31,2022,37,0
897,2,2024,2,19,22,2918,1.0,1,c,1,b,b,1328.0,8,2009,174,0,43,2019,236,1
148,1,2024,11,32,21,3458,1.0,1,0,0,b,b,722.0,1,2002,274,1,6,2020,234,0
716,7,2024,10,36,8,1000,1.0,1,0,0,a,b,767.0,5,2009,185,1,26,2018,322,0
989,7,2024,4,1,4,1971,1.0,1,0,1,a,c,1002.0,5,2013,131,0,33,2016,384,0
790,2,2024,1,4,14,2204,1.0,0,0,0,d,a,804.0,3,2013,130,1,9,2010,500,1
328,4,2024,4,46,18,3221,1.0,1,0,1,b,a,900.0,8,2008,188,0,36,2017,374,1
557,4,2023,6,25,20,491,1.0,0,0,0,a,a,720.0,10,2022,8,1,8,2012,500,1
1107,6,2023,11,43,3,3204,1.0,0,0,0,a,c,525.0,3,2001,272,1,44,2022,51,1
86,6,2024,5,43,20,1149,1.0,0,a,0,c,b,517.0,5,2014,120,0,46,2017,361,0
489,5,2023,10,30,7,2413,1.0,0,0,0,d,b,1177.0,12,2017,70,0,1,2013,500,1
343,6,2023,8,43,14,546,1.0,0,0,1,c,c,938.0,6,2007,194,0,7,2017,348,0
169,3,2024,1,5,26,298,1.0,0,0,0,c,b,1093.0,12,2008,181,1,28,2013,500,1
491,5,2023,2,34,16,3886,1.0,1,0,0,a,a,550.0,7,2004,223,1,25,2010,500,1
254,1,2024,6,36,20,1241,1.0,1,0,0,a,a,960.0,10,2006,212,0,23,2019,273,1
671,2,2024,5,36,25,807,1.0,0,0,1,c,a,1004.0,5,2004,240,0,40,2020,204,1
239,5,2024,11,43,6,2081,1.0,1,a,0,a,c,627.0,8,2017,87,1,40,2015,471,1
388,1,2023,9,51,27,1667,1.0,0,a,0,a,b,676.0,4,2011,149,1,6,2020,201,1
182,7,2024,6,46,11,2823,1.0,1,0,0,a,c,1260.0,3,2003,255,1,14,2014,500,0
528,1,2024,4,1,13,371,1.0,0,0,1,d,a,760.0,8,2006,212,1,19,2013,500,1
888,3,2024,1,33,23,510,1.0,0,0,0,c,b,1036.0,7,2021,30,1,50,2020,191,0
753,4,2023,1,24,15,903,1.0,0,0,1,a,b,572.0,5,2017,68,0,1,2018,283,1
160,4,2024,7,13,16,1534,1.0,0,0,1,a,c,1254.0,6,2005,229,1,28,2010,500,0
575,5,2023,1,19,26,888,1.0,1,0,1,a,c,709.0,11,2008,170,1,3,2014,484,1
541,4,2024,1,50,5,1479,1.0,0,0,1,b,c,775.0,3,2010,166,0,14,2016,452,1
379,4,2024,2,52,7,1246,1.0,0,0,1,a,b,965.0,12,2004,230,0,14,2015,500,1
916,1,2024,3,29,11,734,1.0,1,0,0,a,a,1663.0,10,2007,197,1,13,2014,500,0
694,2,2023,11,24,8,3694,1.0,0,0,1,d,c,677.0,10,2003,241,1,48,2010,500,1
673,1,2023,1,5,27,1898,1.0,0,0,1,c,a,838.0,3,2014,106,1,30,2023,0,1
395,5,2024,8,39,3,2820,1.0,0,0,1,a,a,1204.0,10,2008,190,1,43,2015,464,1
838,7,2024,11,50,6,3039,1.0,0,0,1,a,a,866.0,2,2020,57,1,16,2017,398,1
891,4,2024,2,48,4,3735,1.0,0,0,0,a,c,854.0,10,2011,148,1,19,2015,497,1
122,5,2024,7,48,12,3983,1.0,0,c,0,b,a,1469.0,11,2006,212,0,17,2021,187,1
796,7,2024,1,37,4,298,1.0,0,0,0,d,a,1222.0,11,2021,26,1,43,2013,500,0
924,7,2024,5,13,8,3314,1.0,1,0,0,a,a,1495.0,11,2006,210,1,46,2020,175,0
470,1,2024,11,24,10,3957,1.0,0,0,1,a,a,658.0,8,2008,195,1,52,2019,232,1
667,7,2023,6,2,23,3438,1.0,0,0,0,d,b,1103.0,9,2012,129,1,14,2021,92,1
1033,4,2023,8,38,20,3176,1.0,1,0,1,a,c,860.0,9,2000,275,0,8,2023,30,0
6,7,2024,6,11,22,1610,1.0,1,0,1,c,c,810.0,2,2005,232,0,6,2011,500,1
707,6,2023,5,38,26,231,1.0,0,0,1,a,a,840.0,6,2020,35,0,13,2019,233,0
918,2,2023,2,29,16,3264,1.0,0,c,0,a,a,1060.0,1,2000,277,1,9,2023,20,1
286,7,2024,5,29,10,3689,1.0,1,0,1,c,c,856.0,4,2014,121,0,52,2013,500,0
733,4,2024,6,2,2,2747,1.0,0,0,1,c,a,591.0,2,2018,76,0,43,2016,375,0
625,4,2023,8,48,24,1600,1.0,1,0,1,d,b,595.0,11,2004,225,1,27,2011,500,1
18,3,2023,6,51,20,1451,1.0,0,0,0,a,b,497.0,9,2016,81,0,33,2012,500,0
61,6,2023,1,52,14,3220,1.0,0,0,0,a,a,844.0,5,2016,80,0,9,2012,500,1
877,5,2024,8,9,16,1706,1.0,1,0,0,a,c,1033.0,2,2016,102,0,47,2016,378,1
496,5,2023,6,9,26,2348,1.0,0,0,0,a,c,1176.0,12,2018,54,0,20,2017,301,0
1101,6,2023,4,49,15,3215,1.0,1,0,1,d,a,988.0,6,2014,106,1,52,2021,101,0
928,5,2023,5,11,16,3688,1.0,0,0,1,a,b,914.0,12,2003,233,0,5,2016,370,0
725,7,2024,11,40,10,988,1.0,0,c,0,d,a,1189.0,4,2020,55,0,40,2017,364,1
458,5,2024,11,22,26,1420,1.0,0,0,0,a,a,422.0,7,2004,244,0,26,2011,500,0
945,1,2023,5,52,6,2996,1.0,0,0,0,c,a,999.0,1,2013,124,1,22,2018,290,0
235,2,2023,11,52,22,690,1.0,0,0,1,a,a,973.0,8,2000,279,1,46,2016,370,0
959,6,2024,3,4,1,2180,1.0,1,0,1,a,a,488.0,9,2014,114,1,22,2014,500,1
498,7,2023,1,5,3,3213,1.0,1,c,1,a,a,279.0,10,2014,99,0,5,2013,500,1
1110,6,2023,7,5,15,844,1.0,1,0,1,a,a,820.0,11,2018,56,1,11,2022,46,1
707,3,2023,8,42,12,3050,1.0,0,0,1,a,a,1039.0,3,2011,149,1,21,2012,500,0
284,6,2023,6,50,1,1791,1.0,0,c,0,b,c,432.0,5,2019,49,1,38,2018,272,1
622,2,2023,3,28,10,3840,1.0,1,0,1,a,a,641.0,7,2010,152,1,48,2022,32,1
534,2,2023,3,2,20,2611,1.0,0,0,1,d,c,818.0,8,2019,43,0,1,2017,313,1
389,5,2024,1,31,18,1625,1.0,1,0,0,a,c,1144.0,2,2005,227,1,5,2010,500,0
446,2,2024,11,11,4,2238,1.0,1,0,0,c,c,963.0,1,2015,118,1,52,2021,115,1
667,6,2024,5,39,11,294,1.0,0,0,0,c,a,957.0,6,2016,95,1,51,2017,352,1
781,3,2023,8,11,25,223,1.0,1,0,0,a,a,750.0,3,2002,257,0,52,2017,271,1
205,4,2023,2,32,26,3170,1.0,1,0,0,d,a,1283.0,6,2013,116,1,3,2020,185,1
708,3,2023,10,28,8,3317,1.0,0,0,1,a,c,952.0,1,2009,177,0,33,2014,463,0
343,6,2024,7,24,10,1612,1.0,0,0,0,a,a,665.0,6,2008,193,1,41,2010,500,0
507,6,2023,10,44,3,2960,1.0,1,0,1,c,a,700.0,11,2010,155,1,30,2023,14,0
129,3,2024,8,36,9,1987,1.0,1,c,0,a,a,787.0,6,2014,122,1,51,2011,500,1
1037,7,2023,5,37,18,1334,1.0,1,0,1,c,b,743.0,2,2015,99,1,15,2013,500,0
989,4,2023,3,1,18,3544,1.0,0,0,0,a,b,316.0,2,2001,265,1,34,2014,435,0
1007,7,2024,12,15,20,2448,1.0,1,0,1,a,a,666.0,9,2016,99,1,29,2013,500,1
492,3,2024,12,19,1,3946,1.0,0,0,1,a,c,966.0,1,2017,95,1,20,2015,467,0
146,2,2024,1,27,3,2693,1.0,0,c,0,c,a,590.0,1,2012,144,0,23,2019,264,0
358,7,2023,2,16,15,1653,1.0,0,0,1,d,a,860.0,1,2019,49,0,34,2015,398,0
507,4,2024,3,42,7,1017,1.0,0,a,1,c,c,492.0,10,2001,269,1,2,2015,500,0
135,5,2023,12,48,1,2065,1.0,0,0,0,a,a,184.0,3,2022,21,1,3,2020,201,1
8,6,2024,3,7,8,2318,1.0,1,0,1,a,c,733.0,12,2003,243,0,39,2011,500,1
929,3,2023,4,48,19,3702,1.0,1,0,1,a,c,884.0,12,2019,40,1,16,2017,344,1
657,3,2023,3,11,18,655,1.0,0,c,0,a,b,666.0,9,2001,258,1,5,2012,500,0
351,7,2024,8,28,26,546,1.0,1,0,1,a,c,523.0,9,2010,167,1,33,2013,500,1
963,1,2023,10,15,9,2617,1.0,0,0,0,a,c,1013.0,2,2020,44,0,9,2017,318,0
419,1,2023,8,32,21,2709,1.0,1,0,1,b,c,812.0,6,2011,146,0,48,2019,192,0
698,4,2023,2,27,5,3481,1.0,0,0,1,c,a,1014.0,6,2002,248,0,21,2021,110,1
1103,7,2024,12,23,11,1406,1.0,0,0,0,d,c,1391.0,3,2020,57,0,7,2017,380,0
357,6,2024,3,51,28,534,1.0,0,0,1,c,c,960.0,5,2009,178,0,43,2023,60,0
598,1,2023,7,50,16,752,1.0,1,0,0,a,a,963.0,4,2020,39,1,29,2021,125,0
1024,6,2024,3,51,10,3761,1.0,0,0,1,d,c,606.0,7,2002,260,1,51,2021,156,0
67,1,2023,2,30,2,1967,1.0,0,0,0,d,c,813.0,1,2006,205,0,5,2014,493,1
954,6,2023,10,44,2,815,1.0,1,0,1,a,c,450.0,1,2009,177,0,34,2012,500,0
317,1,2023,4,15,6,574,1.0,1,0,1,a,b,523.0,9,2004,223,0,49,2011,500,0
984,2,2023,11,12,18,1981,1.0,1,0,1,b,b,908.0,12,2000,275,0,37,2019,183,0
697,4,2024,1,1,6,3666,1.0,1,0,0,c,a,730.0,7,2014,114,0,22,2010,500,1
825,4,2023,2,52,8,1411,1.0,0,0,0,b,c,644.0,3,2012,131,1,16,2012,500,1
214,3,2023,12,14,24,2077,1.0,1,0,0,a,c,858.0,5,2021,31,0,48,2015,382,1
97,2,2024,2,38,8,751,1.0,0,0,0,b,a,654.0,9,2014,113,1,2,2012,500,0
582,6,2023,12,17,20,543,1.0,1,0,1,a,a,743.0,11,2011,145,1,11,2013,500,1
651,1,2023,1,52,15,1631,1.0,0,0,1,c,c,907.0,6,2016,79,0,20,2012,500,0
259,7,2023,6,47,18,1011,1.0,1,b,0,d,a,679.0,8,2021,22,0,50,2013,500,1
620,6,2023,8,51,2,1637,1.0,0,0,1,d,a,537.0,11,2000,273,0,50,2012,500,1
376,4,2023,10,49,1,3856,1.0,0,0,1,c,a,1195.0,6,2019,52,0,30,2017,331,0
1039,2,2024,6,19,13,3891,1.0,1,0,1,b,a,1402.0,9,2021,33,0,15,2010,500,1
450,4,2024,5,34,12,3256,1.0,1,0,1,a,a,820.0,1,2000,292,1,21,2011,500,1
894,6,2023,10,2,21,2377,1.0,0,0,1,a,c,770.0,12,2007,190,0,50,2015,368,0
184,6,2023,5,6,3,3545,1.0,1,c,1,a,c,831.0,7,2012,130,1,13,2015,409,0
274,6,2024,11,33,19,1318,1.0,0,0,0,b,a,612.0,11,2000,288,1,37,2014,500,1
825,1,2023,1,26,2,1879,1.0,0,0,0,d,a,1168.0,6,2014,103,1,33,2013,500,0
845,2,2023,4,50,24,547,1.0,1,0,0,b,a,1104.0,4,2015,96,1,2,2022,100,1
748,4,2024,1,16,2,3078,1.0,0,0,1,a,a,680.0,8,2021,29,1,19,2021,153,1
420,1,2023,5,3,2,2936,1.0,1,0,0,a,a,721.0,1,2018,64,0,41,2022,14,0
1106,4,2024,2,42,28,799,1.0,0,0,1,a,a,935.0,3,2017,83,1,32,2019,270,0
424,3,2023,3,30,13,3808,1.0,1,0,0,b,c,1173.0,6,2010,153,0,23,2013,500,1
127,4,2024,12,29,13,2710,1.0,0,0,0,a,a,952.0,3,2008,201,1,50,2015,447,0
1018,4,2023,4,9,21,354,1.0,0,0,0,c,a,991.0,5,2018,59,1,5,2017,316,1
610,3,2024,5,7,8,2593,1.0,1,0,1,a,c,947.0,6,2022,23,0,50,2013,500,0
90,3,2024,9,21,12,3917,1.0,0,0,0,a,a,883.0,1,2000,296,1,49,2017,336,1
83,4,2023,7,37,13,1002,1.0,1,0,0,c,a,936.0,12,2001,259,1,44,2021,97,0
190,3,2023,6,37,7,411,1.0,1,0,1,a,b,1060.0,8,2004,226,0,46,2015,407,0
824,4,2024,2,44,16,874,1.0,0,0,0,d,c,920.0,1,2015,109,0,34,2016,426,0
463,1,2024,8,4,1,1941,1.0,1,0,1,a,a,761.0,12,2010,164,1,46,2016,374,1
254,1,2024,6,52,24,1003,1.0,0,0,1,c,a,1531.0,6,2004,240,0,14,2011,500,0
495,5,2023,7,51,1,3100,1.0,0,0,1,a,b,348.0,5,2010,158,1,41,2011,500,0
701,3,2024,7,18,6,2600,1.0,1,0,1,a,a,1089.0,10,2020,45,1,23,2015,463,1
1014,4,2023,11,6,5,3926,1.0,0,0,0,a,a,678.0,2,2015,105,0,35,2018,231,1
929,3,2024,6,1,15,1501,1.0,0,0,0,a,a,329.0,12,2008,186,0,2,2020,207,0
706,7,2024,7,20,26,518,1.0,1,0,0,c,b,211.0,6,2010,169,0,36,2017,348,1
116,4,2023,10,8,17,1866,1.0,0,0,0,c,a,766.0,10,2001,264,1,30,2013,498,0
639,1,2023,3,23,17,3458,1.0,1,0,1,c,b,1436.0,8,2022,7,1,39,2016,348,1
933,3,2023,8,33,20,3621,1.0,1,0,0,a,b,1373.0,12,2018,56,1,47,2018,246,0
800,4,2024,11,10,9,1570,1.0,0,0,0,a,c,655.0,12,2007,203,1,25,2022,89,0
440,2,2024,2,42,24,628,1.0,1,c,0,b,a,643.0,11,2003,243,1,23,2021,175,1
74,4,2024,9,10,20,3563,1.0,1,0,0,d,c,705.0,2,2001,283,0,35,2021,131,1
1095,7,2024,5,25,26,3616,1.0,0,0,0,a,a,886.0,12,2012,137,0,2,2010,500,1
589,4,2024,5,6,15,3938,1.0,1,0,0,c,c,1403.0,1,2017,88,1,13,2015,461,0
220,1,2024,1,39,22,1822,1.0,0,0,0,c,a,1110.0,3,2011,154,0,20,2015,487,1
765,1,2023,3,39,20,1931,1.0,0,0,0,a,a,1020.0,10,2011,137,1,2,2017,349,1
724,5,2024,4,1,2,3527,1.0,0,a,0,c,c,901.0,9,2016,91,1,39,2015,430,0
952,2,2023,8,6,8,3747,1.0,0,0,1,c,a,250.0,11,2008,177,0,36,2015,386,1
178,5,2023,5,5,20,3469,1.0,0,c,1,a,c,245.0,12,2004,221,0,33,2018,232,0
19,1,2023,8,39,18,2126,1.0,0,0,0,a,a,592.0,8,2017,72,1,33,2017,318,0
846,3,2024,4,3,5,3230,1.0,1,a,1,b,a,459.0,5,2003,251,0,23,2012,500,0
296,2,2023,5,18,26,1577,1.0,0,0,1,a,a,325.0,10,2000,271,1,24,2022,46,0
627,5,2023,4,37,23,2048,1.0,0,0,0,a,c,1112.0,2,2012,134,0,9,2012,500,1
238,4,2023,4,50,21,1660,1.0,0,0,0,a,c,753.0,1,2018,63,0,49,2017,313,1
365,4,2024,1,3,23,2125,1.0,0,0,1,c,c,567.0,12,2000,277,0,35,2017,332,0
962,6,2023,8,36,7,811,1.0,0,0,1,c,a,436.0,12,2001,260,0,36,2023,0,1
35,2,2024,12,6,10,594,1.0,0,0,0,a,a,1043.0,3,2012,153,1,22,2012,500,0
440,3,2023,2,17,23,2664,1.0,0,0,0,c,a,804.0,8,2005,210,0,11,2021,110,1
382,5,2023,3,21,8,887,1.0,0,0,1,d,c,377.0,1,2021,26,0,12,2014,477,1
1058,3,2024,7,34,6,1790,1.0,0,0,0,a,c,686.0,12,2012,139,1,7,2014,500,1
945,1,2023,8,6,25,1973,1.0,1,0,1,c,a,1384.0,6,2018,62,1,12,2017,306,0
850,4,2023,12,7,10,2174,1.0,0,0,1,c,c,1130.0,6,2001,270,0,26,2016,345,1
435,4,2024,2,7,23,1569,1.0,0,0,0,a,a,838.0,5,2013,129,1,38,2014,489,0
962,5,2023,11,13,7,3926,1.0,0,c,0,c,a,933.0,11,2012,132,1,25,2016,352,1
249,7,2024,5,1,27,3096,1.0,0,0,1,a,b,687.0,11,2003,246,1,28,2014,493,0
935,5,2023,4,11,27,2396,1.0,1,0,1,a,a,739.0,11,2001,257,1,10,2011,500,0
677,6,2023,5,12,12,234,1.0,0,0,1,a,a,480.0,11,2006,198,1,50,2023,0,0
177,3,2024,5,34,8,1626,1.0,0,0,0,a,a,615.0,2,2002,267,0,13,2014,500,0
197,7,2024,6,31,22,535,1.0,1,0,1,a,a,967.0,12,2003,246,1,13,2021,174,1
55,2,2023,11,4,18,2275,1.0,1,a,1,a,b,1249.0,1,2000,286,0,52,2016,316,1
1073,1,2023,10,42,25,1788,1.0,1,0,1,a,a,925.0,11,2011,143,1,36,2010,500,1
654,4,2024,8,27,19,2795,1.0,0,0,0,a,c,1113.0,5,2004,243,1,6,2021,177,0
117,4,2024,10,52,11,1715,1.0,0,0,1,a,b,204.0,9,2004,241,0,39,2015,481,1
81,5,2024,4,32,1,2797,1.0,0,0,1,b,a,965.0,4,2015,108,0,51,2022,85,0
162,5,2023,9,27,4,378,1.0,1,0,1,c,a,921.0,7,2011,146,1,42,2016,349,1
637,2,2024,4,43,10,1372,1.0,0,0,0,a,a,588.0,1,2003,255,1,8,2015,500,1
16,2,2023,5,4,11,3337,1.0,1,a,0,a,a,801.0,6,2013,119,1,52,2021,56,1
264,1,2024,1,5,10,1204,1.0,0,0,0,a,a,1220.0,12,2001,265,1,36,2010,500,1
1062,4,2023,10,1,24,784,1.0,0,0,0,a,a,948.0,12,2004,226,1,49,2011,500,1
1058,6,2024,11,51,15,2497,1.0,0,0,1,a,a,722.0,9,2022,26,0,31,2022,124,1
924,5,2024,10,38,12,3472,1.0,1,0,0,a,a,1371.0,4,2014,126,0,27,2012,500,1
497,7,2023,2,32,4,3420,1.0,1,0,1,a,a,827.0,3,2022,11,1,1,2018,291,1
413,3,2023,7,4,16,1804,1.0,0,0,1,a,c,1275.0,3,2019,52,0,52,2012,500,0
700,5,2023,4,13,4,542,1.0,0,0,1,d,a,704.0,12,2005,208,1,31,2022,34,1
125,4,2024,7,40,13,2994,1.0,0,0,1,c,a,831.0,2,2005,233,0,47,2022,97,1
666,6,2024,5,5,4,1644,1.0,0,0,1,c,c,1265.0,3,2002,266,0,27,2011,500,0
116,2,2023,7,9,24,3196,1.0,1,0,0,d,b,527.0,4,2007,195,0,5,2018,264,0
1030,7,2024,11,34,9,1255,1.0,1,0,0,a,a,1531.0,10,2019,61,0,46,2021,144,0
233,6,2024,6,18,13,420,1.0,1,0,0,a,c,595.0,2,2008,196,0,42,2016,392,1
917,2,2023,1,34,6,2510,1.0,1,0,0,a,b,1022.0,4,2014,105,1,27,2010,500,1
87,7,2023,9,17,12,3897,1.0,0,0,1,d,a,981.0,11,2011,142,0,25,2018,252,0
884,2,2024,2,7,4,3188,1.0,0,0,1,c,a,483.0,6,2000,284,1,22,2022,89,0
1056,7,2024,4,23,23,425,1.0,1,0,0,b,a,361.0,1,2003,255,1,30,2010,500,1
358,5,2024,11,17,16,2697,1.0,0,0,1,d,a,436.0,6,2017,89,0,14,2023,55,0
198,4,2024,7,28,7,3858,1.0,0,0,1,a,a,760.0,1,2009,186,1,29,2011,500,1
389,7,2023,3,6,7,1016,1.0,0,0,0,c,a,1026.0,6,2018,57,1,2,2019,212,0
595,3,2024,11,47,28,3178,1.0,1,0,1,a,a,735.0,6,2015,113,1,12,2016,451,1
420,5,2024,3,46,2,2598,1.0,0,0,1,c,c,657.0,7,2000,284,0,20,2017,390,1
159,3,2024,5,30,16,2519,1.0,0,0,1,c,c,628.0,4,2012,145,0,18,2022,116,0
414,7,2024,7,13,22,3113,1.0,0,0,1,a,c,758.0,1,2007,210,1,19,2018,306,1
876,1,2023,5,29,21,2407,1.0,1,0,1,a,c,717.0,5,2001,264,0,17,2016,376,0
984,7,2023,3,24,3,1599,1.0,0,0,0,a,a,682.0,12,2008,171,1,37,2020,143,1
1036,6,2023,1,7,28,1471,1.0,1,0,1,c,a,513.0,4,2002,249,0,35,2010,500,0
541,6,2023,8,34,25,2287,1.0,0,0,0,a,a,572.0,7,2001,265,0,18,2021,120,0
491,4,2023,8,44,17,2929,1.0,0,0,1,c,a,1069.0,11,2007,189,1,1,2019,251,1
742,4,2023,11,11,8,693,1.0,1,0,0,a,b,613.0,6,2011,149,0,1,2013,500,1
601,6,2024,8,32,27,2104,1.0,0,0,1,a,a,1064.0,3,2001,281,0,26,2015,474,1
253,5,2024,11,36,28,1406,1.0,1,0,0,a,a,855.0,3,2003,260,0,26,2013,500,0
1042,4,2024,3,8,7,1777,1.0,1,0,0,a,c,1394.0,4,2009,179,1,44,2012,500,1
1101,5,2023,10,28,13,2688,1.0,0,0,1,b,a,866.0,4,2000,282,1,29,2015,415,0
634,3,2024,12,7,25,1582,1.0,0,0,1,b,c,994.0,9,2001,279,1,2,2014,500,0
1073,4,2024,12,36,18,2325,1.0,0,0,1,a,a,503.0,12,2000,288,0,29,2016,423,0
321,3,2024,10,33,15,549,1.0,0,0,1,c,c,407.0,12,2010,166,1,41,2015,460,1
674,1,2023,12,39,9,3951,1.0,0,0,0,a,a,1391.0,1,2014,119,1,8,2014,499,1
907,5,2023,12,41,7,3939,1.0,0,0,0,a,a,1094.0,11,2004,229,0,14,2016,391,1
1027,1,2024,3,13,2,1751,1.0,1,0,0,a,c,433.0,10,2019,53,1,26,2015,455,1
659,2,2024,4,22,17,1164,1.0,1,0,1,a,a,1014.0,2,2002,266,0,33,2013,500,1
931,1,2023,8,1,24,3235,1.0,0,0,1,b,a,1043.0,12,2002,248,0,3,2023,0,0
619,5,2024,4,31,25,1500,1.0,0,0,0,a,c,1303.0,4,2021,36,0,24,2018,319,1
105,4,2023,5,9,9,3979,1.0,0,0,1,a,a,563.0,7,2004,226,0,33,2018,236,1
792,3,2024,6,29,17,517,1.0,0,0,1,b,a,774.0,1,2004,245,1,32,2014,500,0
1082,3,2024,5,30,16,1789,1.0,1,0,0,d,a,667.0,8,2013,129,0,32,2016,414,1
576,7,2024,2,40,9,2298,1.0,1,0,1,c,a,886.0,5,2013,129,1,7,2022,137,1
337,1,2024,4,29,22,659,1.0,0,0,0,c,c,702.0,7,2008,189,0,34,2016,411,0
34,6,2024,2,20,12,2583,1.0,0,0,0,a,c,1034.0,8,2014,114,1,19,2014,500,0
229,6,2023,8,44,3,3898,1.0,0,0,1,a,a,403.0,6,2007,194,0,15,2016,393,1
479,2,2024,3,4,18,1538,1.0,0,0,1,c,a,872.0,8,2015,103,0,10,2016,410,0
1105,5,2023,5,8,4,697,1.0,0,0,0,c,a,401.0,5,2010,156,1,16,2010,500,1
446,7,2024,4,37,1,3042,1.0,1,a,0,a,c,1171.0,5,2021,35,1,47,2012,500,1
115,4,2023,4,4,11,2141,1.0,0,b,1,a,a,741.0,5,2012,131,1,7,2011,500,0
992,6,2023,9,26,17,517,1.0,0,0,0,d,a,771.0,12,2004,225,1,19,2018,267,0
716,7,2023,5,32,14,792,1.0,0,0,0,d,b,1068.0,1,2018,64,1,28,2019,212,0
834,1,2023,5,32,15,3648,1.0,1,0,1,c,b,882.0,2,2007,195,1,25,2012,500,1
1040,3,2024,10,33,27,3938,1.0,0,0,0,a,a,822.0,2,2018,80,0,8,2021,181,0
1078,6,2024,12,17,8,855,1.0,1,0,1,a,c,640.0,8,2018,76,0,41,2010,500,0
1106,4,2024,9,42,10,317,1.0,0,0,0,a,a,758.0,10,2014,119,1,36,2016,422,1
853,3,2023,5,20,22,2272,1.0,0,0,1,c,c,529.0,5,2021,24,1,44,2014,444,0
974,7,2023,3,16,23,328,1.0,0,0,0,d,a,519.0,10,2003,233,0,10,2023,6,1
574,7,2024,7,26,22,643,1.0,0,0,1,a,a,923.0,2,2009,185,0,31,2014,500,1
1005,7,2024,11,2,8,1473,1.0,1,0,0,b,c,418.0,3,2003,260,0,49,2011,500,1
1082,5,2024,3,1,5,866,1.0,0,0,1,a,a,756.0,10,2012,137,0,21,2016,396,1
535,5,2023,1,48,16,3465,1.0,1,0,1,a,c,889.0,9,2013,112,1,1,2010,500,1
315,4,2024,7,26,2,639,1.0,1,0,0,a,c,923.0,4,2010,171,0,28,2010,500,0
1067,4,2024,4,18,11,366,1.0,0,0,1,c,a,129.0,10,2012,138,0,6,2017,376,1
897,6,2024,12,29,13,1394,1.0,0,0,1,a,c,621.0,12,2017,84,1,32,2023,49,0
217,2,2024,2,28,25,232,1.0,1,0,0,d,c,1066.0,4,2006,214,0,6,2012,500,0
225,4,2024,4,23,24,1239,1.0,0,0,0,c,a,994.0,3,2022,25,0,30,2017,357,1
285,1,2024,7,10,12,429,1.0,0,0,0,a,a,833.0,11,2014,116,1,31,2013,500,1
878,1,2023,4,20,13,2417,1.0,0,0,0,a,a,662.0,1,2007,195,0,24,2020,152,0
235,6,2023,11,12,16,2221,1.0,0,0,0,a,a,762.0,3,2010,164,0,6,2016,370,0
405,7,2024,11,7,10,2375,1.0,1,0,1,c,c,934.0,8,2006,219,0,48,2018,271,0
776,3,2023,1,52,25,2480,1.0,0,0,0,a,a,709.0,7,2007,186,1,43,2012,500,1
326,5,2024,10,23,1,2209,1.0,0,0,0,a,c,971.0,1,2015,117,1,32,2021,147,0
39,7,2024,8,7,26,1753,1.0,1,0,0,a,a,1105.0,3,2017,89,1,21,2011,500,0
965,1,2024,12,32,9,2117,1.0,0,0,1,c,a,718.0,11,2002,265,1,30,2014,500,1
251,4,2024,10,44,19,2399,1.0,1,0,1,a,a,989.0,1,2015,117,0,27,2010,500,1
1006,3,2024,9,37,14,3076,1.0,1,0,1,c,c,663.0,5,2012,148,0,17,2020,228,1
505,2,2024,7,37,11,594,1.0,0,0,1,a,b,712.0,1,2012,150,0,11,2016,442,1
470,3,2024,9,48,8,358,1.0,0,0,1,c,a,997.0,4,2008,197,0,8,2023,92,0
407,1,2024,11,41,27,698,1.0,0,0,1,a,c,1402.0,3,2021,44,1,50,2022,95,0
36,4,2023,1,16,25,860,1.0,0,0,0,b,c,756.0,10,2014,99,0,10,2016,370,1
5,4,2024,7,9,26,2944,1.0,0,0,0,a,a,1534.0,6,2015,109,0,45,2020,172,1
667,2,2023,9,33,23,3941,1.0,0,0,0,a,c,657.0,7,2001,266,0,24,2020,165,1
258,7,2024,5,30,10,2089,1.0,0,0,1,a,a,1137.0,10,2022,19,1,4,2018,338,0
372,7,2024,6,42,6,3629,1.0,0,0,0,a,c,1131.0,1,2007,209,1,23,2022,123,1
60,6,2023,2,1,16,3643,1.0,0,0,0,a,a,1195.0,2,2011,144,1,19,2011,500,0
757,6,2023,1,48,22,2647,1.0,0,0,0,d,a,710.0,4,2010,153,0,8,2013,500,1
260,4,2023,7,34,9,2447,1.0,0,0,1,c,a,975.0,9,2012,130,1,3,2018,291,1
33,5,2023,5,44,19,347,1.0,0,0,1,c,a,875.0,4,2004,229,1,26,2012,500,1
574,1,2023,3,11,11,2522,1.0,1,0,1,a,c,776.0,2,2008,181,1,36,2018,235,0
325,3,2023,5,24,19,2441,1.0,0,0,0,c,a,799.0,12,2007,185,1,27,2021,101,1
404,4,2023,9,2,18,1105,1.0,0,0,0,a,c,408.0,4,2001,269,0,4,2011,500,0
789,7,2023,1,41,4,2343,1.0,1,0,0,c,a,799.0,2,2008,179,0,37,2015,420,0
920,2,2023,9,52,13,3514,1.0,0,0,0,a,a,697.0,8,2022,13,0,1,2019,259,0
857,4,2024,3,4,27,454,1.0,0,a,1,a,a,752.0,10,2018,65,0,27,2022,81,1
422,4,2024,5,4,8,3495,1.0,0,0,1,d,c,456.0,4,2013,133,1,22,2017,346,1
141,1,2024,5,7,22,2570,1.0,0,0,0,c,c,730.0,6,2008,191,1,26,2015,449,0
446,2,2023,7,16,15,249,1.0,0,0,1,a,c,906.0,5,2007,194,1,3,2023,13,0
207,3,2023,9,20,23,565,1.0,1,0,1,c,a,552.0,12,2013,117,1,3,2020,173,1
352,1,2023,9,20,8,2460,1.0,0,0,0,a,c,917.0,12,2001,261,0,28,2011,500,1
1085,6,2023,3,13,3,914,1.0,1,0,1,a,a,855.0,6,2016,81,1,14,2014,467,1
175,7,2024,7,25,20,3510,1.0,0,0,0,a,c,717.0,6,2003,253,0,24,2011,500,1
126,6,2024,11,30,4,435,1.0,0,0,0,a,a,994.0,5,2020,54,1,29,2016,417,1
226,6,2023,4,19,22,3199,1.0,0,0,1,a,c,1111.0,7,2022,9,1,21,2019,206,0
420,5,2024,10,21,6,857,1.0,1,0,1,a,a,687.0,9,2000,289,0,41,2023,32,0
1034,7,2023,10,40,14,1482,1.0,0,0,1,a,a,611.0,9,2008,181,1,45,2018,255,0
538,4,2024,9,33,10,2999,1.0,0,0,1,a,a,1007.0,6,2020,51,0,16,2021,173,1
567,2,2023,11,14,12,1687,1.0,1,0,0,a,c,640.0,4,2018,67,1,14,2013,500,1
166,3,2023,1,36,14,3589,1.0,1,a,0,a,a,459.0,6,2002,247,1,19,2018,277,0
1018,4,2024,7,10,19,1297,1.0,1,0,0,a,a,1031.0,12,2004,235,1,34,2017,340,0
917,2,2024,2,40,5,2945,1.0,0,0,1,a,a,661.0,3,2004,239,1,20,2012,500,1
668,3,2023,1,29,12,3349,1.0,1,0,1,d,c,974.0,1,2002,252,0,13,2023,16,0
240,2,2023,3,23,2,3103,1.0,1,0,0,a,c,423.0,3,2013,120,0,52,2018,231,0
385,3,2023,6,24,28,1346,1.0,0,0,1,c,a,892.0,1,2018,65,1,20,2012,500,0
635,5,2023,12,7,25,1507,1.0,0,0,0,c,c,822.0,10,2018,62,1,26,2022,33,0
1103,4,2023,12,17,24,3142,1.0,0,0,1,c,a,1063.0,3,2015,105,1,29,2018,248,0
668,4,2023,11,7,28,3287,1.0,0,0,1,a,a,299.0,12,2012,131,1,19,2015,404,0
76,7,2024,10,12,15,3622,1.0,0,0,0,c,a,431.0,9,2021,37,1,30,2011,500,0
109,6,2024,3,14,5,893,1.0,1,0,1,b,a,1187.0,5,2020,46,0,4,2023,62,0
1031,3,2023,10,35,14,2820,1.0,0,0,0,a,a,791.0,9,2018,61,0,27,2021,112,1
791,2,2024,10,37,15,1245,1.0,0,0,0,b,a,475.0,6,2017,88,1,13,2021,180,0
468,2,2024,7,50,15,1297,1.0,1,0,0,a,a,941.0,3,2011,160,0,45,2017,369,0
1076,1,2023,7,8,6,1404,1.0,1,0,1,b,b,668.0,1,2007,198,1,46,2016,326,0
883,1,2024,4,5,15,1618,1.0,1,0,0,c,a,607.0,6,2015,106,0,28,2012,500,0
509,2,2023,10,23,17,380,1.0,1,0,0,b,a,1316.0,2,2020,44,1,22,2021,105,1
897,1,2023,3,11,3,3552,1.0,0,0,1,c,a,682.0,4,2018,59,0,28,2014,451,0
19,6,2023,3,16,9,3014,1.0,0,b,0,a,a,222.0,8,2003,235,1,34,2015,398,0
343,4,2023,6,47,12,3676,1.0,0,b,0,b,a,717.0,5,2022,13,0,36,2021,115,0
845,4,2024,9,2,27,1206,1.0,0,0,1,c,c,579.0,10,2019,59,1,29,2017,337,0
89,5,2024,1,12,8,2344,1.0,1,0,0,c,b,107.0,7,2008,186,1,31,2015,449,0
101,3,2023,12,12,22,3177,1.0,0,0,1,d,c,1017.0,11,2013,121,1,31,2016,345,1
879,6,2023,11,19,12,2081,1.0,0,0,1,d,c,1194.0,8,2019,51,1,48,2023,0,0
776,1,2023,8,42,10,3459,1.0,0,0,0,a,a,922.0,9,2022,11,1,14,2021,132,1
821,3,2024,3,31,9,2320,1.0,1,0,0,c,c,764.0,5,2006,214,1,48,2017,347,0
1071,4,2023,12,23,12,3220,1.0,0,0,0,d,a,679.0,6,2006,210,1,27,2016,360,0
297,5,2023,7,1,26,2419,1.0,0,0,1,d,a,756.0,10,2013,117,1,44,2017,269,1
26,4,2024,11,46,26,2710,1.0,0,0,1,a,c,1073.0,4,2019,67,1,37,2012,500,0
944,1,2024,9,2,5,2051,1.0,0,0,1,a,c,187.0,1,2014,128,1,49,2012,500,1
570,2,2024,1,7,14,2166,1.0,1,0,0,a,a,806.0,6,2015,103,0,1,2010,500,0
617,1,2024,4,11,25,1087,1.0,1,0,1,c,a,1129.0,9,2000,283,1,6,2022,109,1
904,2,2023,12,22,5,689,1.0,0,0,1,a,a,414.0,7,2013,125,1,50,2017,284,1
852,6,2023,11,43,15,2942,1.0,0,0,0,c,a,1090.0,7,2015,100,1,8,2020,191,1
776,3,2024,2,44,12,896,1.0,1,0,0,c,a,1297.0,1,2008,193,1,35,2018,321,1
530,2,2023,1,3,21,2863,1.0,0,0,0,c,a,641.0,9,2011,136,0,15,2011,500,0
449,1,2023,6,31,27,2229,1.0,0,0,0,c,a,408.0,8,2015,94,0,10,2016,385,1
103,6,2024,10,36,24,478,1.0,1,0,0,a,a,628.0,11,2008,191,1,41,2012,500,0
1034,5,2024,7,31,22,2382,1.0,0,0,0,a,c,920.0,9,2005,226,0,3,2012,500,0
96,6,2024,6,21,9,457,1.0,1,c,0,a,a,1561.0,8,2016,94,0,42,2017,343,1
952,6,2024,9,21,4,3781,1.0,0,0,1,a,a,582.0,11,2013,130,1,21,2020,208,1
751,7,2024,3,10,5,2127,1.0,1,0,0,a,c,597.0,4,2015,107,1,18,2020,200,0
389,2,2024,8,28,21,1122,1.0,0,0,1,a,c,782.0,3,2017,89,0,18,2010,500,0
1114,2,2023,4,12,26,2500,1.0,1,0,1,a,c,855.0,4,2014,108,1,23,2020,145,1
499,2,2024,10,52,15,1752,1.0,0,0,0,a,a,812.0,3,2019,67,0,37,2017,379,0
865,6,2024,2,19,7,3568,1.0,1,0,1,d,a,317.0,4,2010,166,1,15,2011,500,1
455,6,2023,2,30,27,1491,1.0,0,0,1,a,a,450.0,10,2007,184,1,36,2014,462,0
514,2,2024,1,31,7,1056,1.0,0,0,1,a,a,1061.0,2,2003,251,0,26,2019,265,0
1023,5,2024,12,8,3,1962,1.0,0,0,0,a,a,1204.0,7,2007,209,1,15,2015,461,1
977,2,2023,8,41,13,1842,1.0,1,0,0,a,a,419.0,11,2016,81,0,3,2023,38,1
492,3,2023,11,13,15,2464,1.0,0,0,0,a,a,1184.0,8,2002,255,0,25,2017,300,0
542,5,2024,1,29,4,1380,1.0,1,0,0,c,a,121.0,2,2022,23,1,19,2018,322,0
61,7,2024,9,26,26,979,1.0,1,0,1,a,c,898.0,12,2009,177,1,24,2017,366,0
634,2,2024,12,18,10,3939,1.0,0,0,1,c,c,718.0,2,2017,94,1,46,2017,336,1
1081,2,2024,5,3,7,584,1.0,1,0,1,a,c,924.0,6,2003,251,0,21,2019,242,1
373,5,2023,3,17,16,2723,1.0,0,0,1,a,a,410.0,2,2006,205,0,20,2018,257,1
386,3,2024,10,27,4,951,1.0,0,0,1,a,c,1060.0,3,2019,67,1,38,2011,500,0
757,6,2024,12,41,25,2412,1.0,0,0,0,a,c,723.0,6,2008,198,0,22,2017,383,1
526,2,2024,11,19,9,1031,1.0,1,0,1,b,a,585.0,5,2011,162,0,45,2019,234,0
636,7,2023,12,2,2,452,1.0,1,0,0,a,a,679.0,11,2012,133,1,33,2013,489,0
345,3,2024,6,52,17,2346,1.0,1,b,0,a,a,1037.0,5,2015,109,0,6,2012,500,1
1049,1,2024,5,11,26,2837,1.0,0,0,0,c,a,796.0,1,2021,40,1,46,2017,329,0
421,7,2023,11,26,11,3420,1.0,0,0,0,a,a,913.0,2,2022,21,0,17,2018,269,0
442,1,2024,8,31,14,1620,1.0,0,0,0,a,a,1023.0,12,2019,56,0,48,2020,191,1
1106,3,2024,12,2,20,731,1.0,1,0,1,d,a,599.0,8,2012,148,1,15,2011,500,1
550,4,2023,5,33,24,2614,1.0,1,0,0,a,a,626.0,11,2005,210,1,14,2018,279,0
822,5,2024,10,48,4,1187,1.0,1,a,1,d,a,1592.0,4,2007,210,0,8,2014,500,1
194,5,2024,4,35,25,492,1.0,0,0,0,c,b,413.0,6,2006,214,0,5,2016,446,1
314,7,2024,4,41,26,2256,1.0,1,0,0,c,b,175.0,4,2001,276,0,42,2020,207,0
861,6,2024,12,9,15,2356,1.0,1,0,0,a,a,579.0,9,2019,63,1,40,2019,229,0
304,1,2024,12,23,16,595,1.0,1,0,0,d,a,720.0,5,2020,55,0,42,2015,449,1
1097,1,2024,11,52,25,938,1.0,0,0,1,a,a,1035.0,2,2016,105,0,19,2022,137,1
98,6,2023,11,29,8,1585,1.0,1,0,1,a,b,615.0,8,2012,135,0,20,2020,165,1
1091,5,2024,4,48,5,3799,1.0,1,a,1,b,c,1045.0,9,2018,67,1,5,2010,500,1
760,4,2023,11,36,1,1026,1.0,0,0,0,a,c,669.0,10,2015,97,1,23,2011,500,0
533,4,2023,4,35,25,716,1.0,1,0,0,c,a,968.0,11,2001,257,1,45,2022,42,0
180,7,2024,5,29,7,1702,1.0,0,0,1,a,a,1146.0,2,2014,123,0,20,2016,425,1
591,2,2024,9,15,24,1161,1.0,0,0,0,a,a,625.0,1,2015,116,1,40,2017,339,1
430,7,2023,1,36,14,3828,1.0,0,0,1,a,c,1068.0,10,2013,111,1,1,2019,243,0
335,2,2023,3,42,16,1798,1.0,1,0,0,a,a,466.0,8,2020,31,1,4,2015,454,0
651,4,2023,10,24,5,1138,1.0,1,0,0,a,c,834.0,4,2004,234,0,51,2016,337,1
1083,7,2023,8,28,18,2022,1.0,0,0,0,c,a,871.0,2,2012,138,1,41,2019,195,1
779,2,2023,9,34,23,873,1.0,0,0,1,a,a,853.0,4,2004,233,1,36,2013,500,0
129,6,2023,3,40,21,3574,1.0,1,0,0,a,a,887.0,2,2017,73,1,37,2023,3,0
1084,1,2023,7,27,22,822,1.0,0,0,1,a,c,874.0,3,2021,28,1,46,2016,345,0
868,2,2023,5,19,28,3449,1.0,1,0,1,c,b,50.0,3,2002,254,0,9,2014,478,0
864,2,2024,7,1,7,1434,1.0,1,0,1,c,a,866.0,10,2005,225,0,17,2012,500,1
625,1,2024,3,29,12,972,1.0,0,0,0,a,a,314.0,2,2018,73,1,25,2021,160,0
73,1,2023,5,36,3,2855,1.0,0,0,1,a,b,634.0,11,2006,198,0,8,2022,80,1
720,6,2024,6,5,13,2195,1.0,0,0,0,a,c,1054.0,10,2001,272,0,27,2022,82,1
687,5,2023,10,43,20,1915,1.0,0,0,1,a,a,964.0,12,2015,94,0,8,2022,87,0
706,3,2023,6,29,10,3475,1.0,1,0,0,a,a,1252.0,1,2011,149,1,16,2012,500,0
420,6,2024,2,34,23,1315,1.0,1,0,0,a,b,929.0,9,2006,209,0,52,2011,500,0
487,1,2024,8,3,6,2188,1.0,0,0,1,a,c,577.0,1,2004,247,1,29,2022,78,0
620,2,2024,5,32,23,3949,1.0,0,0,0,a,c,419.0,9,2014,116,1,20,2023,64,0
581,5,2024,6,13,8,1338,1.0,0,0,1,b,c,1168.0,9,2022,21,1,41,2023,24,0
911,6,2023,5,46,8,2390,1.0,1,0,0,b,a,486.0,7,2008,178,0,23,2022,75,1
778,4,2024,11,45,19,1977,1.0,0,0,1,a,c,457.0,3,2014,128,0,25,2018,332,0
560,3,2023,7,24,16,1439,1.0,0,0,1,c,a,827.0,4,2022,15,0,1,2019,231,0
1061,2,2023,2,43,2,743,1.0,1,0,0,a,a,1167.0,12,2022,2,0,22,2012,500,1
200,4,2024,10,26,18,362,1.0,1,0,1,c,a,829.0,5,2002,269,0,49,2022,81,1
456,7,2023,5,22,20,2020,1.0,0,0,1,c,c,714.0,4,2017,73,0,39,2011,500,0
314,7,2024,8,36,16,2989,1.0,0,0,0,a,c,583.0,9,2005,227,1,50,2021,142,0
498,6,2024,11,22,27,2214,1.0,0,0,1,b,a,922.0,11,2011,156,1,42,2018,292,0
197,1,2023,1,17,4,1327,1.0,1,0,1,c,a,270.0,3,2019,46,0,52,2015,381,0
196,2,2024,1,9,7,992,1.0,0,0,1,a,c,380.0,5,2020,44,1,2,2012,500,1
703,3,2023,9,21,24,517,1.0,1,a,0,a,c,567.0,6,2012,135,1,28,2023,0,0
751,7,2023,10,44,8,1547,1.0,1,0,1,a,c,576.0,1,2005,225,0,23,2012,500,1
543,6,2023,11,5,9,3051,1.0,0,c,1,c,a,630.0,7,2002,256,0,33,2011,500,1
1024,3,2024,1,11,26,1274,1.0,0,a,1,a,c,1096.0,12,2022,13,1,21,2016,406,1
526,4,2024,6,5,8,905,1.0,0,0,1,c,c,1198.0,3,2011,159,1,51,2020,162,1
594,2,2024,5,4,27,3846,1.0,0,0,0,a,a,530.0,12,2003,245,0,41,2015,431,0
248,5,2023,10,41,18,2502,1.0,0,0,0,c,b,727.0,5,2008,185,0,12,2019,237,1
268,1,2024,11,34,21,382,1.0,0,0,1,a,c,576.0,5,2011,162,1,50,2013,500,0
580,1,2024,5,46,12,3563,1.0,1,0,1,c,c,630.0,2,2008,195,0,12,2013,500,1
517,5,2024,3,48,7,3084,1.0,1,0,0,c,a,967.0,3,2020,48,0,23,2019,285,0
323,4,2024,7,37,17,2613,1.0,1,0,1,a,a,1147.0,7,2017,84,0,18,2012,500,0
529,5,2023,2,47,15,1003,1.0,1,0,0,a,a,1181.0,7,2014,103,1,2,2016,409,1
291,3,2023,4,38,25,2528,1.0,1,0,1,a,a,821.0,5,2011,143,1,25,2010,500,0
265,4,2023,4,48,24,1603,1.0,1,0,0,c,a,260.0,10,2018,54,1,21,2017,339,0
390,5,2023,10,39,6,1240,1.0,0,0,1,d,c,400.0,2,2004,236,0,14,2016,389,0
622,4,2023,5,9,17,2830,1.0,0,0,1,a,a,292.0,5,2013,120,0,34,2011,500,1
694,6,2024,4,4,3,1784,1.0,1,0,1,a,a,1114.0,4,2021,36,0,29,2012,500,1
688,4,2023,8,50,7,3475,1.0,1,0,0,a,a,618.0,6,2011,146,1,32,2022,70,0
623,2,2023,1,35,2,1785,1.0,0,0,0,a,a,847.0,10,2005,207,0,41,2015,410,1
284,1,2023,6,5,1,292,1.0,1,0,0,a,c,1263.0,5,2018,61,1,26,2010,500,0
558,1,2024,11,31,11,1813,1.0,0,0,0,a,c,486.0,1,2017,94,1,45,2015,454,1
506,4,2023,11,41,12,642,1.0,0,0,0,a,b,716.0,6,2008,185,1,40,2021,105,0
976,7,2024,2,36,3,441,1.0,0,0,1,a,a,831.0,2,2015,108,1,10,2015,494,1
726,7,2024,11,35,23,1600,1.0,1,0,1,a,a,373.0,11,2016,96,0,27,2011,500,0
494,6,2023,10,49,13,556,1.0,0,0,0,a,c,1053.0,5,2010,161,0,47,2020,158,0
1013,6,2024,11,20,1,2100,1.0,1,0,0,c,b,1169.0,1,2001,286,1,39,2019,241,0
782,3,2024,2,30,23,3092,1.0,0,0,0,c,a,1013.0,2,2017,84,0,30,2020,208,0
100,5,2024,10,39,11,3886,1.0,1,0,0,c,b,1018.0,1,2006,225,1,3,2010,500,1
26,4,2024,6,20,1,1109,1.0,0,0,1,b,a,839.0,8,2014,118,0,33,2021,143,1
1001,7,2023,10,17,23,2286,1.0,1,0,0,d,b,918.0,9,2021,25,1,5,2010,500,0
571,1,2023,3,27,27,1008,1.0,0,0,1,a,c,1172.0,7,2008,176,1,3,2010,500,1
149,7,2023,5,1,21,2359,1.0,0,0,0,c,a,1138.0,9,2010,152,1,24,2012,500,1
148,3,2023,1,11,18,2893,1.0,0,0,0,c,a,935.0,6,2007,187,0,45,2012,500,1
551,5,2024,10,15,1,3480,1.0,0,0,1,a,a,555.0,4,2014,126,1,46,2018,281,1
438,3,2024,11,12,22,1082,1.0,1,0,1,c,a,50.0,2,2016,105,1,40,2022,76,0
982,1,2024,3,44,19,2230,1.0,1,0,1,a,a,1216.0,7,2003,248,0,51,2010,500,0
596,7,2023,10,22,4,1997,1.0,1,0,1,c,c,1318.0,12,2014,106,0,37,2017,297,0
1026,1,2023,11,16,2,1171,1.0,0,0,0,b,a,636.0,4,2000,283,0,32,2014,452,1
215,1,2024,9,50,16,605,1.0,1,0,1,b,a,1157.0,12,2005,225,1,35,2012,500,0
882,6,2024,11,18,24,975,1.0,0,0,0,d,c,168.0,1,2009,190,0,40,2023,30,1
78,7,2024,3,23,3,3007,1.0,0,0,0,a,c,1029.0,4,2012,143,1,20,2023,55,1
105,5,2023,9,24,1,2052,1.0,0,0,0,a,c,937.0,12,2004,225,0,20,2018,264,0
173,2,2023,11,46,9,2852,1.0,1,0,0,a,c,621.0,2,2008,189,1,44,2014,470,0
351,5,2024,10,26,3,1351,1.0,0,0,1,a,c,1407.0,3,2009,187,1,41,2015,453,1
428,4,2024,10,35,28,1030,1.0,1,0,1,a,a,739.0,11,2019,59,0,18,2013,500,0
216,4,2024,12,6,13,1151,1.0,0,0,1,c,a,1098.0,8,2008,196,0,44,2010,500,1
64,1,2024,11,2,5,2526,1.0,1,0,1,a,a,1378.0,12,2013,131,0,6,2011,500,1
581,1,2024,10,45,3,1796,1.0,1,0,0,a,b,783.0,3,2013,139,1,22,2010,500,1
100,4,2024,4,38,22,3019,1.0,0,0,1,a,a,1083.0,7,2002,261,1,18,2017,384,1
436,1,2024,8,10,21,1333,1.0,1,0,1,a,c,806.0,1,2017,91,1,16,2017,358,0
345,7,2023,6,5,17,2222,1.0,0,0,1,a,a,916.0,6,2010,156,1,31,2016,338,0
1025,2,2024,12,17,21,2135,1.0,0,0,0,c,a,527.0,11,2008,193,1,42,2023,27,0
128,6,2024,2,18,16,1618,1.0,0,0,0,d,a,859.0,1,2015,109,0,12,2016,422,0
267,5,2024,5,22,1,3694,1.0,1,0,1,a,a,871.0,4,2014,121,0,2,2011,500,1
1052,4,2023,10,9,3,2788,1.0,0,0,1,a,a,854.0,8,2016,86,1,35,2012,500,1
946,4,2024,11,9,14,1927,1.0,1,0,1,b,a,1167.0,11,2001,276,0,32,2013,500,1
932,1,2024,6,15,1,1836,1.0,1,0,0,c,c,903.0,6,2011,156,0,29,2013,500,0
400,1,2024,9,42,7,922,1.0,0,0,1,a,a,511.0,4,2005,233,0,43,2023,51,1
454,3,2024,3,21,24,2526,1.0,0,0,0,d,b,981.0,8,2002,259,1,44,2010,500,1
972,3,2023,12,27,18,1850,1.0,1,c,1,a,a,642.0,1,2018,71,1,50,2023,0,1
178,3,2024,7,21,4,2940,1.0,1,0,1,c,a,874.0,10,2009,177,1,39,2016,398,1
288,2,2023,3,33,3,2788,1.0,0,0,1,a,a,859.0,11,2018,52,1,35,2017,310,0
172,2,2023,2,17,22,1122,1.0,0,0,0,c,c,1032.0,12,2020,26,0,17,2021,104,1
467,3,2023,5,20,25,3504,1.0,1,0,1,a,a,878.0,7,2006,202,1,12,2017,320,1
156,6,2024,4,51,17,3618,1.0,0,0,0,c,a,1000.0,12,2017,76,1,39,2018,324,1
429,4,2024,5,42,18,2633,1.0,1,0,0,a,c,863.0,8,2021,33,1,45,2018,309,1
437,3,2024,11,44,12,2540,1.0,0,0,1,d,b,1510.0,1,2018,82,1,12,2013,500,1
850,4,2024,9,24,28,2401,1.0,1,0,1,c,a,719.0,10,2021,35,0,28,2011,500,0
315,2,2023,7,12,25,2953,1.0,1,0,0,c,a,659.0,1,2001,270,1,36,2016,340,0
693,6,2023,7,51,4,1954,1.0,0,0,0,a,c,1006.0,6,2018,61,1,47,2014,472,1
644,6,2024,9,33,26,823,1.0,0,0,0,a,c,691.0,12,2021,33,0,31,2010,500,0
1051,1,2023,3,47,2,2313,1.0,0,0,1,a,a,1060.0,4,2006,203,1,1,2010,500,1
374,2,2024,1,52,5,486,1.0,0,0,0,a,a,457.0,11,2013,122,0,3,2019,309,1
178,2,2023,5,29,6,3316,1.0,0,0,0,a,c,870.0,10,2006,199,1,35,2014,462,0
110,7,2024,8,10,1,3512,1.0,0,0,0,d,a,963.0,3,2010,173,0,26,2018,296,0
1115,4,2024,11,43,28,1363,1.0,1,0,0,b,a,491.0,8,2012,147,0,33,2016,426,0
350,3,2024,12,1,17,1330,1.0,1,0,0,a,b,941.0,8,2012,148,0,8,2010,500,1
101,6,2024,8,3,19,2991,1.0,0,0,1,d,a,236.0,9,2005,227,1,8,2010,500,0
174,3,2024,6,28,18,2331,1.0,0,0,0,a,c,835.0,1,2003,257,0,49,2017,343,0
597,7,2024,9,43,1,2948,1.0,0,b,1,c,a,1180.0,4,2013,137,0,46,2014,500,1
591,2,2024,4,24,16,1555,1.0,1,a,0,b,a,567.0,6,2016,94,1,43,2017,345,0
232,4,2024,2,4,25,2934,1.0,1,0,1,a,a,804.0,11,2009,171,1,18,2013,500,1
590,1,2024,8,32,7,2613,1.0,0,0,0,c,c,572.0,1,2004,247,0,2,2020,238,1
537,7,2023,6,18,17,2436,1.0,0,0,0,a,c,1032.0,6,2008,180,1,6,2022,64,0
167,5,2024,4,1,13,2707,1.0,1,0,0,a,c,1067.0,3,2017,85,0,17,2021,140,1
852,5,2023,11,21,6,656,1.0,1,0,0,a,a,985.0,9,2016,86,0,48,2011,500,0
82,5,2023,11,9,10,1018,1.0,1,0,1,a,a,1049.0,7,2003,244,0,15,2012,500,0
534,6,2023,11,3,11,3735,1.0,0,a,1,a,a,622.0,7,2012,136,0,41,2014,430,1
721,4,2024,8,16,28,3411,1.0,0,0,1,a,b,794.0,9,2013,131,1,24,2011,500,0
955,3,2024,12,22,21,3935,1.0,1,0,1,c,b,476.0,1,2004,251,1,7,2022,119,0
266,6,2023,1,43,5,2398,1.0,0,0,1,a,b,550.0,1,2019,48,1,30,2012,500,0
787,3,2023,11,25,17,3590,1.0,1,0,0,a,c,766.0,6,2006,209,0,35,2017,302,1
619,6,2024,1,46,25,3276,1.0,0,a,0,c,a,1180.0,4,2010,165,0,37,2011,500,0
571,6,2023,4,40,5,3682,1.0,0,0,1,c,c,565.0,10,2015,90,0,13,2013,500,0
824,2,2023,7,43,10,2198,1.0,0,0,1,a,b,918.0,3,2022,16,1,11,2013,500,0
1052,4,2023,5,12,2,3490,1.0,0,0,0,a,a,562.0,11,2000,270,1,17,2019,203,0
628,3,2023,1,27,14,3671,1.0,1,0,1,a,a,465.0,5,2001,260,0,35,2012,500,1
903,4,2023,9,9,7,1076,1.0,1,0,0,c,a,1236.0,11,2022,10,0,19,2016,354,0
842,1,2023,6,47,11,3253,1.0,1,0,0,a,a,1165.0,1,2019,53,0,13,2019,242,0
1060,6,2023,3,41,19,819,1.0,1,0,0,a,c,588.0,5,2010,154,1,33,2010,500,1
835,7,2023,1,52,8,2650,1.0,1,0,1,b,b,723.0,10,2020,27,0,25,2015,443,0
603,5,2023,10,4,7,577,1.0,0,0,1,a,a,875.0,3,2019,55,1,38,2017,278,0
590,4,2023,8,10,11,2867,1.0,0,0,1,c,c,521.0,11,2004,225,0,6,2014,472,0
1043,2,2023,8,33,8,547,1.0,1,0,1,a,a,975.0,2,2019,54,0,49,2010,500,0
56,6,2024,10,22,22,2316,1.0,1,0,0,a,a,342.0,3,2013,139,1,50,2020,180,1
160,1,2024,7,24,23,3046,1.0,1,0,1,a,a,664.0,12,2015,103,1,46,2011,500,1
436,4,2024,1,39,6,2586,1.0,0,0,1,a,a,716.0,3,2007,202,1,1,2019,298,0
1047,1,2024,12,31,28,1349,1.0,1,0,0,c,c,957.0,8,2019,64,1,47,2020,192,0
1065,6,2024,6,8,18,3539,1.0,0,0,1,d,c,1198.0,11,2011,151,1,5,2012,500,0
568,6,2023,9,45,3,1450,1.0,1,0,0,a,a,504.0,6,2004,231,0,47,2019,206,1
794,5,2023,3,35,5,2988,1.0,1,0,0,a,a,775.0,6,2002,249,0,48,2012,500,1
6,4,2023,1,40,23,3066,1.0,0,0,0,c,a,989.0,9,2016,76,0,19,2015,437,0
209,1,2023,6,43,21,501,1.0,0,0,0,a,c,791.0,4,2019,50,0,51,2011,500,0
904,3,2023,1,13,16,927,1.0,0,0,1,a,a,756.0,3,2009,166,1,24,2013,500,0
771,3,2023,4,18,14,3772,1.0,1,0,0,a,c,1056.0,3,2001,265,0,20,2019,206,1
996,1,2024,11,40,14,2427,1.0,1,0,1,a,b,254.0,8,2017,87,1,10,2010,500,0
948,3,2024,6,44,5,217,1.0,1,0,1,a,a,747.0,12,2001,270,1,49,2018,307,0
623,2,2024,4,13,7,2673,1.0,0,0,0,a,b,829.0,9,2020,43,0,30,2020,191,0
1072,4,2023,1,12,22,1079,1.0,1,0,1,a,c,804.0,11,2018,50,1,21,2018,251,1
498,5,2023,3,1,28,1445,1.0,0,0,1,c,c,576.0,3,2007,192,0,21,2019,188,0
687,4,2023,11,37,11,3158,1.0,1,0,1,a,a,1079.0,8,2012,135,0,47,2014,458,1
980,2,2023,7,16,7,2028,1.0,0,0,1,a,a,900.0,5,2008,182,0,51,2020,121,0
864,2,2024,6,12,20,3670,1.0,0,0,1,a,a,50.0,6,2007,204,1,42,2017,334,0
58,4,2024,9,4,28,2028,1.0,0,0,0,d,a,996.0,1,2014,128,1,3,2011,500,1
1082,2,2023,12,25,9,2437,1.0,0,0,0,c,a,768.0,6,2018,66,0,39,2017,298,0
946,4,2024,7,48,20,2554,1.0,1,0,0,a,a,1078.0,11,2006,212,0,26,2010,500,1
792,6,2023,4,39,15,2870,1.0,1,0,0,a,c,1215.0,2,2015,98,0,5,2020,190,0
789,5,2024,9,5,24,2219,1.0,0,0,0,b,a,839.0,5,2015,112,1,43,2012,500,1
186,3,2023,2,4,15,1515,1.0,1,0,0,d,a,587.0,2,2006,204,0,16,2016,352,1
672,6,2023,6,1,10,1594,1.0,0,c,0,a,a,1090.0,5,2006,205,0,35,2021,70,0
43,6,2023,3,11,1,210,1.0,0,0,0,c,c,1261.0,11,2006,196,0,34,2014,445,1
655,7,2024,11,36,13,3578,1.0,1,0,0,c,a,917.0,5,2011,162,0,45,2012,500,0
628,4,2024,10,8,20,1766,1.0,0,0,1,c,a,803.0,9,2012,145,0,2,2010,500,0
308,7,2023,9,37,24,3217,1.0,0,a,1,a,c,1103.0,12,2022,9,0,51,2018,246,1
210,5,2024,9,6,12,1747,1.0,1,0,0,d,c,563.0,7,2005,230,1,46,2023,12,0
221,4,2023,6,45,26,2537,1.0,0,0,0,d,a,850.0,7,2013,119,0,41,2018,264,1
701,3,2024,2,6,23,3007,1.0,1,0,1,a,a,687.0,10,2015,100,1,15,2012,500,0
650,5,2023,10,45,10,2008,1.0,0,0,0,a,a,991.0,7,2012,135,0,22,2020,179,1
303,5,2024,8,21,22,1865,1.0,1,0,1,a,a,758.0,12,2011,152,1,9,2022,116,1
393,5,2023,1,38,12,2001,1.0,1,0,1,a,a,768.0,7,2012,126,1,10,2010,500,1
552,3,2024,12,34,17,2496,1.0,1,0,0,c,c,990.0,3,2000,297,1,10,2020,232,0
288,4,2023,12,17,2,1950,1.0,1,0,1,a,a,1235.0,2,2013,130,1,16,2018,261,0
684,5,2023,12,50,26,3028,1.0,1,0,0,c,c,1012.0,1,2016,95,1,31,2021,123,1
641,5,2024,4,33,21,2633,1.0,0,0,0,b,a,1066.0,7,2012,141,0,1,2022,136,0
497,6,2023,2,2,20,3213,1.0,0,0,1,c,a,1135.0,6,2002,248,1,8,2017,306,1
605,6,2023,2,36,21,3179,1.0,0,0,1,b,a,729.0,3,2006,203,1,2,2016,398,1
759,7,2023,10,11,2,3182,1.0,0,0,0,a,a,882.0,7,2018,63,1,34,2013,497,1
363,6,2024,5,29,21,1187,1.0,0,0,0,b,a,788.0,7,2006,214,0,35,2020,202,1
378,2,2023,10,9,6,1701,1.0,1,0,0,a,b,823.0,6,2008,184,1,48,2013,481,0
715,2,2024,9,18,4,2779,1.0,0,0,0,a,a,712.0,8,2020,49,0,46,2015,440,0
577,1,2024,10,30,1,1581,1.0,0,0,1,c,c,772.0,6,2002,268,1,48,2023,34,0
54,1,2023,2,6,1,2617,1.0,0,0,0,b,c,737.0,9,2005,209,1,19,2011,500,0
1051,1,2024,9,34,28,1793,1.0,0,0,0,a,a,601.0,1,2019,68,1,36,2010,500,0
1017,2,2024,4,5,21,1849,1.0,0,0,0,a,a,83.0,4,2005,228,0,28,2014,497,0
625,2,2024,3,51,14,3024,1.0,0,0,1,a,a,831.0,10,2005,221,0,14,2021,193,1
157,6,2023,4,50,6,627,1.0,0,0,0,a,a,1287.0,1,2002,255,1,52,2019,206,0
1100,5,2024,8,11,18,3385,1.0,0,0,1,a,a,977.0,8,2020,48,0,22,2019,249,1
983,4,2024,1,31,16,2450,1.0,0,0,1,c,a,775.0,6,2017,79,0,44,2011,500,0
656,2,2023,2,31,18,232,1.0,0,c,0,c,b,422.0,9,2017,65,1,14,2020,173,1
509,5,2023,2,22,12,348,1.0,0,c,1,a,a,559.0,2,2013,120,1,46,2016,340,0
786,7,2024,11,20,2,1594,1.0,1,0,0,a,a,273.0,7,2019,64,1,29,2010,500,1
858,6,2024,6,19,14,3860,1.0,0,0,0,a,a,940.0,2,2003,256,0,10,2010,500,1
605,1,2024,3,24,4,261,1.0,0,0,0,d,a,580.0,2,2002,265,1,2,2021,178,0
715,2,2024,2,12,20,2539,1.0,1,0,1,a,c,1154.0,12,2014,110,1,35,2022,81,1
727,1,2023,1,21,22,2858,1.0,1,0,1,d,a,121.0,4,2008,177,1,23,2015,414,0
604,5,2024,11,21,26,1039,1.0,0,a,0,a,a,657.0,9,2011,158,0,24,2022,101,1
664,7,2024,4,1,7,645,1.0,1,0,0,a,c,1117.0,3,2013,133,0,15,2013,500,1
968,2,2023,2,44,17,2930,1.0,0,0,0,a,c,425.0,1,2010,157,1,3,2015,457,1
244,7,2023,12,3,9,3111,1.0,0,0,1,a,c,421.0,7,2004,233,0,13,2010,500,0
189,4,2023,2,36,21,2384,1.0,0,0,0,a,a,637.0,5,2009,165,1,38,2015,414,1
266,4,2024,3,11,26,3133,1.0,1,0,1,c,a,471.0,3,2022,24,1,12,2011,500,0
1102,1,2024,4,3,28,2401,1.0,1,0,1,b,c,685.0,1,2021,39,0,14,2021,145,0
925,1,2023,10,44,27,2199,1.0,0,0,1,c,c,130.0,5,2000,281,1,13,2021,135,0
911,2,2023,8,38,12,2269,1.0,1,0,0,c,a,1162.0,9,2002,251,0,32,2022,58,0
853,4,2024,8,17,19,1976,1.0,0,0,1,b,a,1044.0,11,2006,213,0,8,2022,113,1
1038,5,2024,9,30,20,3155,1.0,0,0,1,c,c,641.0,11,2004,238,1,23,2018,319,1
620,1,2024,7,51,24,1234,1.0,1,0,1,c,a,251.0,4,2001,279,1,4,2017,411,1
1080,7,2024,3,28,17,2991,1.0,1,a,0,c,b,536.0,12,2000,279,0,8,2022,124,0
8,2,2023,2,34,2,1711,1.0,1,0,0,a,a,1024.0,5,2003,237,1,30,2019,212,0
219,3,2023,3,18,2,1757,1.0,0,0,1,a,c,1036.0,2,2021,25,1,32,2017,298,0
779,3,2024,2,7,9,945,1.0,0,0,0,d,c,613.0,9,2010,161,0,50,2010,500,1
1084,5,2023,3,52,6,2926,1.0,1,0,1,d,b,938.0,9,2005,210,1,41,2012,500,0
287,7,2023,6,50,9,2901,1.0,1,0,0,b,a,342.0,1,2000,281,1,28,2019,230,1
638,6,2023,11,16,13,1423,1.0,0,0,0,a,c,775.0,2,2001,273,1,15,2023,1,1
120,7,2024,6,18,14,407,1.0,1,0,0,a,a,414.0,1,2013,137,1,34,2015,452,1
667,3,2023,6,48,12,2110,1.0,0,0,0,a,a,910.0,11,2020,31,0,31,2022,69,1
909,4,2023,4,39,25,3633,1.0,1,0,0,c,b,669.0,1,2008,183,0,39,2012,500,1
317,7,2023,10,5,2,990,1.0,0,0,1,a,c,720.0,2,2022,20,1,36,2021,73,0
662,5,2023,12,26,11,3227,1.0,0,a,1,a,c,796.0,10,2004,230,1,5,2022,73,0
213,5,2024,11,10,23,895,1.0,0,0,0,c,a,264.0,1,2017,94,0,26,2022,88,1
416,4,2024,12,18,25,222,1.0,0,0,1,a,a,809.0,3,2008,201,0,28,2016,406,0
194,2,2024,8,29,6,515,1.0,0,0,1,b,c,1147.0,3,2014,125,1,44,2010,500,0
362,1,2023,7,47,18,3311,1.0,0,0,1,c,c,837.0,4,2016,87,1,28,2020,175,1
36,4,2024,6,9,9,2622,1.0,1,0,0,c,c,1126.0,2,2006,220,0,42,2023,19,1
107,6,2023,7,34,27,3588,1.0,1,0,1,a,a,691.0,10,2006,201,1,28,2020,162,0
407,6,2023,12,47,15,3427,1.0,0,0,0,d,a,887.0,2,2006,214,1,11,2016,400,0
74,7,2024,8,32,10,1718,1.0,0,0,0,c,a,922.0,4,2006,220,1,33,2010,500,1
914,4,2023,2,30,1,2305,1.0,0,0,0,a,a,1005.0,10,2009,160,1,15,2010,500,0
17,7,2023,6,40,21,3436,1.0,1,0,1,c,c,1097.0,3,2005,219,1,41,2013,500,1
823,5,2023,3,34,3,1718,1.0,1,0,0,c,c,399.0,8,2012,127,0,37,2019,205,1
495,6,2023,10,2,24,869,1.0,0,c,0,a,c,585.0,4,2014,114,0,39,2014,431,0
36,2,2024,6,34,21,2491,1.0,1,b,0,a,c,965.0,1,2010,173,1,15,2011,500,1
117,2,2024,4,14,18,3347,1.0,0,0,1,b,b,930.0,9,2008,187,1,5,2021,165,1
905,2,2023,4,31,11,3442,1.0,0,b,1,d,c,812.0,5,2019,47,0,39,2014,460,1
1025,2,2024,10,9,2,3726,1.0,0,0,0,a,a,1605.0,10,2017,84,1,19,2013,500,1
622,6,2024,10,31,17,2578,1.0,0,0,0,c,a,848.0,6,2011,160,1,30,2014,500,0
119,5,2023,3,39,7,1058,1.0,0,0,1,a,a,907.0,4,2021,23,0,25,2010,500,0
329,4,2024,4,50,14,3539,1.0,1,0,1,b,c,414.0,5,2016,95,0,3,2022,151,0
294,2,2024,12,28,10,2682,1.0,1,0,0,a,c,1103.0,11,2008,193,1,7,2019,281,0
554,5,2023,11,30,18,641,1.0,0,0,1,c,a,847.0,2,2007,201,1,4,2019,234,0
281,4,2024,1,45,26,816,1.0,0,0,0,c,a,839.0,9,2011,148,1,12,2023,85,1
22,7,2023,10,28,21,534,1.0,0,0,0,c,c,1389.0,10,2008,180,1,2,2023,26,1
354,3,2023,10,27,11,3340,1.0,1,0,1,d,a,769.0,3,2013,127,1,41,2013,500,1
494,7,2023,9,6,1,604,1.0,0,0,0,a,a,1155.0,5,2018,64,0,21,2010,500,1
852,4,2024,7,41,12,3772,1.0,1,0,1,a,a,1150.0,7,2002,264,1,26,2013,500,1
323,4,2023,7,28,22,2675,1.0,0,0,0,a,a,762.0,1,2013,126,1,25,2021,107,1
160,6,2023,9,13,28,3311,1.0,1,0,0,c,c,389.0,4,2008,185,1,23,2017,302,0
685,4,2024,12,30,25,1564,1.0,1,0,0,a,a,629.0,11,2010,169,1,41,2012,500,1
918,1,2024,6,22,7,3414,1.0,0,0,1,c,a,1152.0,10,2005,224,1,23,2015,467,0
891,3,2024,11,19,21,461,1.0,0,0,0,d,c,703.0,6,2001,281,1,46,2014,493,1
329,1,2023,1,26,2,2322,1.0,1,a,1,b,b,445.0,2,2009,167,1,35,2022,43,0
596,5,2024,3,31,11,3234,1.0,1,0,1,a,a,862.0,5,2021,34,0,50,2021,137,0
253,5,2023,12,42,23,666,1.0,1,0,1,a,c,497.0,6,2012,138,0,37,2010,500,0
696,6,2024,1,42,5,3389,1.0,1,0,0,a,b,539.0,8,2013,125,0,26,2010,500,0
1054,6,2024,1,19,5,1379,1.0,0,0,0,a,b,516.0,1,2017,84,1,8,2019,271,1
1092,2,2023,11,39,26,1527,1.0,1,c,0,d,c,1113.0,3,2013,128,0,39,2023,0,1
72,4,2024,8,12,7,3449,1.0,1,0,1,c,a,1197.0,2,2016,102,0,5,2021,163,0
817,1,2024,1,46,11,2571,1.0,0,0,1,d,c,411.0,6,2008,187,0,37,2019,269,1
834,4,2023,2,12,4,3235,1.0,0,0,0,d,c,882.0,9,2012,125,0,35,2020,133,0
221,3,2024,8,34,18,3539,1.0,1,0,1,c,a,972.0,7,2016,97,1,16,2016,434,1
768,4,2023,2,31,12,3328,1.0,0,0,1,a,a,611.0,5,2005,213,0,22,2013,500,1
1075,4,2024,10,5,25,3374,1.0,0,0,1,a,a,577.0,5,2009,185,1,23,2023,34,1
460,7,2024,1,44,15,3543,1.0,0,0,0,a,a,1312.0,1,2006,216,1,6,2018,350,0
279,1,2023,1,32,5,3110,1.0,0,a,0,d,b,440.0,10,2005,207,1,43,2018,249,0
660,5,2024,1,50,21,2975,1.0,0,0,0,b,a,999.0,1,2008,192,1,7,2020,251,1
548,3,2023,3,10,5,904,1.0,0,0,1,a,a,952.0,1,2014,110,1,19,2013,500,0
316,6,2023,12,13,8,1128,1.0,1,0,1,a,c,1537.0,7,2015,101,0,51,2010,500,0
923,2,2024,10,24,1,1601,1.0,0,0,1,c,a,1158.0,6,2014,124,1,9,2019,275,0
700,7,2023,3,47,18,1439,1.0,0,0,0,c,c,347.0,1,2012,134,0,10,2016,401,0
579,7,2024,9,47,28,453,1.0,0,0,1,c,c,450.0,5,2003,256,1,9,2011,500,0
483,7,2023,11,43,5,2469,1.0,0,0,1,a,c,611.0,5,2007,198,1,50,2022,45,0
898,5,2024,4,5,19,1825,1.0,1,0,0,a,a,842.0,12,2012,136,1,35,2022,74,1
531,5,2023,5,49,20,2233,1.0,1,0,1,d,a,295.0,6,2020,35,0,1,2012,500,0
693,5,2023,4,40,25,2364,1.0,0,c,1,c,a,924.0,11,2020,29,0,32,2019,216,0
355,5,2024,5,16,1,2495,1.0,0,0,0,a,a,897.0,1,2000,292,0,51,2023,17,0
882,1,2023,12,19,18,3277,1.0,0,0,1,a,a,687.0,11,2009,169,1,9,2019,218,0
251,2,2024,5,49,20,3221,1.0,1,0,0,d,a,1168.0,8,2022,21,0,12,2017,401,0
395,1,2024,2,39,21,638,1.0,0,0,0,a,a,994.0,5,2012,141,1,24,2016,431,0
256,2,2024,2,22,23,2802,1.0,1,0,0,a,a,1176.0,6,2012,140,1,1,2012,500,0
1090,3,2024,6,10,21,652,1.0,0,0,1,d,a,1604.0,2,2004,244,1,41,2021,125,1
438,6,2024,8,21,26,1334,1.0,1,0,0,c,b,546.0,3,2006,221,1,14,2019,267,0
515,1,2024,5,6,3,1516,1.0,0,0,1,c,a,975.0,11,2016,90,1,40,2020,174,0
1038,3,2024,7,31,22,2532,1.0,0,0,1,a,a,646.0,8,2006,215,0,34,2022,101,0
581,1,2024,7,41,4,1501,1.0,0,0,1,c,c,1033.0,8,2004,239,1,21,2018,332,1
654,3,2023,7,18,8,1112,1.0,0,0,0,c,a,699.0,6,2002,253,0,36,2022,34,0
513,3,2024,6,34,6,3602,1.0,0,a,0,a,a,710.0,7,2014,119,1,40,2016,410,0
247,5,2023,7,45,28,3652,1.0,0,0,1,a,b,505.0,9,2013,118,0,44,2015,417,1
123,7,2024,3,49,4,3123,1.0,0,0,0,a,c,976.0,12,2019,51,0,37,2015,480,1
814,7,2024,3,7,14,3568,1.0,1,0,1,d,a,1333.0,2,2014,121,0,49,2016,374,0
130,7,2024,10,20,5,1661,1.0,1,0,0,a,a,509.0,3,2010,175,1,46,2022,78,0
483,1,2023,11,4,26,1923,1.0,0,0,1,d,a,210.0,2,2008,189,1,46,2023,0,1
54,5,2023,8,24,23,356,1.0,0,0,1,c,b,1026.0,10,2006,202,0,33,2023,0,0
461,3,2023,2,36,14,343,1.0,1,0,1,a,c,1207.0,8,2009,162,1,13,2015,439,0
855,4,2023,7,35,14,1324,1.0,0,0,0,a,a,1595.0,1,2019,54,0,23,2019,220,1
426,4,2023,3,25,4,2056,1.0,0,0,0,a,c,783.0,6,2002,249,0,41,2021,88,0
193,3,2024,12,9,5,3880,1.0,0,0,0,c,c,782.0,1,2003,263,0,14,2023,47,0
814,5,2023,4,50,2,992,1.0,0,0,0,a,c,1002.0,11,2007,185,1,10,2018,300,0
881,7,2023,9,1,26,1687,1.0,0,0,1,a,a,559.0,11,2007,190,1,47,2023,0,0
1078,3,2024,11,46,4,2243,1.0,0,0,1,b,b,605.0,8,2009,183,1,51,2017,359,0
1024,2,2023,6,42,13,227,1.0,1,0,0,c,c,1093.0,7,2001,263,1,28,2018,274,0
804,2,2023,6,51,21,2444,1.0,0,0,1,a,a,410.0,10,2018,56,0,37,2019,222,0
248,3,2024,10,25,27,1468,1.0,0,0,1,c,c,518.0,6,2010,172,0,39,2016,402,1
897,5,2023,11,6,13,2785,1.0,1,0,1,d,b,377.0,7,2002,256,0,43,2018,223,0
177,5,2024,11,50,4,1945,1.0,0,0,1,d,c,602.0,9,2001,278,1,11,2017,403,1
285,2,2023,12,2,8,3888,1.0,1,0,0,a,a,716.0,2,2016,94,1,35,2019,175,1
965,6,2024,3,6,1,3905,1.0,0,0,0,b,a,741.0,12,2007,195,1,29,2015,445,0
284,1,2024,2,24,5,1370,1.0,0,0,1,b,c,753.0,8,2017,78,0,17,2012,500,1
1093,1,2023,5,10,25,2490,1.0,0,0,1,c,c,1048.0,7,2014,106,0,12,2021,102,1
549,2,2024,9,7,8,2674,1.0,1,0,0,a,a,769.0,7,2004,242,1,32,2010,500,0
937,2,2024,9,3,9,3703,1.0,0,0,0,b,a,578.0,4,2015,113,1,26,2019,237,0
325,7,2023,7,37,15,394,1.0,1,0,0,c,a,464.0,7,2018,60,0,28,2020,165,0
388,2,2024,9,49,16,208,1.0,1,0,1,a,a,708.0,6,2020,51,1,6,2018,355,0
773,5,2023,9,45,25,2691,1.0,1,0,0,d,a,1397.0,7,2022,14,0,43,2019,210,0
592,1,2024,3,43,11,1737,1.0,0,0,1,a,a,898.0,3,2020,48,0,28,2021,171,0
308,6,2023,10,25,26,400,1.0,1,0,1,b,c,1332.0,12,2016,82,0,38,2013,500,0
334,6,2023,6,51,27,3945,1.0,0,0,1,b,a,196.0,5,2017,73,1,23,2018,288,1
269,2,2024,6,6,12,1791,1.0,1,0,0,b,c,536.0,11,2002,259,1,37,2014,489,1
606,5,2023,6,49,2,2294,1.0,1,0,1,a,a,273.0,4,2007,194,0,35,2022,66,1
215,4,2023,9,51,13,2147,1.0,1,0,0,a,a,780.0,7,2014,110,1,46,2021,109,0
482,5,2024,4,11,10,813,1.0,0,0,1,a,a,959.0,8,2000,284,0,12,2010,500,1
667,6,2023,9,8,3,1352,1.0,0,0,1,c,a,1098.0,3,2015,102,1,49,2021,63,0
937,2,2023,4,47,16,2035,1.0,0,0,0,a,c,1042.0,8,2009,164,0,37,2017,322,0
186,4,2023,10,37,18,1843,1.0,1,a,0,a,a,1107.0,5,2006,209,0,47,2011,500,0
1044,7,2023,8,40,28,939,1.0,1,0,1,a,b,751.0,10,2009,166,0,49,2020,147,1
1042,2,2023,2,31,16,819,1.0,1,0,1,a,a,652.0,10,2000,268,0,2,2016,393,1
375,7,2023,10,16,3,2107,1.0,0,0,0,a,a,540.0,9,2001,265,0,36,2021,84,0
716,5,2023,3,17,1,3466,1.0,0,0,1,a,a,1287.0,3,2003,240,0,46,2013,491,0
1089,4,2023,11,26,1,1841,1.0,1,0,1,a,a,1054.0,11,2000,276,0,31,2016,359,1
878,5,2024,5,49,15,1399,1.0,0,a,0,a,a,703.0,7,2015,106,0,9,2018,352,0
954,2,2023,1,29,22,3576,1.0,0,0,0,c,c,835.0,1,2010,156,0,26,2013,500,1
1088,3,2024,2,18,20,3940,1.0,0,0,0,a,c,1127.0,2,2002,264,0,42,2022,80,1
906,2,2023,4,14,9,2261,1.0,1,0,1,c,a,610.0,6,2020,34,0,37,2013,497,1
908,1,2024,8,11,13,3905,1.0,1,0,0,a,a,900.0,3,2018,77,0,7,2011,500,1
1081,4,2024,9,16,11,2106,1.0,0,0,1,a,a,763.0,2,2012,151,1,52,2015,432,1
771,3,2024,9,47,3,858,1.0,0,0,1,c,a,1201.0,5,2002,268,0,43,2015,472,0
264,6,2023,7,42,24,1377,1.0,0,0,1,a,a,727.0,3,2007,196,1,36,2022,58,0
302,6,2023,9,42,9,1813,1.0,1,0,0,c,a,1028.0,1,2021,32,0,4,2021,142,1
601,1,2024,11,19,11,1400,1.0,0,0,1,a,b,524.0,8,2008,195,1,7,2017,376,1
1092,5,2024,2,37,20,586,1.0,0,0,0,a,c,490.0,7,2004,235,0,6,2021,187,1
1086,6,2024,12,21,20,3692,1.0,0,0,0,a,a,453.0,11,2022,25,1,3,2020,226,0
782,1,2023,12,33,18,2545,1.0,0,0,1,c,a,1114.0,1,2000,287,0,50,2010,500,1
634,2,2024,2,49,7,1747,1.0,0,0,0,a,a,1014.0,4,2022,22,0,5,2015,500,0
23,3,2024,4,2,10,1948,1.0,1,0,1,c,a,1220.0,3,2020,49,0,33,2020,177,1
12,6,2023,2,45,21,3576,1.0,1,0,1,c,c,1010.0,1,2022,13,1,1,2019,252,0
185,5,2024,9,4,8,1612,1.0,1,0,0,a,a,859.0,8,2020,49,1,34,2021,126,1
887,4,2023,8,9,19,1800,1.0,1,0,1,c,c,738.0,4,2021,28,1,40,2023,0,1
1075,5,2024,4,26,12,1376,1.0,0,0,1,a,a,1128.0,11,2021,29,0,36,2022,94,1
1031,4,2024,6,7,18,2867,1.0,0,0,0,b,c,1008.0,3,2014,123,1,21,2018,298,0
977,5,2024,2,48,27,1776,1.0,1,0,1,d,a,580.0,1,2005,229,1,23,2019,285,1
585,2,2024,4,14,21,3693,1.0,0,0,1,c,a,651.0,6,2008,190,0,13,2023,53,0
49,3,2023,2,4,20,1812,1.0,1,0,0,c,b,869.0,4,2010,154,1,13,2013,500,0
885,5,2024,4,36,14,3544,1.0,0,0,1,a,c,825.0,1,2004,243,1,33,2021,159,0
1071,5,2023,1,24,28,3949,1.0,0,0,1,a,c,1058.0,10,2007,183,1,2,2015,438,1
393,4,2023,8,19,6,2581,1.0,0,0,1,a,a,1023.0,3,2020,41,1,47,2013,492,1
953,5,2023,3,36,19,629,1.0,1,0,0,a,a,591.0,1,2013,122,1,5,2014,499,0
1043,5,2024,3,24,15,2328,1.0,1,0,1,b,a,496.0,5,2012,142,1,3,2013,500,1
1103,7,2023,1,28,2,2867,1.0,1,0,0,b,c,326.0,8,2001,257,1,4,2012,500,1
7,7,2024,2,1,2,250,1.0,0,0,0,b,a,820.0,9,2016,89,1,12,2022,93,0
930,2,2024,9,2,21,475,1.0,0,0,1,c,c,1362.0,3,2019,66,1,26,2013,500,1
438,2,2024,11,23,23,3524,1.0,0,0,1,a,a,758.0,1,2010,178,0,11,2013,500,1
594,4,2023,6,2,4,3396,1.0,1,0,0,a,a,814.0,5,2010,157,1,25,2010,500,1
511,6,2023,9,15,25,737,1.0,0,0,1,d,c,897.0,1,2000,284,0,3,2013,500,0
709,1,2024,10,32,2,417,1.0,1,0,1,a,a,825.0,11,2005,227,1,26,2016,422,0
834,5,2024,11,19,3,1516,1.0,0,0,1,b,a,455.0,1,2016,106,0,7,2015,480,0
869,3,2024,1,25,24,459,1.0,1,0,1,c,b,613.0,4,2009,177,1,23,2010,500,0
239,7,2023,3,3,16,2972,1.0,1,0,1,c,a,745.0,4,2017,71,1,18,2019,193,1
232,5,2024,4,26,10,3147,1.0,0,0,1,c,a,1292.0,6,2009,178,0,6,2017,384,1
81,3,2024,2,26,9,2115,1.0,1,0,1,c,a,1181.0,1,2019,61,0,27,2014,500,1
644,7,2024,10,13,26,261,1.0,0,a,1,a,a,477.0,9,2012,145,0,7,2014,500,0
975,7,2023,9,33,10,287,1.0,1,0,0,a,c,1222.0,12,2020,33,0,15,2020,174,1
952,3,2024,1,19,11,629,1.0,0,0,1,c,a,1343.0,3,2017,82,0,39,2010,500,1
309,2,2023,6,22,7,615,1.0,0,0,1,a,a,953.0,4,2004,230,0,50,2012,500,0
580,1,2024,8,27,20,1312,1.0,0,0,0,b,a,639.0,7,2020,49,1,9,2012,500,0
728,5,2023,12,5,12,3013,1.0,0,0,1,a,a,840.0,4,2021,32,0,7,2022,50,1
1001,1,2024,8,47,24,1530,1.0,0,0,1,d,a,1291.0,11,2009,177,0,44,2011,500,0
738,5,2024,10,21,25,2172,1.0,0,0,0,c,a,481.0,7,2020,51,1,42,2013,500,1
433,1,2024,9,15,19,303,1.0,0,0,1,b,a,696.0,10,2022,23,0,16,2019,259,1
1079,4,2024,4,16,18,2442,1.0,0,0,1,a,a,941.0,6,2013,130,0,32,2013,500,0
450,7,2024,12,15,7,1105,1.0,1,0,1,b,a,715.0,8,2021,40,0,22,2014,500,0
1061,3,2023,11,21,28,560,1.0,1,0,0,d,a,314.0,9,2001,266,0,3,2014,486,1
110,3,2024,3,32,27,965,1.0,1,0,1,a,a,473.0,2,2001,277,1,29,2021,159,1
32,7,2024,2,40,12,771,1.0,0,0,0,b,a,409.0,6,2022,20,1,7,2021,189,1
1077,4,2024,10,29,25,737,1.0,1,0,0,d,c,687.0,8,2022,26,1,40,2014,500,1
156,6,2023,1,50,21,1461,1.0,0,0,1,a,a,1361.0,2,2016,83,0,22,2011,500,1
843,7,2023,10,18,4,3163,1.0,1,a,1,a,a,1236.0,6,2007,196,1,12,2019,214,0
185,6,2023,5,32,4,437,1.0,0,0,1,a,c,831.0,7,2002,250,0,38,2015,410,0
378,2,2024,4,11,11,3776,1.0,0,0,1,a,a,1014.0,4,2013,132,1,17,2015,462,0
845,6,2024,12,21,10,2530,1.0,0,0,1,a,a,873.0,11,2017,85,1,47,2021,130,1
285,3,2023,5,35,13,1840,1.0,1,0,0,c,c,762.0,10,2019,43,1,44,2018,251,1
732,3,2024,8,26,17,259,1.0,0,0,0,a,a,831.0,1,2011,163,1,4,2010,500,1
43,1,2023,5,8,15,3431,1.0,0,0,1,a,a,723.0,5,2019,48,1,4,2018,264,1
305,2,2024,8,45,16,2767,1.0,1,0,0,d,c,438.0,1,2020,55,1,35,2017,374,0
415,3,2023,9,22,27,461,1.0,0,b,0,c,c,829.0,10,2016,83,1,9,2011,500,1
609,2,2024,6,45,14,1019,1.0,0,0,1,a,a,580.0,12,2003,246,1,21,2010,500,0
279,2,2023,1,35,27,480,1.0,1,0,0,a,b,665.0,3,2018,58,0,18,2011,500,1
737,5,2024,1,45,26,2284,1.0,0,0,0,d,c,958.0,9,2011,148,0,47,2017,362,1
161,5,2023,7,41,23,2156,1.0,1,0,0,c,a,342.0,12,2010,151,1,26,2023,15,0
346,4,2024,6,49,16,1308,1.0,0,0,1,a,c,486.0,9,2020,45,1,30,2020,227,1
77,5,2023,1,26,17,2629,1.0,0,0,1,c,a,817.0,5,2015,92,0,33,2021,97,1
688,3,2023,9,47,26,860,1.0,1,0,1,c,a,464.0,1,2014,116,1,31,2019,224,0
1099,1,2023,6,6,11,340,1.0,1,0,0,a,b,627.0,12,2008,174,0,18,2023,0,1
192,2,2023,8,21,1,3341,1.0,0,0,1,b,a,1076.0,5,2009,171,0,45,2010,500,1
612,6,2023,11,52,20,1553,1.0,1,0,0,c,a,736.0,12,2017,71,1,20,2010,500,1
676,2,2023,7,31,24,1827,1.0,1,0,1,c,a,593.0,7,2005,216,0,14,2012,500,1
140,4,2023,1,47,23,1130,1.0,0,0,0,b,c,1055.0,8,2009,161,0,7,2021,144,1
840,3,2024,6,24,4,2793,1.0,0,0,1,b,a,299.0,3,2016,99,0,32,2011,500,1
651,6,2024,5,48,21,1955,1.0,0,0,0,a,c,382.0,12,2008,185,0,6,2010,500,0
790,5,2023,10,29,17,1664,1.0,0,0,1,b,a,406.0,2,2009,176,0,12,2015,433,0
844,1,2024,3,43,2,740,1.0,1,0,1,a,a,615.0,8,2007,199,1,52,2015,459,1
89,5,2023,6,29,19,378,1.0,0,0,0,a,a,347.0,9,2015,93,0,44,2017,297,1
687,5,2024,6,12,14,2622,1.0,1,0,0,a,a,1372.0,5,2017,85,1,7,2016,421,1
307,5,2023,9,44,26,3736,1.0,1,0,1,a,c,50.0,3,2009,174,1,47,2014,465,0
288,5,2024,3,20,27,1572,1.0,1,0,0,a,c,944.0,8,2014,115,0,4,2018,328,0
1063,6,2024,7,44,9,2339,1.0,0,0,0,c,c,696.0,11,2011,152,0,21,2019,283,0
735,1,2023,4,15,3,2990,1.0,1,0,0,a,c,837.0,10,2014,102,0,45,2013,490,0
315,6,2024,11,23,7,465,1.0,1,0,1,a,a,647.0,7,2002,268,1,49,2010,500,0
227,6,2023,12,10,26,1838,1.0,0,0,0,a,c,749.0,9,2004,231,1,52,2010,500,1
107,1,2023,2,27,25,3697,1.0,0,0,1,c,a,521.0,2,2019,48,1,51,2011,500,0
116,7,2023,10,23,1,2129,1.0,0,0,1,a,a,1174.0,10,2020,36,0,5,2016,382,0
302,5,2024,9,29,10,3204,1.0,0,0,1,a,b,424.0,7,2017,86,0,11,2011,500,1
523,7,2023,12,29,12,661,1.0,0,0,1,a,a,771.0,6,2000,282,0,28,2010,500,1
729,7,2024,2,36,21,2853,1.0,0,0,0,a,b,1536.0,5,2022,21,0,32,2018,316,0
332,1,2023,4,33,3,1986,1.0,0,0,1,a,a,1055.0,4,2003,240,0,39,2021,98,0
1099,7,2024,12,27,2,2600,1.0,1,0,0,a,c,448.0,10,2012,146,0,14,2010,500,0
230,5,2024,7,44,13,961,1.0,0,a,0,a,c,1202.0,2,2003,257,0,1,2010,500,0
903,1,2024,11,41,2,1943,1.0,0,0,0,c,b,914.0,11,2016,96,1,13,2013,500,0
188,1,2024,7,45,4,2198,1.0,1,0,0,a,a,683.0,9,2004,238,0,22,2020,231,1
722,3,2024,5,18,22,3704,1.0,0,0,0,a,a,1059.0,3,2002,266,1,22,2023,48,1
118,2,2023,5,21,25,2527,1.0,0,0,1,a,a,1216.0,2,2002,255,1,49,2016,336,1
564,2,2023,10,33,1,1720,1.0,0,0,0,b,a,598.0,5,2007,197,1,18,2014,483,0
592,6,2024,12,1,25,915,1.0,1,0,1,a,c,680.0,11,2004,241,0,6,2010,500,0
26,2,2023,1,50,10,2999,1.0,0,0,0,a,a,668.0,2,2004,227,1,25,2013,500,1
197,7,2023,4,11,2,1691,1.0,1,0,1,a,c,988.0,5,2002,251,0,44,2014,435,0
484,5,2024,8,20,6,3480,1.0,0,0,1,a,a,1085.0,7,2005,229,1,7,2017,377,0
736,7,2024,5,18,11,3586,1.0,1,0,1,a,a,1011.0,5,2018,72,1,25,2010,500,0
312,3,2023,11,8,18,2472,1.0,0,0,1,a,a,529.0,9,2003,242,0,22,2010,500,0
696,5,2023,1,45,10,3679,1.0,0,0,0,c,c,1387.0,6,2016,79,1,1,2011,500,0
284,6,2023,1,39,9,1993,1.0,0,0,1,a,a,571.0,12,2009,157,1,3,2012,500,0
116,2,2024,4,1,14,387,1.0,0,0,1,d,a,899.0,6,2001,274,1,12,2017,353,0
398,5,2024,5,39,8,727,1.0,0,0,1,a,c,766.0,11,2006,210,0,39,2021,156,0
253,7,2024,9,22,7,1236,1.0,0,0,1,c,a,503.0,8,2016,97,0,24,2015,466,1
1033,3,2024,3,27,25,2756,1.0,0,0,1,a,a,893.0,5,2011,154,0,18,2013,500,0
309,4,2023,8,10,12,1469,1.0,0,0,1,c,a,843.0,4,2018,64,1,40,2022,22,0
472,2,2023,6,11,1,1494,1.0,0,0,1,b,b,1031.0,10,2020,32,0,21,2012,500,0
849,6,2024,3,28,26,1977,1.0,0,0,0,c,a,809.0,5,2013,130,0,6,2017,386,1
282,1,2024,10,19,6,3958,1.0,0,0,0,a,a,890.0,10,2002,264,1,15,2011,500,1
504,3,2023,3,41,10,3097,1.0,1,0,1,a,c,1362.0,6,2007,189,0,22,2018,279,0
699,3,2024,5,43,18,3765,1.0,0,0,0,a,c,765.0,7,2005,226,0,12,2016,447,0
917,4,2023,12,20,10,3400,1.0,1,0,1,a,a,327.0,8,2008,184,1,20,2019,208,1
880,3,2023,5,39,3,1229,1.0,1,0,0,a,a,1099.0,6,2015,95,0,19,2022,72,1
902,3,2024,4,31,7,1594,1.0,0,0,1,a,b,1080.0,7,2004,237,1,37,2022,98,1
130,1,2024,6,18,21,2367,1.0,1,0,0,c,a,399.0,9,2003,249,1,2,2013,500,0
818,7,2024,4,6,19,835,1.0,0,0,0,a,a,453.0,12,2022,16,0,13,2010,500,1
574,4,2023,4,12,23,995,1.0,0,0,1,c,a,668.0,3,2007,193,0,35,2017,289,0
577,3,2023,4,52,13,3911,1.0,0,a,0,a,a,542.0,4,2001,264,1,52,2012,500,0
885,6,2024,10,11,27,2723,1.0,1,0,0,c,c,714.0,4,2007,210,1,29,2020,190,0
476,2,2024,3,42,10,2788,1.0,1,0,0,a,c,729.0,5,2006,214,1,46,2021,152,0
259,2,2023,2,20,24,3885,1.0,1,0,0,a,a,791.0,1,2022,13,1,19,2011,500,1
1013,7,2024,8,49,7,2460,1.0,1,0,1,a,a,1201.0,7,2014,121,0,6,2010,500,0
622,1,2024,9,14,22,471,1.0,1,0,0,b,c,1448.0,12,2008,189,1,16,2018,310,1
492,5,2023,1,14,21,2684,1.0,0,0,1,c,a,443.0,8,2021,17,1,49,2010,500,1
26,7,2024,3,26,5,1288,1.0,0,0,1,c,c,853.0,5,2021,34,1,42,2011,500,0
875,2,2024,10,18,5,902,1.0,1,0,0,a,a,1149.0,1,2003,261,1,32,2021,142,1
382,3,2024,7,8,1,2520,1.0,0,b,1,c,a,1191.0,4,2006,219,1,11,2013,500,0
926,4,2024,3,31,27,3913,1.0,0,0,0,a,a,385.0,6,2012,141,0,52,2020,187,0
519,3,2024,11,25,14,541,1.0,0,0,1,c,c,820.0,10,2003,253,1,1,2020,232,1
904,1,2024,1,1,16,2418,1.0,1,0,1,b,c,1095.0,6,2012,139,1,22,2017,343,0
583,1,2024,6,30,21,2552,1.0,0,0,1,d,b,569.0,1,2013,137,1,8,2012,500,0
586,7,2023,9,35,16,2356,1.0,0,b,1,c,a,634.0,7,2017,74,1,49,2010,500,0
755,5,2024,3,2,3,3286,1.0,0,0,0,b,c,1100.0,2,2018,73,1,28,2023,26,0
851,5,2024,9,27,16,1577,1.0,0,0,1,a,a,679.0,6,2011,159,1,11,2017,380,1
912,5,2023,1,21,26,2020,1.0,1,0,1,a,a,1002.0,2,2013,119,0,46,2016,339,0
1067,3,2023,11,6,3,3127,1.0,1,0,0,a,a,1332.0,11,2001,264,0,10,2019,204,0
798,2,2024,7,44,16,754,1.0,0,0,0,a,a,887.0,8,2006,215,0,34,2014,500,0
79,7,2024,11,36,26,246,1.0,1,0,1,a,c,717.0,10,2021,37,1,20,2010,500,1
24,3,2024,7,16,7,1542,1.0,0,0,1,c,b,1018.0,7,2018,72,1,4,2015,480,0
234,2,2024,2,22,11,2912,1.0,0,0,1,a,a,951.0,6,2021,32,0,14,2015,476,0
315,7,2024,11,47,23,820,1.0,0,0,1,a,a,673.0,12,2019,59,1,41,2011,500,0
632,1,2023,3,47,5,3336,1.0,0,0,0,a,a,850.0,9,2021,18,0,30,2015,433,1
995,4,2024,11,4,5,3565,1.0,1,0,0,a,a,1057.0,1,2010,178,0,14,2011,500,0
392,3,2024,11,15,14,806,1.0,0,a,1,a,c,901.0,7,2010,172,0,44,2020,179,1
874,6,2023,8,36,1,2330,1.0,1,0,0,a,a,556.0,11,2021,21,1,25,2015,427,1
401,4,2023,2,13,10,3912,1.0,1,0,1,a,a,1066.0,10,2010,148,0,16,2012,500,0
1040,3,2023,1,25,9,2965,1.0,0,0,0,c,a,759.0,5,2021,20,1,33,2020,148,1
654,2,2024,12,22,18,2406,1.0,0,c,0,b,c,726.0,12,2012,144,1,37,2014,500,0
424,3,2024,7,39,18,2314,1.0,1,0,0,a,a,332.0,6,2014,121,0,27,2010,500,0
989,7,2023,3,14,1,2520,1.0,1,0,1,a,a,1227.0,3,2017,72,0,39,2014,443,0
944,2,2024,2,28,20,3892,1.0,1,0,1,d,c,985.0,4,2005,226,1,18,2012,500,1
301,1,2024,3,4,11,3640,1.0,0,0,0,d,a,704.0,5,2020,46,1,37,2019,227,1
642,2,2023,2,10,9,3867,1.0,0,0,1,a,a,1010.0,11,2017,63,0,5,2011,500,0
667,6,2024,12,1,16,2248,1.0,1,0,1,c,c,1156.0,10,2002,266,1,23,2012,500,1
582,4,2024,11,44,1,2025,1.0,0,0,0,a,a,1086.0,7,2020,52,0,4,2016,456,1
583,5,2024,3,51,22,2791,1.0,0,0,0,c,b,719.0,2,2001,277,0,44,2018,319,1
1083,2,2023,3,47,17,563,1.0,1,0,0,a,a,536.0,3,2007,192,1,40,2015,423,1
714,7,2024,4,41,1,2478,1.0,1,a,1,a,c,653.0,11,2006,209,1,20,2022,125,1
534,3,2023,10,38,15,2990,1.0,1,0,1,c,c,928.0,2,2003,248,0,10,2018,288,1
959,5,2024,6,29,25,3642,1.0,0,0,0,a,a,433.0,6,2006,216,1,40,2023,41,0
627,4,2023,3,21,13,2790,1.0,0,0,0,a,a,1361.0,11,2010,148,1,48,2014,441,1
1026,5,2024,4,24,15,1639,1.0,0,0,0,a,c,918.0,1,2019,63,1,8,2017,380,0
806,6,2024,2,11,17,2106,1.0,1,0,1,a,b,1143.0,8,2013,126,0,5,2012,500,1
330,4,2023,3,11,2,741,1.0,1,0,0,d,a,553.0,9,2011,138,0,26,2023,0,0
776,7,2024,6,5,11,830,1.0,0,0,0,b,a,868.0,6,2011,156,1,15,2019,250,0
810,3,2024,1,17,7,2447,1.0,0,0,0,a,a,645.0,10,2007,195,1,4,2018,325,0
268,1,2024,3,40,26,3350,1.0,1,0,0,c,a,278.0,7,2022,20,0,28,2019,272,0
566,6,2023,4,8,1,3718,1.0,0,0,0,a,a,1002.0,8,2004,224,1,45,2022,15,0
312,3,2023,10,13,25,595,1.0,0,0,1,a,a,1200.0,11,2018,59,0,25,2018,248,0
680,4,2023,12,8,15,2196,1.0,1,0,0,d,a,1535.0,10,2005,218,0,27,2020,137,1
48,3,2024,12,33,16,1117,1.0,0,0,1,a,c,910.0,4,2022,32,1,35,2018,310,0
139,3,2024,10,30,8,2648,1.0,1,0,1,d,a,696.0,11,2018,71,0,26,2016,420,1
485,2,2024,7,43,9,2496,1.0,1,0,1,a,a,1092.0,4,2004,243,1,42,2015,469,0
733,7,2024,5,33,1,3729,1.0,0,0,0,a,c,608.0,9,2013,128,0,51,2020,190,0
662,1,2024,3,26,6,1987,1.0,1,0,1,a,c,644.0,4,2005,227,0,34,2012,500,1
700,7,2024,6,48,4,2688,1.0,1,0,1,a,c,799.0,12,2013,126,0,41,2012,500,0
413,2,2023,10,34,16,3381,1.0,1,0,0,a,a,545.0,6,2000,280,1,11,2023,23,0
164,3,2024,7,8,20,742,1.0,0,0,0,a,c,556.0,11,2009,176,1,21,2011,500,0
627,3,2023,4,15,21,3391,1.0,0,0,1,a,a,1278.0,12,2017,64,1,6,2011,500,0
508,6,2023,5,17,2,1481,1.0,1,0,0,c,a,557.0,2,2007,195,1,15,2022,54,1
90,4,2023,5,22,15,722,1.0,0,0,1,a,a,993.0,12,2016,77,1,47,2021,79,1
449,4,2023,11,1,22,272,1.0,1,0,1,a,a,569.0,11,2001,264,1,28,2022,25,0
537,1,2023,5,23,27,2340,1.0,0,0,1,b,a,775.0,7,2008,178,0,23,2016,364,1
493,1,2023,9,13,23,280,1.0,0,0,0,a,b,927.0,9,2007,192,0,24,2020,145,1
684,4,2024,11,30,9,434,1.0,0,0,0,c,a,855.0,10,2009,181,0,37,2017,357,0
104,6,2023,4,41,4,393,1.0,1,b,1,b,a,569.0,9,2001,259,0,13,2022,80,0
784,7,2023,2,30,6,3129,1.0,1,0,1,a,a,1088.0,7,2009,163,1,35,2013,500,0
363,3,2023,12,20,21,434,1.0,1,0,0,a,a,857.0,12,2017,72,0,40,2022,32,1
673,6,2023,1,23,18,1382,1.0,0,0,1,c,c,309.0,2,2003,239,1,25,2021,102,0
826,1,2023,3,4,26,1696,1.0,1,0,0,c,b,1094.0,5,2010,154,1,14,2022,42,0
407,5,2023,4,2,10,3225,1.0,1,0,0,c,a,842.0,2,2010,158,1,21,2021,85,1
920,4,2024,1,17,27,3292,1.0,1,a,1,d,c,772.0,5,2008,188,0,9,2012,500,0
990,4,2023,8,27,12,2423,1.0,0,0,1,b,a,898.0,5,2018,63,0,35,2019,200,0
430,7,2023,4,42,16,3692,1.0,0,c,0,a,a,315.0,7,2004,225,0,48,2020,150,0
926,4,2024,1,23,23,2571,1.0,0,0,1,a,c,576.0,5,2009,176,1,8,2014,500,1
488,1,2023,2,36,1,2772,1.0,0,0,1,a,a,873.0,8,2022,6,0,30,2016,370,0
1108,2,2024,7,35,7,3513,1.0,1,0,1,a,a,520.0,2,2006,221,1,35,2014,500,1
807,1,2023,10,36,14,1792,1.0,1,0,1,a,c,1030.0,11,2009,167,0,34,2012,500,0
11,5,2023,12,10,17,917,1.0,1,0,0,c,c,437.0,3,2012,141,0,37,2019,181,0
224,5,2024,6,32,21,2649,1.0,1,c,0,a,b,772.0,6,2015,108,0,37,2020,203,0
68,4,2024,8,52,26,2260,1.0,1,b,1,a,a,1230.0,7,2005,229,0,26,2010,500,0
958,6,2023,6,34,8,1852,1.0,0,0,1,a,a,559.0,9,2007,189,1,28,2014,474,0
742,6,2023,6,49,7,336,1.0,1,0,0,a,c,824.0,4,2003,242,1,39,2023,10,0
975,7,2024,7,44,19,2850,1.0,0,0,0,a,c,545.0,7,2012,144,1,4,2010,500,0
617,3,2024,9,39,20,3053,1.0,0,0,0,a,c,356.0,1,2012,152,0,15,2010,500,0
204,2,2023,8,20,21,249,1.0,1,a,0,d,c,1004.0,4,2009,172,0,43,2016,341,1
337,2,2023,10,18,14,1633,1.0,0,0,1,a,c,805.0,4,2014,114,1,43,2016,339,0
273,6,2024,7,50,20,3039,1.0,1,0,0,c,c,841.0,5,2011,158,1,3,2014,500,0
75,6,2023,8,30,11,720,1.0,1,0,0,c,a,909.0,1,2002,259,0,10,2021,124,0
470,1,2024,9,20,9,3304,1.0,0,0,1,a,c,570.0,8,2012,145,1,20,2014,500,1
65,4,2024,6,28,9,1354,1.0,1,0,0,b,a,457.0,7,2008,191,1,30,2018,310,0
327,2,2023,4,18,26,3558,1.0,0,0,1,b,a,875.0,5,2019,47,1,19,2011,500,1
858,6,2023,2,39,9,3556,1.0,0,0,1,c,c,1264.0,8,2017,66,1,38,2016,365,1
1075,4,2024,6,28,5,3849,1.0,1,0,1,a,a,915.0,10,2001,272,0,46,2011,500,0
511,6,2024,5,23,20,717,1.0,1,0,1,a,a,396.0,2,2018,75,1,31,2015,460,0
890,4,2023,3,5,4,2184,1.0,1,0,1,a,b,1702.0,5,2009,166,1,39,2014,434,0
627,5,2024,7,26,18,250,1.0,0,0,0,c,a,449.0,9,2006,214,0,1,2012,500,0
629,3,2023,11,45,4,970,1.0,0,0,0,a,a,271.0,3,2001,272,0,31,2018,274,0
327,4,2023,8,40,1,2662,1.0,0,0,1,a,a,1348.0,10,2015,94,0,11,2020,185,1
1012,5,2023,1,24,14,2129,1.0,0,0,0,a,b,576.0,6,2010,151,0,12,2018,272,1
239,7,2023,6,23,17,2184,1.0,1,0,1,b,a,671.0,4,2018,62,1,8,2019,223,0
963,2,2023,1,1,9,2309,1.0,0,a,0,d,a,1168.0,1,2013,120,0,11,2020,146,1
746,6,2024,11,40,19,2165,1.0,0,0,0,d,c,1320.0,4,2013,139,1,7,2021,189,1
974,4,2024,12,42,13,2099,1.0,0,0,1,a,a,766.0,9,2020,51,1,3,2011,500,0
123,5,2024,12,36,18,213,1.0,0,0,0,c,a,1042.0,12,2017,84,0,39,2020,205,0
530,2,2023,12,13,14,621,1.0,0,0,0,a,a,1364.0,8,2005,220,1,33,2012,500,0
1063,4,2023,6,31,16,2159,1.0,1,0,0,a,a,466.0,11,2003,235,1,42,2011,500,0
315,2,2024,9,33,4,3310,1.0,0,0,1,a,a,907.0,1,2010,176,1,8,2019,285,1
358,2,2023,2,20,5,2270,1.0,0,0,1,a,a,704.0,8,2016,78,0,26,2010,500,1
834,7,2024,11,48,2,1828,1.0,1,0,1,d,b,457.0,12,2003,251,0,51,2013,500,0
952,1,2024,2,40,13,1582,1.0,0,0,1,d,a,1099.0,2,2017,84,0,42,2012,500,0
404,7,2024,5,17,14,670,1.0,0,c,0,d,c,1179.0,6,2006,215,0,38,2023,31,0
586,6,2023,7,35,8,3461,1.0,0,0,0,c,a,1012.0,5,2014,110,0,26,2010,500,0
887,1,2023,11,7,27,1835,1.0,1,0,1,a,a,993.0,9,2009,170,1,17,2017,302,1
946,2,2024,1,42,7,226,1.0,0,0,0,a,c,737.0,1,2007,204,0,2,2022,144,0
818,4,2024,10,9,5,840,1.0,1,0,1,a,a,916.0,5,2009,185,1,45,2023,16,0
906,4,2024,3,21,17,3980,1.0,0,0,0,a,a,988.0,5,2012,142,1,45,2014,496,1
286,2,2024,4,47,9,3081,1.0,0,0,0,d,c,1523.0,6,2001,274,1,17,2011,500,1
947,5,2023,10,14,5,1738,1.0,1,0,1,c,a,336.0,1,2004,237,1,37,2023,0,1
429,5,2024,3,24,25,408,1.0,0,0,1,c,b,637.0,10,2008,185,1,49,2013,500,1
318,5,2024,2,2,11,596,1.0,0,0,1,c,c,763.0,11,2012,135,1,4,2011,500,1
250,3,2023,3,7,19,1728,1.0,0,0,1,d,c,964.0,8,2012,127,1,12,2013,500,1
184,4,2024,2,29,21,1824,1.0,1,0,1,c,a,1267.0,6,2019,56,0,43,2019,246,0
501,5,2024,4,39,16,2955,1.0,0,0,0,d,c,1127.0,4,2016,96,1,29,2014,500,1
780,6,2023,12,40,22,1833,1.0,1,0,1,d,a,732.0,10,2013,122,1,49,2011,500,0
1114,7,2024,9,41,23,1644,1.0,1,0,1,a,b,1013.0,11,2001,274,1,28,2020,221,1
340,3,2023,8,34,25,1058,1.0,0,0,0,a,a,786.0,2,2006,210,1,31,2019,211,1
734,7,2024,4,51,14,3819,1.0,0,0,0,a,c,897.0,7,2000,285,1,34,2015,485,1
350,1,2024,10,36,23,2802,1.0,0,0,1,d,c,1130.0,6,2009,184,0,33,2010,500,1
238,2,2024,8,42,20,3352,1.0,0,0,0,a,c,50.0,7,2019,61,1,9,2018,345,0
267,7,2024,7,17,5,2945,1.0,0,0,0,a,b,739.0,8,2012,143,1,39,2011,500,1
431,5,2024,2,17,14,570,1.0,1,0,0,b,a,527.0,2,2008,192,1,50,2011,500,0
861,1,2024,8,51,8,3615,1.0,1,0,1,a,a,556.0,11,2013,129,1,19,2013,500,0
282,1,2023,10,11,9,1977,1.0,1,0,0,c,a,636.0,11,2005,215,0,12,2011,500,0
929,4,2023,6,2,13,3392,1.0,1,0,0,a,a,259.0,2,2012,136,1,16,2017,298,0
763,6,2023,1,23,15,1466,1.0,1,0,1,c,a,1205.0,1,2018,60,0,24,2023,0,1
26,1,2024,3,5,24,3526,1.0,0,0,0,a,a,1586.0,3,2019,60,1,11,2017,358,1
764,3,2023,1,13,27,3917,1.0,0,c,0,a,a,878.0,7,2000,270,0,38,2015,391,0
1040,5,2023,12,40,1,2196,1.0,0,0,1,a,a,1305.0,8,2001,268,1,1,2018,299,0
326,6,2024,9,26,14,3671,1.0,1,0,0,a,a,624.0,7,2017,86,1,6,2015,488,1
811,3,2023,11,14,22,951,1.0,0,0,0,a,c,1220.0,7,2013,124,1,13,2021,105,0
852,6,2023,9,13,25,3062,1.0,1,0,1,c,c,682.0,8,2017,73,1,19,2010,500,0
243,5,2024,3,9,24,2067,1.0,1,0,1,c,c,649.0,9,2010,162,0,24,2011,500,1
497,7,2023,6,28,4,1004,1.0,0,0,0,a,a,869.0,12,2006,198,1,12,2015,432,0
773,4,2024,9,19,16,380,1.0,1,0,1,a,a,1365.0,4,2003,257,0,25,2017,358,0
394,2,2023,5,30,16,3140,1.0,1,a,1,c,a,1168.0,6,2018,59,1,33,2016,361,0
636,7,2023,4,1,2,3745,1.0,1,0,1,d,a,1262.0,8,2001,260,0,51,2013,470,1
906,6,2023,5,33,23,854,1.0,1,0,1,a,c,392.0,7,2010,154,0,8,2020,181,1
1024,2,2024,10,31,16,2514,1.0,0,0,0,b,c,491.0,2,2019,68,0,37,2016,410,1
943,6,2024,11,49,24,1845,1.0,0,0,1,c,c,675.0,5,2008,198,0,36,2023,65,1
772,3,2023,9,24,9,3562,1.0,0,0,1,a,a,1266.0,5,2021,28,0,28,2011,500,1
950,5,2023,5,13,1,1035,1.0,0,0,0,a,a,1030.0,12,2011,137,1,4,2019,217,0
479,3,2024,8,11,9,848,1.0,1,0,1,d,c,285.0,8,2013,132,1,12,2015,467,1
194,5,2023,12,21,11,1228,1.0,1,0,1,a,b,737.0,9,2013,123,1,34,2013,500,1
176,1,2023,9,41,11,769,1.0,0,0,0,a,a,620.0,2,2022,19,1,14,2015,443,0
963,2,2023,7,4,1,2993,1.0,0,0,0,b,c,780.0,12,2007,187,0,30,2019,182,0
887,7,2024,10,38,2,254,1.0,0,0,0,a,a,1502.0,5,2005,233,0,9,2022,133,0
577,3,2024,5,25,11,1545,1.0,0,0,1,c,c,763.0,10,2007,199,1,43,2021,138,0
1083,1,2023,7,36,7,2154,1.0,1,0,1,d,a,701.0,1,2001,270,0,11,2011,500,0
795,5,2023,7,33,16,2800,1.0,1,0,0,c,a,468.0,1,2001,270,1,28,2015,421,0
887,2,2023,2,49,15,3055,1.0,0,0,1,c,a,1072.0,7,2019,43,1,17,2011,500,1
399,3,2024,12,49,20,2193,1.0,1,0,1,a,c,783.0,9,2003,255,1,19,2014,500,0
794,1,2024,7,16,10,3620,1.0,0,0,0,a,a,563.0,10,2006,213,1,33,2016,399,0
866,6,2024,2,28,9,3292,1.0,0,0,1,c,a,1015.0,9,2020,41,1,27,2015,469,0
1001,1,2023,9,16,23,1788,1.0,0,0,1,b,c,711.0,7,2012,134,1,28,2023,0,0
246,4,2023,6,39,26,1599,1.0,0,0,1,a,a,757.0,5,2011,145,1,49,2023,0,0
796,3,2023,5,40,24,2368,1.0,0,0,0,a,a,513.0,8,2007,189,0,19,2020,177,1
454,5,2024,6,15,15,3014,1.0,1,0,0,a,a,241.0,8,2004,238,1,43,2010,500,1
1081,2,2023,12,11,3,1049,1.0,1,0,1,a,b,1063.0,5,2007,199,1,43,2014,436,1
1080,6,2023,5,1,13,353,1.0,1,0,1,d,b,941.0,8,2009,165,1,2,2011,500,1
523,7,2023,6,50,24,1189,1.0,0,0,1,a,a,911.0,3,2020,39,1,34,2020,172,0
461,2,2024,4,3,18,2085,1.0,1,0,1,d,a,777.0,3,2009,181,0,10,2013,500,0
818,7,2023,4,13,27,2075,1.0,1,0,1,a,a,650.0,10,2011,138,1,11,2011,500,1
470,4,2024,1,39,14,2090,1.0,0,0,0,a,c,848.0,9,2017,76,0,17,2016,438,1
649,2,2023,11,9,10,3773,1.0,1,0,0,b,c,1023.0,5,2001,270,1,18,2023,0,1
628,4,2023,5,28,2,2068,1.0,0,0,0,b,a,935.0,6,2010,155,1,31,2013,500,1
153,2,2023,6,23,11,1259,1.0,1,0,1,c,a,607.0,4,2014,110,0,31,2012,500,1
557,4,2024,9,40,17,2933,1.0,1,c,0,a,c,1109.0,3,2001,282,0,12,2019,288,0
281,3,2023,1,2,17,235,1.0,0,a,1,a,a,836.0,6,2022,7,0,45,2012,500,0
12,5,2024,11,48,4,3218,1.0,1,0,0,a,a,830.0,1,2006,226,1,15,2014,500,0
414,4,2023,4,35,10,2115,1.0,1,0,0,b,b,654.0,5,2005,215,1,4,2010,500,1
300,1,2024,11,17,9,2064,1.0,0,c,0,a,b,681.0,3,2020,56,1,40,2019,237,0
268,4,2024,3,40,28,2201,1.0,1,0,0,a,a,882.0,2,2015,109,0,40,2014,500,0
630,7,2024,5,16,26,282,1.0,1,0,1,c,a,419.0,7,2010,166,1,18,2020,206,0
98,3,2024,11,19,20,591,1.0,0,0,0,a,a,696.0,8,2009,183,1,13,2010,500,1
322,1,2024,1,46,24,1929,1.0,1,0,0,c,c,659.0,2,2004,239,0,25,2017,385,0
2,2,2023,4,17,1,1592,1.0,0,0,1,a,a,758.0,4,2006,204,0,30,2023,0,0
962,4,2023,12,42,21,2967,1.0,1,0,1,c,a,903.0,7,2004,233,0,40,2020,158,0
437,6,2024,6,36,15,1006,1.0,1,0,0,d,c,401.0,1,2021,41,1,15,2014,500,0
158,2,2024,7,44,25,1291,1.0,1,0,1,a,a,1326.0,6,2012,145,0,42,2019,262,1
179,4,2023,5,27,5,2462,1.0,0,0,0,a,a,810.0,12,2000,269,1,4,2017,335,0
638,5,2024,6,4,19,2057,1.0,1,0,0,a,b,992.0,4,2006,218,1,7,2010,500,1
1097,1,2023,6,25,16,3498,1.0,0,0,1,a,a,1102.0,11,2021,19,1,2,2013,500,1
241,6,2023,1,38,9,1210,1.0,0,0,0,a,a,1369.0,10,2002,243,1,34,2012,500,1
536,6,2024,7,24,22,2787,1.0,0,0,1,c,a,869.0,11,2001,272,0,27,2012,500,0
961,1,2023,3,33,13,613,1.0,1,0,0,c,b,549.0,10,2002,245,1,52,2013,500,0
938,3,2024,5,45,12,3113,1.0,0,0,1,d,a,443.0,6,2016,95,1,44,2010,500,1
289,4,2023,6,49,7,352,1.0,0,0,1,c,a,956.0,2,2011,148,1,12,2017,349,0
547,6,2023,3,1,2,3143,1.0,0,0,1,a,a,715.0,6,2000,273,1,37,2016,328,0
1087,5,2023,1,28,16,3125,1.0,1,0,1,d,a,1311.0,8,2005,209,1,29,2021,103,0
510,6,2024,10,29,12,219,1.0,0,0,0,a,a,606.0,4,2020,54,1,50,2014,499,1
71,2,2023,7,11,15,401,1.0,0,0,0,b,a,519.0,5,2013,122,0,11,2011,500,0
811,1,2024,5,26,9,2106,1.0,0,0,1,a,c,501.0,9,2016,92,1,27,2017,363,0
705,5,2023,2,48,5,1222,1.0,1,0,1,b,c,1524.0,6,2003,236,0,25,2022,75,1
997,3,2024,10,15,7,1305,1.0,0,0,1,a,a,1302.0,4,2000,294,0,26,2022,93,0
976,7,2023,3,32,23,2548,1.0,0,0,0,a,c,517.0,10,2017,65,1,27,2022,57,1
345,5,2023,6,15,8,2886,1.0,0,0,0,a,b,721.0,5,2016,85,1,5,2023,10,1
1114,6,2024,9,42,1,1855,1.0,0,0,0,c,a,704.0,12,2003,249,1,17,2021,181,1
388,6,2023,12,24,5,3292,1.0,1,0,1,a,c,295.0,11,2015,97,1,35,2022,41,0
296,2,2023,5,50,6,2600,1.0,0,0,0,c,a,786.0,10,2012,127,0,33,2014,485,1
890,4,2023,12,1,28,995,1.0,1,0,1,c,a,1021.0,2,2010,166,1,37,2014,432,1
625,3,2024,5,46,5,690,1.0,1,0,0,a,b,844.0,12,2011,149,1,25,2019,281,1
253,4,2023,12,24,18,3722,1.0,0,0,0,c,c,744.0,2,2020,46,1,18,2010,500,0
151,4,2024,5,52,1,424,1.0,1,0,1,d,b,703.0,8,2021,33,1,38,2014,500,0
1095,1,2024,7,47,3,3606,1.0,0,0,0,c,a,697.0,5,2021,38,1,6,2017,405,1
793,6,2024,12,15,7,3808,1.0,1,0,1,a,a,881.0,7,2000,293,1,25,2014,500,0
856,1,2024,2,40,21,3228,1.0,0,0,0,c,a,1252.0,7,2011,151,0,25,2018,327,0
318,5,2024,7,8,4,2861,1.0,1,0,1,a,b,711.0,8,2002,263,1,18,2015,458,0
431,2,2024,7,15,9,3624,1.0,0,0,1,a,a,592.0,6,2000,289,1,3,2011,500,1
17,4,2024,5,32,7,2060,1.0,1,0,0,b,a,549.0,11,2021,30,0,25,2019,267,0
153,4,2023,5,3,16,257,1.0,0,0,0,a,a,1385.0,4,2016,85,0,52,2019,159,0
426,1,2024,8,44,15,2849,1.0,0,0,0,a,c,1377.0,6,2016,98,0,11,2012,500,0
818,4,2024,1,21,23,1271,1.0,0,0,1,b,b,808.0,3,2013,130,0,44,2010,500,0
123,4,2023,3,16,14,1521,1.0,0,0,0,a,c,857.0,1,2007,194,0,25,2019,199,1
477,1,2023,6,17,16,542,1.0,0,0,0,a,a,746.0,5,2012,133,1,41,2013,496,1
910,5,2024,8,12,21,3745,1.0,1,0,1,d,a,487.0,5,2002,267,1,36,2015,444,0
708,7,2023,9,5,5,3987,1.0,0,0,1,d,b,814.0,2,2010,163,1,29,2023,0,0
459,2,2023,2,16,4,1812,1.0,1,0,0,a,a,380.0,11,2002,243,0,50,2014,434,1
132,1,2024,8,15,27,1717,1.0,1,0,1,c,b,579.0,7,2009,181,0,4,2020,219,1
175,5,2023,4,45,3,2019,1.0,0,0,1,c,a,672.0,5,2002,251,0,44,2023,1,1
64,7,2024,10,51,18,3716,1.0,0,0,1,a,a,1142.0,9,2009,181,1,41,2020,218,1
896,7,2024,8,25,3,3988,1.0,1,0,0,a,b,840.0,5,2015,111,1,21,2022,108,1
268,7,2023,12,51,26,2398,1.0,1,0,0,c,a,527.0,1,2002,263,1,5,2022,98,0
1025,2,2023,2,51,6,1567,1.0,1,0,0,a,a,1148.0,8,2010,150,0,16,2022,87,0
428,4,2023,10,12,10,3471,1.0,1,0,0,a,a,782.0,11,2002,251,0,33,2014,447,1
332,7,2023,2,45,26,205,1.0,0,a,0,c,a,522.0,11,2012,123,0,9,2012,500,1
254,6,2023,8,14,13,1127,1.0,0,0,1,c,c,1007.0,4,2001,268,1,34,2018,240,1
831,5,2023,9,45,28,2713,1.0,1,0,1,a,c,869.0,8,2019,49,1,45,2010,500,0
344,4,2023,8,45,16,624,1.0,1,0,0,a,a,151.0,10,2005,214,1,20,2019,233,0
882,6,2023,10,30,12,3196,1.0,1,0,1,c,a,868.0,5,2007,197,1,10,2015,436,1
910,1,2024,8,41,1,667,1.0,0,0,1,c,a,614.0,3,2001,281,0,12,2019,289,0
18,4,2023,12,48,2,1226,1.0,0,0,0,d,a,572.0,7,2004,233,1,40,2014,476,0
94,2,2023,3,40,16,3047,1.0,1,0,0,b,b,724.0,1,2022,14,0,25,2012,500,0
1080,7,2024,9,6,4,3009,1.0,1,0,0,c,a,271.0,8,2007,205,0,8,2013,500,1
599,4,2024,2,29,19,1831,1.0,0,0,0,a,c,748.0,3,2016,95,0,46,2010,500,1
748,5,2023,4,1,28,1585,1.0,0,0,1,a,a,901.0,3,2021,25,0,11,2019,198,1
433,3,2024,8,25,11,1233,1.0,0,0,1,a,c,570.0,11,2011,153,1,12,2015,481,1
526,1,2023,8,38,16,2772,1.0,0,0,1,c,a,731.0,4,2001,268,0,46,2022,44,0
369,6,2024,12,5,15,2947,1.0,1,0,1,c,c,832.0,7,2006,221,0,7,2022,102,0
662,1,2024,9,5,22,3628,1.0,0,0,1,a,c,960.0,5,2014,124,1,42,2014,483,0
549,3,2023,4,48,21,1189,1.0,1,0,1,c,a,1004.0,10,2020,30,1,51,2018,257,1
978,4,2023,8,24,16,2494,1.0,0,0,1,c,c,634.0,2,2011,150,1,1,2010,500,0
1049,1,2024,10,46,28,3481,1.0,0,0,1,c,c,737.0,7,2007,207,0,10,2015,500,1
539,6,2023,9,29,1,2896,1.0,0,0,1,a,a,358.0,6,2016,87,1,44,2014,453,1
833,6,2023,6,19,4,508,1.0,1,0,0,a,c,623.0,12,2022,6,1,14,2015,421,0
1046,2,2024,11,5,13,3436,1.0,1,0,0,a,a,1215.0,2,2017,93,1,13,2012,500,0
718,4,2024,8,10,27,1420,1.0,0,0,1,c,c,524.0,4,2013,136,0,45,2018,277,1
302,6,2024,8,49,27,3278,1.0,1,0,0,d,a,1171.0,8,2017,84,0,4,2010,500,1
1068,4,2023,6,25,12,1294,1.0,0,0,1,a,a,482.0,1,2006,209,1,27,2023,0,0
764,1,2024,11,15,11,445,1.0,1,0,0,b,a,1030.0,8,2019,63,1,25,2022,94,0
406,3,2024,4,51,9,3673,1.0,0,0,0,c,a,891.0,4,2002,264,0,32,2014,500,1
1100,3,2023,12,39,6,2225,1.0,1,0,0,a,a,1317.0,12,2018,60,0,51,2010,500,0
829,4,2024,11,24,18,1961,1.0,0,b,1,a,a,89.0,6,2016,101,0,35,2015,457,1
1112,7,2023,7,23,16,3968,1.0,1,0,0,a,c,580.0,11,2000,272,1,12,2014,479,1
195,1,2023,5,45,12,2537,1.0,0,0,0,a,a,1319.0,4,2003,241,1,16,2023,29,1
226,6,2024,9,1,19,3018,1.0,0,0,1,a,c,850.0,3,2021,42,0,18,2023,35,0
71,5,2023,2,30,26,3500,1.0,0,0,1,d,c,983.0,7,2007,187,1,9,2017,333,0
124,3,2023,2,29,24,2881,1.0,0,0,0,a,a,566.0,12,2007,182,0,36,2019,201,0
602,1,2024,5,27,23,2974,1.0,1,0,0,c,b,497.0,7,2022,22,1,23,2016,420,1
101,6,2023,3,3,10,1195,1.0,1,0,1,a,a,1181.0,4,2015,95,0,50,2012,500,1
846,6,2024,8,38,28,1744,1.0,0,0,0,c,a,802.0,4,2001,280,1,52,2019,246,1
742,7,2024,11,2,10,741,1.0,1,0,1,a,c,1793.0,3,2002,272,0,25,2017,341,0
735,4,2023,6,50,7,1833,1.0,1,0,1,a,c,864.0,11,2003,235,1,11,2020,195,1
529,2,2024,5,9,15,3305,1.0,0,0,1,a,a,1054.0,2,2009,183,1,30,2012,500,0
413,1,2023,3,40,3,3614,1.0,1,0,0,d,c,1136.0,5,2009,166,0,52,2015,404,0
342,2,2024,8,36,27,2954,1.0,1,0,1,a,a,968.0,5,2015,111,1,48,2010,500,1
1020,7,2023,12,50,24,2981,1.0,0,0,0,a,b,1064.0,7,2001,269,1,21,2021,133,1
481,1,2023,8,26,8,1155,1.0,1,0,1,a,a,1216.0,12,2018,56,0,47,2015,395,0
394,7,2023,7,21,25,558,1.0,0,0,0,d,b,810.0,7,2014,108,1,19,2013,500,1
322,5,2023,2,41,7,3668,1.0,0,0,0,c,c,650.0,5,2017,69,1,26,2023,15,1
440,1,2024,12,5,22,3036,1.0,0,0,0,a,a,1115.0,11,2019,61,1,6,2011,500,1
252,7,2024,9,33,10,3846,1.0,0,0,0,a,c,1308.0,2,2016,103,1,11,2016,438,1
167,1,2024,8,7,1,900,1.0,0,0,0,a,a,606.0,9,2010,167,0,4,2017,367,1
324,2,2024,8,3,14,1101,1.0,1,0,0,c,a,1328.0,1,2020,55,1,52,2016,367,0
1021,2,2024,1,11,10,3264,1.0,0,0,0,a,b,474.0,4,2012,141,0,4,2018,319,0
142,2,2024,3,32,16,1547,1.0,1,0,1,a,c,837.0,8,2021,31,1,47,2018,297,0
97,3,2024,9,40,1,2348,1.0,0,0,1,a,a,362.0,9,2011,156,0,42,2014,500,1
174,2,2023,12,5,3,1541,1.0,1,0,0,c,a,264.0,1,2015,107,1,3,2021,106,1
783,4,2024,5,16,12,2794,1.0,1,0,0,a,a,752.0,3,2009,182,0,47,2013,500,0
794,5,2024,1,6,28,262,1.0,0,0,0,a,a,970.0,2,2004,239,1,21,2017,349,0
308,5,2023,8,12,3,2546,1.0,1,0,1,c,a,787.0,12,2021,20,0,39,2016,337,0
434,1,2024,5,1,22,1890,1.0,1,c,1,d,c,1382.0,1,2020,52,1,13,2013,500,0
401,7,2024,8,47,28,1441,1.0,1,0,1,d,a,456.0,10,2001,274,0,38,2016,425,0
17,1,2023,12,39,24,1537,1.0,1,0,0,a,a,819.0,1,2017,83,1,25,2023,14,1
268,4,2024,11,47,11,3609,1.0,0,0,1,a,c,602.0,2,2018,81,1,21,2021,182,0
860,5,2023,12,40,15,2438,1.0,0,0,1,a,a,691.0,12,2022,12,0,35,2011,500,1
410,4,2023,1,3,11,3894,1.0,0,0,0,a,a,627.0,11,2017,62,0,14,2018,249,1
60,7,2023,10,45,1,1016,1.0,1,0,1,c,a,695.0,1,2013,129,1,5,2013,500,1
401,7,2023,8,34,19,2729,1.0,0,0,1,c,a,775.0,7,2011,145,0,22,2021,116,1
977,3,2024,2,23,8,604,1.0,1,0,1,c,b,439.0,12,2007,194,0,16,2019,267,1
895,3,2023,1,20,26,1035,1.0,0,0,0,c,a,1129.0,3,2018,58,0,20,2019,208,1
929,6,2024,6,22,12,2562,1.0,1,0,0,c,a,1185.0,2,2020,52,1,26,2022,100,0
1065,7,2024,2,15,1,1528,1.0,1,0,0,c,a,858.0,1,2000,289,1,3,2013,500,1
274,7,2024,5,40,28,2632,1.0,0,0,0,a,c,763.0,5,2012,144,1,14,2020,234,1
107,3,2023,6,22,20,279,1.0,1,0,0,c,a,737.0,5,2007,193,1,12,2021,114,0
228,1,2023,4,37,14,1680,1.0,0,0,0,a,c,1106.0,8,2019,44,0,35,2023,2,0
199,6,2024,10,31,12,1920,1.0,1,0,1,a,a,516.0,8,2021,38,0,4,2013,500,0
38,6,2024,5,43,10,2929,1.0,1,0,1,c,a,985.0,8,2009,177,0,22,2018,333,1
925,5,2023,2,46,5,3352,1.0,0,0,0,c,c,708.0,11,2018,51,1,29,2018,277,0
801,7,2024,5,44,23,1816,1.0,1,0,1,c,a,684.0,3,2009,182,0,44,2015,468,0
847,6,2023,1,30,3,2680,1.0,1,b,1,a,a,780.0,12,2021,13,0,40,2013,500,0
254,5,2023,11,9,13,1913,1.0,1,0,0,d,a,866.0,12,2015,95,0,34,2016,339,1
690,2,2023,6,44,23,1270,1.0,0,0,0,a,a,389.0,5,2015,97,0,27,2017,329,0
1112,2,2024,9,8,2,999,1.0,0,0,0,a,c,533.0,2,2009,187,1,23,2013,500,0
328,4,2024,2,9,25,247,1.0,0,0,0,a,a,631.0,1,2003,253,1,30,2015,447,0
482,4,2024,4,23,18,439,1.0,0,0,1,a,c,901.0,1,2006,219,0,27,2019,256,0
249,1,2024,6,16,19,1329,1.0,0,0,1,a,a,269.0,12,2022,18,0,45,2017,335,1
1068,6,2024,4,31,2,1644,1.0,0,0,1,c,a,1095.0,1,2002,267,0,23,2023,60,0
1052,7,2023,1,44,23,458,1.0,0,0,0,a,a,1281.0,9,2010,148,1,39,2016,369,0
651,7,2024,2,7,24,1915,1.0,1,0,1,c,a,575.0,12,2003,242,1,22,2019,245,0
278,2,2023,11,19,12,3028,1.0,1,0,0,a,b,822.0,4,2022,19,0,39,2015,396,1
236,5,2024,3,16,23,3747,1.0,0,0,0,c,a,1117.0,3,2016,96,1,52,2015,432,0
309,7,2023,3,11,1,3746,1.0,1,0,0,a,b,793.0,11,2014,100,0,32,2020,135,0
751,4,2023,9,39,21,1139,1.0,1,0,0,a,a,730.0,1,2004,236,1,2,2012,500,1
370,4,2024,5,45,25,1077,1.0,1,0,0,a,c,1088.0,12,2018,65,0,22,2020,231,1
670,6,2024,1,37,6,2861,1.0,0,0,1,a,c,1192.0,11,2012,134,0,33,2020,212,1
764,5,2024,4,2,24,1432,1.0,1,0,0,a,a,651.0,5,2005,227,1,3,2015,467,0
567,2,2023,4,33,27,452,1.0,1,0,0,d,a,638.0,1,2008,183,0,32,2017,313,0
621,2,2024,8,36,13,2588,1.0,0,0,0,a,a,959.0,1,2008,199,1,50,2021,142,1
412,1,2024,10,11,26,2828,1.0,0,0,1,a,a,629.0,10,2004,240,1,4,2022,111,0
824,4,2024,2,20,6,617,1.0,0,0,0,c,b,514.0,3,2000,287,1,29,2015,459,0
620,3,2024,8,1,16,3666,1.0,1,0,1,a,c,640.0,1,2004,247,1,36,2023,17,1
684,6,2024,4,15,9,2887,1.0,0,0,1,d,a,515.0,11,2017,77,0,6,2018,321,0
1058,5,2023,4,33,6,280,1.0,0,0,1,c,a,430.0,2,2004,230,0,25,2012,500,0
835,5,2024,4,51,12,2182,1.0,0,0,1,a,a,1301.0,1,2008,195,1,6,2011,500,0
621,6,2023,5,21,28,2996,1.0,1,0,0,c,c,428.0,3,2004,230,0,4,2012,500,1
973,5,2024,12,30,25,3930,1.0,0,0,0,a,c,834.0,11,2001,277,0,37,2021,149,1
71,7,2023,8,1,28,464,1.0,0,0,1,a,a,258.0,12,2000,272,0,22,2019,187,1
609,5,2023,11,47,3,585,1.0,1,0,0,a,a,1293.0,4,2001,271,1,4,2012,500,1
1102,2,2023,8,27,14,1717,1.0,1,0,1,a,a,836.0,9,2005,215,1,28,2013,500,0
280,1,2023,4,26,28,489,1.0,1,0,1,c,c,1271.0,3,2006,205,0,3,2018,283,1
700,7,2023,11,7,16,821,1.0,0,0,1,c,a,580.0,6,2021,29,1,51,2015,372,1
450,1,2023,8,43,25,707,1.0,0,b,1,c,c,1538.0,11,2022,9,1,33,2023,10,1
129,7,2024,9,17,26,2493,1.0,1,0,1,a,a,468.0,12,2012,141,1,5,2015,480,1
177,7,2023,11,14,23,2121,1.0,0,b,0,c,a,987.0,9,2000,278,1,34,2014,448,1
23,4,2023,5,32,12,2105,1.0,0,0,1,a,c,81.0,10,2022,7,1,17,2011,500,0
1030,5,2024,9,21,25,2421,1.0,0,0,1,a,c,682.0,1,2010,176,1,28,2012,500,0
275,1,2023,1,39,12,1736,1.0,0,0,0,a,a,799.0,3,2006,202,0,20,2016,383,0
489,6,2023,9,19,13,1838,1.0,0,0,1,c,c,820.0,11,2017,70,1,31,2017,300,1
607,1,2024,9,42,25,1439,1.0,0,a,1,a,a,674.0,10,2004,239,0,22,2019,280,1
932,6,2023,12,19,19,2481,1.0,0,0,0,d,c,942.0,11,2007,193,0,45,2021,78,0
807,6,2023,6,12,1,1092,1.0,0,0,0,d,a,663.0,6,2012,132,1,42,2014,438,0
1050,6,2024,10,27,5,3322,1.0,0,0,0,a,c,1254.0,1,2009,189,1,16,2022,115,0
989,4,2023,5,30,13,2419,1.0,0,0,1,c,a,963.0,7,2012,130,1,18,2017,324,1
401,6,2023,1,1,8,3520,1.0,0,0,1,a,c,419.0,4,2007,189,1,8,2013,500,1
236,3,2024,1,37,24,3331,1.0,1,0,0,d,a,941.0,5,2006,212,0,3,2021,190,0
143,2,2023,6,32,18,800,1.0,0,0,1,a,b,803.0,12,2001,258,0,42,2023,0,1
152,4,2023,9,29,28,1580,1.0,0,0,0,a,c,124.0,12,2004,225,0,12,2018,277,0
871,5,2024,8,7,13,1792,1.0,1,0,0,c,a,1276.0,6,2001,278,0,18,2018,301,0
44,3,2023,8,40,4,2529,1.0,0,0,0,b,c,515.0,10,2000,274,0,1,2016,403,0
661,4,2023,12,14,26,583,1.0,0,0,1,a,c,853.0,3,2017,81,0,8,2018,266,0
737,7,2023,11,52,18,2222,1.0,0,0,1,a,a,935.0,7,2011,148,0,42,2022,62,1
832,6,2024,7,30,9,1502,1.0,0,0,0,a,c,825.0,1,2018,78,0,41,2013,500,0
39,4,2024,5,28,11,2713,1.0,0,0,0,c,a,1055.0,7,2001,274,1,49,2019,239,1
427,7,2023,12,50,4,2772,1.0,1,0,1,a,c,1081.0,1,2006,215,1,33,2014,485,0
979,7,2023,1,10,9,3897,1.0,0,0,1,d,c,877.0,8,2021,17,0,38,2023,0,0
8,7,2023,3,42,21,2072,1.0,0,0,1,a,b,533.0,4,2022,11,0,44,2011,500,1
955,1,2023,5,48,18,2019,1.0,1,0,0,a,a,850.0,2,2019,51,0,15,2010,500,0
887,2,2023,5,15,6,503,1.0,1,0,0,c,a,1172.0,7,2001,262,0,26,2020,145,1
681,6,2023,2,9,23,3355,1.0,1,0,1,a,a,781.0,4,2001,262,1,2,2013,500,1
1047,5,2023,3,52,8,879,1.0,1,0,0,b,a,381.0,7,2015,92,1,29,2014,491,0
62,2,2023,8,18,13,429,1.0,1,0,0,c,c,1162.0,12,2006,200,0,39,2013,499,1
974,2,2023,9,3,21,2568,1.0,0,0,0,a,c,681.0,4,2007,197,1,28,2018,235,1
85,7,2023,3,46,1,2722,1.0,1,0,1,d,a,1084.0,12,2012,123,1,27,2016,383,1
849,5,2024,10,2,6,871,1.0,0,c,1,c,c,655.0,1,2010,177,1,51,2020,159,0
743,2,2023,12,49,10,3278,1.0,0,0,1,c,a,973.0,7,2003,245,1,16,2020,189,0
355,2,2023,3,11,15,2995,1.0,0,0,1,a,a,741.0,3,2008,180,1,19,2018,252,1
482,2,2024,10,39,23,2644,1.0,1,0,1,a,a,633.0,8,2012,146,1,13,2015,494,0
308,1,2023,8,19,11,3304,1.0,0,0,1,a,c,967.0,7,2000,277,1,4,2012,500,0
260,2,2024,10,3,6,2216,1.0,0,0,1,a,a,582.0,11,2005,227,1,2,2022,105,0
361,1,2024,9,46,18,1391,1.0,0,0,1,c,a,297.0,1,2019,68,1,8,2011,500,1
657,4,2024,3,37,4,3929,1.0,0,c,1,a,a,1036.0,7,2007,200,0,1,2023,88,1
695,4,2023,12,44,26,3405,1.0,0,0,0,a,a,646.0,2,2018,70,0,10,2016,398,1
514,2,2023,8,49,2,1115,1.0,0,0,1,b,a,905.0,7,2009,169,0,11,2012,500,1
824,3,2024,1,29,4,1107,1.0,0,0,0,b,a,893.0,10,2001,267,1,2,2016,443,1
871,5,2024,3,14,11,1868,1.0,0,0,0,c,a,1024.0,5,2019,58,1,43,2011,500,1
491,7,2023,8,22,22,3444,1.0,0,0,0,c,a,1090.0,1,2015,103,1,3,2014,487,0
95,4,2024,6,49,8,230,1.0,1,0,0,a,c,966.0,11,2017,79,1,42,2023,59,0
519,2,2024,9,4,27,2340,1.0,0,0,0,c,a,1006.0,7,2007,206,1,6,2010,500,0
748,3,2023,10,2,26,3913,1.0,0,b,0,b,b,1093.0,1,2007,201,0,15,2020,143,0
657,7,2023,5,14,5,603,1.0,1,0,0,a,c,658.0,10,2004,223,1,45,2012,500,0
344,2,2024,10,34,17,2157,1.0,0,0,1,a,c,634.0,10,2007,204,1,49,2022,89,1
254,5,2023,3,27,10,3613,1.0,0,0,0,a,a,999.0,8,2005,211,1,13,2017,326,1
1034,6,2023,2,39,17,2785,1.0,1,0,0,a,a,308.0,10,2016,76,0,44,2011,500,0
1081,4,2023,1,10,20,1720,1.0,1,a,0,a,c,439.0,9,2002,244,0,45,2023,0,0
222,6,2023,1,21,3,375,1.0,1,0,1,b,a,319.0,12,2010,145,0,44,2014,445,1
310,2,2024,10,34,20,207,1.0,1,0,1,a,c,1152.0,2,2003,260,1,9,2013,500,1
131,1,2024,9,1,16,2280,1.0,0,0,0,d,c,1145.0,10,2020,47,1,51,2019,210,0
1093,1,2024,2,43,25,1643,1.0,1,a,1,a,a,1067.0,1,2010,169,1,49,2010,500,1
267,7,2024,5,42,3,3455,1.0,1,0,1,a,a,833.0,3,2005,230,1,10,2022,136,1
118,3,2024,3,7,25,1838,1.0,1,0,0,d,a,684.0,7,2018,68,1,48,2012,500,0
136,2,2023,5,29,6,939,1.0,0,0,1,a,c,751.0,5,2014,108,0,24,2011,500,0
638,3,2023,9,30,28,2783,1.0,1,0,0,c,a,934.0,10,2012,131,1,47,2018,243,1
277,3,2023,4,47,11,1606,1.0,0,0,0,a,a,1028.0,11,2019,41,1,14,2023,33,0
952,2,2023,9,23,11,1470,1.0,1,0,0,a,a,486.0,10,2012,131,0,31,2012,500,0
947,7,2023,4,8,27,3626,1.0,0,0,0,a,a,1034.0,9,2016,79,1,42,2016,330,1
121,6,2024,1,26,27,3137,1.0,1,0,0,c,a,1144.0,1,2018,72,0,18,2012,500,0
952,2,2024,12,12,27,3197,1.0,0,0,0,b,a,1064.0,2,2015,118,0,40,2018,284,0
672,5,2024,10,4,2,3969,1.0,0,0,0,c,c,373.0,1,2019,69,0,34,2021,126,1
149,4,2023,8,40,8,1784,1.0,0,0,1,a,c,1042.0,4,2003,244,0,14,2017,338,1
135,3,2023,8,35,13,1188,1.0,0,0,1,a,a,796.0,2,2014,114,0,12,2018,283,0
128,2,2023,8,34,11,1605,1.0,1,0,1,a,a,1288.0,11,2006,201,0,22,2016,376,0
232,7,2023,1,35,9,255,1.0,1,0,1,a,a,782.0,12,2010,145,1,6,2023,29,0
317,2,2023,7,37,27,3667,1.0,1,0,1,a,a,1151.0,1,2010,162,0,34,2014,471,1
146,6,2024,11,17,2,3260,1.0,0,0,1,c,a,1259.0,2,2005,237,1,45,2020,180,0
759,1,2024,6,46,18,805,1.0,0,0,1,c,a,1064.0,9,2014,117,0,46,2021,156,1
410,4,2024,8,23,24,1828,1.0,0,0,1,b,c,655.0,1,2002,271,0,8,2014,500,1
498,7,2024,2,10,5,710,1.0,0,0,0,d,a,965.0,12,2020,38,0,39,2014,491,0
290,6,2023,9,45,8,2288,1.0,1,0,0,d,c,578.0,7,2014,110,0,15,2018,290,0
684,5,2023,4,34,27,2610,1.0,1,0,0,a,a,652.0,11,2021,17,1,8,2019,234,1
1032,6,2023,12,23,21,2516,1.0,1,0,1,d,c,1169.0,12,2020,36,0,46,2014,445,1
948,4,2024,10,22,25,2524,1.0,1,0,1,a,a,834.0,12,2000,286,0,29,2011,500,0
1092,4,2023,4,51,4,1623,1.0,0,0,1,c,a,778.0,5,2020,35,0,43,2010,500,0
532,4,2024,12,6,7,3104,1.0,0,a,0,c,c,1316.0,9,2000,291,1,7,2014,500,0
310,7,2024,10,49,27,3531,1.0,0,0,1,a,a,1241.0,5,2009,185,1,33,2016,432,1
66,1,2024,6,3,3,856,1.0,0,0,0,c,a,497.0,11,2021,31,0,51,2013,500,1
873,5,2023,12,50,24,3335,1.0,1,0,0,a,a,853.0,12,2003,240,0,19,2023,31,1
366,2,2024,10,24,21,2553,1.0,1,0,0,a,a,703.0,6,2012,148,1,45,2014,499,0
869,1,2024,3,1,26,3392,1.0,1,0,1,c,a,748.0,9,2020,42,1,3,2021,154,0
859,7,2024,2,45,6,2566,1.0,0,0,0,a,a,1135.0,9,2005,221,1,13,2020,240,0
373,4,2024,8,46,20,1644,1.0,1,0,1,a,c,1025.0,1,2013,139,0,42,2010,500,1
994,7,2024,12,14,26,3098,1.0,1,0,0,b,c,345.0,3,2000,297,1,8,2010,500,1
253,6,2023,6,30,6,3207,1.0,0,0,1,a,a,1158.0,7,2008,179,0,6,2014,492,0
1066,5,2024,9,13,26,257,1.0,0,0,1,a,c,683.0,9,2008,192,0,4,2014,500,1
860,4,2023,9,4,14,2715,1.0,1,0,1,a,a,952.0,2,2002,259,0,24,2019,188,0
550,6,2023,2,1,3,1095,1.0,1,0,1,a,a,1027.0,2,2009,168,1,39,2013,482,1
347,7,2024,8,31,10,673,1.0,0,0,1,a,c,1047.0,10,2014,118,0,52,2019,239,0
420,7,2023,6,12,18,2012,1.0,0,0,0,b,a,651.0,10,2012,128,0,35,2012,500,1
7,6,2024,6,41,5,1462,1.0,1,0,0,c,a,953.0,9,2006,213,0,33,2013,500,1
835,1,2024,6,19,2,919,1.0,1,0,0,c,a,1078.0,11,2003,247,0,7,2019,272,1
370,4,2024,7,24,10,1744,1.0,1,0,0,a,c,782.0,7,2015,108,0,2,2015,490,1
613,3,2024,3,24,21,2254,1.0,0,0,1,c,a,684.0,10,2000,281,1,47,2023,29,1
751,3,2023,2,41,26,3312,1.0,1,0,0,c,c,520.0,10,2017,64,0,1,2020,196,0
967,7,2024,4,31,27,1343,1.0,0,0,1,a,a,1362.0,4,2006,216,0,11,2012,500,1
325,2,2024,11,45,22,1664,1.0,0,0,1,c,a,462.0,3,2005,236,0,41,2023,56,1
837,7,2024,12,24,7,1216,1.0,0,0,1,a,a,543.0,2,2004,250,1,39,2023,37,0
341,7,2023,5,24,15,2321,1.0,0,0,1,a,a,891.0,8,2007,189,1,22,2014,470,0
67,5,2023,2,16,25,2323,1.0,1,0,1,a,b,524.0,2,2012,132,1,39,2022,29,1
191,3,2023,7,29,10,3542,1.0,0,0,0,a,a,1361.0,4,2010,159,1,16,2011,500,1
89,3,2024,10,50,7,1927,1.0,0,0,1,b,a,457.0,8,2021,38,0,45,2022,109,1
259,2,2023,7,39,15,3260,1.0,0,0,0,a,a,878.0,3,2012,136,1,27,2018,272,0
1103,5,2023,4,51,23,1908,1.0,0,0,1,a,a,1099.0,10,2009,162,0,33,2018,278,0
805,4,2024,5,1,28,1400,1.0,0,0,0,c,c,461.0,1,2016,100,1,18,2015,451,1
649,4,2023,7,23,14,2937,1.0,1,0,0,a,b,581.0,4,2015,99,0,5,2022,70,0
797,4,2023,2,43,6,940,1.0,1,0,0,a,a,857.0,12,2001,254,1,40,2018,263,1
682,6,2024,7,36,23,3977,1.0,1,0,0,b,a,625.0,5,2014,122,1,21,2016,431,0
967,7,2023,2,6,7,3272,1.0,1,0,0,a,b,948.0,2,2017,72,0,36,2014,438,0
677,4,2024,10,31,24,1379,1.0,0,0,0,b,b,755.0,3,2014,127,1,42,2012,500,1
543,1,2024,6,36,23,1466,1.0,1,0,1,b,c,854.0,10,2021,32,0,16,2018,332,0
60,7,2023,7,2,21,2281,1.0,1,0,0,a,a,1026.0,9,2002,250,0,36,2012,500,1
536,7,2024,9,16,15,2345,1.0,0,0,1,a,a,559.0,9,2014,120,0,49,2012,500,1
402,3,2023,10,51,13,2587,1.0,0,0,1,b,c,823.0,6,2014,112,1,2,2019,257,0
530,1,2023,2,50,18,952,1.0,0,0,0,d,c,752.0,9,2007,185,1,51,2010,500,1
1114,4,2023,12,41,21,3412,1.0,0,0,1,a,c,549.0,8,2000,280,1,8,2016,397,1
342,4,2024,12,52,13,1847,1.0,1,0,0,c,c,1064.0,5,2016,103,0,30,2022,126,0
984,7,2023,3,14,10,1957,1.0,0,0,1,d,c,324.0,12,2010,147,1,42,2019,180,1
1074,7,2024,8,9,1,1473,1.0,1,0,0,b,a,413.0,5,2007,207,1,15,2010,500,0
504,4,2023,3,45,16,1452,1.0,0,a,1,a,a,1025.0,9,2007,186,0,9,2010,500,1
91,6,2023,11,31,5,882,1.0,1,0,0,c,a,398.0,5,2001,270,1,29,2015,418,1
223,6,2024,10,47,22,697,1.0,1,0,1,a,a,1334.0,3,2005,235,0,24,2018,335,1
814,7,2024,9,2,18,2859,1.0,1,0,0,a,a,380.0,2,2005,235,1,39,2015,431,0
939,5,2024,12,17,3,1852,1.0,0,0,0,c,b,1276.0,11,2020,49,1,29,2016,404,1
533,5,2024,5,50,12,2848,1.0,1,0,0,c,c,1094.0,1,2017,88,0,42,2016,424,1
72,1,2024,3,48,12,2733,1.0,1,0,0,d,a,341.0,12,2005,219,1,51,2019,257,1
1031,6,2023,8,51,2,373,1.0,0,0,0,c,b,831.0,6,2008,182,1,45,2023,6,0
886,5,2023,11,2,24,2416,1.0,0,c,0,a,c,395.0,6,2012,137,0,10,2020,148,1
51,7,2024,12,24,25,2791,1.0,1,0,1,b,a,573.0,6,2021,42,0,40,2015,452,0
819,4,2024,5,33,3,3905,1.0,0,0,1,d,a,679.0,1,2020,52,1,1,2023,84,1
765,3,2024,1,18,19,2938,1.0,1,0,0,b,c,200.0,2,2018,71,0,42,2018,288,0
160,1,2024,1,45,6,2389,1.0,0,0,1,a,a,605.0,12,2018,61,1,43,2022,106,1
489,3,2023,12,33,25,3074,1.0,0,0,1,b,c,747.0,7,2004,233,1,20,2016,377,1
1060,2,2024,12,5,11,3227,1.0,1,0,1,c,c,748.0,5,2007,211,0,27,2015,446,0
11,5,2023,12,41,17,894,1.0,0,0,1,c,a,394.0,2,2018,70,1,19,2019,230,1
617,6,2024,6,37,10,2645,1.0,1,0,0,a,c,672.0,7,2008,191,0,24,2015,481,0
472,6,2024,5,49,21,1775,1.0,1,0,1,a,a,873.0,4,2022,25,0,27,2023,74,0
616,3,2023,10,49,11,1032,1.0,0,0,1,a,c,1036.0,7,2009,171,0,11,2011,500,0
510,2,2023,6,22,18,2008,1.0,1,0,1,c,a,1571.0,4,2018,62,0,45,2022,29,0
15,7,2023,9,3,17,336,1.0,1,a,0,a,a,1153.0,8,2000,277,1,20,2018,243,0
817,6,2023,6,22,3,232,1.0,0,0,0,d,a,541.0,7,2017,71,0,25,2022,49,0
1111,5,2023,10,24,14,1856,1.0,1,0,0,d,b,658.0,12,2016,82,0,27,2022,49,0
731,6,2023,6,27,6,2374,1.0,1,0,0,d,c,930.0,9,2004,225,0,30,2021,101,0
1078,5,2024,10,31,20,3075,1.0,1,0,1,b,a,1200.0,4,2022,30,1,47,2014,500,0
799,5,2023,3,11,2,420,1.0,0,0,0,c,b,1342.0,3,2003,240,0,17,2018,254,0
898,7,2023,5,46,4,1888,1.0,0,0,0,a,b,301.0,6,2015,95,1,1,2022,97,1
825,2,2023,9,1,16,2476,1.0,0,0,1,d,a,1117.0,3,2010,162,0,9,2018,252,1
104,5,2023,1,37,7,2503,1.0,0,0,1,a,c,433.0,1,2007,192,0,1,2012,500,1
620,6,2024,3,46,12,3969,1.0,1,0,0,a,c,735.0,1,2006,218,0,47,2018,311,1
74,4,2024,5,2,14,3518,1.0,1,0,0,d,a,1112.0,1,2019,64,0,4,2020,206,0
775,7,2023,2,24,7,867,1.0,1,0,0,a,c,570.0,3,2006,203,0,14,2012,500,1
300,5,2024,11,16,27,3124,1.0,1,0,0,c,a,676.0,10,2010,169,0,32,2017,348,0
591,3,2024,1,36,14,1054,1.0,0,0,1,a,c,1396.0,10,2001,267,1,28,2021,164,0
1012,5,2023,11,40,16,1301,1.0,0,0,1,a,c,1304.0,9,2000,278,1,36,2017,316,0
589,2,2023,1,41,10,3899,1.0,1,0,1,a,a,958.0,11,2008,170,1,51,2019,198,1
200,7,2023,3,18,13,3548,1.0,0,0,1,a,c,264.0,12,2021,15,0,44,2011,500,1
1000,7,2023,10,21,28,641,1.0,1,0,1,a,c,326.0,11,2006,203,0,27,2019,202,1
914,4,2024,6,52,5,2336,1.0,0,0,1,a,a,858.0,2,2008,196,0,48,2014,500,0
29,1,2023,8,21,23,1643,1.0,0,0,1,c,a,960.0,7,2020,37,1,22,2019,207,0
550,3,2023,8,41,5,1632,1.0,1,b,0,a,a,898.0,3,2014,113,1,24,2014,485,0
1027,7,2024,1,51,28,2027,1.0,1,0,1,c,c,509.0,8,2020,41,0,16,2019,295,1
594,6,2023,2,8,13,3922,1.0,1,0,0,a,b,802.0,6,2014,104,1,40,2020,124,1
1003,3,2023,12,43,27,2161,1.0,0,0,1,a,a,1129.0,5,2019,55,0,16,2012,500,1
370,5,2024,5,8,5,978,1.0,1,0,1,c,c,771.0,2,2022,27,0,26,2022,86,1
805,5,2023,5,40,23,3189,1.0,0,a,0,c,b,546.0,9,2013,116,0,44,2022,48,0
710,6,2023,3,21,5,563,1.0,1,0,1,a,a,845.0,12,2011,135,0,24,2013,500,1
934,3,2024,11,8,8,1343,1.0,0,0,0,a,b,963.0,12,2012,143,0,25,2012,500,1
777,6,2023,10,40,5,1948,1.0,0,0,1,a,c,712.0,12,2006,202,1,52,2021,92,0
44,3,2023,8,13,24,868,1.0,1,0,1,c,a,912.0,4,2003,244,1,14,2018,259,1
600,5,2024,11,46,11,397,1.0,0,0,1,a,c,765.0,7,2020,52,1,40,2016,422,0
620,1,2023,9,50,18,1567,1.0,1,0,1,b,a,386.0,2,2002,259,0,41,2016,373,1
884,4,2024,8,47,13,1589,1.0,0,0,1,a,a,721.0,9,2007,203,0,36,2016,427,1
434,5,2024,12,24,15,954,1.0,0,0,1,a,b,1122.0,7,2008,197,0,33,2013,500,0
835,5,2023,2,26,15,2112,1.0,0,0,1,a,c,702.0,4,2013,118,1,10,2017,328,0
681,6,2023,11,3,21,2430,1.0,1,0,1,a,c,1426.0,2,2006,213,0,29,2022,26,0
634,7,2024,9,31,18,1080,1.0,1,0,0,a,a,259.0,7,2012,146,0,39,2015,460,1
351,1,2024,6,44,18,2941,1.0,1,0,0,a,c,947.0,12,2011,150,0,16,2015,496,0
400,7,2024,10,16,13,266,1.0,0,0,1,a,b,998.0,11,2012,143,1,11,2012,500,0
793,6,2023,1,2,17,2005,1.0,0,0,1,c,a,488.0,10,2004,219,0,2,2021,104,0
18,1,2024,2,10,11,2728,1.0,0,0,0,a,b,805.0,10,2012,136,1,5,2012,500,1
590,2,2023,12,20,17,3763,1.0,1,0,0,c,b,155.0,7,2017,77,1,26,2015,410,1
1007,1,2023,11,39,20,2172,1.0,0,0,0,a,a,836.0,6,2017,77,0,1,2018,298,0
95,3,2024,5,20,22,1325,1.0,1,0,0,a,a,687.0,9,2021,32,0,34,2022,90,0
1050,1,2024,9,40,12,2421,1.0,0,a,1,a,a,926.0,8,2011,157,0,39,2018,313,1
832,1,2023,5,17,18,2026,1.0,1,0,0,c,c,993.0,5,2003,240,0,17,2010,500,1
790,7,2024,6,6,22,2862,1.0,0,0,1,a,c,759.0,1,2010,173,0,11,2013,500,1
374,6,2024,9,40,21,773,1.0,1,0,1,a,a,472.0,9,2014,120,0,28,2022,116,1
718,5,2024,3,31,12,3202,1.0,1,0,0,c,c,412.0,7,2019,56,0,2,2012,500,1
848,2,2024,10,8,19,680,1.0,1,0,1,b,c,479.0,5,2017,89,0,38,2023,22,1
679,2,2024,5,35,9,3159,1.0,0,0,0,a,b,911.0,10,2001,271,1,4,2011,500,0
744,2,2024,8,8,4,274,1.0,0,0,1,d,c,904.0,10,2011,154,0,12,2021,152,1
238,7,2024,8,34,25,2960,1.0,1,0,1,a,b,144.0,6,2015,110,1,17,2011,500,1
1049,1,2023,10,24,19,3165,1.0,0,0,0,c,a,1365.0,2,2016,92,0,17,2018,267,0
361,1,2023,1,26,10,3029,1.0,0,0,1,c,a,909.0,6,2020,31,1,27,2016,363,1
824,7,2024,1,50,28,2491,1.0,1,0,0,d,a,671.0,8,2004,233,1,43,2023,59,0
899,6,2023,8,37,1,294,1.0,1,0,1,a,a,594.0,12,2010,152,0,35,2016,366,0
229,5,2024,11,3,7,3606,1.0,1,0,0,a,a,687.0,8,2014,123,1,22,2014,500,1
602,3,2023,10,26,28,3245,1.0,0,0,1,a,a,1176.0,9,2005,217,0,36,2015,406,1
298,5,2024,7,43,15,756,1.0,1,0,0,a,a,1060.0,1,2016,102,1,40,2019,263,0
74,3,2024,5,20,24,601,1.0,1,0,1,a,a,788.0,7,2021,34,0,15,2012,500,1
1014,7,2023,4,51,13,2858,1.0,1,0,0,a,b,1122.0,4,2016,84,1,43,2017,320,1
748,4,2024,7,9,11,1162,1.0,0,0,1,a,c,1053.0,6,2017,85,1,26,2014,500,0
275,4,2023,3,1,13,1819,1.0,0,0,0,a,a,760.0,7,2010,152,1,5,2012,500,1
497,4,2023,4,45,4,1781,1.0,1,0,0,a,a,1148.0,7,2005,213,0,46,2012,500,1
622,4,2023,8,12,22,3632,1.0,0,0,0,a,a,1204.0,2,2008,186,0,36,2018,236,1
178,6,2023,11,52,12,2439,1.0,0,0,1,a,a,1171.0,11,2012,132,1,11,2019,249,0
763,2,2024,9,3,7,777,1.0,1,0,1,b,c,987.0,4,2002,269,0,18,2015,453,1
521,4,2023,8,39,18,738,1.0,0,0,0,a,a,976.0,10,2009,166,0,27,2019,220,0
115,4,2023,10,29,27,2825,1.0,1,0,0,a,a,559.0,4,2003,246,1,44,2011,500,1
574,3,2024,11,51,5,3448,1.0,1,0,0,c,c,237.0,11,2021,36,1,7,2019,304,1
188,5,2023,6,50,14,3393,1.0,0,0,1,a,c,900.0,2,2018,64,1,10,2014,500,1
687,6,2024,9,40,11,2140,1.0,1,0,1,c,a,750.0,10,2019,59,0,17,2019,283,1
687,2,2024,2,44,22,1563,1.0,0,0,0,c,a,703.0,4,2018,70,0,46,2010,500,0
1013,7,2023,7,31,28,1214,1.0,0,0,1,d,c,402.0,12,2002,247,1,28,2020,159,1
613,1,2024,6,32,6,1246,1.0,0,0,1,b,a,1042.0,3,2021,39,1,7,2023,77,1
451,3,2024,4,32,11,3206,1.0,0,0,0,a,b,765.0,6,2004,238,0,49,2017,347,0
34,2,2023,6,50,24,3904,1.0,0,0,0,a,a,510.0,10,2017,68,0,44,2010,500,0
602,4,2024,10,3,28,3951,1.0,0,0,0,a,b,615.0,12,2015,106,1,6,2020,205,1
796,1,2023,1,25,13,2721,1.0,0,c,1,a,a,494.0,4,2020,33,1,15,2016,374,0
1010,2,2023,11,2,13,1993,1.0,0,0,1,a,a,724.0,10,2000,277,0,25,2015,393,1
69,6,2024,7,52,12,2535,1.0,0,0,0,a,c,815.0,11,2003,248,0,4,2010,500,1
366,3,2024,5,15,12,916,1.0,1,0,0,a,c,963.0,9,2013,128,1,32,2021,139,1
833,7,2024,8,11,6,2299,1.0,1,0,0,a,c,271.0,9,2002,263,1,12,2016,415,0
108,2,2023,11,50,23,1518,1.0,0,0,0,c,a,860.0,2,2017,81,1,32,2012,500,0
207,2,2024,9,42,25,487,1.0,0,0,0,b,c,354.0,12,2012,141,1,13,2019,289,0
620,2,2023,11,9,25,789,1.0,1,0,0,b,a,691.0,4,2002,259,0,37,2023,0,1
587,2,2023,1,4,25,3432,1.0,0,0,0,c,a,944.0,12,2021,13,1,21,2018,243,1
175,4,2024,5,47,23,583,1.0,0,0,0,c,c,750.0,3,2007,206,0,18,2011,500,1
709,5,2023,3,1,19,1117,1.0,0,0,0,a,a,201.0,10,2020,29,0,20,2017,293,0
634,3,2024,12,31,20,708,1.0,1,0,0,a,a,677.0,5,2001,283,1,49,2019,242,0
296,6,2024,8,26,19,3738,1.0,1,0,1,a,b,1288.0,10,2000,286,1,16,2011,500,0
366,1,2024,2,32,4,2350,1.0,0,0,1,a,c,1128.0,12,2000,278,1,43,2021,145,1
422,5,2023,10,42,17,2114,1.0,1,a,1,a,a,1552.0,8,2020,38,1,48,2016,358,0
472,1,2023,7,47,8,1861,1.0,0,0,1,b,c,839.0,1,2013,126,1,38,2016,373,1
616,5,2023,3,3,13,1640,1.0,0,0,1,a,b,602.0,2,2003,241,1,38,2012,500,0
221,2,2023,8,32,28,1737,1.0,0,0,1,a,a,698.0,7,2009,169,1,34,2015,414,0
907,3,2024,5,42,21,3628,1.0,0,0,0,b,a,867.0,12,2021,29,1,15,2017,391,0
254,7,2023,8,52,2,988,1.0,0,0,0,c,a,729.0,2,2018,66,1,44,2022,60,1
697,5,2023,7,49,4,3495,1.0,0,0,0,a,a,1030.0,2,2013,125,0,16,2014,500,1
798,7,2024,1,1,5,3549,1.0,1,0,1,a,a,982.0,8,2003,245,0,46,2018,267,1
351,5,2024,7,3,13,824,1.0,0,0,1,a,c,388.0,9,2012,142,1,42,2016,377,1
99,1,2024,2,12,15,1818,1.0,0,0,1,a,a,1080.0,6,2004,236,0,31,2020,189,0
421,2,2024,8,5,23,3927,1.0,0,0,1,c,a,869.0,2,2007,210,1,1,2012,500,0
717,4,2023,2,2,2,363,1.0,0,0,1,a,a,1294.0,11,2019,39,0,51,2023,0,1
660,1,2024,6,43,14,421,1.0,1,0,0,a,a,1123.0,2,2018,76,1,39,2013,500,1
57,2,2023,11,24,5,333,1.0,1,0,1,a,c,1154.0,2,2009,177,0,13,2017,323,1
590,5,2024,7,9,26,1201,1.0,1,0,0,c,c,796.0,9,2004,238,0,27,2018,294,0
459,1,2023,2,41,13,1620,1.0,0,0,1,a,a,426.0,2,2015,96,0,2,2014,500,0
1082,3,2023,3,9,20,2198,1.0,0,0,0,a,a,1215.0,7,2013,116,0,46,2013,483,1
782,4,2024,1,30,7,2342,1.0,1,0,0,a,a,1046.0,12,2012,133,0,18,2023,64,1
613,1,2023,1,28,10,543,1.0,1,0,1,a,a,1329.0,9,2014,100,0,51,2017,289,1
223,3,2024,11,34,19,1801,1.0,0,a,0,a,c,678.0,6,2019,65,0,9,2012,500,0
337,1,2024,10,32,15,2291,1.0,1,0,0,a,a,926.0,10,2004,240,1,4,2022,132,1
456,4,2023,12,27,6,522,1.0,1,0,1,c,a,838.0,5,2003,247,0,2,2020,181,0
1074,1,2023,6,16,15,2317,1.0,1,0,1,a,a,629.0,2,2013,124,0,20,2010,500,0
105,1,2023,10,41,28,2809,1.0,0,0,1,a,c,328.0,8,2013,122,0,23,2023,18,1
1108,1,2024,4,28,9,448,1.0,1,0,1,a,c,723.0,11,2014,113,0,19,2019,269,0
814,4,2024,10,32,23,2265,1.0,1,0,1,a,a,584.0,7,2007,207,1,30,2021,158,1
301,5,2023,11,9,21,510,1.0,0,0,0,a,a,1199.0,1,2008,190,1,44,2018,225,0
664,2,2024,6,27,13,3967,1.0,0,0,1,a,c,929.0,3,2020,51,1,28,2021,155,0
731,7,2023,5,2,21,3324,1.0,0,c,1,a,c,675.0,11,2017,66,1,35,2023,0,1
4,2,2023,5,10,7,2864,1.0,0,a,0,d,a,1181.0,4,2016,85,0,40,2017,282,0
3,1,2024,8,4,20,2259,1.0,0,0,0,a,c,1093.0,8,2014,120,1,46,2023,10,0
579,4,2023,5,40,5,1520,1.0,1,a,1,d,c,873.0,2,2000,279,0,30,2010,500,0
1069,5,2023,1,22,16,3361,1.0,0,0,0,c,a,824.0,6,2014,103,0,17,2021,109,1
368,3,2024,4,32,1,2179,1.0,0,0,0,a,a,540.0,10,2021,30,1,42,2014,500,0
997,4,2024,6,10,23,3881,1.0,0,0,0,a,c,890.0,6,2008,192,0,8,2021,158,1
66,7,2023,4,5,22,1266,1.0,1,a,1,c,a,781.0,12,2018,52,1,2,2018,263,1
310,5,2024,2,34,11,1683,1.0,0,0,1,a,a,1184.0,1,2021,37,0,36,2018,310,1
743,5,2024,6,19,15,1239,1.0,0,0,1,a,a,965.0,9,2008,189,1,45,2022,78,0
36,2,2023,12,29,21,965,1.0,1,0,1,c,a,734.0,5,2002,259,0,14,2015,431,0
884,4,2024,10,38,1,689,1.0,0,0,1,a,a,1219.0,11,2005,227,0,19,2021,175,0
196,1,2024,10,32,20,596,1.0,1,0,1,b,a,658.0,2,2020,56,1,44,2019,248,0
269,4,2024,9,41,3,2830,1.0,1,0,1,a,c,702.0,1,2015,116,0,28,2015,481,0
1000,6,2024,4,6,9,1861,1.0,1,c,1,a,a,864.0,8,2019,56,1,39,2012,500,1
42,5,2023,6,23,2,1889,1.0,0,0,1,c,b,1023.0,6,2006,204,1,51,2011,500,1
615,6,2023,12,48,19,859,1.0,1,0,1,b,c,959.0,9,2005,219,0,22,2019,234,1
271,1,2024,11,11,14,3261,1.0,1,0,0,c,a,1381.0,12,2003,251,0,21,2012,500,1
537,7,2023,12,45,6,460,1.0,0,0,1,d,c,1011.0,12,2000,276,1,10,2018,295,1
953,7,2023,9,27,20,691,1.0,0,0,1,a,c,294.0,11,2020,34,1,4,2013,500,1
841,2,2023,5,20,10,543,1.0,1,0,0,a,a,899.0,10,2019,43,1,18,2012,500,0
778,6,2023,8,23,26,2993,1.0,1,0,0,a,a,862.0,5,2013,123,0,45,2011,500,0
598,4,2023,7,23,17,448,1.0,1,0,1,b,a,571.0,12,2004,223,1,30,2014,461,0
342,2,2023,5,49,18,3136,1.0,0,0,1,a,a,779.0,2,2012,135,0,6,2019,251,0
878,3,2024,6,24,13,3267,1.0,1,0,1,a,c,441.0,3,2002,267,1,25,2012,500,0
529,2,2024,7,7,24,261,1.0,1,0,1,a,a,917.0,1,2004,246,1,41,2014,486,1
915,6,2024,10,23,18,3507,1.0,1,0,1,b,c,798.0,9,2017,85,0,31,2012,500,1
341,1,2023,9,42,16,1500,1.0,1,a,0,a,a,539.0,6,2003,243,1,33,2018,269,1
288,4,2023,1,22,23,2531,1.0,1,0,1,a,c,686.0,4,2014,105,1,50,2015,388,0
571,6,2024,9,12,21,1190,1.0,1,0,0,a,c,1192.0,12,2011,153,0,44,2021,124,1
592,2,2023,1,26,20,1712,1.0,0,0,0,a,a,862.0,3,2014,106,1,49,2022,29,1
907,6,2024,5,52,8,989,1.0,1,a,0,a,a,739.0,3,2022,26,0,12,2010,500,0
515,3,2024,12,33,7,2199,1.0,0,0,0,a,a,615.0,7,2005,233,0,30,2012,500,1
686,3,2024,2,32,1,2019,1.0,0,0,0,a,a,1010.0,4,2013,130,0,40,2016,408,1
756,5,2023,7,24,9,1728,1.0,1,0,0,c,a,1076.0,7,2022,12,0,15,2011,500,1
771,6,2023,8,48,14,2638,1.0,0,a,1,d,a,1048.0,7,2022,13,0,18,2023,30,0
459,4,2023,5,13,16,1715,1.0,0,0,0,c,a,1022.0,12,2020,29,1,7,2023,6,0
113,6,2023,12,50,8,3468,1.0,0,0,0,a,c,1144.0,3,2009,177,0,1,2011,500,1
436,6,2024,6,32,27,460,1.0,1,0,0,a,a,728.0,8,2002,262,0,3,2016,445,1
93,6,2023,10,26,22,2970,1.0,1,0,1,a,a,611.0,5,2019,53,0,4,2014,490,1
993,7,2024,10,17,1,1918,1.0,0,c,0,c,a,936.0,5,2022,29,0,9,2014,500,0
1015,7,2024,6,5,9,1887,1.0,0,0,0,a,c,863.0,3,2020,51,0,47,2014,478,0
898,3,2024,3,5,13,918,1.0,1,a,1,a,c,755.0,8,2007,199,1,27,2018,290,1
896,2,2024,2,9,10,1969,1.0,0,0,1,a,a,845.0,6,2001,272,1,46,2017,327,0
1074,4,2023,6,22,4,1705,1.0,1,b,0,a,a,1428.0,2,2022,16,1,5,2022,69,0
730,7,2024,5,17,9,2925,1.0,0,0,1,a,a,934.0,12,2006,209,0,35,2016,398,0
129,4,2023,10,31,5,3796,1.0,1,0,0,c,c,1053.0,11,2009,167,1,5,2021,130,0
152,4,2023,2,5,21,2836,1.0,1,0,1,a,a,397.0,11,2008,171,1,32,2011,500,1
493,5,2024,6,14,20,2751,1.0,1,a,1,a,a,1184.0,4,2010,170,0,33,2013,500,0
927,2,2024,2,12,5,700,1.0,0,0,1,c,c,846.0,10,2012,136,1,48,2015,432,0
912,2,2023,10,52,16,1271,1.0,1,0,0,a,a,873.0,3,2004,235,1,10,2018,302,0
1044,6,2024,2,39,7,1293,1.0,0,0,0,a,c,756.0,8,2013,126,1,35,2016,420,1
841,5,2024,8,47,17,2962,1.0,0,0,0,b,c,468.0,6,2005,230,0,22,2015,493,1
650,7,2024,1,42,19,2860,1.0,0,a,0,b,a,360.0,4,2006,213,1,41,2017,365,0
494,2,2023,5,14,4,3012,1.0,0,0,1,a,c,586.0,7,2005,214,0,15,2018,259,0
729,5,2023,10,24,10,908,1.0,1,0,0,a,a,1879.0,7,2016,87,1,17,2011,500,1
455,3,2023,12,48,1,3614,1.0,0,0,0,c,a,1283.0,8,2014,112,0,24,2011,500,1
723,4,2023,11,48,23,1619,1.0,1,0,1,d,a,869.0,12,2013,119,0,41,2021,111,1
728,4,2023,7,12,10,1199,1.0,0,0,1,d,a,942.0,9,2014,106,1,43,2021,73,1
821,4,2023,9,49,5,2681,1.0,1,0,0,a,a,1275.0,6,2000,279,1,13,2018,296,0
813,4,2024,8,44,21,589,1.0,0,0,1,a,c,890.0,4,2010,172,1,44,2021,156,1
339,6,2023,7,14,9,1389,1.0,0,0,0,c,a,253.0,7,2015,96,1,4,2015,426,1
883,4,2024,2,11,2,2421,1.0,0,0,0,a,a,1206.0,8,2008,186,0,1,2018,322,0
705,3,2024,6,4,15,833,1.0,0,0,0,c,c,841.0,1,2015,113,0,21,2018,295,0
181,3,2023,5,19,7,2633,1.0,0,0,1,c,b,891.0,3,2012,134,0,14,2011,500,1
613,4,2024,6,49,14,1484,1.0,0,0,1,a,a,814.0,11,2011,151,1,11,2017,402,0
498,7,2023,5,42,5,2493,1.0,0,0,0,c,c,758.0,10,2009,163,1,33,2022,61,1
110,2,2024,3,22,6,3218,1.0,0,0,0,a,a,1063.0,7,2002,260,0,30,2018,304,1
703,5,2024,2,28,17,803,1.0,1,0,0,c,a,868.0,6,2003,248,0,26,2019,262,0
415,1,2023,5,13,16,1480,1.0,1,0,0,b,a,892.0,2,2013,123,1,51,2017,274,1
865,2,2024,4,9,25,544,1.0,0,0,0,a,c,568.0,3,2022,25,1,51,2014,478,0
366,5,2024,9,23,20,2021,1.0,1,0,1,c,b,1521.0,6,2019,63,1,39,2014,500,1
73,6,2024,7,48,15,2481,1.0,0,0,0,a,c,1219.0,3,2014,124,1,20,2018,340,1
962,5,2024,10,23,18,1209,1.0,1,0,1,a,c,1129.0,9,2022,25,0,41,2020,190,1
734,3,2023,11,26,21,2417,1.0,1,0,0,a,a,1304.0,11,2004,228,0,33,2016,357,1
1037,1,2024,9,39,18,2273,1.0,0,0,1,a,a,869.0,12,2011,153,1,7,2016,448,0
123,3,2023,12,30,11,2224,1.0,0,0,0,a,c,1132.0,12,2005,216,0,23,2019,215,1
724,3,2024,12,1,22,1041,1.0,1,0,0,a,a,1080.0,5,2020,55,1,17,2021,140,0
429,6,2024,11,44,28,1627,1.0,1,0,1,a,a,868.0,11,2020,48,1,29,2018,327,0
79,2,2024,11,35,9,3146,1.0,0,0,0,d,a,804.0,1,2009,190,0,26,2016,425,0
256,4,2024,5,21,11,3880,1.0,0,0,0,c,a,822.0,8,2004,237,1,7,2013,500,0
881,3,2023,5,1,8,3225,1.0,0,0,1,a,a,885.0,3,2002,254,0,24,2019,185,0
103,1,2023,10,16,1,969,1.0,0,0,0,b,a,437.0,1,2014,117,1,26,2016,354,0
145,7,2024,1,10,11,2430,1.0,1,0,1,a,a,1020.0,3,2002,262,0,17,2022,97,0
183,5,2023,11,50,24,675,1.0,0,0,1,c,b,1183.0,1,2013,130,1,19,2017,343,0
295,5,2023,5,5,17,1333,1.0,0,0,1,b,a,659.0,10,2008,175,0,26,2012,500,0
667,2,2023,12,4,26,675,1.0,1,0,1,b,c,676.0,6,2011,150,0,11,2016,357,1
521,6,2023,7,32,15,2388,1.0,1,0,1,b,c,625.0,3,2016,88,1,48,2013,500,1
568,5,2024,11,29,15,2450,1.0,0,0,0,a,a,721.0,6,2002,269,1,23,2017,370,1
48,4,2024,11,50,16,1982,1.0,0,0,1,b,c,483.0,8,2007,207,0,43,2022,111,0
993,4,2023,2,21,1,3458,1.0,0,0,1,d,a,693.0,11,2021,15,1,39,2010,500,1
372,2,2024,2,9,23,1904,1.0,1,0,0,a,a,1134.0,11,2018,63,1,15,2020,202,0
256,3,2024,11,15,9,1617,1.0,0,0,0,d,a,505.0,4,2001,283,0,52,2022,67,1
774,6,2024,12,21,4,3407,1.0,1,0,0,b,a,766.0,7,2019,65,0,38,2023,35,1
87,7,2024,1,5,15,3528,1.0,1,0,1,a,a,1047.0,5,2017,80,0,45,2015,428,1
840,4,2023,3,23,24,2299,1.0,1,0,1,a,a,939.0,1,2022,14,0,26,2023,0,0
457,2,2024,7,45,6,3224,1.0,0,0,0,d,b,1002.0,5,2015,110,0,51,2019,254,0
127,4,2023,10,16,5,2632,1.0,0,0,0,a,c,987.0,12,2006,202,1,42,2019,182,1
851,2,2024,9,38,15,564,1.0,1,0,1,c,c,885.0,7,2008,194,0,16,2018,334,0
526,4,2024,8,8,26,776,1.0,1,0,1,b,c,486.0,10,2022,22,1,48,2014,480,1
117,2,2023,7,26,15,1719,1.0,0,0,1,a,b,851.0,6,2021,25,1,37,2022,41,1
144,7,2023,6,28,5,3464,1.0,0,0,0,a,c,637.0,1,2021,29,1,5,2010,500,0
11,4,2024,6,44,2,2461,1.0,0,0,1,c,a,1076.0,10,2004,236,1,42,2021,158,1
255,2,2023,2,35,20,314,1.0,1,0,0,a,b,630.0,4,2001,262,0,15,2018,280,1
821,3,2023,10,25,4,3654,1.0,0,0,0,a,a,1128.0,5,2017,77,0,13,2020,168,1
43,1,2024,7,6,21,2758,1.0,0,0,0,a,c,857.0,3,2000,292,0,29,2018,289,0
89,3,2024,7,51,12,1852,1.0,1,0,1,d,c,972.0,12,2020,43,1,33,2017,382,0
716,6,2023,8,12,25,2542,1.0,1,0,0,a,a,1021.0,10,2008,178,0,52,2017,272,1
413,6,2024,10,8,23,3185,1.0,0,0,0,d,a,1239.0,4,2005,234,1,8,2017,364,0
223,1,2023,9,42,7,1594,1.0,1,a,1,c,c,1097.0,9,2015,96,1,4,2011,500,0
387,7,2023,1,50,16,3700,1.0,0,0,1,a,a,722.0,7,2018,54,0,50,2014,468,0
1027,4,2023,5,21,4,2447,1.0,0,0,0,b,c,1046.0,6,2022,11,1,1,2014,488,0
5,4,2023,2,49,19,2900,1.0,0,0,0,c,a,971.0,6,2006,200,1,50,2014,467,0
298,4,2024,1,6,2,3936,1.0,0,0,0,a,a,1114.0,7,2019,54,0,7,2012,500,0
1098,5,2023,8,49,5,2500,1.0,1,a,1,c,a,878.0,2,2006,210,1,9,2012,500,1
991,4,2023,8,31,19,3202,1.0,0,0,1,a,c,1300.0,3,2010,161,0,13,2020,174,0
694,6,2023,7,6,9,430,1.0,1,0,0,a,b,906.0,12,2018,55,0,37,2014,437,0
1086,1,2023,10,20,9,426,1.0,0,0,0,c,a,385.0,3,2014,115,1,45,2010,500,1
275,5,2023,3,18,27,2112,1.0,0,0,1,a,c,881.0,9,2008,174,1,51,2020,123,1
190,2,2023,9,18,13,1163,1.0,1,0,1,c,a,601.0,1,2022,20,1,12,2015,422,1
424,6,2024,11,41,21,1366,1.0,1,0,1,a,c,730.0,6,2011,161,1,4,2017,401,1
236,4,2023,12,17,9,1206,1.0,0,0,0,a,a,823.0,10,2006,206,0,20,2022,49,0
743,6,2023,2,27,26,571,1.0,1,0,0,a,a,1001.0,2,2011,144,1,42,2016,349,0
478,1,2023,1,51,25,440,1.0,0,0,1,b,c,737.0,5,2001,260,1,21,2023,30,0
877,7,2023,3,42,18,1092,1.0,0,0,1,b,c,1303.0,11,2021,16,1,27,2021,119,0
85,2,2023,12,23,14,2693,1.0,0,0,1,c,a,875.0,9,2021,27,0,8,2018,275,1
451,7,2024,10,27,7,2662,1.0,1,0,0,d,c,781.0,5,2019,65,0,18,2019,269,0
338,5,2024,11,26,10,2741,1.0,0,c,0,a,c,1150.0,12,2017,83,1,8,2018,330,0
623,5,2023,5,10,22,277,1.0,1,0,0,b,b,938.0,4,2005,217,1,19,2015,407,0
470,4,2023,9,31,11,864,1.0,0,0,1,a,a,422.0,10,2019,47,1,8,2023,23,0
378,3,2024,5,12,15,901,1.0,1,0,1,c,a,519.0,1,2003,256,1,19,2012,500,1
932,4,2024,4,47,12,3169,1.0,0,0,1,c,c,1368.0,9,2010,163,0,8,2023,91,1
21,7,2023,12,47,11,2634,1.0,0,0,1,a,a,850.0,11,2001,265,1,10,2023,37,1
339,3,2023,4,2,23,1434,1.0,0,0,1,a,c,835.0,12,2017,64,0,43,2013,479,0
270,3,2024,6,20,22,1892,1.0,1,0,0,d,c,1229.0,6,2009,180,0,2,2013,500,0
335,7,2024,1,12,4,1795,1.0,0,0,1,a,a,847.0,5,2001,272,1,32,2014,500,0
581,3,2024,2,24,17,2029,1.0,0,0,0,a,a,744.0,9,2021,29,1,29,2020,203,0
176,6,2024,12,50,17,2769,1.0,0,0,0,c,a,854.0,9,2005,231,0,9,2021,197,1
325,1,2024,12,42,12,907,1.0,1,0,1,a,a,745.0,5,2013,139,0,26,2010,500,0
804,2,2024,10,32,17,3355,1.0,0,0,0,a,a,822.0,9,2020,49,1,5,2023,79,0
118,7,2024,7,45,10,275,1.0,0,0,1,d,c,881.0,12,2009,175,1,37,2020,216,1
352,3,2024,9,28,5,2188,1.0,1,0,0,c,b,977.0,10,2017,83,0,39,2011,500,0
1001,7,2023,3,18,6,2098,1.0,0,0,1,a,a,782.0,3,2014,108,1,21,2019,205,1
491,1,2024,1,30,7,3184,1.0,0,0,1,c,a,835.0,1,2007,204,0,13,2013,500,0
793,2,2024,2,8,8,2026,1.0,0,0,0,c,c,860.0,11,2010,159,0,46,2018,274,0
236,2,2023,6,31,9,1119,1.0,0,0,0,a,b,1563.0,11,2014,103,0,30,2010,500,1
968,3,2024,6,6,11,3664,1.0,0,0,0,c,a,982.0,8,2011,154,0,39,2013,500,1
342,5,2023,7,31,24,546,1.0,0,0,0,a,a,69.0,9,2021,22,0,1,2014,498,1
434,2,2024,12,47,24,359,1.0,1,0,1,a,c,795.0,10,2015,110,0,34,2022,117,0
1075,6,2024,1,2,12,3607,1.0,0,0,0,a,c,458.0,12,2008,181,0,3,2023,51,0
804,7,2024,7,29,22,913,1.0,0,0,1,c,c,740.0,6,2020,49,0,25,2014,500,0
391,6,2024,2,32,10,3070,1.0,1,0,0,a,c,752.0,4,2022,22,0,35,2014,500,0
708,1,2023,6,20,9,1031,1.0,0,0,1,a,a,360.0,2,2010,160,0,8,2013,500,1
416,7,2023,2,36,20,1792,1.0,0,0,0,a,c,1381.0,10,2015,88,1,5,2021,135,1
387,1,2024,6,22,28,680,1.0,0,c,0,a,b,876.0,7,2008,191,1,3,2012,500,0
395,5,2024,3,48,25,1845,1.0,0,0,1,a,a,1142.0,10,2001,269,1,18,2023,82,1
379,5,2024,4,38,23,2897,1.0,0,0,1,d,a,629.0,9,2021,31,0,37,2017,365,0
135,5,2024,9,26,18,1394,1.0,0,0,1,c,a,821.0,11,2012,142,0,5,2015,489,1
654,2,2024,6,14,23,1379,1.0,1,b,1,a,a,1047.0,6,2019,60,1,6,2020,216,0
151,6,2023,5,37,17,1231,1.0,1,0,0,c,a,464.0,6,2007,191,1,44,2016,357,1
14,1,2023,2,35,9,3375,1.0,1,a,0,a,a,1609.0,10,2019,40,1,6,2012,500,1
1111,7,2024,11,50,15,3466,1.0,0,0,0,a,a,1198.0,12,2009,179,0,30,2021,176,1
102,5,2023,11,23,10,1540,1.0,1,0,0,b,a,894.0,11,2004,228,0,16,2016,371,1
97,1,2023,12,39,12,2420,1.0,0,0,0,c,a,653.0,2,2022,22,0,51,2020,144,0
726,4,2024,4,20,23,2067,1.0,0,0,1,d,c,895.0,10,2018,66,1,48,2022,76,1
897,1,2024,5,32,10,3215,1.0,0,0,1,a,a,182.0,1,2007,208,0,42,2011,500,0
865,3,2024,4,29,5,2861,1.0,1,0,0,a,c,943.0,6,2011,154,0,36,2020,201,1
1023,3,2023,3,4,6,261,1.0,0,0,1,b,a,1276.0,5,2000,274,1,12,2020,148,1
74,1,2024,8,36,19,3589,1.0,0,0,0,a,c,397.0,5,2003,255,0,37,2013,500,0
1000,4,2024,6,50,11,2196,1.0,0,0,0,c,c,657.0,10,2007,200,1,1,2011,500,1
522,1,2024,6,27,13,461,1.0,0,0,1,a,b,562.0,6,2021,36,0,40,2015,455,0
435,2,2024,4,50,14,1654,1.0,1,0,0,a,a,1174.0,8,2020,44,0,47,2014,500,0
816,6,2024,11,39,25,2932,1.0,1,a,1,a,a,984.0,5,2001,282,0,42,2011,500,1
352,3,2024,2,22,13,838,1.0,0,0,1,a,a,652.0,9,2011,149,0,14,2011,500,0
451,7,2023,1,18,21,282,1.0,0,a,0,a,c,822.0,3,2008,178,1,52,2011,500,1
739,1,2023,1,43,25,1102,1.0,0,0,0,c,a,878.0,9,2004,220,0,37,2022,58,0
137,3,2023,4,14,18,2129,1.0,0,0,1,c,c,477.0,4,2020,36,0,5,2019,217,1
384,5,2023,11,27,24,1838,1.0,0,0,1,a,c,505.0,6,2020,41,1,45,2010,500,0
721,6,2023,6,28,25,2261,1.0,0,0,1,a,c,682.0,6,2021,24,1,6,2011,500,0
482,5,2023,5,25,3,1469,1.0,1,0,1,b,c,561.0,11,2016,78,0,29,2019,204,0
1044,7,2023,6,19,25,2547,1.0,0,0,0,a,a,790.0,8,2022,10,0,51,2019,176,1
394,4,2024,5,41,9,2891,1.0,0,0,0,d,a,585.0,11,2000,282,1,40,2014,500,0
1005,6,2024,12,48,27,2361,1.0,0,0,0,b,c,873.0,12,2007,204,0,25,2022,127,0
628,4,2024,9,41,8,2219,1.0,0,0,0,d,c,805.0,2,2021,43,0,2,2014,500,0
970,7,2023,4,33,4,1114,1.0,0,0,1,c,a,1015.0,9,2015,91,0,47,2011,500,1
781,1,2024,11,23,27,2268,1.0,0,0,1,a,c,908.0,1,2011,166,1,33,2016,406,1
1074,7,2023,11,23,15,3376,1.0,0,0,1,a,a,253.0,5,2006,210,1,29,2013,500,1
601,2,2023,6,42,15,1934,1.0,0,0,1,c,a,691.0,10,2021,20,1,28,2012,500,1
903,2,2023,2,45,20,1801,1.0,1,0,0,c,b,974.0,2,2017,72,1,37,2010,500,1
659,5,2024,4,9,25,2933,1.0,1,0,0,c,c,1196.0,2,2017,86,0,47,2021,118,0
292,1,2023,9,50,14,2556,1.0,0,0,0,a,a,1180.0,11,2014,106,0,28,2018,282,0
347,5,2024,8,34,28,1341,1.0,0,0,1,a,a,1215.0,6,2008,194,1,20,2014,500,0
942,3,2023,10,24,21,2067,1.0,1,0,1,a,a,862.0,4,2018,66,1,49,2013,495,0
507,2,2023,4,15,17,3090,1.0,1,0,0,a,c,1163.0,7,2007,189,1,52,2011,500,0
874,5,2024,3,34,13,2152,1.0,1,0,1,c,a,1390.0,12,2014,111,0,6,2018,340,1
581,5,2024,2,32,26,2733,1.0,1,0,1,d,a,1079.0,2,2022,24,1,42,2020,198,1
800,3,2023,2,19,4,1880,1.0,0,0,0,a,a,922.0,3,2003,239,1,5,2020,170,0
1025,5,2024,6,23,27,3625,1.0,0,0,1,a,c,994.0,4,2020,50,1,20,2019,263,1
964,4,2023,7,26,15,380,1.0,0,0,1,a,a,255.0,7,2002,252,1,46,2015,396,0
868,3,2023,6,16,7,3605,1.0,1,0,0,a,a,691.0,1,2000,281,0,6,2017,322,0
9,3,2023,9,29,2,1848,1.0,0,0,1,b,c,50.0,9,2010,156,0,10,2012,500,0
1005,5,2024,5,46,16,3328,1.0,0,0,0,a,c,803.0,10,2018,67,0,10,2011,500,0
576,3,2023,11,15,24,3855,1.0,0,0,1,d,a,565.0,3,2018,68,1,48,2011,500,1
997,3,2023,7,8,17,3467,1.0,1,b,1,a,a,343.0,1,2010,162,0,1,2010,500,0
880,4,2023,8,43,2,3133,1.0,0,0,0,a,b,959.0,2,2003,246,1,1,2018,302,1
76,4,2024,9,52,17,270,1.0,1,0,1,c,c,612.0,5,2022,28,0,7,2012,500,0
345,7,2023,5,9,27,2841,1.0,0,b,1,a,a,773.0,4,2013,121,1,51,2010,500,0
362,6,2023,11,46,7,2334,1.0,0,0,0,c,b,946.0,10,2004,229,1,11,2021,139,0
199,6,2023,11,44,6,652,1.0,1,0,0,a,c,376.0,12,2013,119,0,8,2019,244,1
174,6,2023,4,47,24,1653,1.0,1,0,1,c,a,1038.0,12,2006,196,1,29,2017,330,1
156,7,2023,6,8,19,1798,1.0,1,0,0,a,a,838.0,6,2005,216,1,9,2010,500,1
640,3,2023,3,51,9,1143,1.0,1,0,1,c,a,974.0,5,2014,106,0,37,2022,66,0
662,2,2023,3,44,24,3088,1.0,1,a,1,a,a,589.0,4,2006,203,1,11,2013,500,1
510,5,2023,2,18,17,2224,1.0,0,0,1,a,a,1143.0,9,2018,53,1,10,2015,424,1
574,4,2023,12,46,26,388,1.0,0,0,1,a,a,827.0,5,2016,91,1,42,2021,108,0
729,2,2023,6,32,26,1898,1.0,1,b,1,a,b,875.0,10,2012,128,1,45,2010,500,0
423,5,2023,6,17,14,657,1.0,1,0,0,a,a,702.0,12,2022,6,1,20,2021,101,0
743,1,2024,3,9,2,2349,1.0,1,0,0,c,c,387.0,3,2016,96,0,7,2012,500,0
1013,4,2024,5,44,3,1644,1.0,0,0,1,c,a,844.0,2,2018,75,0,24,2013,500,0
552,2,2023,11,3,12,2105,1.0,1,0,0,d,c,1004.0,11,2015,96,1,11,2022,44,0
818,3,2024,11,12,17,2999,1.0,0,0,1,a,a,767.0,1,2016,106,1,19,2016,409,0
290,2,2023,2,24,26,1703,1.0,0,0,0,a,a,537.0,10,2009,160,0,27,2017,309,1
600,2,2023,12,24,16,1000,1.0,0,0,0,a,a,697.0,7,2012,137,0,20,2018,264,0
499,4,2024,10,14,23,1483,1.0,0,0,0,a,a,986.0,3,2009,187,0,12,2019,262,1
869,4,2024,4,31,5,1596,1.0,1,0,0,d,c,1068.0,9,2001,271,0,22,2018,321,1
946,6,2024,12,49,21,1010,1.0,0,c,1,d,a,1104.0,11,2016,97,0,24,2022,129,0
432,7,2024,3,52,8,1447,1.0,0,0,1,c,a,1118.0,2,2012,145,0,40,2022,116,0
48,1,2023,12,17,23,1720,1.0,1,0,0,a,a,504.0,6,2006,210,0,20,2020,153,1
535,6,2023,8,21,24,2262,1.0,0,0,0,c,a,948.0,2,2016,90,1,30,2017,303,1
432,5,2024,9,26,19,2935,1.0,0,0,0,c,c,882.0,1,2007,212,0,6,2015,488,1
974,4,2024,8,10,16,2188,1.0,1,0,1,a,a,719.0,8,2005,228,0,41,2018,281,0
427,3,2024,12,36,5,2305,1.0,0,0,1,a,c,282.0,5,2012,151,0,22,2019,274,1
932,5,2024,10,49,12,2973,1.0,0,0,0,a,a,698.0,11,2005,227,1,30,2019,279,0
946,4,2024,4,50,13,1404,1.0,0,0,1,d,b,1349.0,4,2019,60,0,23,2020,235,1
728,2,2024,12,18,22,1042,1.0,0,0,1,a,a,923.0,4,2013,140,1,3,2015,483,0
821,4,2024,9,17,21,583,1.0,1,0,1,a,a,762.0,1,2016,104,1,47,2023,22,0
482,5,2023,1,42,18,3056,1.0,0,0,1,a,c,558.0,6,2019,43,1,46,2021,100,0
340,7,2024,9,18,8,1350,1.0,0,0,0,c,c,1015.0,5,2010,172,0,44,2022,78,1
852,5,2024,4,51,8,3523,1.0,0,0,1,a,a,1313.0,1,2022,27,1,12,2012,500,0
608,7,2023,3,32,21,3511,1.0,0,c,0,a,a,1001.0,12,2000,267,0,27,2022,57,1
830,3,2023,2,45,18,387,1.0,0,c,0,a,a,462.0,11,2005,207,1,14,2019,239,0
575,1,2024,4,3,26,901,1.0,1,0,1,a,a,532.0,6,2001,274,0,2,2020,209,1
435,7,2024,4,12,11,1687,1.0,1,0,1,d,a,475.0,2,2001,278,1,22,2012,500,0
749,3,2023,8,32,22,809,1.0,0,0,1,d,c,1455.0,8,2005,216,1,52,2021,84,1
380,2,2023,3,2,22,893,1.0,0,0,0,a,a,900.0,5,2010,154,1,43,2013,479,1
441,1,2023,10,30,11,1883,1.0,0,0,1,b,b,1037.0,2,2013,128,0,12,2019,226,0
916,3,2024,9,48,17,2000,1.0,0,0,0,a,c,932.0,3,2018,78,1,16,2021,188,1
819,2,2024,3,22,24,2020,1.0,1,0,1,d,c,950.0,3,2006,216,0,12,2010,500,0
946,4,2023,10,49,1,3151,1.0,0,0,1,a,a,598.0,5,2015,101,0,2,2018,307,1
1029,1,2023,6,47,11,1347,1.0,0,0,1,d,b,521.0,7,2022,11,0,14,2021,137,0
169,7,2023,9,14,9,2101,1.0,0,0,0,a,a,472.0,12,2004,225,1,43,2018,231,1
994,4,2023,1,46,19,980,1.0,1,0,0,a,b,815.0,5,2016,80,0,13,2023,33,0
904,3,2023,8,34,21,832,1.0,0,0,1,a,c,675.0,9,2001,263,0,29,2015,421,1
754,7,2023,4,14,20,2488,1.0,0,0,1,a,c,664.0,9,2000,271,1,21,2019,201,1
536,5,2024,10,4,10,663,1.0,0,0,1,a,c,851.0,3,2014,127,0,9,2023,47,0
1107,7,2023,2,8,28,3650,1.0,0,0,0,a,a,326.0,4,2013,118,0,48,2014,428,0
491,3,2024,6,31,7,3164,1.0,0,0,1,a,c,453.0,11,2010,163,1,44,2014,500,0
524,3,2024,8,29,15,990,1.0,0,0,0,d,c,1155.0,12,2009,176,1,48,2019,241,0
372,1,2023,2,38,23,289,1.0,1,c,0,a,a,1227.0,7,2002,247,1,46,2012,500,1
668,1,2023,5,7,20,3288,1.0,1,0,1,a,a,1285.0,2,2005,219,0,48,2023,0,0
413,3,2023,6,15,28,3891,1.0,1,0,1,c,a,735.0,7,2009,167,1,25,2014,458,1
954,6,2024,10,52,20,3206,1.0,0,0,1,c,a,797.0,4,2003,258,1,5,2010,500,0
888,6,2023,4,10,2,373,1.0,0,0,0,d,a,1152.0,5,2005,215,0,45,2012,500,1
122,7,2024,8,44,9,2028,1.0,1,0,1,c,a,347.0,9,2021,35,1,28,2021,172,0
720,3,2024,1,20,4,1069,1.0,0,a,1,d,a,756.0,3,2018,70,1,20,2023,52,0
879,4,2024,5,39,13,1213,1.0,0,0,1,c,a,948.0,10,2016,91,0,25,2015,482,0
436,5,2024,9,51,5,1667,1.0,1,c,0,c,a,738.0,10,2000,287,0,47,2022,108,1
23,7,2023,4,42,9,1839,1.0,1,0,1,c,a,1149.0,6,2014,106,0,52,2017,302,1
750,6,2023,7,4,4,2971,1.0,1,0,0,b,a,850.0,11,2004,224,1,17,2020,143,0
1009,3,2024,2,4,15,1774,1.0,0,0,0,a,a,454.0,9,2012,137,1,25,2017,343,0
528,4,2024,8,15,4,3391,1.0,0,0,0,a,a,701.0,3,2002,269,0,50,2020,173,1
421,7,2024,1,30,10,1876,1.0,0,0,1,c,a,550.0,1,2022,24,1,40,2021,146,1
531,3,2024,6,1,1,752,1.0,0,0,1,a,a,1135.0,1,2006,221,0,39,2011,500,0
701,1,2023,10,26,27,2370,1.0,0,0,1,d,a,1062.0,1,2012,141,0,17,2012,500,0
1057,7,2023,8,26,8,2637,1.0,0,0,1,d,a,1046.0,7,2018,61,1,42,2015,400,0
929,7,2024,4,46,1,1434,1.0,0,b,0,a,c,1045.0,3,2018,73,1,28,2010,500,0
569,2,2023,8,50,9,1320,1.0,1,0,1,b,a,1091.0,12,2021,20,0,51,2014,467,1
40,4,2024,11,16,7,3845,1.0,0,0,1,a,c,1517.0,2,2011,165,1,15,2021,157,1
803,2,2023,4,48,13,3653,1.0,0,0,0,b,c,745.0,5,2010,155,0,38,2011,500,0
1083,7,2023,3,18,9,781,1.0,1,0,0,a,c,825.0,9,2009,162,1,26,2020,148,1
717,6,2024,2,33,7,2436,1.0,1,0,0,c,c,824.0,8,2021,30,1,10,2021,179,0
367,1,2023,1,20,6,3586,1.0,0,0,1,d,a,905.0,9,2003,232,1,51,2022,21,0
737,1,2024,6,1,9,1104,1.0,1,0,1,a,c,920.0,2,2005,232,0,46,2023,7,0
325,7,2024,11,47,24,3954,1.0,0,0,0,a,c,1287.0,11,2006,216,0,4,2018,355,1
685,4,2024,9,4,2,834,1.0,1,0,1,a,a,1282.0,10,2019,59,0,30,2019,234,0
794,2,2023,12,3,15,3196,1.0,0,0,0,b,a,895.0,8,2005,220,0,37,2017,278,0
326,3,2023,8,16,26,3863,1.0,0,0,1,c,a,1089.0,7,2013,121,0,46,2012,500,1
48,3,2023,9,33,16,360,1.0,0,0,1,a,a,376.0,6,2017,75,0,3,2022,82,1
1048,2,2024,9,42,4,3512,1.0,0,0,0,a,a,1004.0,7,2001,278,0,14,2022,132,0
801,6,2023,4,8,3,3046,1.0,1,0,0,b,a,1397.0,1,2000,279,0,37,2018,231,0
291,4,2023,7,26,7,1738,1.0,1,0,0,c,a,50.0,6,2020,37,0,10,2020,172,0
771,2,2023,6,50,3,2921,1.0,0,0,0,c,a,1075.0,2,2001,268,1,10,2019,248,1
762,4,2024,5,34,8,880,1.0,0,0,1,c,c,1118.0,9,2000,284,0,1,2011,500,0
11,7,2023,11,12,23,3817,1.0,1,0,1,c,a,795.0,7,2021,28,1,48,2013,484,0
620,3,2023,2,45,24,3141,1.0,1,0,1,a,a,1055.0,4,2008,178,1,30,2019,223,0
105,6,2023,3,50,21,1197,1.0,0,0,0,a,b,716.0,5,2020,34,1,28,2012,500,0
519,7,2023,11,4,14,1097,1.0,0,0,1,a,a,1370.0,11,2014,108,1,5,2011,500,1
740,5,2023,1,21,2,2208,1.0,0,0,1,d,a,1138.0,6,2016,79,1,23,2016,362,0
248,7,2024,2,21,10,3471,1.0,0,0,0,c,a,949.0,9,2017,77,0,32,2014,500,0
883,5,2023,7,51,24,1001,1.0,0,0,1,d,a,440.0,3,2011,148,0,48,2016,367,0
798,1,2024,4,28,9,3845,1.0,0,0,1,a,c,629.0,7,2001,273,1,23,2010,500,1
780,5,2024,9,20,12,2681,1.0,0,0,1,a,a,174.0,4,2012,149,0,6,2018,326,0
78,7,2024,2,47,15,2239,1.0,0,0,0,d,a,828.0,12,2006,206,0,50,2020,205,1
578,3,2024,11,9,19,355,1.0,1,0,1,b,c,935.0,9,2005,230,0,3,2013,500,1
962,4,2023,8,35,3,2505,1.0,1,0,0,c,c,755.0,8,2017,72,1,10,2018,285,1
958,3,2024,1,35,15,259,1.0,0,0,0,d,b,747.0,12,2004,229,0,49,2012,500,1
874,4,2023,12,51,26,530,1.0,0,0,0,a,a,717.0,12,2013,120,0,24,2016,391,1
809,4,2023,1,2,3,798,1.0,1,0,0,a,b,578.0,12,2018,49,0,2,2023,0,0
840,6,2023,3,20,12,2357,1.0,1,0,0,c,b,754.0,3,2012,132,1,51,2021,73,0
315,5,2023,2,52,5,3090,1.0,0,0,0,c,a,915.0,8,2014,102,1,6,2011,500,1
41,6,2023,7,18,10,2120,1.0,0,0,0,a,a,325.0,2,2013,125,1,44,2021,78,1
885,3,2024,8,3,10,652,1.0,0,0,0,a,a,1291.0,3,2021,41,1,46,2019,217,0
1091,6,2024,12,7,19,2494,1.0,0,0,0,c,c,718.0,3,2003,261,0,15,2018,304,1
427,2,2023,2,20,8,1438,1.0,1,0,1,c,a,633.0,3,2015,95,0,52,2023,0,0
115,1,2023,8,20,7,2945,1.0,0,0,0,a,a,1100.0,11,2011,141,1,50,2010,500,0
533,2,2023,9,46,18,1137,1.0,0,0,0,a,a,1179.0,10,2021,23,1,45,2012,500,1
392,1,2023,2,19,17,1826,1.0,1,0,0,a,a,1371.0,8,2002,246,1,43,2023,0,0
339,2,2023,2,29,9,3110,1.0,1,0,0,c,c,1249.0,7,2020,31,0,49,2016,344,1
535,5,2023,11,24,22,1527,1.0,1,0,0,d,a,437.0,12,2021,23,1,3,2022,73,0
1111,3,2024,8,8,1,1399,1.0,1,0,1,a,b,957.0,1,2002,271,0,19,2010,500,0
1019,5,2023,5,36,21,994,1.0,0,0,0,a,a,1120.0,3,2019,50,0,6,2016,394,1
405,1,2023,10,23,15,1922,1.0,1,0,1,a,c,1086.0,9,2014,109,0,11,2023,12,1
827,6,2023,12,2,14,899,1.0,0,0,1,c,b,388.0,7,2001,269,0,42,2022,12,1
329,5,2024,6,11,20,2796,1.0,0,b,0,b,a,608.0,6,2020,48,0,5,2023,58,0
327,6,2024,2,50,11,3447,1.0,0,0,0,a,c,631.0,2,2014,120,0,46,2014,500,1
914,6,2024,6,46,10,2623,1.0,0,0,0,a,b,1071.0,5,2006,217,0,46,2017,364,1
795,4,2023,11,9,17,714,1.0,0,0,1,a,a,692.0,11,2002,252,0,47,2012,500,0
786,4,2023,1,10,9,1693,1.0,0,a,0,d,c,1008.0,4,2003,237,1,50,2010,500,1
220,3,2023,12,52,22,555,1.0,1,0,0,c,c,783.0,11,2021,25,0,36,2014,484,1
108,4,2024,1,44,3,3822,1.0,0,0,1,c,a,1075.0,11,2007,194,1,46,2020,206,1
551,4,2023,9,16,8,2908,1.0,0,0,1,a,a,916.0,10,2012,131,0,31,2021,89,1
797,3,2024,8,49,11,655,1.0,1,0,1,d,a,952.0,7,2009,181,1,43,2012,500,1
167,2,2023,9,11,4,2763,1.0,0,0,0,a,a,284.0,3,2007,198,1,32,2010,500,1
1097,1,2023,8,2,22,3058,1.0,0,0,1,a,a,583.0,12,2007,188,0,26,2022,28,0
142,2,2024,12,38,19,3321,1.0,0,0,0,c,a,1060.0,6,2009,186,0,20,2022,122,1
421,2,2024,10,46,24,3469,1.0,0,0,1,c,a,760.0,5,2013,137,1,15,2011,500,0
1037,6,2023,5,11,5,422,1.0,0,0,1,c,a,529.0,11,2003,234,1,51,2022,12,0
891,4,2023,2,33,10,3872,1.0,1,0,1,a,b,412.0,11,2008,171,0,8,2022,77,1
748,2,2023,11,31,11,1593,1.0,0,0,0,a,c,319.0,8,2011,147,0,38,2011,500,0
213,7,2024,7,49,22,3509,1.0,0,0,0,c,a,977.0,6,2012,145,1,42,2018,319,0
115,2,2024,8,43,6,1394,1.0,1,0,0,a,a,1443.0,2,2022,30,0,14,2015,497,1
76,2,2023,5,27,27,1528,1.0,1,0,0,a,a,325.0,4,2014,109,1,26,2015,417,1
438,1,2023,4,38,13,861,1.0,1,c,0,c,a,964.0,10,2020,30,0,44,2021,98,1
862,3,2024,7,6,1,2782,1.0,0,0,1,a,a,750.0,2,2017,89,0,9,2015,465,1
967,2,2023,1,45,18,797,1.0,0,0,0,a,a,797.0,5,2015,92,1,15,2023,30,0
770,7,2024,6,5,10,602,1.0,1,0,1,a,a,907.0,9,2007,201,0,51,2011,500,1
289,1,2023,10,14,13,3723,1.0,0,0,0,a,a,382.0,2,2017,80,1,49,2021,69,0
146,4,2023,1,3,20,2904,1.0,1,0,1,a,a,864.0,1,2021,24,0,51,2017,264,0
928,1,2024,6,33,4,689,1.0,0,c,1,c,a,1369.0,6,2011,156,0,35,2012,500,0
1020,4,2024,3,7,9,3892,1.0,1,0,1,c,c,926.0,6,2004,237,1,42,2010,500,1
69,4,2023,10,22,2,2299,1.0,1,0,0,b,b,880.0,1,2000,285,0,18,2014,472,1
940,2,2023,3,38,20,305,1.0,0,0,1,c,a,885.0,11,2009,160,0,32,2021,110,0
305,7,2024,6,19,8,355,1.0,1,0,1,b,a,792.0,1,2002,269,0,26,2015,461,1
473,7,2024,1,27,24,1259,1.0,0,0,0,a,a,1082.0,8,2018,65,1,27,2016,416,1
665,7,2024,2,44,6,3772,1.0,0,0,0,b,a,1199.0,5,2017,81,0,23,2013,500,1
692,7,2024,7,14,20,393,1.0,0,0,0,c,c,760.0,12,2008,187,1,20,2013,500,0
467,3,2024,7,22,22,451,1.0,1,0,1,c,a,411.0,10,2016,93,0,41,2016,397,0
721,4,2024,4,48,16,1306,1.0,0,0,1,a,a,1135.0,2,2007,206,1,4,2020,252,1
853,3,2023,8,10,9,530,1.0,1,0,1,b,a,808.0,1,2007,199,1,22,2017,300,1
500,2,2024,3,15,20,478,1.0,0,0,1,a,a,775.0,8,2020,43,1,51,2011,500,1
909,2,2023,6,51,11,535,1.0,0,0,1,a,a,1129.0,6,2014,108,0,41,2018,270,0
493,5,2024,12,9,10,1531,1.0,0,0,1,a,a,783.0,12,2013,132,1,7,2018,314,1
73,4,2023,2,20,12,3308,1.0,1,0,1,a,a,1179.0,7,2005,211,0,28,2011,500,1
1,1,2023,10,48,7,1637,1.0,0,0,1,a,b,1230.0,9,2000,277,0,8,2018,300,1
378,5,2023,2,47,20,2663,1.0,0,0,1,a,a,1178.0,11,2000,267,0,49,2011,500,0
272,7,2023,2,32,17,2169,1.0,0,0,0,a,a,977.0,3,2010,155,0,3,2019,237,1
998,6,2023,4,24,14,3804,1.0,1,0,0,c,c,850.0,7,2015,93,1,35,2020,145,1
219,3,2023,3,40,13,2876,1.0,0,0,0,c,a,722.0,10,2002,245,1,27,2011,500,1
713,2,2023,9,25,6,821,1.0,0,0,0,a,a,535.0,7,2012,134,1,21,2023,4,0
735,5,2024,7,16,27,3585,1.0,1,0,0,a,c,1235.0,10,2009,177,0,4,2013,500,1
370,7,2024,6,47,5,1006,1.0,0,a,1,a,c,862.0,6,2017,84,0,25,2016,438,1
319,5,2024,9,28,24,3651,1.0,1,0,1,a,c,681.0,2,2002,271,1,14,2015,482,1
656,5,2023,7,43,9,1812,1.0,1,0,0,a,c,1017.0,7,2000,276,0,36,2021,111,0
344,4,2023,10,22,28,577,1.0,1,0,1,a,a,1277.0,6,2021,28,1,50,2013,492,1
219,7,2024,5,10,13,3072,1.0,1,0,0,a,a,890.0,8,2016,93,0,43,2011,500,1
329,3,2023,11,42,22,3867,1.0,1,0,1,a,a,1148.0,2,2008,189,1,52,2020,146,1
1076,2,2024,9,17,11,2652,1.0,0,0,0,a,b,1182.0,12,2019,57,0,16,2013,500,1
902,1,2024,8,48,16,2308,1.0,0,0,0,a,a,872.0,8,2012,144,0,43,2018,317,1
885,3,2024,11,21,17,955,1.0,0,0,1,d,a,757.0,6,2005,233,0,10,2022,115,1
101,1,2024,3,19,12,2442,1.0,1,0,1,a,a,1122.0,4,2016,95,1,45,2011,500,1
375,1,2023,7,37,21,3207,1.0,1,a,0,a,a,925.0,3,2005,220,1,14,2021,127,1
751,4,2023,11,50,3,1083,1.0,0,0,1,d,a,918.0,12,2005,215,0,43,2013,500,1
440,4,2024,12,31,22,3476,1.0,0,0,1,a,c,816.0,5,2010,175,1,22,2016,425,0
268,3,2024,1,15,3,3200,1.0,0,0,1,b,c,913.0,3,2000,286,1,20,2016,411,1
857,3,2023,4,30,12,3947,1.0,1,0,1,c,c,696.0,8,2008,176,1,6,2023,24,1
206,4,2024,12,11,25,326,1.0,0,0,0,c,c,694.0,2,2005,238,0,7,2016,420,1
688,7,2023,9,36,13,1232,1.0,0,0,0,c,a,1492.0,4,2013,125,1,52,2021,88,0
635,2,2024,8,34,25,1094,1.0,0,0,0,a,c,815.0,1,2017,91,1,41,2010,500,0
608,6,2024,12,8,27,2130,1.0,0,0,0,c,a,1059.0,10,2001,278,1,18,2016,406,0
139,1,2024,12,37,23,3351,1.0,0,0,0,c,a,739.0,2,2002,274,0,27,2016,426,1
223,7,2024,12,33,18,1139,1.0,1,0,0,a,b,1242.0,11,2016,97,0,52,2013,500,1
336,3,2024,10,40,7,3102,1.0,1,0,1,c,c,943.0,7,2021,39,1,42,2022,102,1
628,6,2024,2,23,17,1069,1.0,1,0,0,b,a,789.0,8,2011,150,0,40,2015,451,1
996,5,2023,5,28,25,3508,1.0,0,0,1,c,a,271.0,5,2010,156,0,43,2018,245,0
1048,3,2024,8,51,17,2274,1.0,1,0,0,a,a,652.0,12,2022,20,1,8,2017,407,0
300,2,2024,5,11,22,2099,1.0,0,0,0,a,c,1072.0,7,2002,262,1,31,2016,396,0
407,5,2023,2,34,2,325,1.0,0,0,0,c,a,176.0,2,2008,180,0,12,2012,500,0
248,1,2024,8,51,11,1311,1.0,0,0,0,a,c,569.0,8,2007,204,1,25,2017,390,1
807,5,2023,4,15,3,728,1.0,0,0,0,a,a,50.0,5,2022,11,1,25,2012,500,1
227,1,2024,9,2,17,2987,1.0,0,0,1,d,a,153.0,8,2016,97,1,5,2021,153,1
24,6,2024,8,50,8,1989,1.0,0,0,1,a,a,907.0,2,2010,174,1,37,2015,481,0
206,6,2023,12,12,6,3368,1.0,0,0,0,b,a,443.0,3,2007,201,1,21,2013,500,0
880,5,2023,12,3,24,1963,1.0,0,b,1,a,b,919.0,8,2010,160,1,32,2013,491,0
480,7,2023,6,41,5,3830,1.0,1,0,1,b,c,1155.0,12,2015,90,0,15,2015,442,0
786,2,2024,11,30,13,2761,1.0,0,0,0,b,c,739.0,9,2015,110,0,32,2015,466,0
547,2,2024,11,27,3,382,1.0,1,0,0,a,a,815.0,6,2017,89,1,36,2017,355,0
94,3,2023,5,39,19,829,1.0,0,0,0,c,a,633.0,2,2006,207,1,37,2022,54,0
1000,7,2024,3,44,12,2639,1.0,1,0,0,b,b,908.0,4,2010,167,0,30,2013,500,0
1055,1,2024,4,32,5,3369,1.0,0,0,0,c,a,823.0,1,2011,159,0,20,2019,272,0
939,2,2024,9,15,14,2610,1.0,0,0,1,c,a,448.0,2,2001,283,1,23,2023,44,1
1101,3,2023,8,46,14,2936,1.0,1,0,1,a,a,683.0,12,2011,140,1,33,2019,221,1
631,3,2024,5,8,27,899,1.0,1,0,0,a,a,1221.0,3,2009,182,1,29,2014,499,1
755,6,2023,1,21,23,878,1.0,1,0,1,a,c,1222.0,11,2019,38,0,49,2021,76,1
817,2,2023,6,1,19,3471,1.0,0,a,1,c,a,861.0,3,2010,159,1,16,2016,349,1
786,3,2024,9,44,28,1583,1.0,0,0,1,a,c,50.0,3,2019,66,0,1,2017,407,0
877,3,2023,9,18,12,2381,1.0,0,0,1,a,a,1090.0,5,2018,64,0,32,2019,194,1
557,1,2023,2,19,2,3907,1.0,0,0,1,d,c,426.0,6,2008,176,1,37,2016,346,0
374,4,2023,5,10,8,1858,1.0,1,0,1,a,a,651.0,12,2000,269,1,26,2023,0,1
10,7,2023,1,41,10,3591,1.0,0,0,0,a,a,836.0,1,2005,216,1,17,2013,500,1
1065,3,2023,5,44,10,1586,1.0,0,0,0,c,c,1276.0,4,2018,61,1,42,2017,314,1
590,2,2024,4,29,9,742,1.0,0,0,1,a,a,746.0,4,2014,120,1,47,2023,34,0
172,2,2024,12,46,17,2034,1.0,1,a,1,c,a,1010.0,4,2018,80,1,48,2012,500,0
999,3,2023,4,3,13,3295,1.0,1,0,0,b,a,308.0,3,2013,121,0,47,2020,112,0
982,3,2024,4,23,22,1191,1.0,0,0,0,a,c,894.0,4,2002,264,1,21,2011,500,1
695,1,2024,10,34,22,795,1.0,0,c,0,a,b,1127.0,6,2021,40,1,1,2019,293,0
583,7,2024,2,13,17,1902,1.0,1,0,0,a,a,703.0,7,2010,163,0,5,2020,216,0
1076,7,2024,9,30,2,2102,1.0,1,0,1,c,b,777.0,2,2007,211,0,51,2014,499,0
186,1,2024,12,50,24,3062,1.0,1,0,1,a,c,1260.0,9,2010,171,1,18,2012,500,1
1048,3,2023,1,15,27,3127,1.0,1,0,1,a,a,713.0,12,2021,13,1,1,2012,500,1
955,4,2024,11,29,12,309,1.0,0,0,0,c,a,953.0,2,2016,105,0,15,2021,170,1
302,2,2023,5,35,24,3456,1.0,1,0,1,c,a,581.0,2,2008,183,1,25,2019,218,1
245,6,2023,9,20,11,663,1.0,1,a,0,a,b,800.0,11,2016,82,0,36,2023,0,0
807,6,2024,8,39,3,911,1.0,1,0,0,d,a,504.0,9,2000,287,0,9,2016,446,1
764,2,2024,5,31,12,645,1.0,1,0,0,d,c,354.0,1,2016,100,1,31,2014,500,0
778,4,2024,2,11,10,892,1.0,1,0,1,a,a,677.0,4,2007,202,0,30,2018,293,0
132,2,2024,2,32,12,2930,1.0,1,0,0,a,b,1176.0,3,2006,215,1,5,2023,79,1
1115,7,2024,7,39,15,2868,1.0,1,0,0,a,c,899.0,11,2014,116,0,25,2011,500,0
1010,3,2024,10,32,6,646,1.0,1,0,0,d,a,1050.0,12,2018,70,1,41,2016,407,0
383,6,2024,6,47,17,3380,1.0,1,0,1,a,a,484.0,1,2005,233,1,20,2021,183,1
151,5,2024,6,29,2,1695,1.0,0,0,1,a,c,1457.0,6,2022,24,0,33,2012,500,1
105,2,2023,7,47,18,3117,1.0,0,c,0,a,a,1109.0,10,2002,249,1,47,2020,156,0
119,1,2023,4,17,13,817,1.0,1,0,1,a,a,526.0,10,2014,102,0,12,2017,317,0
95,2,2023,12,4,15,3911,1.0,0,0,0,b,a,681.0,3,2020,45,0,26,2020,134,1
151,7,2024,7,22,9,279,1.0,0,0,0,c,a,360.0,4,2013,135,1,48,2018,286,1
568,4,2024,8,50,23,326,1.0,1,0,0,c,c,325.0,11,2009,177,1,9,2020,249,0
548,5,2023,12,42,14,3579,1.0,0,0,0,a,a,939.0,4,2019,56,0,7,2017,347,0
895,4,2023,12,14,27,402,1.0,1,0,0,b,a,144.0,7,2007,197,0,35,2013,499,1
854,4,2023,11,42,3,3772,1.0,1,0,1,c,a,858.0,2,2008,189,0,3,2020,195,0
613,4,2023,1,39,12,3981,1.0,0,0,0,a,a,599.0,1,2008,180,1,26,2010,500,0
740,2,2024,1,6,17,3881,1.0,0,0,0,c,c,982.0,9,2002,256,0,23,2019,243,1
1105,4,2024,11,23,16,1817,1.0,0,0,1,a,a,854.0,2,2010,177,0,12,2018,323,0
428,3,2024,2,5,25,2724,1.0,1,0,0,a,a,392.0,11,2009,171,0,14,2021,147,1
927,7,2024,4,46,25,2961,1.0,0,0,1,a,b,743.0,9,2015,103,1,12,2017,398,0
90,3,2024,6,42,7,2101,1.0,1,0,1,a,a,859.0,4,2009,182,0,31,2010,500,0
1080,3,2024,5,18,23,767,1.0,0,0,1,c,a,840.0,6,2008,191,0,41,2017,341,0
503,5,2023,12,33,15,2660,1.0,0,0,0,a,a,789.0,1,2006,215,0,40,2019,201,0
110,3,2023,2,49,8,1617,1.0,1,0,1,c,c,1188.0,11,2001,255,1,49,2015,416,1
38,3,2023,6,2,26,2295,1.0,0,0,1,c,a,1148.0,1,2015,101,1,23,2021,83,0
108,6,2024,5,28,1,3983,1.0,1,0,0,a,a,480.0,5,2007,204,0,28,2018,312,0
22,3,2024,3,46,7,1476,1.0,0,0,1,a,c,397.0,1,2015,110,0,3,2011,500,0
1041,7,2023,7,28,18,3143,1.0,1,0,0,a,b,428.0,12,2013,115,0,36,2017,304,0
283,1,2023,6,2,15,222,1.0,1,0,1,a,b,755.0,3,2021,27,1,27,2018,235,1
391,3,2024,8,31,12,3333,1.0,0,0,0,a,a,880.0,4,2004,244,1,7,2020,232,0
399,2,2024,11,25,4,2484,1.0,1,c,0,c,a,1360.0,4,2021,43,1,36,2013,500,0
71,7,2023,6,18,1,1982,1.0,0,0,1,c,a,547.0,4,2019,50,1,24,2022,46,0
29,4,2024,4,3,28,1754,1.0,1,0,0,b,a,817.0,1,2001,279,0,29,2021,130,0
316,6,2023,12,46,1,801,1.0,0,0,0,a,c,746.0,7,2008,185,1,24,2012,500,1
1086,3,2023,7,38,15,2321,1.0,0,0,1,a,a,957.0,12,2016,79,0,29,2023,9,0
149,2,2023,8,9,26,3830,1.0,1,0,0,a,b,798.0,3,2010,161,0,8,2017,313,0
1033,6,2024,7,43,27,2766,1.0,0,0,1,a,a,560.0,2,2016,101,0,33,2023,62,1
899,2,2024,4,31,3,202,1.0,1,0,1,c,c,860.0,4,2016,96,0,2,2017,393,1
105,2,2024,9,6,1,392,1.0,1,0,0,a,c,1333.0,6,2009,183,1,36,2013,500,0
1053,5,2023,8,28,23,3603,1.0,0,0,1,a,a,799.0,4,2006,208,0,35,2018,253,0
653,6,2023,10,37,7,310,1.0,1,0,1,b,c,1318.0,2,2000,284,0,30,2016,371,1
888,6,2024,9,25,21,1023,1.0,1,0,1,b,c,787.0,12,2020,45,1,20,2012,500,0
535,1,2023,7,3,1,1803,1.0,0,0,0,a,b,1175.0,6,2020,37,0,40,2023,0,0
130,6,2023,1,31,16,3956,1.0,0,0,0,a,a,645.0,10,2016,75,0,20,2012,500,1
706,3,2023,7,41,13,1750,1.0,0,0,1,a,c,965.0,8,2012,131,1,7,2014,500,0
815,1,2024,9,21,23,588,1.0,1,0,0,c,a,1160.0,2,2018,79,1,50,2014,491,1
540,7,2024,6,10,8,3869,1.0,1,0,0,a,c,1071.0,8,2002,262,1,37,2012,500,0
19,5,2024,1,22,18,290,1.0,0,b,0,d,a,1354.0,2,2011,155,1,9,2016,429,0
249,7,2023,10,49,4,1282,1.0,0,0,1,a,a,1662.0,12,2004,226,1,36,2010,500,1
327,7,2023,7,47,15,405,1.0,0,0,1,a,c,372.0,10,2008,177,0,42,2014,473,0
60,5,2023,5,25,14,2409,1.0,0,0,1,a,c,474.0,6,2014,107,0,17,2017,320,0
121,3,2023,1,32,2,1377,1.0,0,0,1,c,a,387.0,7,2002,246,0,47,2015,401,1
286,2,2023,7,32,18,799,1.0,0,0,1,a,c,1399.0,10,2001,261,1,13,2014,487,0
967,2,2023,2,38,5,3393,1.0,1,0,1,c,b,637.0,3,2000,275,1,39,2011,500,1
426,5,2023,5,18,3,2639,1.0,0,0,0,c,b,716.0,11,2016,78,0,9,2013,500,0
334,5,2023,8,16,20,2199,1.0,0,0,1,a,a,977.0,6,2002,254,1,18,2017,310,1
820,7,2024,4,4,3,2718,1.0,0,0,0,a,a,807.0,8,2011,152,0,43,2022,65,0
1018,2,2024,5,42,20,1297,1.0,0,0,0,a,a,927.0,12,2011,149,1,20,2012,500,1
201,7,2023,9,1,16,2364,1.0,1,0,1,a,c,640.0,6,2000,279,1,51,2020,106,1
9,2,2024,3,49,20,1100,1.0,0,0,0,a,c,1253.0,9,2016,90,1,8,2021,197,1
343,4,2024,6,26,11,1287,1.0,0,0,0,a,a,490.0,11,2010,163,0,27,2016,415,0
530,1,2024,3,13,20,417,1.0,0,0,0,d,a,789.0,8,2021,31,1,3,2017,374,0
668,1,2024,8,52,24,3955,1.0,1,0,0,c,a,899.0,2,2006,222,1,30,2018,334,1
1038,2,2023,11,11,16,3700,1.0,0,0,1,a,c,1018.0,10,2022,13,0,15,2014,464,1
817,6,2023,2,26,24,2755,1.0,0,0,1,a,c,935.0,8,2020,30,1,43,2021,87,1
291,5,2024,7,9,20,2207,1.0,0,0,0,a,a,726.0,12,2011,151,0,18,2014,500,0
281,1,2023,4,17,1,2776,1.0,0,a,1,c,c,608.0,10,2005,210,0,39,2017,290,1
620,2,2024,10,31,14,3254,1.0,1,0,1,d,c,1343.0,8,2005,230,1,10,2013,500,1
653,4,2024,8,3,6,889,1.0,0,0,0,a,a,428.0,4,2020,52,0,27,2013,500,1
310,4,2023,8,12,12,880,1.0,0,0,1,d,a,1070.0,9,2011,143,1,42,2015,386,0
938,4,2023,3,11,17,2649,1.0,0,0,0,a,a,448.0,9,2017,66,1,24,2022,39,0
140,6,2023,2,19,2,3746,1.0,1,0,1,a,b,958.0,6,2021,20,0,29,2022,42,0
368,3,2024,10,2,16,2768,1.0,0,0,0,a,a,1105.0,3,2004,247,0,24,2011,500,0
960,4,2023,8,45,22,1085,1.0,0,0,1,c,c,415.0,10,2013,118,0,9,2016,400,0
493,4,2023,4,11,28,1921,1.0,0,0,1,b,a,1021.0,9,2003,235,0,1,2021,114,1
186,7,2023,4,6,11,827,1.0,1,0,1,a,c,626.0,8,2016,80,0,3,2018,263,1
500,6,2024,8,26,9,318,1.0,0,a,0,c,c,124.0,8,2017,84,0,24,2019,262,1
610,2,2023,9,18,26,2375,1.0,0,0,1,c,b,1060.0,6,2000,279,0,51,2021,71,0
437,6,2023,2,17,22,2039,1.0,0,0,0,d,a,501.0,1,2010,157,0,33,2012,500,1
610,7,2023,7,39,10,589,1.0,1,0,0,a,c,615.0,12,2000,271,1,33,2019,214,1
401,5,2023,6,15,17,2315,1.0,0,0,1,c,b,376.0,11,2018,55,1,8,2019,215,1
16,2,2024,12,7,15,2946,1.0,1,0,1,b,a,604.0,4,2019,68,0,1,2010,500,0
991,2,2023,3,9,24,3591,1.0,1,0,1,c,a,1242.0,1,2018,62,1,29,2020,136,1
973,5,2023,6,2,23,3746,1.0,0,0,1,d,c,1352.0,12,2012,126,0,14,2015,404,1
1067,1,2024,8,52,10,1956,1.0,1,0,0,a,c,565.0,3,2022,29,1,7,2015,500,0
97,4,2023,11,31,26,2443,1.0,0,0,1,a,a,762.0,3,2003,248,0,35,2012,500,1
1082,7,2024,11,28,27,1162,1.0,0,0,1,a,a,896.0,8,2006,219,1,37,2020,199,0
393,2,2024,2,14,24,2953,1.0,0,0,1,b,a,500.0,10,2007,196,0,46,2014,488,1
233,3,2024,8,22,27,2036,1.0,0,0,1,c,c,1007.0,1,2001,283,0,14,2019,268,0
271,2,2023,2,15,23,1748,1.0,0,0,0,c,c,1244.0,7,2015,91,0,48,2018,227,1
636,7,2023,11,22,23,3228,1.0,0,0,1,c,a,449.0,7,2000,280,0,12,2022,62,0
124,1,2024,2,38,7,2071,1.0,1,0,0,c,a,1225.0,7,2000,283,1,34,2012,500,0
392,1,2024,6,1,20,1751,1.0,1,a,1,a,a,456.0,12,2017,78,0,14,2011,500,1
522,6,2024,11,42,2,893,1.0,0,0,1,c,c,729.0,3,2008,200,0,3,2015,500,1
760,4,2023,8,36,24,2481,1.0,1,b,1,a,a,1568.0,5,2013,123,1,21,2013,500,0
916,2,2023,3,49,10,1709,1.0,0,0,1,a,c,1378.0,6,2003,237,1,5,2019,252,0
114,6,2023,2,23,5,1124,1.0,0,0,1,c,a,408.0,1,2022,13,0,47,2011,500,0
1058,5,2023,12,17,6,2359,1.0,1,0,0,b,a,1070.0,6,2000,282,0,9,2016,372,0
556,5,2023,8,2,4,433,1.0,1,0,0,c,c,419.0,3,2015,101,0,26,2016,340,1
15,2,2024,10,1,24,1481,1.0,0,0,1,c,c,974.0,11,2008,191,1,17,2019,244,0
398,1,2023,7,40,27,1817,1.0,1,0,1,a,c,698.0,12,2008,175,0,23,2013,500,0
1098,4,2023,5,10,28,2682,1.0,0,0,1,a,a,1003.0,9,2002,248,1,45,2023,0,0
519,6,2023,2,28,4,3862,1.0,0,0,1,c,c,917.0,9,2000,269,0,41,2013,500,1
761,1,2024,10,24,3,1909,1.0,0,0,1,b,a,892.0,7,2007,207,0,47,2014,497,1
381,5,2023,12,5,11,3119,1.0,0,0,1,c,a,760.0,12,2000,276,0,17,2015,404,0
448,3,2024,6,12,20,2307,1.0,0,c,1,d,a,1492.0,11,2002,259,0,19,2022,97,1
534,6,2023,4,12,19,1570,1.0,1,0,0,d,c,673.0,8,2007,188,1,8,2016,368,1
567,5,2023,5,31,21,292,1.0,1,0,1,a,c,621.0,9,2010,152,0,17,2015,430,1
1082,7,2024,9,40,9,1839,1.0,1,0,0,a,a,1290.0,1,2016,104,0,30,2018,322,1
486,6,2024,11,38,2,3526,1.0,1,0,0,a,a,507.0,12,2004,239,0,25,2023,65,0
225,3,2023,4,11,14,2378,1.0,1,0,1,c,c,1124.0,9,2011,139,1,22,2013,500,1
277,7,2023,2,51,21,767,1.0,1,0,1,a,a,725.0,3,2007,191,0,15,2021,140,1
523,4,2023,1,28,6,2902,1.0,1,0,0,a,c,564.0,10,2007,183,1,50,2018,238,0
1018,7,2023,2,27,28,3190,1.0,0,0,1,c,c,1162.0,5,2019,45,1,49,2020,134,1
567,3,2023,11,45,22,827,1.0,1,0,0,d,a,912.0,12,2001,263,1,28,2014,485,1
88,2,2023,3,24,7,2978,1.0,0,0,1,a,c,841.0,8,2006,199,1,22,2018,262,0
998,1,2023,8,44,28,325,1.0,0,b,0,a,a,876.0,5,2015,99,1,19,2020,181,0
529,2,2024,8,7,13,1989,1.0,0,0,0,c,a,1027.0,11,2010,165,0,46,2015,429,0
164,6,2023,5,11,22,3561,1.0,1,0,1,c,a,385.0,8,2014,105,1,32,2016,343,1
960,2,2023,5,47,9,449,1.0,1,0,1,a,b,1147.0,9,2010,152,0,2,2015,461,1
