Store,DayOfWeek,year,month,week,day,Customers,Open,Promo,StateHoliday,SchoolHoliday,StoreType,Assortment,CompetitionDistance,CompetitionOpenSinceMonth,CompetitionOpenSinceYear,competition_open,Promo2,Promo2SinceWeek,Promo2SinceYear,promo_2_open,IsPromo2Month
509,5,2024,9,48,21,728,,1,0,1,a,a,600.0,7,2001,278,1,28,2023,72,0
502,4,2023,1,13,4,1890,1.0,0,0,1,a,a,512.0,3,2003,238,1,3,2012,500,1
601,1,2023,12,30,3,1266,1.0,0,0,0,c,a,1170.0,10,2013,122,1,3,2010,500,1
296,7,2024,4,16,1,1262,,1,a,0,a,a,1398.0,1,2015,111,0,18,2021,154,1
1056,7,2023,11,39,14,3467,1.0,1,0,0,b,b,629.0,4,2000,283,0,42,2023,0,0
438,6,2024,8,15,20,2483,1.0,0,0,0,b,a,925.0,10,2011,154,0,1,2019,274,1
366,4,2024,11,45,12,2850,1.0,0,0,1,c,c,1003.0,9,2020,50,0,35,2019,270,0
873,2,2023,8,1,26,675,,0,0,1,a,a,877.0,2,2003,246,1,3,2013,500,0
927,6,2024,5,15,14,3382,,0,0,1,a,a,960.0,2,2013,135,1,36,2016,395,1
115,5,2023,4,35,16,717,1.0,1,0,1,a,a,783.0,7,2006,201,0,13,2018,282,1
65,5,2023,6,32,25,2008,1.0,0,0,0,c,a,50.0,1,2002,257,0,45,2021,91,0
558,6,2023,10,38,28,1701,1.0,1,0,0,a,a,795.0,5,2002,257,0,39,2023,0,0
970,3,2024,10,18,13,3548,,1,0,1,a,a,1057.0,10,2015,108,0,10,2013,500,0
791,2,2024,12,24,25,1340,1.0,0,0,0,d,a,977.0,7,2009,185,1,23,2019,261,0
752,3,2024,10,26,21,3764,,0,c,0,d,a,688.0,8,2014,122,1,20,2022,110,1
17,5,2024,6,9,17,1088,1.0,0,0,1,a,b,1127.0,10,2019,56,0,46,2010,500,0
1030,6,2023,10,49,12,692,,1,0,0,a,a,826.0,6,2000,280,0,50,2022,51,0
584,5,2024,5,21,13,1846,1.0,1,0,1,a,a,942.0,11,2020,42,0,5,2021,172,0
862,1,2024,9,29,5,1523,,0,0,0,a,c,641.0,11,2004,238,1,44,2018,297,1
132,6,2023,6,15,18,1399,,0,0,1,a,b,703.0,1,2017,77,1,39,2018,236,0
1094,7,2023,11,31,1,1813,1.0,0,0,0,a,a,902.0,3,2021,32,1,12,2021,123,1
188,2,2023,9,24,17,2051,,0,0,1,c,c,837.0,12,2018,57,0,22,2016,366,0
562,6,2023,8,48,26,2259,1.0,1,0,1,a,b,726.0,2,2018,66,1,37,2012,500,1
214,6,2023,7,29,5,351,1.0,0,0,1,a,c,674.0,9,2022,10,1,23,2015,422,1
584,5,2024,4,8,17,1439,1.0,1,0,1,a,c,128.0,5,2017,83,1,33,2019,235,0
1028,1,2024,5,45,27,2911,1.0,1,0,0,a,a,452.0,1,2015,112,1,26,2023,71,1
56,5,2024,5,13,8,3312,1.0,1,0,1,a,c,781.0,3,2007,206,0,51,2010,500,1
377,3,2024,8,37,20,2369,,0,0,0,d,a,781.0,3,2001,281,0,23,2016,430,0
448,7,2023,8,39,2,3605,,0,0,1,c,c,930.0,3,2008,185,1,12,2017,339,1
942,1,2024,10,5,11,2068,,0,0,1,a,c,1200.0,8,2005,230,0,43,2010,500,0
101,1,2024,7,42,21,431,1.0,0,0,1,c,a,671.0,2,2010,173,0,39,2016,419,1
1096,6,2023,2,14,8,2776,1.0,0,0,0,a,c,449.0,2,2008,180,0,16,2016,362,1
1015,3,2024,11,19,9,2496,1.0,0,0,1,a,c,1265.0,1,2002,274,1,33,2016,402,1
449,3,2024,9,12,21,2632,1.0,1,0,1,d,b,953.0,10,2006,215,0,15,2014,500,0
874,6,2023,2,30,27,2370,1.0,0,0,0,c,a,651.0,8,2019,42,0,11,2013,500,0
1025,3,2023,4,23,13,1165,1.0,1,0,0,a,a,291.0,2,2005,218,0,40,2010,500,0
374,3,2023,9,26,9,3580,1.0,1,0,1,a,a,1534.0,12,2006,201,1,41,2015,401,1
926,3,2023,6,26,19,3225,1.0,0,0,0,c,a,748.0,6,2013,120,0,30,2015,412,1
663,6,2024,10,30,4,2757,1.0,1,0,0,b,a,938.0,5,2014,125,0,21,2021,165,1
578,1,2024,9,25,16,1059,,1,0,1,a,b,538.0,6,2000,291,1,34,2011,500,1
544,4,2023,2,11,17,1482,1.0,0,0,1,a,a,493.0,10,2011,136,0,39,2019,180,0
945,2,2024,3,10,12,2313,1.0,1,0,1,a,a,1194.0,6,2006,213,0,7,2017,367,1
174,1,2023,1,18,28,2252,,0,0,1,a,c,681.0,7,2014,102,1,51,2022,19,0
595,6,2023,9,17,18,2279,1.0,1,b,1,a,a,649.0,3,2008,186,1,21,2013,500,0
918,6,2024,4,5,5,2810,1.0,0,0,0,a,a,833.0,2,2014,122,1,21,2022,88,1
148,7,2023,7,4,8,3770,,1,0,0,c,a,831.0,5,2014,110,0,47,2019,165,0
820,5,2024,3,3,4,1404,1.0,1,0,1,d,b,1137.0,6,2005,225,1,48,2018,267,1
1108,7,2023,2,13,13,1554,1.0,1,0,1,a,b,783.0,9,2002,245,0,33,2013,500,1
155,3,2024,3,20,2,517,1.0,1,0,1,a,c,1000.0,3,2004,240,1,6,2014,500,0
291,2,2023,11,48,8,2510,1.0,0,a,1,b,a,617.0,3,2005,224,0,23,2021,129,0
713,7,2024,12,16,23,2727,1.0,0,0,0,d,a,536.0,11,2006,217,1,28,2022,92,0
903,3,2023,8,12,22,2415,,1,0,0,c,a,540.0,12,2021,20,0,45,2023,0,1
468,3,2023,12,44,4,2292,1.0,1,c,1,c,c,593.0,1,2006,215,1,14,2022,82,1
21,1,2023,2,27,2,469,,1,0,0,c,a,1318.0,7,2005,211,0,33,2012,500,1
301,3,2023,2,27,11,3296,1.0,0,c,0,a,a,654.0,8,2022,6,0,15,2023,12,1
120,3,2024,10,49,6,1012,1.0,0,0,1,d,c,653.0,12,2016,94,1,51,2020,206,0
988,4,2023,10,5,1,509,1.0,0,0,1,c,b,1043.0,4,2006,210,1,13,2018,252,1
505,2,2023,3,26,18,727,1.0,0,0,1,b,a,1031.0,2,2018,61,1,27,2021,103,0
891,1,2024,11,12,13,3691,1.0,1,0,0,a,c,491.0,4,2003,259,0,46,2020,174,0
772,5,2023,6,1,10,2990,1.0,1,0,1,a,a,754.0,4,2016,86,0,7,2017,306,1
960,6,2024,12,48,26,1191,1.0,0,0,1,a,a,71.0,11,2016,97,0,38,2015,478,0
539,6,2024,7,39,16,1333,1.0,1,0,1,b,a,975.0,12,2005,223,1,23,2017,380,0
735,7,2023,9,38,9,2408,1.0,0,0,1,a,a,1022.0,2,2004,235,1,50,2019,196,1
723,4,2023,4,23,4,2595,1.0,0,0,1,c,a,1012.0,9,2002,247,1,33,2012,500,1
404,3,2024,12,3,2,1686,,1,0,0,b,a,1424.0,8,2006,220,0,24,2016,395,1
584,4,2024,9,30,27,1603,1.0,1,0,1,a,b,958.0,9,2021,36,0,52,2020,186,1
843,5,2023,7,3,22,962,1.0,0,0,0,b,a,847.0,8,2010,155,0,18,2014,453,1
429,5,2024,1,13,9,620,1.0,1,0,0,c,c,873.0,2,2004,239,0,16,2013,500,1
1066,6,2023,8,36,11,2422,,1,0,1,a,a,642.0,6,2010,158,1,48,2023,0,0
944,4,2023,1,16,25,2728,1.0,0,0,0,d,c,1446.0,6,2000,271,1,18,2013,500,0
506,2,2024,3,10,20,2357,1.0,0,0,1,b,c,1357.0,3,2003,252,0,20,2020,198,1
41,7,2024,9,3,13,1942,1.0,0,0,1,b,c,654.0,10,2000,287,1,40,2011,500,1
479,2,2023,1,20,8,682,1.0,1,0,1,a,b,473.0,11,2001,254,1,20,2013,500,1
856,1,2023,7,25,21,1950,1.0,1,0,0,c,a,841.0,1,2021,30,0,33,2013,500,1
306,7,2024,5,39,24,914,1.0,0,0,1,a,a,807.0,4,2005,229,0,27,2015,480,0
866,5,2024,12,51,15,3397,1.0,0,0,1,c,c,841.0,4,2019,68,1,32,2019,279,1
963,2,2024,7,2,25,2097,1.0,0,0,1,c,a,881.0,11,2004,236,0,40,2023,14,0
313,2,2023,4,20,18,608,1.0,1,0,0,a,a,302.0,3,2002,253,0,17,2022,55,0
79,3,2024,9,31,14,804,1.0,0,0,1,c,a,750.0,5,2004,244,0,3,2023,80,0
50,4,2024,11,41,5,778,1.0,0,0,0,c,b,862.0,2,2022,33,1,11,2021,186,1
212,2,2023,3,18,25,429,1.0,1,0,0,a,c,514.0,9,2022,6,0,44,2015,390,0
310,3,2024,2,37,5,1978,,0,0,0,a,c,1191.0,6,2005,224,1,4,2022,137,0
933,6,2023,10,52,7,2291,,1,0,0,a,c,645.0,1,2016,93,0,33,2023,19,0
731,5,2024,3,8,4,2146,1.0,1,0,1,a,a,742.0,4,2012,143,0,23,2015,453,1
868,3,2024,7,13,15,750,1.0,0,0,0,a,b,1335.0,5,2020,50,1,20,2019,253,0
981,5,2024,6,43,12,2869,1.0,1,0,1,d,a,325.0,1,2016,101,1,11,2012,500,1
789,4,2023,1,5,19,1819,1.0,0,0,0,a,a,791.0,1,2020,36,0,45,2021,64,1
287,6,2023,8,47,18,2924,,1,0,1,b,a,516.0,6,2011,146,1,41,2014,474,1
138,7,2023,8,45,13,495,1.0,0,0,1,b,c,932.0,5,2001,267,1,50,2022,47,1
29,2,2023,2,50,24,1539,1.0,0,0,1,a,a,958.0,2,2012,132,1,12,2019,246,1
187,7,2024,3,8,19,2467,,1,0,0,b,a,833.0,10,2022,17,0,30,2012,500,1
425,7,2023,6,12,17,1225,,0,0,1,a,a,543.0,6,2019,48,1,11,2017,313,0
181,5,2024,2,1,12,3447,1.0,0,a,0,a,a,545.0,11,2002,255,1,39,2018,274,1
943,6,2023,4,7,10,3469,,1,0,1,c,c,646.0,9,2012,127,0,34,2017,285,0
930,5,2023,10,37,11,557,1.0,0,0,0,c,a,521.0,12,2004,226,0,47,2021,94,1
142,5,2024,3,8,23,618,1.0,1,0,0,c,a,958.0,9,2006,210,0,34,2021,130,0
154,1,2024,2,37,21,3694,1.0,1,0,1,a,a,651.0,9,2013,125,1,50,2018,299,0
40,3,2023,5,43,6,1823,1.0,0,0,0,a,a,864.0,9,2020,32,1,3,2021,144,1
566,7,2024,8,32,6,3041,,0,0,0,c,c,655.0,2,2012,150,0,19,2015,481,0
916,4,2024,1,26,21,2637,1.0,1,0,0,c,c,1191.0,12,2020,37,0,44,2018,294,0
621,4,2023,10,15,23,3433,,1,0,1,c,c,1112.0,12,2020,34,1,21,2014,462,1
914,1,2023,9,30,21,793,,1,0,1,c,a,796.0,3,2003,246,1,9,2018,281,1
624,4,2023,2,45,4,3482,,1,0,1,a,a,961.0,3,2001,263,0,52,2022,45,0
350,1,2023,2,6,20,913,1.0,0,0,0,d,c,1113.0,5,2001,261,0,8,2018,258,0
276,3,2023,11,52,26,1224,1.0,0,0,0,a,a,818.0,12,2017,71,0,14,2019,246,1
1015,3,2023,3,26,7,2338,1.0,0,0,1,a,c,600.0,6,2021,21,0,18,2018,268,1
194,4,2023,7,33,2,381,1.0,1,0,0,a,c,1017.0,6,2013,121,0,23,2013,500,0
475,7,2024,11,11,14,1248,1.0,0,0,1,a,c,780.0,7,2005,232,0,9,2014,500,1
1075,7,2024,10,2,19,3296,,0,0,0,c,c,330.0,7,2011,159,1,20,2023,34,1
577,2,2023,10,25,3,912,1.0,0,0,1,a,b,691.0,11,2018,59,0,34,2020,147,1
593,6,2023,8,28,20,278,1.0,0,0,0,c,a,1175.0,3,2001,269,0,50,2018,238,0
1094,7,2024,2,33,8,2729,1.0,0,0,0,a,c,863.0,9,2020,41,0,13,2022,124,1
1059,5,2024,10,13,10,2897,1.0,1,0,1,c,c,294.0,10,2004,240,1,24,2023,41,1
512,7,2024,8,49,10,2874,1.0,0,0,1,b,a,620.0,7,2014,121,0,1,2012,500,1
501,4,2023,4,18,20,1832,,1,0,1,a,c,691.0,6,2010,154,1,4,2010,500,0
927,6,2023,11,45,4,2506,1.0,0,0,1,a,a,503.0,12,2000,275,1,39,2011,500,0
140,6,2023,1,20,1,2598,1.0,1,a,1,d,a,400.0,2,2004,227,1,25,2023,0,0
395,6,2023,3,33,24,1451,1.0,0,0,1,a,a,213.0,8,2000,271,1,44,2013,500,0
916,4,2024,8,10,23,827,1.0,0,0,1,a,a,776.0,1,2018,79,0,34,2020,184,1
374,4,2023,11,10,7,3200,1.0,0,0,0,c,b,927.0,7,2008,184,1,43,2016,331,1
996,1,2023,1,27,1,3921,1.0,0,0,0,a,a,145.0,3,2009,166,1,43,2018,244,0
156,2,2024,8,6,4,2924,1.0,1,a,0,a,a,1408.0,2,2006,222,0,3,2020,211,0
550,5,2023,11,14,19,3590,,1,0,1,a,a,497.0,1,2006,214,1,19,2018,255,0
857,2,2024,3,19,2,1112,,0,0,1,a,a,923.0,12,2001,267,0,15,2023,56,1
255,1,2023,3,47,27,1369,1.0,0,0,0,a,a,966.0,4,2001,263,1,46,2012,500,0
502,6,2024,8,26,25,2103,,0,0,1,a,a,391.0,9,2001,275,0,51,2014,495,0
959,3,2023,6,3,11,2563,1.0,1,0,0,b,c,741.0,10,2021,20,0,49,2020,110,0
507,6,2024,10,26,12,3243,1.0,0,0,1,a,b,1109.0,1,2014,129,1,38,2020,196,1
24,5,2024,3,16,17,759,1.0,1,0,0,a,a,479.0,6,2011,153,1,37,2011,500,1
662,7,2024,5,35,28,1368,,0,0,0,b,a,1214.0,9,2014,116,0,45,2022,94,1
543,5,2024,1,2,11,230,,0,a,0,a,c,50.0,7,2000,282,1,21,2018,293,0
966,3,2023,5,41,26,1987,,1,0,0,a,a,812.0,3,2015,98,0,17,2010,500,0
771,4,2023,7,48,22,3637,,0,0,0,a,a,982.0,11,2021,20,0,14,2016,398,1
332,2,2024,8,35,21,3082,1.0,1,0,1,d,a,668.0,2,2022,30,0,2,2016,449,0
240,1,2024,2,42,2,534,1.0,1,0,1,a,c,1062.0,12,2012,134,1,26,2021,172,0
1007,4,2023,8,47,4,2029,1.0,1,0,1,a,b,635.0,3,2000,281,1,2,2017,357,0
1024,3,2023,3,28,12,1158,1.0,0,0,1,a,c,839.0,8,2015,91,0,30,2012,500,1
749,3,2024,4,4,16,1155,1.0,1,0,1,a,a,1076.0,3,2009,181,0,46,2010,500,0
399,4,2023,10,2,23,3187,1.0,0,0,0,d,c,432.0,8,2002,254,0,4,2011,500,1
614,2,2023,3,50,15,2685,1.0,0,0,0,a,a,959.0,10,2013,113,1,31,2023,19,1
418,7,2024,5,22,19,361,,0,0,1,c,a,651.0,10,2017,79,1,46,2013,500,0
528,4,2023,12,19,26,2654,1.0,0,0,1,a,a,1014.0,12,2007,192,0,43,2019,184,1
1051,7,2023,7,1,10,3464,1.0,1,0,0,a,a,550.0,8,2022,11,0,31,2013,490,0
764,7,2023,8,34,6,561,1.0,0,0,1,b,a,1112.0,6,2019,50,0,42,2016,356,1
659,5,2024,7,25,25,3714,1.0,0,0,1,a,a,50.0,11,2013,128,0,18,2023,59,1
766,1,2024,2,20,12,1569,,1,0,1,d,a,504.0,2,2001,276,0,29,2023,43,1
155,2,2023,8,26,2,3026,,0,0,1,c,a,1419.0,6,2010,158,0,41,2015,401,1
284,3,2023,5,42,25,2338,1.0,0,0,0,a,a,983.0,12,2021,17,1,38,2020,160,1
374,1,2023,7,48,8,1103,1.0,0,0,1,a,a,516.0,3,2011,148,1,50,2018,258,1
217,1,2023,1,10,5,3220,1.0,0,0,0,a,a,489.0,11,2017,62,1,48,2021,66,1
746,2,2023,7,17,19,3005,1.0,0,0,0,a,a,662.0,6,2018,61,1,49,2017,280,0
462,2,2024,11,26,22,1791,1.0,1,0,0,a,c,770.0,10,2005,229,0,46,2020,188,1
1057,4,2024,9,29,7,651,,1,0,0,b,c,745.0,7,2011,158,0,8,2017,385,0
798,5,2024,4,29,6,2604,1.0,1,0,0,a,c,1176.0,5,2005,227,1,2,2020,235,1
413,1,2023,10,16,4,902,1.0,0,0,1,c,b,1447.0,10,2011,144,1,48,2021,72,1
978,3,2023,5,8,19,3108,1.0,1,0,1,a,a,774.0,6,2000,275,0,35,2021,77,0
216,2,2023,7,49,18,3549,1.0,0,0,0,c,c,909.0,7,2001,264,1,43,2016,370,0
328,2,2023,2,40,26,919,1.0,0,0,0,c,c,717.0,12,2021,14,1,52,2017,300,0
807,7,2023,5,41,11,3964,1.0,0,0,1,a,c,523.0,10,2017,67,0,17,2010,500,0
103,7,2023,12,17,11,620,,0,0,0,d,a,1028.0,4,2009,176,1,38,2011,500,1
21,7,2023,10,33,15,273,1.0,0,0,0,b,a,840.0,5,2011,149,0,52,2023,0,1
389,3,2023,4,50,23,1763,1.0,0,0,1,c,a,1189.0,11,2006,197,1,42,2016,372,1
967,3,2024,8,29,16,737,,0,0,0,b,a,605.0,10,2000,286,1,52,2011,500,0
909,2,2023,1,8,4,3532,,1,0,0,c,c,809.0,5,2020,32,0,7,2019,209,0
1067,7,2024,12,16,8,1541,1.0,0,0,1,a,c,379.0,3,2005,237,1,42,2013,500,1
599,2,2024,1,31,4,1033,1.0,0,0,0,b,c,817.0,7,2009,174,1,45,2020,194,0
527,2,2023,4,38,21,791,1.0,1,0,1,a,c,911.0,8,2005,212,0,25,2023,13,1
106,1,2024,7,1,9,507,,0,0,1,a,a,626.0,4,2010,171,1,14,2014,500,0
531,3,2023,12,28,23,1760,1.0,0,0,0,b,a,846.0,1,2004,239,0,11,2015,433,1
394,5,2024,1,36,22,831,1.0,1,0,1,c,a,908.0,5,2004,236,1,21,2023,67,0
551,4,2023,4,8,19,1392,,1,0,1,d,c,276.0,7,2018,57,1,23,2014,453,1
537,6,2023,11,3,12,2125,1.0,1,0,0,d,a,432.0,12,2019,47,1,33,2022,22,0
912,7,2024,3,41,28,3735,,0,0,0,a,a,781.0,1,2002,266,0,11,2010,500,1
1073,5,2024,5,49,7,1241,1.0,0,0,1,a,b,655.0,9,2004,236,0,13,2016,452,0
614,2,2023,7,24,11,3664,,0,0,1,a,a,1129.0,9,2017,70,1,15,2017,321,0
1028,6,2023,3,7,23,2899,1.0,0,0,1,a,a,945.0,2,2011,145,0,31,2010,500,1
1072,1,2024,4,35,5,1879,1.0,0,0,0,b,a,869.0,2,2014,122,0,20,2018,327,0
475,6,2023,12,32,22,1569,1.0,1,0,0,b,a,1012.0,2,2020,46,0,51,2022,33,1
359,1,2023,5,4,3,1295,,1,a,0,c,a,1025.0,10,2018,55,0,42,2018,222,0
1093,3,2023,5,11,21,2176,,1,a,1,a,a,618.0,10,2016,79,1,28,2017,295,0
731,1,2023,4,52,27,2617,1.0,1,0,0,a,a,991.0,5,2000,275,1,7,2020,201,0
237,3,2024,6,30,27,2550,,0,0,0,b,c,1339.0,11,2017,79,0,21,2020,217,1
874,2,2024,1,37,22,605,1.0,0,0,1,a,a,1051.0,11,2022,14,1,19,2019,278,1
952,3,2024,3,5,24,3473,1.0,0,0,1,a,c,719.0,11,2012,136,1,49,2021,112,1
548,4,2024,11,43,27,2631,1.0,0,0,0,c,a,237.0,12,2013,131,1,48,2013,500,0
1012,1,2023,8,41,8,3107,,1,0,0,a,c,400.0,5,2009,171,1,37,2020,160,0
937,1,2024,12,47,11,1180,,0,0,0,a,a,865.0,10,2011,158,1,3,2017,408,0
659,7,2023,3,36,13,367,,0,0,0,b,a,553.0,10,2020,29,0,38,2012,500,0
299,1,2024,7,49,21,2464,1.0,0,0,1,a,c,446.0,4,2005,231,0,33,2015,484,1
814,7,2023,7,29,9,2516,1.0,1,0,0,a,c,1058.0,1,2007,198,0,14,2020,171,1
717,3,2023,2,22,20,1725,,0,0,1,a,a,1166.0,7,2020,31,1,44,2014,446,0
818,7,2024,8,35,25,2799,,0,0,0,a,a,500.0,3,2008,197,1,24,2019,271,0
2,7,2024,8,28,5,1928,1.0,0,0,1,d,a,1279.0,8,2014,120,1,52,2014,496,0
1039,5,2024,2,18,28,909,1.0,0,0,0,a,a,643.0,1,2015,109,1,10,2021,164,0
977,5,2024,5,39,23,1153,1.0,0,0,1,a,c,877.0,1,2011,160,0,50,2020,197,1
12,7,2024,2,44,25,1810,1.0,0,0,0,a,a,298.0,6,2005,224,1,24,2017,384,1
1012,4,2023,5,8,11,3677,1.0,0,0,1,c,c,1076.0,8,2006,201,0,16,2018,252,0
326,2,2023,10,23,14,1242,1.0,0,0,0,a,a,340.0,2,2012,140,0,3,2023,20,1
1103,2,2024,6,7,24,2684,1.0,0,0,0,b,c,358.0,11,2019,55,0,48,2011,500,0
275,5,2024,6,48,12,1115,1.0,1,0,1,b,b,871.0,7,2013,131,1,20,2022,132,0
220,5,2023,8,27,23,1041,,0,a,0,a,c,339.0,6,2009,170,1,32,2010,500,1
3,4,2023,8,40,26,1431,1.0,0,0,0,a,a,770.0,2,2011,150,1,27,2011,500,0
794,5,2023,4,31,1,901,1.0,1,0,0,c,a,405.0,12,2013,112,1,36,2023,0,0
1101,3,2023,5,25,5,3008,1.0,1,0,1,a,a,1106.0,3,2013,122,1,4,2013,500,1
357,4,2023,2,19,24,885,1.0,0,0,1,c,b,1061.0,9,2020,29,0,31,2020,144,0
259,4,2024,5,29,17,3760,1.0,0,0,0,c,c,564.0,1,2017,88,1,14,2016,431,0
946,1,2023,3,6,28,1374,,0,0,1,a,c,1020.0,8,2011,139,1,47,2012,500,0
418,4,2024,12,7,24,751,,0,0,1,a,c,587.0,1,2011,167,0,26,2012,500,0
600,1,2024,10,49,20,1923,1.0,1,b,0,a,c,1060.0,12,2002,262,1,37,2022,116,1
359,6,2024,11,33,14,2931,1.0,0,0,1,b,a,855.0,11,2010,168,0,5,2019,288,1
991,4,2023,7,32,23,3506,1.0,0,c,1,a,a,1195.0,10,2016,81,0,8,2015,440,1
1020,5,2023,10,29,25,1029,1.0,1,0,1,a,b,622.0,8,2021,26,1,34,2013,500,1
1106,2,2023,1,25,13,3757,1.0,0,0,0,a,c,788.0,7,2020,30,0,3,2016,386,1
1103,6,2023,7,31,5,3597,,0,0,0,c,a,941.0,3,2005,220,0,6,2015,441,1
529,7,2024,3,33,10,1125,1.0,1,0,0,a,a,1283.0,2,2010,169,1,39,2020,202,1
338,6,2024,6,7,1,2739,,0,0,0,a,b,840.0,7,2001,275,0,38,2015,437,0
538,5,2023,12,46,12,2488,1.0,1,0,0,a,c,523.0,12,2022,12,1,38,2011,500,0
1114,5,2023,6,20,26,1764,1.0,0,0,0,a,a,294.0,9,2004,225,1,1,2022,71,1
1089,2,2023,5,36,19,996,1.0,1,0,0,a,a,730.0,6,2012,131,0,38,2020,154,0
307,2,2024,9,14,23,1325,,1,0,0,d,a,812.0,3,2019,66,0,13,2018,313,1
707,2,2023,6,17,28,1059,1.0,1,0,0,b,c,181.0,10,2009,164,1,39,2023,0,0
939,1,2023,4,16,24,296,1.0,0,0,1,d,c,825.0,6,2005,214,0,17,2019,207,1
1052,3,2023,10,3,5,902,1.0,0,0,0,a,a,1053.0,2,2007,200,1,37,2019,174,0
982,6,2024,7,24,1,3492,1.0,1,0,0,a,a,399.0,9,2005,226,0,5,2023,71,0
817,7,2023,8,48,22,2790,1.0,0,0,1,c,a,614.0,4,2017,76,0,9,2016,403,0
435,2,2024,2,5,23,2658,1.0,0,0,1,b,c,129.0,8,2007,198,1,8,2019,257,0
11,4,2023,2,41,27,2478,1.0,1,0,1,c,c,659.0,7,2015,91,1,45,2017,308,1
234,4,2024,6,12,23,840,1.0,1,0,0,c,a,615.0,7,2016,95,0,18,2010,500,1
387,6,2023,3,13,15,3705,1.0,1,0,1,a,a,1071.0,9,2017,66,1,25,2010,500,0
256,2,2023,9,21,8,1220,1.0,1,0,0,a,a,771.0,12,2003,237,0,24,2022,49,0
779,2,2024,4,11,28,2499,1.0,0,0,0,b,c,960.0,6,2010,166,1,14,2020,205,1
527,2,2023,3,35,25,2796,,0,0,1,a,a,1060.0,11,2015,88,0,28,2022,59,0
1109,2,2023,6,48,28,1200,,1,0,1,a,c,1484.0,6,2022,12,1,4,2017,356,0
784,1,2023,10,29,21,2344,1.0,1,0,1,a,a,857.0,12,2002,250,1,48,2022,33,0
1074,1,2023,9,46,22,1012,1.0,0,0,1,a,c,525.0,10,2021,23,0,50,2012,500,0
1050,4,2023,10,37,1,3964,1.0,0,0,0,a,a,537.0,9,2002,253,0,29,2014,476,1
1094,1,2024,7,37,24,2972,1.0,1,0,0,a,a,930.0,7,2021,36,0,25,2021,168,1
448,5,2023,7,40,28,3732,,1,0,1,a,a,978.0,8,2009,167,1,35,2010,500,1
171,6,2023,5,1,22,1329,1.0,0,0,0,c,c,903.0,11,2009,162,0,7,2022,46,0
495,6,2023,9,40,25,3952,1.0,0,0,1,a,a,608.0,3,2022,18,0,40,2017,312,1
840,1,2024,5,17,20,524,,0,0,0,a,b,1248.0,2,2014,123,1,15,2011,500,1
190,7,2023,9,5,13,604,1.0,1,0,1,a,a,794.0,11,2002,250,0,33,2020,128,1
19,6,2024,8,11,22,929,1.0,1,0,1,c,c,547.0,8,2013,132,0,1,2016,426,1
557,5,2023,8,4,19,283,,1,0,1,a,a,1216.0,6,2003,242,0,44,2022,12,0
601,2,2023,11,52,19,471,,1,0,0,c,a,1374.0,12,2013,119,1,14,2011,500,1
144,3,2023,9,19,17,3155,,0,0,1,a,c,1305.0,4,2011,149,0,38,2010,500,0
1026,6,2023,3,48,8,1470,,0,0,0,a,a,435.0,4,2013,119,0,47,2019,209,0
159,4,2024,10,33,28,928,1.0,0,0,1,a,a,1364.0,7,2016,99,0,47,2017,350,0
879,6,2024,2,12,12,1809,,1,0,1,a,a,665.0,6,2019,56,0,26,2013,500,0
813,5,2024,11,7,2,3127,,1,0,0,a,c,612.0,8,2001,279,0,40,2012,500,1
658,1,2023,6,27,11,2524,1.0,1,0,1,a,a,918.0,2,2006,208,1,4,2019,231,1
581,2,2023,4,6,12,3386,1.0,0,0,1,a,a,725.0,6,2005,214,0,1,2023,5,1
577,7,2024,7,12,19,238,1.0,1,0,1,a,a,639.0,10,2004,237,1,52,2010,500,1
819,5,2024,5,47,14,3407,1.0,0,a,0,a,c,682.0,3,2019,62,0,10,2015,500,0
824,4,2024,1,35,12,2301,,1,0,0,a,a,858.0,10,2002,255,1,17,2023,70,0
13,4,2024,6,48,4,2116,1.0,1,0,1,d,c,692.0,2,2013,136,0,44,2013,500,1
184,4,2023,3,17,28,1360,1.0,0,0,1,c,c,1043.0,3,2017,72,1,26,2020,147,1
185,4,2024,3,43,9,3322,1.0,0,a,0,d,c,766.0,12,2000,279,1,45,2021,154,0
397,7,2024,8,36,8,3571,,1,0,1,a,a,561.0,3,2005,233,0,14,2023,74,0
283,5,2024,7,19,26,1011,1.0,0,0,1,c,c,454.0,1,2018,78,0,26,2023,45,1
1074,4,2023,4,10,22,2691,1.0,0,0,0,d,c,945.0,5,2010,155,0,33,2017,289,1
707,7,2023,2,27,17,3154,1.0,0,0,0,a,b,854.0,6,2002,248,0,13,2023,14,0
93,1,2023,4,32,22,2309,1.0,0,0,0,c,a,944.0,6,2005,214,0,43,2015,405,0
1096,6,2023,6,18,27,528,1.0,1,0,1,c,c,843.0,3,2014,111,0,10,2017,320,0
1100,2,2023,12,34,3,1635,1.0,1,0,0,a,a,950.0,4,2014,116,0,26,2022,60,0
556,1,2024,7,7,1,1492,1.0,1,0,0,a,a,608.0,4,2011,159,0,49,2013,500,0
845,7,2023,4,30,28,2023,1.0,1,0,0,a,c,762.0,5,2022,11,1,49,2017,293,0
114,6,2023,2,26,12,2636,1.0,0,0,0,a,a,1306.0,1,2014,109,0,34,2013,500,0
559,4,2024,12,8,16,210,,0,0,1,a,c,901.0,8,2022,28,1,46,2023,14,0
232,1,2024,3,42,27,692,1.0,1,c,1,d,b,1146.0,7,2014,116,1,42,2022,104,1
839,2,2023,12,47,11,2796,,0,0,0,c,a,424.0,10,2020,38,0,45,2019,210,0
26,3,2024,8,22,4,1091,1.0,0,0,1,a,a,666.0,9,2010,167,1,37,2013,500,1
822,6,2023,9,25,19,3815,1.0,1,0,0,d,b,582.0,6,2016,87,1,52,2015,389,0
456,7,2024,12,25,8,2155,1.0,0,0,0,a,b,457.0,3,2015,117,1,6,2018,331,1
216,7,2023,11,45,11,3885,1.0,0,0,0,a,c,803.0,3,2021,32,0,43,2019,210,0
779,1,2023,11,23,4,345,1.0,0,0,0,a,a,677.0,8,2018,63,1,8,2015,431,0
731,1,2024,10,49,10,1737,1.0,0,0,0,a,a,759.0,5,2014,125,0,16,2013,500,0
280,5,2024,4,28,2,2808,,0,0,1,b,c,844.0,7,2015,105,1,45,2011,500,0
81,4,2023,11,42,3,2978,,1,a,1,a,a,698.0,9,2009,170,0,50,2018,252,1
732,3,2024,10,32,16,243,1.0,0,0,0,c,a,954.0,6,2004,244,0,32,2010,500,1
631,4,2024,4,2,20,1963,1.0,0,0,0,a,a,1094.0,4,2000,288,1,14,2016,404,0
488,7,2023,2,14,25,952,,0,0,0,c,a,269.0,11,2020,27,1,5,2023,9,0
39,5,2024,4,12,18,1922,,0,0,1,a,a,682.0,11,2002,257,1,14,2018,310,0
527,2,2023,5,31,28,1995,,0,0,0,a,b,1065.0,9,2017,68,1,31,2011,500,1
206,2,2023,9,11,23,1250,1.0,1,0,1,a,a,609.0,1,2022,20,0,26,2019,193,0
1115,6,2024,4,10,21,3793,1.0,0,0,0,a,a,1287.0,12,2003,244,1,8,2020,210,1
688,7,2024,5,2,8,2976,1.0,0,0,0,c,a,1303.0,10,2011,151,1,22,2011,500,0
877,4,2024,4,9,1,1757,1.0,0,0,1,c,a,515.0,3,2000,289,1,51,2023,10,1
1015,5,2024,3,8,24,2930,1.0,1,0,0,b,b,695.0,9,2021,30,1,37,2015,439,0
462,5,2024,5,17,21,3520,1.0,0,0,0,a,b,928.0,7,2000,286,0,35,2023,34,0
156,6,2024,7,50,25,2549,1.0,0,0,0,a,c,1296.0,7,2009,180,1,44,2022,110,1
389,3,2024,10,41,8,2657,1.0,0,0,0,b,a,961.0,2,2004,248,0,18,2014,500,1
1090,3,2024,9,34,12,2685,1.0,1,0,1,a,c,908.0,9,2008,192,0,36,2023,50,0
919,1,2023,8,7,20,3394,1.0,1,0,1,a,a,892.0,10,2014,106,1,17,2015,406,1
261,5,2023,4,29,1,918,,0,0,0,a,a,958.0,12,2021,16,1,4,2017,337,0
380,5,2024,7,13,17,960,,0,0,0,c,a,829.0,5,2001,278,0,47,2019,226,0
79,4,2023,12,6,7,2342,1.0,0,0,0,c,c,827.0,8,2006,208,1,14,2023,0,1
279,1,2023,5,46,5,3085,,0,0,1,a,a,767.0,9,2013,116,1,36,2019,218,0
876,3,2023,9,48,15,3893,1.0,0,0,1,c,a,807.0,2,2012,139,0,49,2022,51,0
540,5,2023,2,8,16,1693,,0,0,1,b,a,758.0,1,2014,109,1,32,2012,500,0
780,6,2024,2,36,21,3739,,0,c,0,a,c,1241.0,6,2005,224,1,11,2013,500,1
596,2,2023,4,51,15,2149,,0,0,0,c,a,1032.0,2,2002,254,0,22,2011,500,1
689,3,2024,6,25,18,1574,1.0,0,0,1,a,a,823.0,7,2016,95,0,10,2022,119,0
339,1,2023,1,50,9,2506,1.0,0,0,1,a,a,1404.0,3,2005,214,1,30,2011,500,0
1062,1,2023,10,49,20,957,,0,0,0,a,a,270.0,12,2018,58,0,15,2011,500,1
342,2,2024,6,52,12,932,1.0,0,0,0,c,c,711.0,10,2016,92,0,49,2013,500,0
104,7,2024,5,25,18,360,,1,0,0,a,a,833.0,9,2013,128,0,10,2013,500,1
884,3,2024,1,33,16,300,,1,0,1,b,a,799.0,2,2008,191,1,47,2019,246,1
166,6,2024,7,29,13,1148,1.0,1,a,1,a,a,991.0,4,2021,39,1,9,2014,500,0
1069,1,2024,6,7,7,3677,,0,0,1,c,a,1010.0,11,2007,199,1,11,2011,500,0
874,3,2024,3,31,13,2062,,1,0,1,a,c,927.0,7,2001,272,1,22,2014,500,1
63,4,2023,8,36,18,2752,,0,0,1,c,a,485.0,7,2014,109,1,23,2020,169,0
818,1,2023,12,6,5,880,,1,0,0,c,c,1108.0,5,2017,79,1,51,2020,111,1
102,7,2024,10,9,25,1897,1.0,0,0,1,a,a,654.0,2,2004,248,1,25,2011,500,0
696,1,2024,12,10,1,1553,1.0,0,a,0,b,c,819.0,3,2019,69,1,17,2021,149,0
798,6,2023,4,25,2,750,,0,0,0,c,a,954.0,11,2007,185,1,37,2013,500,1
544,7,2024,10,21,6,2558,,1,0,0,c,a,125.0,12,2001,274,0,29,2017,356,1
767,6,2023,6,6,8,2210,1.0,0,0,0,a,c,737.0,6,2004,228,0,2,2017,316,0
303,5,2024,3,34,22,2040,1.0,0,0,1,b,c,208.0,9,2022,18,1,13,2018,333,1
443,3,2023,7,15,9,1841,1.0,0,0,0,a,c,768.0,5,2017,74,1,15,2012,500,0
5,7,2024,1,5,7,1276,,0,0,1,a,b,216.0,7,2017,78,1,29,2013,500,1
665,3,2023,4,52,3,2663,1.0,1,0,0,a,c,1163.0,8,2000,272,1,18,2023,34,1
412,3,2023,1,34,24,1356,,0,0,0,a,a,654.0,1,2017,72,0,12,2011,500,0
197,1,2023,7,33,18,459,,0,0,1,a,a,608.0,1,2010,162,1,4,2011,500,1
389,2,2024,5,15,1,2417,,0,0,1,d,a,1463.0,9,2009,176,0,29,2012,500,0
103,2,2024,7,19,5,1989,,0,0,1,c,a,755.0,8,2021,35,1,32,2016,403,1
700,2,2024,8,52,9,2679,1.0,1,0,0,c,a,1063.0,1,2004,247,1,39,2012,500,1
839,6,2023,6,45,3,2343,,0,0,0,c,a,471.0,12,2015,90,0,19,2018,286,0
1007,7,2024,10,6,23,3106,1.0,0,0,1,a,a,503.0,12,2005,226,1,31,2018,287,0
770,7,2024,12,39,11,461,,0,0,1,a,a,768.0,8,2011,160,0,52,2023,39,0
654,4,2023,10,35,6,3451,,1,0,1,a,c,616.0,2,2016,92,1,45,2010,500,1
328,6,2023,12,8,20,2934,,0,0,1,b,a,628.0,5,2005,223,0,26,2021,86,1
1039,3,2023,11,11,22,2823,1.0,0,0,1,b,b,761.0,1,2016,94,1,14,2020,153,0
963,5,2024,3,26,3,1606,1.0,1,a,0,b,c,579.0,1,2012,146,1,23,2015,471,1
256,6,2023,11,38,8,2083,1.0,0,0,1,c,c,325.0,1,2000,286,0,43,2017,307,1
302,7,2024,6,24,9,1612,1.0,0,0,0,b,a,924.0,6,2004,240,0,36,2014,500,0
1014,6,2024,10,29,8,953,1.0,0,0,0,c,b,779.0,1,2019,69,0,13,2018,328,1
345,3,2024,11,32,22,356,1.0,0,0,1,a,c,636.0,6,2020,53,1,47,2018,297,0
32,7,2024,11,4,3,3870,1.0,1,0,1,d,c,1313.0,10,2022,25,1,44,2011,500,1
567,2,2024,12,13,27,659,1.0,0,0,0,a,a,1018.0,8,2020,52,1,29,2010,500,0
1089,3,2023,6,47,28,2191,1.0,1,0,0,c,a,669.0,8,2016,82,1,44,2016,367,1
395,5,2023,3,22,24,2947,1.0,0,0,0,a,c,723.0,10,2016,77,0,23,2013,500,0
258,3,2023,12,44,14,913,,1,0,1,a,a,116.0,7,2013,125,1,38,2020,162,0
994,4,2024,7,47,19,1070,,1,0,1,a,a,517.0,3,2000,292,0,43,2013,500,1
562,7,2024,9,50,24,2718,1.0,1,b,1,d,a,892.0,5,2012,148,0,4,2018,358,0
634,1,2023,5,27,19,3542,1.0,0,0,0,a,b,1259.0,10,2022,7,1,23,2018,264,1
60,7,2024,3,6,27,1075,1.0,0,0,0,c,a,589.0,1,2002,266,0,11,2018,307,0
693,4,2024,5,29,4,2451,1.0,1,0,0,b,a,697.0,2,2013,135,0,24,2020,213,0
364,1,2024,10,3,12,1558,1.0,0,0,1,a,a,809.0,8,2002,266,1,50,2018,265,1
137,1,2023,1,11,14,3181,,1,b,1,d,c,876.0,11,2021,14,1,19,2020,148,0
821,1,2024,8,36,16,3885,1.0,0,0,0,a,a,470.0,1,2013,139,1,33,2021,159,1
143,4,2023,9,2,6,3752,,1,0,1,d,a,434.0,9,2015,96,1,41,2014,429,0
774,6,2024,12,6,4,1132,1.0,1,0,0,a,c,1573.0,9,2012,147,1,40,2012,500,0
514,1,2024,2,52,22,2488,,0,0,0,a,c,331.0,12,2004,230,1,4,2012,500,0
578,6,2023,11,29,13,3321,1.0,0,0,1,b,a,1203.0,8,2015,99,0,19,2020,166,1
635,7,2024,9,28,24,3469,,0,0,1,c,a,930.0,6,2005,231,0,3,2021,181,0
227,1,2024,9,20,24,638,,1,0,1,a,a,787.0,8,2011,157,0,9,2020,219,0
423,6,2023,1,4,25,781,,0,0,1,b,b,892.0,9,2003,232,0,16,2013,500,0
42,1,2023,4,20,3,3195,,0,0,1,a,a,1328.0,4,2008,180,1,15,2012,500,1
313,7,2023,5,15,15,1339,1.0,1,0,0,b,b,839.0,11,2013,114,1,2,2021,117,1
166,7,2024,1,41,22,1671,1.0,0,0,1,a,a,967.0,2,2022,23,1,24,2012,500,0
611,5,2023,11,26,11,481,1.0,1,0,0,a,c,1320.0,2,2005,225,1,10,2017,328,0
890,6,2023,1,48,21,2028,1.0,0,0,0,a,c,1109.0,7,2010,150,0,44,2010,500,1
459,2,2023,10,38,6,805,1.0,0,0,1,a,a,305.0,10,2001,264,0,21,2011,500,0
109,3,2023,11,51,27,3412,1.0,0,0,0,c,a,310.0,10,2021,25,1,22,2011,500,1
283,4,2023,2,8,5,3505,1.0,1,0,1,a,c,885.0,11,2022,3,0,6,2013,500,0
276,4,2023,1,26,26,2690,1.0,0,0,0,a,b,573.0,10,2012,123,0,7,2020,175,0
90,3,2023,10,16,2,2160,1.0,1,0,1,b,a,870.0,11,2014,107,0,43,2010,500,0
815,7,2024,5,13,16,2274,1.0,0,0,1,d,a,920.0,1,2021,40,0,26,2014,500,1
257,5,2023,10,47,5,885,1.0,1,0,1,d,a,1339.0,4,2012,138,1,52,2012,500,0
1062,4,2023,9,33,10,2553,,1,0,1,a,a,711.0,1,2015,104,0,32,2013,500,0
755,7,2023,2,21,8,1042,1.0,0,0,0,b,a,757.0,1,2004,229,0,9,2013,500,0
749,6,2023,7,8,20,3557,1.0,0,0,1,d,c,472.0,8,2015,95,1,48,2011,500,1
508,7,2024,2,45,2,3574,1.0,0,0,0,c,a,785.0,4,2019,58,1,35,2011,500,1
994,1,2023,11,50,2,3526,,0,0,1,a,a,476.0,12,2018,59,0,15,2017,347,0
4,1,2023,6,11,21,3954,,1,0,1,c,a,968.0,9,2015,93,1,41,2018,230,0
306,7,2024,3,11,16,1223,1.0,1,0,0,a,a,690.0,7,2004,236,0,15,2012,500,1
629,5,2024,6,3,10,3727,1.0,1,0,0,c,c,718.0,3,2022,27,0,28,2011,500,0
986,2,2024,11,2,8,3535,1.0,1,0,0,b,a,1050.0,7,2002,268,1,27,2011,500,0
620,6,2024,1,39,27,2222,,0,0,1,c,a,811.0,6,2006,211,0,42,2022,101,1
807,4,2023,6,15,2,200,1.0,1,0,0,c,a,1056.0,12,2015,90,0,29,2011,500,0
866,2,2023,9,25,20,441,1.0,0,0,1,a,b,610.0,6,2016,87,0,27,2019,206,1
112,3,2023,12,2,8,1907,,1,0,0,c,a,1047.0,7,2018,65,0,44,2018,218,0
650,5,2023,3,29,3,2108,1.0,1,0,0,b,a,488.0,7,2000,272,1,31,2011,500,1
939,2,2024,9,6,14,3110,1.0,1,0,1,b,a,1075.0,1,2013,140,0,35,2014,491,0
683,4,2024,3,18,2,2303,1.0,1,0,0,c,c,608.0,1,2015,110,1,7,2011,500,1
492,1,2023,9,42,19,3600,1.0,0,0,0,a,a,475.0,6,2022,15,0,39,2020,159,0
788,1,2024,12,48,27,586,,1,0,1,d,a,863.0,9,2001,279,1,34,2020,222,1
99,4,2023,1,9,16,3371,,0,0,1,a,c,1300.0,7,2014,102,1,1,2013,500,1
821,6,2023,1,9,6,2851,1.0,1,0,1,a,a,819.0,9,2022,4,1,8,2010,500,1
153,4,2024,12,4,5,1001,1.0,1,0,0,b,b,825.0,8,2020,52,1,52,2018,264,1
152,5,2023,12,4,22,726,,0,0,0,a,a,408.0,1,2008,191,1,21,2017,295,0
804,6,2023,6,44,1,2461,,1,0,0,b,c,1595.0,11,2006,199,0,42,2012,500,1
391,7,2024,10,51,19,2491,1.0,0,0,1,a,a,446.0,11,2021,35,1,1,2023,102,1
165,3,2024,1,21,16,2182,1.0,0,0,0,b,b,899.0,9,2001,268,1,47,2012,500,0
603,4,2023,5,48,14,649,1.0,1,0,0,d,c,907.0,7,2011,142,1,24,2019,232,0
446,2,2024,1,39,9,3670,1.0,0,0,1,d,a,774.0,1,2014,120,0,13,2013,500,0
105,6,2023,10,21,15,2455,1.0,0,0,0,a,a,979.0,11,2018,59,0,27,2013,500,1
842,1,2023,3,41,20,1415,,1,a,1,a,b,1057.0,6,2004,225,0,27,2021,118,1
32,2,2023,6,2,22,2093,1.0,0,0,0,a,a,253.0,8,2011,142,0,33,2019,177,0
669,2,2023,6,43,3,3729,,0,0,0,a,c,1317.0,7,2022,11,0,20,2012,500,1
14,5,2024,4,20,14,3257,1.0,0,0,1,c,c,581.0,10,2012,138,0,45,2023,27,0
417,1,2024,11,20,24,2885,,0,0,1,a,b,687.0,4,2022,31,1,27,2022,97,0
549,7,2024,8,2,18,885,1.0,0,0,1,a,a,579.0,7,2015,109,1,32,2010,500,1
761,3,2023,11,2,16,1091,1.0,1,0,0,a,c,474.0,6,2005,221,0,3,2014,467,1
710,7,2023,12,28,10,3121,1.0,0,0,1,b,a,1199.0,9,2020,39,1,30,2016,362,1
264,2,2023,1,29,9,2087,,1,0,1,a,c,726.0,8,2019,41,0,46,2015,399,1
279,1,2023,6,44,14,267,1.0,0,0,1,a,a,1073.0,2,2005,220,1,24,2018,280,0
283,3,2023,1,14,13,2513,1.0,1,0,1,d,c,1086.0,4,2020,33,1,10,2022,56,1
152,1,2023,9,17,6,3951,1.0,1,0,0,a,c,1268.0,2,2014,115,0,24,2016,357,0
476,6,2023,9,51,11,1638,,0,0,0,a,a,431.0,8,2005,217,1,5,2010,500,1
165,7,2023,3,35,22,1749,1.0,0,0,0,a,a,641.0,11,2015,88,0,46,2011,500,0
652,5,2023,12,11,14,1954,,0,0,1,b,c,955.0,3,2001,273,0,50,2014,429,1
99,3,2023,4,20,10,1116,,0,a,0,c,a,1123.0,9,2007,187,1,7,2012,500,1
424,7,2024,4,43,7,291,,1,0,1,a,c,533.0,2,2020,50,1,30,2022,117,1
124,2,2023,7,32,8,574,1.0,1,0,1,b,c,487.0,2,2007,197,1,18,2020,170,1
107,5,2023,2,43,11,2741,1.0,1,0,1,a,c,1014.0,7,2014,103,0,25,2015,434,1
898,4,2023,1,24,14,1549,,1,0,0,a,b,835.0,6,2002,247,1,27,2011,500,0
657,7,2024,10,4,8,2876,1.0,1,0,0,b,a,608.0,2,2007,212,1,51,2022,57,0
716,3,2023,9,35,1,1294,1.0,1,0,0,d,c,381.0,4,2008,185,1,32,2018,263,0
1025,6,2023,5,7,21,3988,1.0,1,0,0,c,a,506.0,8,2001,261,0,21,2020,142,0
400,6,2024,1,33,19,755,1.0,1,0,1,a,a,996.0,6,2009,175,0,25,2023,60,1
671,4,2023,2,23,23,1087,1.0,0,0,0,b,a,1149.0,9,2008,173,0,50,2014,441,1
400,2,2023,12,5,7,3376,,0,0,1,c,a,1132.0,3,2010,165,0,38,2022,19,1
931,5,2023,5,21,2,639,,0,a,1,d,c,528.0,8,2017,69,0,36,2016,349,0
971,5,2023,8,28,17,650,1.0,0,0,0,a,a,1149.0,10,2014,106,0,52,2019,184,0
431,3,2023,7,49,12,1906,1.0,1,0,1,d,a,1204.0,5,2019,50,0,42,2023,7,0
699,2,2023,4,1,1,3165,1.0,1,0,1,a,a,932.0,12,2001,256,0,45,2011,500,0
738,3,2024,1,47,3,249,,1,0,0,d,c,859.0,12,2020,37,1,5,2012,500,0
185,6,2023,12,52,27,2690,,1,0,1,a,c,1000.0,10,2000,278,1,46,2014,474,1
569,4,2023,7,27,4,1538,1.0,1,0,1,c,a,352.0,5,2018,62,1,23,2017,316,0
993,7,2023,12,16,7,3707,1.0,0,0,1,a,a,286.0,2,2004,238,0,3,2019,221,0
654,2,2023,8,5,15,1513,1.0,1,b,1,a,a,795.0,2,2013,126,1,47,2017,270,1
782,7,2024,7,33,24,1105,1.0,0,0,1,a,a,777.0,6,2022,25,1,18,2013,500,1
420,6,2024,12,45,18,2357,1.0,0,0,1,b,a,50.0,4,2007,212,0,12,2020,241,1
259,4,2024,12,19,2,2968,1.0,0,0,1,d,a,882.0,8,2022,28,0,40,2018,291,1
481,5,2024,4,32,24,2196,1.0,0,0,0,c,a,1109.0,11,2016,89,0,24,2017,372,1
912,3,2023,3,38,1,1107,1.0,0,0,1,c,c,1223.0,10,2018,53,0,32,2015,422,0
148,7,2024,4,20,7,3517,1.0,0,0,0,a,a,917.0,9,2004,235,1,5,2018,327,0
459,6,2023,9,2,9,2625,1.0,0,0,0,a,a,662.0,8,2009,169,1,10,2016,356,1
83,1,2024,8,4,27,2844,1.0,0,0,0,d,c,1181.0,12,2022,20,0,51,2017,317,0
1065,2,2023,12,42,17,655,1.0,0,0,1,c,a,1176.0,4,2021,32,0,1,2011,500,1
792,2,2024,11,12,21,3784,1.0,0,0,0,b,c,874.0,4,2020,55,1,24,2021,144,0
850,1,2024,3,23,11,1964,,1,0,0,d,a,1031.0,5,2018,70,0,20,2023,55,1
781,7,2024,9,52,18,1814,,1,0,0,a,a,1037.0,5,2015,112,0,27,2021,181,0
320,6,2024,8,50,19,2005,,1,0,0,a,a,1452.0,2,2022,30,1,29,2023,73,0
490,6,2024,10,39,16,3107,1.0,1,0,1,a,c,50.0,10,2003,252,1,49,2016,406,1
865,4,2024,7,36,2,1505,,1,0,1,a,c,1075.0,5,2011,158,0,7,2019,289,0
1103,2,2024,10,44,3,2232,,1,b,0,a,c,761.0,1,2009,189,1,38,2013,500,0
276,5,2023,10,18,18,291,,0,0,1,c,a,838.0,10,2020,36,1,36,2016,346,0
21,4,2024,5,25,11,1506,,0,0,1,a,c,1059.0,2,2007,207,0,48,2021,133,1
937,5,2024,1,40,27,3355,,0,0,1,b,a,824.0,4,2019,57,1,25,2019,275,0
1043,2,2023,7,19,14,1914,1.0,0,0,0,a,a,899.0,2,2001,269,0,5,2019,222,0
366,6,2024,9,36,13,3949,1.0,0,0,0,a,c,761.0,7,2016,98,0,47,2019,249,0
57,2,2023,4,11,25,2847,,1,0,1,a,a,979.0,12,2008,172,1,47,2017,276,0
701,7,2024,10,20,21,1143,1.0,1,0,1,a,c,944.0,4,2019,66,0,3,2017,381,1
963,2,2023,6,32,7,1138,1.0,0,0,0,c,a,535.0,3,2017,75,1,17,2020,171,0
258,1,2024,5,31,22,3668,1.0,0,0,0,a,a,965.0,6,2001,275,1,38,2015,461,1
1035,2,2023,10,36,18,2334,,0,0,1,a,a,1044.0,3,2000,283,1,22,2011,500,1
705,4,2023,2,5,21,1503,1.0,1,0,1,a,c,900.0,8,2012,126,1,34,2021,75,0
1025,5,2024,4,21,5,3651,,0,0,1,d,a,1181.0,9,2010,163,1,36,2022,89,1
244,5,2023,4,48,14,1805,1.0,1,b,0,c,a,787.0,1,2002,255,0,14,2021,138,0
463,4,2023,11,31,11,410,,1,0,1,d,c,528.0,4,2001,271,1,35,2019,204,1
106,7,2023,9,7,5,3016,1.0,1,0,1,a,a,859.0,7,2016,86,0,9,2012,500,1
446,2,2023,6,48,4,2683,1.0,1,0,0,a,b,808.0,4,2013,122,1,13,2020,191,1
218,6,2023,2,38,12,2842,1.0,1,0,0,a,a,391.0,9,2004,221,1,46,2015,408,0
1100,7,2024,8,16,16,2473,1.0,1,a,1,c,a,1031.0,3,2009,185,0,41,2012,500,0
944,5,2024,7,47,2,3789,1.0,0,c,0,c,a,1419.0,5,2008,194,0,20,2010,500,1
1021,3,2023,4,19,8,3831,1.0,1,0,0,a,a,806.0,6,2021,22,0,31,2014,456,1
150,3,2024,5,31,18,2669,,1,0,0,d,a,634.0,3,2003,254,0,2,2018,341,0
581,4,2023,4,28,14,3353,,1,b,0,a,c,190.0,2,2002,254,0,30,2021,102,1
840,6,2023,8,33,27,2721,1.0,1,0,0,a,a,937.0,12,2013,116,0,48,2016,349,1
959,5,2023,8,51,27,3661,1.0,0,0,1,a,c,1105.0,12,2005,212,1,23,2017,340,1
1001,2,2023,8,19,11,940,,0,0,0,a,c,720.0,6,2000,278,1,19,2019,208,1
327,1,2024,8,19,8,3505,,0,0,0,c,a,778.0,12,2007,200,0,45,2021,130,0
336,7,2023,4,34,9,2254,1.0,0,0,1,a,a,299.0,7,2019,45,0,18,2010,500,1
391,3,2024,6,19,28,684,1.0,0,0,1,a,a,899.0,6,2022,24,1,44,2017,339,0
937,5,2024,12,27,7,3804,,0,0,1,a,b,476.0,3,2011,165,0,16,2012,500,1
932,6,2024,1,42,15,1383,1.0,1,0,1,c,a,991.0,4,2012,141,0,30,2014,500,1
305,2,2024,5,6,6,2008,1.0,0,0,0,a,a,860.0,10,2004,235,0,42,2020,172,1
755,6,2023,4,1,6,3636,,0,a,0,b,c,757.0,6,2006,202,1,4,2014,465,0
411,2,2023,10,23,3,3126,,1,0,0,a,a,1170.0,10,2011,144,0,31,2015,408,0
478,4,2023,9,40,27,1666,1.0,0,0,0,a,a,480.0,1,2000,284,1,5,2020,191,1
962,4,2023,12,13,22,3533,1.0,0,c,0,a,a,1363.0,2,2016,94,1,48,2017,277,1
798,6,2024,8,38,11,3002,,1,0,1,c,a,960.0,4,2006,220,0,52,2018,298,0
726,3,2024,11,2,16,3358,1.0,0,0,0,a,c,814.0,7,2015,112,1,49,2015,421,0
108,3,2023,4,21,23,2051,1.0,1,0,1,a,a,654.0,11,2005,209,1,29,2010,500,1
606,3,2024,8,35,23,1417,1.0,0,0,1,a,a,1100.0,10,2015,106,1,46,2010,500,0
216,5,2024,4,42,21,1396,1.0,0,0,1,a,a,680.0,9,2016,91,0,32,2014,500,1
76,2,2023,9,9,13,430,1.0,1,0,1,d,a,1184.0,5,2014,112,1,19,2010,500,1
839,6,2024,7,4,11,1417,1.0,1,0,0,c,c,1232.0,8,2011,155,0,29,2013,500,0
1067,1,2023,5,21,18,1419,,0,0,0,a,c,569.0,2,2012,135,1,41,2023,0,1
121,5,2023,6,48,18,1412,1.0,0,b,1,a,c,968.0,6,2020,36,1,2,2021,150,0
9,3,2023,5,1,7,2053,1.0,1,0,0,c,a,377.0,8,2007,189,0,49,2011,500,1
190,4,2023,2,50,14,566,,0,0,1,a,a,1145.0,2,2006,204,1,13,2022,89,0
560,2,2024,10,40,12,3120,1.0,0,0,1,a,c,940.0,9,2011,157,1,20,2020,228,1
447,4,2023,9,44,13,2785,1.0,0,0,1,b,a,772.0,1,2006,212,1,6,2017,350,1
856,1,2024,11,7,22,769,,1,0,1,b,a,243.0,6,2018,77,1,8,2012,500,1
519,7,2023,4,28,3,2658,1.0,0,0,1,a,c,1003.0,7,2011,141,1,9,2018,279,0
507,2,2023,12,33,3,3111,1.0,1,0,1,d,a,819.0,9,2018,63,1,26,2013,500,0
441,2,2024,6,6,24,1533,,0,0,1,a,c,493.0,1,2007,209,1,7,2017,363,0
63,4,2024,8,27,26,3003,1.0,1,0,1,c,c,903.0,8,2018,72,0,50,2013,500,0
215,6,2024,6,47,6,1427,1.0,1,0,1,a,a,1251.0,2,2006,220,1,31,2020,224,0
840,5,2024,10,51,19,3196,,0,0,1,c,a,1283.0,3,2006,223,1,50,2017,365,1
417,5,2023,4,48,6,1656,,0,0,1,a,a,747.0,2,2002,254,0,19,2019,237,0
1039,3,2024,8,16,14,3690,,0,0,1,a,c,466.0,11,2020,45,1,33,2021,139,0
839,5,2024,4,23,23,3519,,1,0,0,a,a,1125.0,7,2010,165,0,28,2021,151,1
1015,6,2024,10,20,28,2296,,1,0,0,a,c,405.0,8,2009,182,1,25,2018,307,1
117,1,2024,6,23,10,649,1.0,1,0,0,c,a,534.0,6,2007,204,0,17,2012,500,1
806,1,2024,10,4,19,1838,1.0,0,0,0,c,b,1041.0,12,2008,190,1,17,2015,455,1
342,3,2023,4,2,2,2640,1.0,0,0,0,d,c,1186.0,9,2016,79,0,34,2013,488,0
471,3,2024,5,20,10,1661,,0,0,1,a,a,1023.0,9,2021,32,0,12,2013,500,0
490,5,2023,2,51,12,534,1.0,0,b,0,a,a,756.0,9,2009,161,0,49,2020,158,1
341,6,2023,4,35,24,1641,1.0,1,0,0,b,c,1022.0,11,2014,101,0,41,2016,358,1
544,1,2024,3,17,4,3751,1.0,1,0,0,c,a,1170.0,3,2017,84,0,4,2023,65,1
300,5,2024,1,30,13,3172,1.0,0,0,1,a,a,977.0,8,2021,29,1,23,2023,59,0
189,5,2024,8,45,2,1287,1.0,0,0,0,a,a,195.0,1,2006,223,0,21,2016,440,1
884,4,2023,6,23,24,3473,1.0,1,0,0,a,c,642.0,12,2002,246,1,9,2014,482,0
758,1,2023,7,34,25,3764,,1,0,1,a,a,1111.0,7,2016,84,1,8,2011,500,0
7,1,2023,7,42,6,1978,1.0,0,0,1,a,a,623.0,4,2008,183,0,36,2012,500,0
411,6,2023,7,16,28,367,,1,0,0,a,c,1105.0,10,2015,93,0,32,2018,244,1
670,6,2023,9,3,11,3184,1.0,0,0,1,c,b,953.0,10,2012,131,0,49,2018,214,1
1040,1,2024,3,35,10,3564,1.0,1,0,0,a,a,929.0,4,2007,203,1,36,2011,500,1
94,2,2024,3,49,11,378,1.0,1,0,1,b,a,1191.0,12,2012,135,1,19,2011,500,1
1082,2,2024,7,49,26,237,,1,0,1,a,a,753.0,11,2008,188,0,25,2011,500,1
722,7,2024,2,52,4,2207,1.0,1,0,0,a,b,1047.0,5,2017,81,0,37,2016,431,0
489,3,2024,12,30,7,1836,1.0,0,a,1,a,a,776.0,1,2001,287,1,23,2018,319,0
10,7,2023,9,27,17,3818,1.0,1,0,0,d,a,941.0,10,2014,107,1,13,2010,500,0
1110,7,2023,11,8,9,2144,,0,b,1,a,c,1108.0,9,2019,50,1,41,2011,500,0
52,2,2024,1,10,20,482,1.0,1,0,1,a,a,570.0,4,2004,237,1,3,2010,500,0
14,3,2023,6,50,28,3912,1.0,1,a,1,d,a,893.0,11,2015,91,1,23,2013,500,1
879,1,2023,12,40,6,2689,1.0,0,a,1,a,c,507.0,12,2018,60,1,27,2010,500,0
570,7,2023,1,45,24,3048,1.0,0,0,1,d,a,710.0,12,2000,265,0,9,2013,500,1
527,3,2024,11,20,24,787,1.0,0,0,1,c,c,686.0,12,2017,83,0,37,2012,500,1
438,6,2023,12,32,10,3126,1.0,1,0,0,a,c,619.0,9,2013,123,0,15,2023,17,1
775,7,2023,3,29,17,818,1.0,0,b,1,c,a,1101.0,7,2005,212,1,2,2017,339,1
692,6,2024,8,20,19,1471,,0,0,1,c,c,826.0,4,2007,208,0,34,2013,500,1
641,2,2023,6,42,25,1474,1.0,0,0,1,d,c,1598.0,11,2003,235,0,51,2011,500,0
12,5,2024,2,10,6,2664,1.0,0,0,0,c,a,841.0,2,2022,24,1,13,2019,257,1
886,6,2023,2,25,20,763,,0,0,1,a,c,655.0,6,2000,272,1,38,2021,91,1
103,3,2023,10,20,16,1702,1.0,0,0,1,a,c,1068.0,6,2009,172,1,47,2017,285,1
1082,4,2023,1,11,8,2479,1.0,0,0,0,c,c,974.0,12,2014,97,1,29,2017,294,1
951,7,2023,3,41,12,2739,,0,0,1,a,a,1125.0,7,2005,212,1,7,2012,500,1
186,2,2024,5,49,22,1658,,0,0,0,b,c,693.0,8,2020,45,1,50,2014,500,1
449,7,2023,5,31,21,2186,1.0,0,0,1,d,a,719.0,6,2014,107,1,25,2016,370,0
510,6,2023,1,4,5,2492,1.0,0,0,0,c,a,903.0,6,2014,103,0,22,2010,500,0
153,2,2023,5,47,17,3794,1.0,1,0,1,a,a,783.0,10,2020,31,1,42,2011,500,0
522,5,2023,12,23,6,1182,1.0,0,0,0,c,c,1174.0,4,2003,248,1,22,2016,365,1
183,2,2023,5,14,10,860,1.0,0,0,1,b,b,483.0,11,2016,78,0,14,2012,500,1
320,6,2023,12,22,21,3786,,0,0,0,a,c,1094.0,6,2021,30,1,9,2010,500,1
851,3,2024,8,5,16,873,1.0,1,0,1,a,c,1431.0,4,2003,256,0,43,2020,170,0
591,1,2023,9,26,14,2406,1.0,0,0,0,a,a,1091.0,3,2018,66,0,33,2019,201,0
187,2,2023,8,48,21,1140,,1,0,0,c,a,1112.0,8,2010,156,0,34,2016,378,1
165,3,2024,7,24,18,3365,1.0,0,0,0,c,b,844.0,1,2017,90,0,30,2021,150,0
201,6,2023,1,41,15,960,1.0,0,0,0,a,a,488.0,9,2000,268,1,51,2021,94,1
1047,2,2023,6,9,24,3567,,0,a,0,a,a,189.0,8,2020,34,1,18,2011,500,0
284,7,2023,9,44,13,1557,,1,0,1,a,c,967.0,7,2013,122,0,34,2018,270,0
217,1,2024,9,13,1,1748,,0,0,1,a,c,794.0,3,2008,198,0,16,2011,500,0
511,6,2023,12,46,21,3695,,0,0,0,a,c,452.0,2,2003,250,0,11,2023,35,1
801,7,2023,2,28,22,236,,0,0,1,a,c,1336.0,1,2003,241,0,40,2018,248,1
480,4,2024,7,30,6,1313,1.0,1,0,0,a,a,687.0,2,2019,65,0,41,2023,41,1
203,1,2024,12,2,13,2284,1.0,0,c,1,a,c,861.0,10,2015,110,0,12,2016,406,0
422,3,2023,8,31,25,471,1.0,1,0,1,a,a,877.0,6,2017,74,1,49,2017,294,1
316,5,2024,4,16,3,3310,1.0,1,0,1,c,a,1049.0,2,2021,38,0,12,2014,500,0
178,4,2024,8,7,23,2030,1.0,0,0,1,c,c,974.0,3,2005,233,0,15,2017,356,0
925,5,2024,6,1,12,2850,,0,0,0,a,c,535.0,3,2005,231,0,13,2011,500,0
977,7,2023,8,46,26,408,,1,0,0,a,c,383.0,6,2011,146,1,40,2012,500,0
935,4,2024,1,17,10,1548,1.0,1,0,1,c,c,799.0,3,2011,154,1,37,2018,292,0
883,3,2024,12,27,12,1099,1.0,0,0,1,a,a,714.0,9,2008,195,1,17,2012,500,1
61,6,2024,7,17,1,206,1.0,0,0,1,a,c,1051.0,10,2019,57,1,22,2012,500,0
57,6,2023,1,13,14,566,1.0,1,0,1,a,c,607.0,2,2012,131,1,50,2019,171,1
362,5,2023,9,24,17,2405,1.0,1,0,1,a,b,905.0,1,2003,248,0,42,2016,346,0
152,3,2024,4,51,7,2648,1.0,0,0,0,c,c,1110.0,2,2011,158,0,46,2010,500,0
576,5,2023,9,37,18,3895,1.0,1,0,1,b,c,401.0,11,2008,178,0,43,2017,306,0
763,5,2024,9,40,24,3309,,0,0,1,c,a,943.0,8,2015,109,1,22,2016,434,0
890,2,2023,1,32,16,210,,0,0,1,a,c,869.0,12,2018,49,0,46,2021,90,0
130,3,2024,8,40,27,1029,1.0,1,0,0,c,a,662.0,2,2007,210,0,9,2013,500,0
135,2,2024,9,48,16,2814,1.0,0,0,0,a,a,334.0,6,2014,123,1,5,2022,147,1
713,5,2024,12,34,19,1929,,1,0,1,a,a,125.0,3,2014,129,0,18,2015,484,0
444,7,2024,2,1,11,262,1.0,0,0,1,a,a,718.0,4,2002,262,0,27,2019,234,0
958,6,2023,4,46,24,1460,1.0,0,0,0,c,a,882.0,3,2019,49,1,21,2014,493,1
968,3,2023,10,26,23,1932,1.0,0,0,1,c,c,947.0,9,2012,133,0,27,2023,0,1
985,5,2023,6,26,11,892,1.0,0,0,0,c,c,656.0,8,2017,70,1,12,2013,500,1
838,5,2024,12,19,20,2195,1.0,0,0,1,a,c,1178.0,11,2008,193,1,7,2021,168,0
1,5,2023,11,22,2,324,1.0,0,0,0,a,c,1143.0,4,2018,67,0,19,2015,419,0
79,7,2024,5,49,13,3993,1.0,0,0,1,a,a,691.0,3,2022,26,1,12,2013,500,1
737,2,2023,2,20,15,2721,,1,0,1,a,a,756.0,2,2003,240,0,8,2014,480,1
628,7,2024,9,20,13,2580,1.0,0,0,0,a,a,777.0,4,2008,197,0,23,2019,257,1
806,4,2023,5,48,28,1122,,0,0,0,a,a,860.0,3,2011,146,1,49,2016,363,1
796,7,2024,11,44,1,1120,1.0,1,0,0,a,a,955.0,3,2015,116,0,36,2023,60,0
422,7,2024,9,28,9,1155,,1,0,0,a,a,1311.0,2,2009,187,0,5,2016,439,1
805,7,2024,6,35,12,3762,1.0,0,0,0,c,a,509.0,2,2010,172,0,43,2023,44,1
463,6,2024,9,33,5,3557,1.0,1,0,1,b,a,704.0,11,2003,250,0,31,2010,500,1
665,2,2024,10,45,9,2708,,0,0,0,a,c,883.0,5,2003,257,0,14,2014,500,1
204,5,2023,8,36,11,1723,1.0,0,0,1,b,a,557.0,8,2016,84,0,41,2011,500,1
422,3,2024,6,13,15,459,,1,0,1,a,a,671.0,2,2008,196,0,19,2011,500,1
222,5,2024,11,49,12,1789,1.0,1,0,1,a,b,1385.0,4,2011,163,1,39,2019,270,1
982,7,2024,12,14,17,3947,,0,0,1,a,b,1155.0,11,2021,37,1,41,2016,389,0
992,3,2023,11,50,28,3082,1.0,0,a,0,d,a,951.0,12,2002,251,0,41,2011,500,1
484,2,2023,2,24,9,2611,,0,c,1,a,a,780.0,12,2003,230,0,47,2022,29,1
537,6,2024,3,45,22,3325,1.0,0,0,0,a,b,555.0,8,2011,151,0,19,2018,338,0
404,2,2023,1,23,7,2310,1.0,0,0,1,a,a,1059.0,5,2007,188,1,43,2018,240,0
1048,4,2024,12,4,17,2662,1.0,1,0,0,b,a,1084.0,4,2004,248,0,28,2011,500,0
518,7,2023,10,30,17,1662,1.0,0,0,1,a,a,600.0,8,2011,146,1,48,2018,242,1
924,6,2024,1,36,16,344,1.0,1,0,0,b,a,992.0,5,2003,248,1,2,2018,346,0
949,2,2024,4,17,4,2277,1.0,0,0,1,a,a,364.0,9,2004,235,0,36,2010,500,0
614,5,2023,11,52,21,741,1.0,0,0,1,a,a,1092.0,4,2016,91,0,9,2017,355,1
517,1,2024,12,35,24,1592,,0,0,0,a,a,492.0,9,2011,159,0,31,2017,368,1
931,5,2024,1,48,16,2431,,0,0,1,d,c,1106.0,9,2021,28,0,33,2010,500,0
772,1,2023,10,14,12,2582,1.0,1,0,0,d,c,1090.0,9,2001,265,0,33,2019,189,0
82,1,2023,3,5,8,1429,1.0,0,0,1,c,a,1358.0,1,2006,206,1,20,2015,401,1
820,2,2024,10,34,13,3580,,1,0,0,a,a,1065.0,5,2014,125,1,47,2014,500,0
689,4,2024,12,21,25,3007,1.0,0,0,0,a,c,1393.0,12,2018,72,0,4,2015,485,1
769,7,2023,6,17,16,1127,1.0,1,0,1,c,c,565.0,6,2019,48,0,21,2016,360,0
193,2,2024,5,19,11,2359,1.0,0,a,0,c,a,481.0,2,2017,87,0,50,2019,229,0
788,5,2024,8,37,19,2998,1.0,0,0,1,a,a,873.0,1,2020,55,0,6,2011,500,0
537,7,2024,6,6,23,1743,,0,0,1,a,c,392.0,11,2008,187,0,2,2012,500,1
407,1,2023,4,15,4,3715,,1,0,1,d,a,1603.0,5,2005,215,1,25,2019,198,0
762,6,2023,5,8,18,3409,,0,0,0,a,a,1226.0,4,2021,25,1,13,2020,151,0
18,4,2023,12,8,14,729,1.0,1,0,0,a,a,601.0,4,2015,104,1,52,2022,8,1
789,2,2023,1,23,15,2056,,1,0,1,c,c,507.0,5,2013,116,1,27,2016,360,1
853,1,2023,1,26,11,892,1.0,0,0,0,a,a,818.0,8,2000,269,0,39,2016,351,1
540,6,2024,7,14,20,2598,1.0,0,0,0,a,c,811.0,4,2005,231,1,6,2014,500,0
653,2,2023,6,12,21,3754,,0,0,1,b,c,352.0,11,2014,103,0,33,2015,395,1
97,3,2023,11,11,28,954,,1,0,1,d,a,856.0,2,2010,165,0,18,2012,500,0
1010,2,2024,2,22,7,3624,1.0,0,c,1,a,c,892.0,4,2017,82,1,28,2012,500,0
288,3,2024,6,9,19,1325,1.0,0,0,0,a,c,1423.0,11,2008,187,0,25,2017,348,0
769,6,2024,7,4,1,779,1.0,1,0,1,a,c,938.0,8,2011,155,1,9,2013,500,0
886,4,2024,2,33,23,2014,1.0,0,0,0,b,a,1142.0,7,2005,223,0,4,2014,500,0
58,2,2023,1,42,4,3139,,0,0,0,d,a,1007.0,12,2016,73,0,12,2022,82,1
707,4,2023,2,3,19,1455,1.0,0,0,1,c,a,981.0,9,2005,209,0,21,2020,138,1
792,4,2023,2,33,6,3823,1.0,1,0,1,c,a,620.0,6,2005,212,0,13,2023,20,1
433,4,2023,12,45,12,3469,,0,0,1,c,a,509.0,10,2020,38,1,39,2015,422,0
304,5,2024,9,13,23,802,1.0,0,0,0,a,a,925.0,5,2006,220,1,28,2020,193,1
387,4,2024,11,32,22,1058,1.0,0,0,1,a,a,702.0,9,2012,146,1,41,2013,500,1
1089,5,2024,5,22,11,1642,1.0,0,0,0,a,a,537.0,7,2019,58,1,27,2014,500,0
441,6,2023,2,33,13,3570,1.0,0,0,1,d,b,881.0,2,2000,276,0,34,2015,415,0
572,4,2023,6,49,17,3758,1.0,0,b,1,a,c,502.0,11,2001,259,0,16,2014,500,0
857,5,2024,1,1,18,1099,1.0,1,0,1,a,a,1273.0,8,2012,137,1,6,2018,307,1
528,1,2023,6,16,14,3204,1.0,0,0,0,d,a,660.0,1,2016,89,0,29,2016,351,0
112,6,2024,1,12,12,1444,1.0,1,0,1,c,a,50.0,4,2020,45,0,7,2020,213,1
503,4,2024,12,13,15,3173,1.0,0,b,1,b,a,1129.0,7,2017,89,1,26,2019,247,1
348,5,2024,8,4,19,2866,,1,0,1,a,c,1315.0,8,2005,228,0,23,2020,189,0
244,1,2024,6,22,12,1307,1.0,0,0,1,c,c,770.0,4,2008,194,0,49,2018,285,1
1021,6,2024,12,51,18,1102,1.0,0,0,0,a,b,811.0,1,2012,155,1,38,2013,500,1
463,1,2023,2,40,24,3009,,0,b,0,c,b,695.0,11,2011,135,0,40,2017,312,1
354,1,2023,1,26,7,1949,1.0,0,0,0,c,c,1391.0,8,2020,29,0,49,2022,29,0
474,4,2024,8,24,25,2712,1.0,0,0,0,d,c,780.0,3,2014,125,1,7,2010,500,1
91,5,2023,5,44,2,1284,1.0,1,0,1,a,a,462.0,10,2009,163,1,9,2019,243,1
1009,4,2024,5,22,20,3851,1.0,1,0,0,c,c,625.0,5,2002,264,0,52,2012,500,1
432,6,2024,5,14,5,3209,,1,0,1,a,c,1074.0,3,2005,230,1,44,2013,500,1
30,7,2023,3,23,11,557,1.0,0,0,0,c,a,1166.0,3,2016,84,0,28,2023,0,1
829,2,2024,8,11,9,467,1.0,0,0,1,a,b,1074.0,3,2006,221,1,6,2015,473,0
726,5,2023,6,24,23,985,1.0,0,0,1,a,a,706.0,4,2010,158,0,50,2022,26,1
517,7,2023,4,33,12,555,1.0,1,0,1,a,b,926.0,2,2007,194,0,37,2011,500,1
392,2,2023,5,18,20,525,1.0,0,0,1,d,c,426.0,12,2018,53,0,49,2021,73,0
693,1,2023,4,13,14,2521,1.0,0,0,1,a,a,731.0,1,2001,267,0,41,2013,492,1
468,2,2024,8,8,5,2634,,0,0,0,a,a,573.0,2,2007,210,0,51,2014,477,1
121,1,2024,2,10,4,2463,,0,0,1,c,a,1534.0,3,2007,203,1,51,2022,63,0
1049,6,2024,5,22,27,1976,1.0,0,0,1,a,a,653.0,7,2006,214,0,28,2017,358,0
4,1,2023,8,47,21,1842,1.0,1,0,1,b,c,1049.0,5,2013,123,1,9,2017,350,1
443,1,2024,12,24,7,2408,1.0,0,0,0,b,a,1218.0,1,2016,107,1,41,2018,295,0
473,6,2023,5,32,3,1603,1.0,0,0,0,a,a,1099.0,5,2009,168,1,51,2020,137,1
1025,5,2024,1,34,1,1412,1.0,1,0,1,a,c,639.0,6,2015,103,0,46,2017,352,0
883,7,2024,9,43,2,3464,1.0,0,0,0,d,a,1472.0,10,2018,71,1,42,2012,500,0
933,2,2024,5,45,16,396,1.0,0,0,1,a,a,663.0,3,2016,98,1,45,2011,500,0
1109,1,2023,7,19,13,2195,1.0,0,0,1,c,a,747.0,7,2021,24,0,50,2016,333,0
495,6,2023,5,51,12,1615,,0,0,1,a,a,1365.0,11,2007,186,1,38,2020,169,0
516,1,2023,2,36,17,2731,1.0,1,0,1,a,c,986.0,12,2008,170,1,10,2015,442,1
1043,4,2024,3,12,5,2845,1.0,0,0,0,d,a,847.0,3,2022,24,0,47,2019,225,0
553,7,2023,8,22,12,3383,,1,0,0,a,a,848.0,5,2012,135,1,43,2011,500,1
580,5,2024,2,51,2,1798,1.0,1,0,0,d,c,278.0,6,2007,200,0,31,2021,176,1
448,2,2024,2,51,10,2850,1.0,0,0,1,a,a,263.0,12,2010,158,1,46,2015,473,0
975,7,2024,6,8,10,1844,,1,0,0,a,a,990.0,11,2006,211,0,25,2012,500,0
1048,1,2023,3,50,22,2874,,0,0,1,d,a,739.0,10,2018,53,0,3,2021,151,0
513,3,2023,8,46,5,1830,1.0,0,0,1,a,a,567.0,6,2008,182,1,19,2014,495,0
524,7,2023,5,40,18,615,1.0,1,0,0,a,a,967.0,6,2013,119,1,14,2023,26,0
1025,4,2023,8,13,21,2855,1.0,0,0,0,a,b,465.0,9,2000,275,0,19,2021,98,1
264,7,2024,11,47,19,838,,0,0,0,c,c,827.0,4,2002,271,1,25,2017,386,1
1016,2,2023,3,40,2,2240,1.0,0,0,0,c,a,620.0,4,2009,167,0,8,2010,500,0
1105,1,2024,9,15,19,350,1.0,0,0,0,c,a,1066.0,5,2018,76,0,50,2022,69,1
295,3,2023,3,35,19,3334,1.0,0,0,1,c,a,731.0,10,2002,245,1,41,2014,462,1
672,3,2024,10,6,20,1717,,0,0,0,a,c,1122.0,1,2017,93,0,19,2019,247,0
606,6,2023,8,10,12,474,1.0,0,0,0,a,a,694.0,8,2005,216,0,36,2019,182,1
699,7,2023,12,22,6,958,1.0,0,0,1,d,a,530.0,1,2011,155,0,36,2017,298,1
1111,3,2023,9,2,5,1864,1.0,0,0,0,a,a,831.0,7,2006,206,0,4,2011,500,1
602,1,2024,12,46,5,2380,1.0,1,a,0,d,c,1128.0,2,2011,166,0,22,2017,388,1
580,1,2023,5,36,24,2154,1.0,1,0,0,a,b,508.0,6,2004,227,0,35,2021,105,0
325,3,2023,12,11,2,1359,1.0,1,0,0,a,a,498.0,7,2009,173,0,35,2019,184,1
625,2,2024,10,21,26,1199,1.0,0,0,0,d,a,564.0,9,2015,109,1,35,2021,142,1
832,4,2024,8,22,6,304,,0,0,1,a,a,1322.0,9,2006,215,1,27,2021,151,0
12,5,2023,7,27,8,854,,0,0,1,a,a,610.0,2,2015,101,0,8,2011,500,1
752,6,2023,4,21,5,3706,,1,0,0,c,a,1177.0,1,2013,123,0,7,2014,482,0
504,1,2024,8,6,15,2971,,0,0,0,b,a,759.0,4,2009,184,1,42,2017,328,0
946,3,2023,4,9,8,674,1.0,1,0,0,b,a,657.0,7,2022,9,0,20,2023,0,1
99,5,2024,6,42,18,3197,,0,0,0,a,a,1034.0,4,2002,266,0,39,2020,211,0
149,7,2023,9,48,18,3234,1.0,1,0,1,b,b,802.0,7,2007,194,1,22,2017,338,1
903,7,2024,7,26,19,552,1.0,1,0,0,a,c,1149.0,5,2018,74,0,18,2019,268,0
650,5,2023,8,42,12,1728,1.0,1,0,0,a,a,603.0,12,2016,80,0,18,2012,500,1
1092,3,2024,4,34,20,3975,,0,0,1,a,a,891.0,11,2019,53,0,21,2019,273,0
26,2,2023,9,33,2,351,1.0,0,0,0,d,a,483.0,4,2009,173,1,5,2017,340,1
99,5,2024,9,5,2,208,,0,0,0,d,a,355.0,8,2022,25,0,32,2010,500,1
197,1,2023,11,2,15,892,1.0,1,0,1,a,c,651.0,2,2009,177,0,52,2020,106,1
531,4,2024,10,6,16,2851,,0,0,0,a,c,748.0,12,2020,46,0,27,2022,83,1
187,4,2024,7,38,12,1636,1.0,0,0,0,a,b,702.0,9,2017,82,1,20,2017,382,1
287,5,2023,11,13,13,2839,,0,0,1,a,a,423.0,4,2013,127,1,18,2017,307,0
816,5,2023,10,11,28,2661,1.0,0,0,0,a,b,725.0,9,2014,109,1,27,2010,500,0
880,5,2024,10,8,10,3664,,0,b,0,a,c,720.0,12,2008,190,1,36,2020,180,0
339,1,2023,7,12,13,1396,1.0,0,0,1,d,c,1275.0,9,2013,118,0,31,2015,397,0
666,4,2023,3,15,10,450,,1,0,0,a,a,970.0,4,2018,59,1,43,2019,180,0
166,3,2023,3,1,20,3101,1.0,1,0,0,c,b,274.0,6,2018,57,0,37,2019,172,0
217,5,2023,4,22,15,3041,1.0,1,a,1,c,c,619.0,4,2013,120,1,9,2011,500,0
625,4,2024,12,8,18,893,1.0,0,0,0,a,a,992.0,5,2022,31,1,26,2021,138,0
439,5,2023,1,10,6,3947,1.0,1,0,1,b,b,668.0,6,2021,19,0,45,2022,17,0
149,1,2024,4,3,16,3959,,0,0,1,a,a,584.0,10,2011,150,0,28,2013,500,1
968,4,2023,8,39,4,1242,1.0,0,0,1,c,c,473.0,4,2016,88,0,42,2023,0,0
81,5,2024,2,39,5,2896,1.0,1,a,0,b,a,835.0,6,2019,56,1,4,2012,500,1
956,2,2023,9,34,5,383,,0,0,1,c,a,1357.0,8,2005,217,0,11,2011,500,0
892,5,2024,7,2,8,2701,1.0,1,0,0,b,a,543.0,10,2000,285,0,10,2011,500,1
993,7,2024,7,27,24,1465,1.0,0,0,0,a,c,1169.0,5,2008,194,1,7,2012,500,1
277,7,2024,5,12,5,752,1.0,0,0,0,c,c,949.0,4,2000,289,1,14,2021,154,1
814,2,2024,5,41,13,887,,0,0,0,b,a,648.0,9,2018,68,1,14,2015,495,1
794,3,2023,3,15,16,1897,1.0,0,0,0,a,c,968.0,11,2002,244,0,47,2018,228,1
285,1,2024,12,24,8,2937,1.0,0,0,0,a,a,358.0,6,2022,30,0,48,2017,340,0
476,2,2023,9,38,10,2150,,0,0,0,c,c,1020.0,8,2018,61,0,37,2011,500,0
352,6,2023,11,24,2,292,,1,0,1,a,a,765.0,11,2011,144,1,6,2018,278,0
631,7,2023,2,24,20,3078,1.0,1,0,0,a,a,797.0,12,2001,254,0,35,2023,0,1
987,1,2023,6,9,25,1398,1.0,1,c,1,a,c,831.0,8,2009,166,1,43,2019,174,1
448,5,2023,5,52,8,3008,1.0,0,0,0,a,a,1099.0,8,2012,129,1,23,2017,341,0
280,2,2023,4,26,27,2738,1.0,0,0,0,c,c,571.0,2,2004,230,0,41,2017,297,0
448,3,2023,4,39,12,3613,1.0,0,0,0,c,a,144.0,3,2005,217,0,20,2023,19,1
253,7,2024,5,5,21,3004,1.0,1,c,1,a,a,95.0,1,2014,124,0,34,2011,500,0
428,5,2024,3,10,27,3136,1.0,1,0,1,c,c,707.0,4,2008,191,0,36,2014,494,0
991,4,2023,12,36,24,1202,1.0,0,0,0,c,a,1492.0,5,2001,271,0,7,2018,289,0
1026,5,2024,10,3,15,2262,1.0,0,0,1,a,a,702.0,2,2005,236,0,25,2018,290,0
321,5,2023,1,52,4,542,1.0,0,0,0,c,c,1254.0,2,2010,155,0,36,2015,432,0
332,4,2023,7,40,12,973,,1,0,1,c,c,604.0,3,2014,112,1,14,2021,130,1
726,3,2023,7,44,9,1835,1.0,1,0,1,c,b,1047.0,11,2013,116,1,12,2010,500,1
700,4,2024,4,6,9,1810,1.0,1,0,1,a,c,634.0,6,2001,274,0,41,2017,329,0
132,5,2023,10,36,4,3677,,0,0,0,a,a,408.0,9,2005,217,1,30,2012,500,1
353,2,2024,2,30,18,3474,1.0,1,0,1,b,a,826.0,9,2008,185,1,11,2017,383,1
336,6,2024,2,42,13,1694,1.0,1,0,0,a,c,885.0,4,2010,166,1,48,2015,462,1
431,5,2023,9,18,6,3210,1.0,1,0,0,b,c,887.0,12,2016,81,1,52,2020,122,1
784,4,2024,2,42,11,3020,1.0,0,0,0,a,a,1145.0,9,2016,89,0,6,2013,500,0
588,2,2024,2,21,2,1481,1.0,1,0,1,c,a,984.0,7,2011,151,1,28,2017,357,0
976,5,2023,9,31,19,3396,1.0,1,0,0,c,a,1209.0,11,2014,106,1,40,2021,95,0
345,3,2023,2,44,18,380,,1,0,0,a,c,1207.0,4,2013,118,1,40,2014,472,0
16,1,2024,10,49,17,2599,1.0,0,0,0,c,a,810.0,5,2005,233,0,52,2017,361,1
825,4,2024,6,37,25,3720,1.0,0,0,1,a,a,277.0,1,2007,209,0,52,2019,245,0
272,2,2024,9,49,23,2201,,1,0,0,c,a,686.0,10,2003,251,1,30,2013,500,0
866,6,2024,2,22,25,368,,1,0,1,d,a,968.0,3,2014,119,1,1,2012,500,0
1062,5,2023,10,25,22,584,,1,0,1,a,c,857.0,3,2016,91,0,44,2013,500,1
1056,2,2023,3,7,19,1856,,0,0,1,a,a,1339.0,1,2020,38,0,52,2018,215,0
560,1,2023,4,37,6,3605,1.0,0,0,1,a,a,1218.0,7,2012,129,1,18,2017,331,0
919,4,2023,1,43,10,2223,1.0,1,0,0,a,a,1011.0,3,2015,94,0,35,2015,424,0
821,4,2023,1,39,16,878,1.0,1,a,0,a,a,900.0,5,2005,212,1,11,2015,444,1
79,5,2024,5,37,7,1742,1.0,0,0,1,a,c,730.0,9,2009,176,1,38,2017,363,1
985,6,2023,6,7,6,320,1.0,0,0,0,c,c,1046.0,7,2007,191,1,26,2019,189,0
660,2,2024,11,9,19,981,1.0,1,0,0,c,a,807.0,6,2001,281,1,46,2021,119,0
67,7,2024,3,43,21,3653,1.0,0,0,0,d,a,485.0,2,2017,85,1,42,2019,261,1
704,3,2023,9,16,16,2815,1.0,0,0,1,a,a,1168.0,12,2010,153,1,24,2021,96,0
309,5,2024,9,28,3,1406,1.0,0,0,0,a,a,239.0,11,2005,226,1,34,2014,500,1
70,1,2023,1,40,16,1818,1.0,1,0,0,b,a,610.0,5,2015,92,1,11,2013,500,0
798,7,2023,1,17,25,2034,1.0,1,0,1,a,a,698.0,11,2013,110,1,33,2018,244,1
468,6,2024,3,26,13,3947,1.0,0,0,0,a,c,536.0,7,2021,32,0,24,2010,500,0
34,7,2024,10,25,8,695,1.0,0,0,1,a,b,543.0,6,2008,196,1,11,2020,222,1
869,5,2023,9,34,8,1803,1.0,1,0,0,a,a,872.0,9,2005,216,1,51,2016,347,1
533,3,2023,10,47,13,1731,,0,0,0,a,a,676.0,3,2003,247,0,40,2011,500,0
590,7,2023,6,25,24,3742,1.0,1,0,0,b,a,968.0,11,2018,55,0,22,2020,159,1
158,6,2024,11,23,21,1323,1.0,1,0,0,c,a,846.0,1,2000,298,1,24,2018,311,0
827,1,2023,11,11,27,757,1.0,0,0,1,a,c,840.0,8,2014,111,0,13,2013,500,1
832,3,2023,12,43,19,2234,1.0,0,0,1,a,a,1003.0,8,2013,124,0,26,2021,121,0
363,2,2024,9,44,1,2005,1.0,1,0,1,c,a,530.0,6,2001,279,0,51,2011,500,0
1073,1,2024,1,21,14,386,,0,0,0,a,a,219.0,7,2011,150,0,33,2020,196,1
539,4,2024,11,50,18,342,1.0,0,0,1,d,a,1037.0,12,2009,179,1,31,2022,123,1
75,2,2024,5,15,27,675,1.0,0,0,1,b,c,762.0,2,2016,99,1,23,2023,44,0
1075,3,2023,12,29,28,3667,1.0,1,0,0,c,c,964.0,3,2004,237,1,35,2022,46,0
625,5,2023,8,1,20,1226,1.0,0,0,0,c,c,50.0,4,2006,208,1,12,2013,500,0
564,1,2023,5,38,21,1165,,1,0,1,d,a,642.0,1,2017,76,0,51,2020,143,0
184,3,2024,6,4,1,1698,1.0,0,0,1,a,a,765.0,6,2013,132,1,41,2016,379,0
189,4,2024,1,18,19,631,1.0,0,0,1,c,b,862.0,7,2013,126,0,2,2021,172,0
834,4,2023,2,14,9,3924,1.0,0,0,1,d,c,1128.0,10,2000,268,1,23,2017,303,1
786,5,2024,9,29,23,3730,1.0,0,a,1,d,a,629.0,9,2001,276,0,44,2014,500,0
861,3,2023,11,16,19,2342,1.0,0,a,1,d,a,189.0,1,2019,58,0,35,2012,500,1
1091,7,2023,9,44,15,3345,1.0,1,0,1,a,a,536.0,10,2003,239,0,34,2014,478,1
1055,3,2023,10,14,21,573,1.0,0,0,0,a,a,716.0,7,2014,111,0,50,2012,500,0
754,1,2023,5,23,5,2996,,0,0,0,c,c,941.0,2,2005,219,1,13,2022,62,0
195,1,2024,12,14,8,3009,1.0,1,0,0,a,c,924.0,5,2015,115,0,38,2019,236,0
244,1,2024,11,34,19,890,1.0,0,0,1,a,c,468.0,12,2008,191,0,29,2023,57,1
144,2,2024,7,23,3,3617,1.0,0,0,1,c,a,1118.0,12,2009,175,1,25,2021,154,1
527,1,2024,3,4,3,1860,,0,0,1,b,b,357.0,6,2020,45,0,14,2017,354,1
570,4,2023,1,30,11,3027,,0,0,1,d,a,1567.0,3,2016,82,0,31,2011,500,1
67,7,2024,9,52,5,3413,,0,0,0,a,c,753.0,5,2012,148,1,29,2011,500,0
638,2,2024,6,35,11,3563,1.0,0,0,1,c,b,464.0,8,2004,238,1,17,2013,500,1
40,6,2024,5,28,4,3010,1.0,1,a,1,a,b,683.0,9,2016,92,0,14,2020,222,0
1056,5,2024,1,5,14,3534,,0,0,0,a,a,520.0,2,2006,215,1,33,2020,180,0
35,6,2023,6,10,23,564,,1,a,0,c,c,540.0,4,2013,122,0,2,2020,164,0
533,4,2024,10,39,9,452,,0,0,1,c,c,1038.0,10,2002,264,1,22,2010,500,0
230,4,2023,9,50,13,2722,,1,0,1,d,a,1132.0,6,2017,75,1,5,2020,201,1
1109,3,2024,7,4,14,1261,1.0,0,0,1,c,a,709.0,2,2014,125,0,33,2014,491,0
352,1,2023,7,11,15,3273,,1,0,0,d,a,759.0,9,2003,238,0,28,2016,347,1
400,6,2024,8,19,17,3586,1.0,0,a,0,c,c,448.0,11,2006,213,0,31,2021,144,0
824,4,2024,1,27,19,358,,0,0,1,a,a,1136.0,2,2004,239,1,3,2014,500,1
662,2,2024,7,23,2,1000,1.0,1,0,1,c,a,657.0,4,2007,207,1,26,2020,205,0
356,5,2023,3,9,10,2923,1.0,0,0,1,a,a,1108.0,9,2017,66,1,29,2014,448,1
326,1,2024,11,5,9,2892,,0,a,1,a,a,876.0,6,2012,149,0,51,2015,422,1
308,3,2024,2,20,8,3635,1.0,0,0,1,a,b,663.0,6,2008,188,1,42,2015,446,0
264,6,2023,12,4,22,616,,0,0,0,a,c,485.0,3,2018,69,1,44,2012,500,0
251,5,2023,10,46,13,1965,1.0,0,0,0,c,a,1332.0,10,2019,48,1,24,2021,126,1
697,5,2023,7,20,18,2106,1.0,0,0,1,c,c,969.0,5,2021,26,0,18,2017,314,0
865,6,2024,2,28,24,3044,1.0,1,0,0,a,a,805.0,2,2008,192,0,7,2015,489,1
812,1,2023,4,20,4,280,,1,c,0,c,c,1137.0,4,2018,60,1,12,2014,476,0
882,2,2023,3,7,6,1248,,0,0,0,a,a,875.0,3,2020,36,0,13,2023,0,0
405,4,2023,3,41,11,2202,,0,0,1,d,a,701.0,6,2012,129,0,49,2017,304,1
241,5,2024,1,48,18,2531,1.0,0,0,1,c,c,372.0,12,2003,241,1,41,2017,371,0
132,2,2023,6,37,24,3348,,0,0,0,d,c,426.0,4,2021,26,0,8,2012,500,0
937,6,2023,2,1,1,2987,1.0,0,a,0,c,c,1066.0,7,2001,259,0,22,2015,395,0
563,4,2023,4,14,12,3360,1.0,0,0,1,a,a,640.0,2,2010,158,0,15,2012,500,0
222,7,2024,9,19,7,2592,1.0,1,0,1,a,a,531.0,9,2002,264,1,51,2010,500,1
422,2,2024,8,24,1,3658,,0,0,0,a,c,1029.0,6,2007,206,1,52,2019,232,1
718,2,2023,10,36,22,763,1.0,0,0,0,d,c,709.0,7,2017,75,0,26,2015,426,1
395,7,2024,3,45,15,3746,,0,0,0,b,a,675.0,1,2006,218,0,25,2018,332,0
350,1,2023,6,28,11,2883,1.0,0,a,0,a,c,395.0,10,2022,8,1,42,2011,500,0
940,4,2024,2,29,5,882,1.0,0,0,1,a,a,459.0,1,2006,217,0,48,2015,449,1
205,5,2023,7,39,27,2962,,1,0,1,a,c,815.0,7,2017,72,0,30,2021,113,0
564,1,2023,10,36,23,464,1.0,0,0,1,a,c,785.0,9,2022,13,1,31,2022,57,1
244,4,2023,9,7,7,3477,1.0,0,0,0,a,c,700.0,5,2021,28,1,12,2019,203,0
808,6,2023,10,14,22,3822,,0,0,0,a,c,1282.0,8,2018,62,1,31,2016,347,0
1112,5,2024,11,18,15,3706,,0,0,0,a,b,805.0,12,2015,107,0,15,2023,55,1
294,7,2024,11,24,15,2708,1.0,0,0,1,a,a,919.0,5,2003,258,0,7,2012,500,0
51,2,2024,7,25,25,620,1.0,1,c,0,b,a,431.0,2,2017,89,0,50,2016,391,1
229,6,2023,6,2,22,2950,,0,0,1,c,c,759.0,6,2015,96,0,2,2021,104,1
135,6,2023,5,46,2,2503,,0,0,0,a,a,740.0,8,2013,117,0,15,2020,187,0
162,1,2024,2,28,6,1507,1.0,0,0,0,a,a,645.0,7,2005,223,0,12,2023,68,1
897,2,2024,6,16,4,1593,1.0,1,0,0,a,c,1442.0,8,2002,262,0,16,2017,364,0
462,7,2024,11,30,20,3412,1.0,0,0,0,a,c,750.0,3,2004,248,0,36,2022,98,0
869,5,2024,10,45,27,1925,1.0,1,0,1,a,a,891.0,9,2020,49,1,51,2014,500,1
695,4,2023,4,34,23,3468,1.0,0,0,1,c,c,983.0,11,2013,113,0,50,2020,140,1
472,7,2023,4,18,23,1866,,0,0,0,a,c,764.0,5,2009,167,1,14,2015,420,1
792,6,2023,7,30,27,763,1.0,0,0,0,c,c,804.0,8,2006,203,0,45,2023,0,1
52,7,2023,7,31,7,1506,1.0,0,0,1,a,a,1052.0,10,2012,129,0,35,2012,500,1
129,3,2023,3,37,6,3184,,1,0,1,a,c,404.0,7,2018,56,1,9,2013,500,0
240,1,2023,11,51,6,2996,1.0,1,0,0,a,b,1279.0,12,2016,83,0,44,2021,111,0
167,1,2023,8,23,10,2056,1.0,1,0,0,a,a,924.0,6,2001,266,1,27,2012,500,0
285,4,2023,9,13,4,3445,1.0,1,0,1,a,a,1263.0,4,2013,125,0,52,2019,169,1
713,3,2023,12,46,18,3501,,0,0,1,a,a,1010.0,1,2011,155,1,41,2020,161,0
496,4,2023,9,47,10,2722,,1,0,1,a,a,281.0,4,2003,245,0,17,2023,30,0
1015,7,2024,7,50,21,3435,1.0,1,0,1,a,a,550.0,11,2017,80,0,24,2021,182,1
874,2,2023,3,46,10,613,1.0,0,0,1,d,a,692.0,8,2003,235,0,17,2023,29,0
835,1,2024,10,23,4,3783,,0,0,0,a,b,369.0,5,2011,161,1,11,2023,64,0
942,2,2023,1,39,15,636,,1,0,0,a,b,757.0,12,2021,13,1,52,2022,39,0
947,5,2024,5,29,28,1792,1.0,0,0,1,a,c,454.0,9,2019,56,1,30,2016,415,0
6,4,2024,6,38,16,1841,1.0,0,a,1,a,a,718.0,5,2003,253,0,51,2017,351,1
237,6,2024,10,44,1,3848,,0,0,1,a,b,549.0,10,2002,264,0,51,2014,500,0
101,7,2024,9,23,6,349,1.0,1,0,1,a,c,752.0,12,2015,105,1,11,2014,500,1
1004,2,2023,4,33,24,541,1.0,0,0,0,b,c,1166.0,3,2005,217,0,19,2019,222,0
118,7,2024,11,44,5,3364,,0,0,0,b,a,585.0,9,2011,158,0,20,2012,500,1
401,3,2023,4,7,13,1794,,0,b,0,a,c,874.0,8,2000,272,0,33,2012,500,1
199,1,2023,4,43,19,1236,1.0,1,0,0,c,a,540.0,12,2019,40,1,38,2020,161,0
645,6,2023,6,26,14,871,1.0,0,0,1,a,b,972.0,2,2019,52,0,34,2010,500,0
489,6,2024,7,42,28,2261,,1,0,1,a,c,614.0,11,2002,260,1,25,2010,500,1
983,3,2023,8,8,20,2409,1.0,0,b,0,a,c,934.0,3,2007,197,0,20,2017,300,0
723,4,2024,11,21,3,3956,1.0,0,0,0,d,a,235.0,7,2018,76,1,39,2019,242,0
217,4,2024,6,22,6,1341,1.0,0,0,0,c,a,409.0,8,2018,70,0,33,2018,301,1
962,4,2023,5,44,22,1387,1.0,1,0,0,c,a,962.0,3,2002,254,0,46,2016,362,0
1078,7,2023,4,49,15,3661,1.0,0,0,1,a,a,1187.0,9,2003,235,1,44,2017,317,1
610,4,2024,5,28,19,2991,1.0,1,0,0,c,a,1102.0,5,2012,144,0,18,2023,62,0
973,4,2024,7,13,8,3059,,0,0,1,b,a,881.0,3,2009,184,1,16,2012,500,0
916,3,2023,6,28,22,3619,1.0,1,0,0,d,a,617.0,7,2006,203,1,51,2014,445,0
50,4,2023,6,12,6,2001,1.0,0,0,1,d,b,434.0,3,2007,195,0,26,2018,246,0
560,3,2023,5,29,15,1658,1.0,0,0,0,c,b,762.0,10,2000,271,1,48,2014,449,0
826,3,2023,6,7,14,3754,,0,0,1,c,a,487.0,11,2014,103,0,6,2013,500,0
707,2,2024,5,3,8,1414,1.0,0,0,1,a,c,668.0,1,2004,244,0,9,2016,410,0
930,5,2023,10,8,3,2371,,0,0,0,c,a,944.0,9,2019,49,0,37,2015,387,0
388,5,2024,6,41,26,3002,1.0,0,0,0,a,a,630.0,6,2015,108,1,37,2019,264,1
676,7,2023,11,4,14,2885,,0,0,1,b,a,676.0,5,2013,126,1,15,2014,457,0
598,4,2024,8,13,7,453,,1,0,1,a,a,744.0,1,2006,223,0,12,2017,365,0
589,3,2023,1,50,20,2931,,0,0,1,c,a,940.0,8,2022,5,1,30,2011,500,1
655,5,2024,12,19,12,271,1.0,1,0,0,b,a,709.0,12,2018,72,1,25,2021,150,0
784,3,2023,11,12,3,831,1.0,1,0,1,a,a,1171.0,12,2004,227,0,23,2021,93,1
658,2,2023,1,50,9,2329,1.0,1,0,1,a,b,1042.0,4,2002,249,0,15,2015,451,1
211,2,2024,7,46,23,975,,0,0,0,a,a,1176.0,12,2013,127,1,39,2018,319,1
492,2,2023,12,31,12,260,1.0,0,0,0,c,a,923.0,2,2000,286,0,47,2020,140,0
825,3,2023,4,23,18,2529,,0,a,1,c,a,1277.0,3,2005,217,0,15,2019,216,0
439,6,2023,2,2,10,1727,1.0,0,0,1,c,a,867.0,1,2003,241,1,35,2022,19,1
852,1,2024,11,3,1,3534,,1,0,0,d,c,963.0,5,2002,270,1,49,2023,6,0
348,7,2023,10,43,19,3802,1.0,0,0,1,a,c,325.0,6,2013,124,0,48,2017,307,0
976,2,2024,3,8,23,1675,1.0,0,0,1,a,b,925.0,6,2009,177,0,37,2010,500,0
59,4,2023,8,38,4,656,1.0,1,0,1,a,a,994.0,5,2005,219,1,22,2012,500,0
859,7,2024,7,29,3,3924,1.0,1,0,0,c,a,933.0,11,2004,236,0,35,2013,500,1
85,1,2024,10,50,8,2400,,0,0,1,c,a,1067.0,11,2018,71,1,50,2019,260,1
311,7,2024,11,36,27,2537,,1,0,0,c,c,909.0,3,2010,176,1,23,2012,500,1
1000,7,2024,5,47,16,339,,0,0,0,a,c,780.0,5,2003,252,0,48,2017,363,0
428,6,2023,1,22,7,2429,1.0,1,0,0,b,b,1204.0,6,2005,211,0,6,2021,120,0
295,4,2024,4,18,4,853,1.0,1,0,1,c,a,484.0,5,2007,203,0,25,2022,97,1
1057,4,2024,9,52,4,3003,,0,0,0,b,a,1043.0,1,2009,188,1,10,2018,354,1
553,5,2023,9,33,25,2470,1.0,1,0,1,d,a,802.0,12,2001,261,1,36,2016,361,0
1086,7,2024,4,4,8,3577,,0,0,0,a,c,937.0,4,2009,180,0,15,2015,457,1
860,1,2024,2,46,10,2162,1.0,0,b,1,c,c,653.0,1,2010,169,0,41,2012,500,0
613,3,2023,5,45,15,2050,1.0,0,0,0,a,a,991.0,10,2005,211,0,4,2012,500,1
417,2,2024,1,38,6,2508,1.0,1,0,1,a,b,518.0,6,2006,211,1,26,2020,220,1
542,2,2023,6,43,22,3119,1.0,1,a,1,c,c,694.0,11,2010,151,0,34,2021,113,0
527,4,2023,12,25,22,1282,1.0,0,0,1,a,a,890.0,1,2004,239,0,36,2016,353,1
356,6,2024,7,3,25,1523,1.0,0,0,0,a,c,570.0,3,2022,28,1,3,2021,156,0
682,4,2023,9,49,20,1511,1.0,1,0,1,c,a,1132.0,3,2020,42,1,20,2016,393,0
701,1,2023,3,20,14,292,1.0,0,0,1,d,c,1123.0,6,2011,141,1,24,2016,360,0
110,3,2024,3,25,8,3518,1.0,0,0,1,a,a,635.0,4,2018,71,0,18,2022,111,1
498,6,2024,9,13,20,1846,1.0,1,0,0,c,a,1023.0,7,2004,242,0,44,2022,73,0
1054,7,2023,6,26,5,1198,1.0,0,0,0,a,a,653.0,9,2003,237,1,24,2019,210,0
939,1,2024,4,30,24,3232,,1,0,1,a,a,1270.0,1,2003,255,0,7,2018,335,1
752,4,2024,1,7,21,2654,1.0,0,0,1,a,c,146.0,8,2004,233,1,24,2021,139,1
371,5,2024,4,27,12,2246,1.0,0,0,0,a,b,1054.0,8,2018,68,1,47,2017,344,0
737,3,2023,6,10,14,1137,,0,0,1,c,b,1072.0,3,2001,267,0,28,2016,346,1
1015,6,2023,8,45,16,2529,,1,0,0,d,a,617.0,3,2001,269,0,21,2013,500,0
775,1,2023,9,34,21,3191,1.0,0,0,1,a,c,939.0,5,2010,160,0,37,2023,0,1
1095,4,2024,5,49,9,248,,0,0,1,b,a,631.0,7,2002,262,1,34,2011,500,0
851,4,2024,1,9,24,3072,,0,0,0,b,a,622.0,8,2007,197,1,18,2010,500,0
1103,2,2024,4,26,27,2409,,0,a,0,a,a,1114.0,9,2001,271,0,32,2016,410,1
64,5,2023,7,17,10,3611,1.0,1,0,0,a,c,1264.0,4,2010,159,0,6,2010,500,0
902,4,2023,6,37,6,2760,1.0,1,0,0,a,c,554.0,7,2007,191,1,21,2017,328,0
747,1,2023,1,35,11,987,1.0,0,b,0,c,a,1127.0,8,2001,257,1,18,2018,277,1
653,4,2024,12,37,12,1845,,0,0,0,d,a,1096.0,2,2018,82,0,23,2017,378,0
555,3,2024,3,22,12,2121,1.0,0,0,1,c,c,359.0,12,2001,267,1,52,2023,22,1
126,5,2023,10,51,18,3554,1.0,1,0,0,c,a,623.0,1,2016,93,0,9,2020,198,1
28,3,2024,6,44,8,803,1.0,0,0,1,a,c,529.0,6,2021,36,0,16,2017,392,1
573,2,2024,2,1,10,3844,,1,b,1,a,a,845.0,5,2020,45,1,51,2017,314,0
261,6,2023,2,44,11,1928,,0,0,1,a,c,598.0,8,2014,102,0,45,2018,259,0
1095,3,2023,6,8,2,502,,0,0,0,a,a,820.0,3,2014,111,1,14,2022,46,0
704,1,2024,8,31,5,2780,1.0,0,0,1,a,a,1093.0,7,2016,97,1,16,2016,431,0
568,3,2024,8,24,16,3160,1.0,0,0,0,a,a,965.0,3,2000,293,0,22,2012,500,1
6,3,2024,3,11,11,954,1.0,1,0,1,c,a,623.0,6,2013,129,1,33,2010,500,1
821,2,2023,7,52,19,2488,1.0,1,0,0,b,c,1093.0,11,2005,212,1,7,2020,201,0
786,1,2024,4,49,22,2098,1.0,0,0,1,a,a,1097.0,2,2020,50,1,5,2014,500,1
106,4,2023,6,1,14,3646,1.0,1,0,1,a,c,1112.0,8,2001,262,0,4,2016,361,0
744,7,2023,10,17,5,3913,1.0,0,0,0,a,a,1079.0,2,2020,44,0,48,2022,21,0
1071,2,2024,12,33,3,961,1.0,1,0,1,c,c,464.0,6,2006,222,1,2,2022,135,1
577,6,2024,7,42,5,891,1.0,0,0,0,c,c,1065.0,12,2015,103,0,48,2018,306,0
1093,7,2023,12,24,2,2999,1.0,1,0,1,a,c,721.0,8,2021,28,0,22,2016,366,0
939,7,2023,10,45,13,1274,1.0,1,0,1,b,c,714.0,12,2007,190,0,19,2014,494,0
211,5,2024,4,1,21,3218,1.0,0,0,1,b,a,816.0,5,2010,167,1,2,2020,207,0
340,7,2024,4,7,28,1196,1.0,0,0,0,b,c,835.0,1,2017,87,1,1,2019,266,1
277,4,2023,7,20,7,388,,1,0,0,a,a,271.0,5,2002,254,0,25,2016,359,1
524,4,2024,6,35,9,3155,,1,0,0,a,c,964.0,9,2004,237,1,30,2018,317,0
462,5,2023,6,50,5,1379,1.0,0,0,0,a,a,853.0,3,2012,135,1,35,2021,119,1
732,4,2023,3,38,11,3681,1.0,0,0,1,a,c,878.0,9,2022,6,1,46,2014,460,1
849,1,2023,8,4,23,2271,1.0,0,0,1,a,a,385.0,8,2010,156,1,14,2020,146,1
361,5,2023,10,43,15,3212,1.0,0,0,0,d,c,570.0,9,2013,121,0,18,2016,389,0
830,2,2023,1,29,15,3180,1.0,0,0,0,c,c,699.0,4,2022,9,1,4,2019,233,1
57,4,2023,10,8,7,2306,,1,0,1,c,a,927.0,10,2002,252,1,20,2018,248,1
496,2,2023,3,34,15,244,1.0,0,0,0,a,c,1068.0,2,2018,61,0,30,2015,420,0
812,7,2024,3,10,5,483,1.0,0,0,1,a,c,612.0,9,2004,234,1,51,2010,500,1
841,4,2023,6,47,5,517,,1,0,0,a,a,1057.0,3,2014,111,0,39,2010,500,0
964,3,2023,7,38,21,1535,1.0,0,0,0,c,a,626.0,3,2009,172,1,23,2010,500,1
929,7,2024,9,14,24,1032,1.0,0,b,0,c,c,675.0,7,2021,38,0,30,2021,140,0
1092,7,2023,6,34,17,983,1.0,0,a,0,a,c,773.0,8,2009,166,1,40,2016,358,1
496,4,2024,2,32,19,2427,1.0,0,0,0,b,a,664.0,7,2006,211,1,3,2018,341,0
280,1,2023,7,12,21,1800,,0,0,1,a,a,915.0,11,2021,20,0,8,2014,472,1
961,5,2023,6,31,18,914,1.0,0,0,1,a,a,609.0,2,2008,184,0,44,2018,247,1
341,1,2023,10,9,4,1681,1.0,1,0,0,a,c,964.0,8,2017,74,0,39,2010,500,1
391,3,2024,9,44,7,214,1.0,1,0,0,b,a,841.0,6,2012,147,1,21,2013,500,1
1042,6,2023,6,42,17,3292,1.0,1,a,1,c,b,436.0,9,2019,45,0,52,2023,0,0
215,4,2023,6,40,6,2732,1.0,0,0,1,a,a,1083.0,5,2021,25,1,4,2014,500,0
704,5,2023,4,45,5,2856,,0,0,0,a,c,935.0,8,2003,236,1,16,2020,185,0
319,1,2024,11,30,24,660,1.0,0,0,0,a,a,885.0,11,2000,288,0,43,2022,91,0
807,3,2024,10,40,1,3018,,0,a,0,a,a,651.0,5,2010,173,1,2,2016,454,0
10,4,2024,12,38,3,2156,,0,0,1,a,c,364.0,10,2022,26,0,47,2023,43,1
1047,4,2024,3,28,8,3894,1.0,1,0,1,c,a,924.0,10,2004,233,0,20,2017,372,1
163,1,2024,10,46,15,836,,1,0,1,a,a,1617.0,4,2015,114,1,35,2014,500,0
401,1,2023,9,30,5,2417,,1,0,1,b,a,50.0,6,2001,267,1,30,2018,260,1
411,6,2023,4,2,17,1509,,1,c,0,d,a,1096.0,1,2013,123,1,51,2023,0,1
25,7,2024,7,15,21,3054,,1,0,1,a,c,488.0,10,2017,81,1,35,2017,344,0
742,2,2024,11,14,27,3159,1.0,1,0,0,c,a,999.0,8,2004,243,0,24,2016,406,1
723,7,2023,1,44,21,617,1.0,0,0,0,c,b,508.0,7,2019,42,1,33,2016,375,0
94,3,2023,4,12,6,3015,,0,0,1,c,a,1008.0,10,2010,150,0,49,2011,500,1
798,5,2024,12,26,11,567,1.0,1,0,0,c,a,1176.0,4,2022,32,0,21,2016,421,0
321,7,2024,1,34,1,2988,1.0,0,0,1,a,c,835.0,11,2005,218,0,11,2019,283,1
920,4,2023,8,20,23,1097,1.0,0,0,1,d,a,965.0,3,2014,113,1,32,2023,0,0
640,7,2023,9,22,12,3648,1.0,0,0,1,a,a,891.0,9,2011,144,1,34,2014,456,0
389,1,2023,8,20,20,2722,,1,0,1,b,a,594.0,1,2009,175,1,34,2022,38,1
110,5,2023,10,20,9,704,,0,0,0,a,a,782.0,12,2016,82,1,18,2010,500,0
521,4,2023,5,28,23,1515,1.0,1,0,0,a,a,977.0,6,2001,263,1,1,2012,500,0
335,5,2023,2,36,11,1520,,0,0,1,a,a,1209.0,10,2019,40,1,1,2014,500,1
766,5,2024,11,48,11,3673,1.0,0,0,0,a,c,647.0,1,2022,34,0,42,2020,214,1
255,7,2023,12,38,19,1477,1.0,0,0,1,a,a,962.0,5,2009,175,0,23,2012,500,1
685,2,2023,1,28,7,604,,0,0,1,a,c,716.0,5,2008,176,1,39,2017,301,0
213,7,2023,6,34,27,1490,1.0,0,0,1,a,a,1006.0,6,2001,264,0,24,2019,218,0
548,6,2024,3,52,23,1890,1.0,0,0,1,a,a,1034.0,12,2008,183,1,47,2019,265,0
43,1,2024,6,50,25,3610,1.0,0,0,1,a,b,784.0,5,2014,121,1,1,2021,205,0
1073,3,2024,4,50,28,1393,1.0,1,0,1,a,a,946.0,2,2013,134,0,17,2017,397,0
1041,1,2023,2,39,22,3715,,1,a,1,c,a,374.0,10,2007,184,0,44,2022,47,0
303,1,2023,10,33,21,1533,,0,0,1,c,a,990.0,12,2017,70,1,6,2016,391,0
1033,6,2023,3,41,26,2669,1.0,0,0,0,b,a,933.0,7,2019,44,1,35,2018,266,1
188,2,2023,5,40,22,2998,,0,0,0,c,a,1132.0,4,2022,13,0,49,2015,407,0
571,2,2023,11,17,9,1606,1.0,1,0,0,c,c,269.0,4,2013,127,1,1,2014,484,1
174,3,2023,1,28,19,2187,1.0,0,0,1,c,a,789.0,6,2003,235,1,33,2019,203,0
561,4,2023,3,50,2,417,1.0,0,0,0,d,a,456.0,10,2011,137,1,4,2017,358,1
1003,6,2024,6,3,19,824,1.0,1,0,0,b,b,469.0,4,2017,86,0,9,2019,254,1
25,7,2023,6,15,17,1040,1.0,0,0,0,a,c,219.0,4,2002,254,1,1,2014,482,0
6,1,2024,1,2,7,541,,1,0,0,a,a,896.0,5,2013,128,0,18,2019,244,0
297,1,2023,12,43,10,1804,,0,a,1,c,c,641.0,4,2014,116,0,7,2016,400,1
263,2,2024,1,13,15,1492,,1,0,1,a,a,853.0,3,2017,82,1,51,2012,500,0
863,1,2024,10,29,5,3769,1.0,0,0,0,b,b,859.0,3,2001,283,0,10,2023,71,1
425,4,2024,7,51,1,1584,,1,0,0,a,b,947.0,6,2011,157,0,26,2011,500,0
979,3,2024,8,22,23,2964,1.0,1,0,1,a,a,1007.0,12,2017,80,0,15,2022,111,1
463,3,2024,3,47,21,3825,,1,0,0,a,a,1211.0,12,2022,15,1,49,2021,154,1
853,2,2024,8,11,25,3332,1.0,0,0,1,a,a,802.0,8,2012,144,0,16,2014,500,1
944,2,2024,6,51,3,1597,1.0,1,0,1,c,c,714.0,9,2012,141,0,26,2017,389,0
525,1,2024,5,20,28,2608,1.0,0,0,1,b,a,473.0,1,2016,100,1,25,2010,500,1
433,4,2023,6,11,28,1311,,0,0,0,c,c,969.0,2,2007,196,0,1,2019,218,1
676,2,2023,10,19,11,1667,1.0,1,0,0,c,c,579.0,10,2003,240,1,26,2012,500,1
1031,2,2024,7,40,28,463,,1,0,0,a,c,876.0,2,2009,185,1,26,2021,170,1
425,4,2024,7,42,1,286,1.0,0,0,0,a,a,1418.0,7,2019,60,0,49,2020,201,0
8,6,2023,4,5,2,2176,1.0,0,0,0,d,a,360.0,4,2019,48,0,40,2019,173,1
645,7,2024,1,39,16,1784,1.0,0,0,1,c,a,481.0,4,2015,105,0,8,2010,500,1
500,4,2024,7,13,6,1308,,0,0,1,d,a,849.0,9,2015,106,0,25,2015,456,1
266,1,2023,2,8,22,2634,1.0,0,0,1,a,a,483.0,5,2009,165,1,41,2015,383,0
585,5,2024,2,46,17,2747,1.0,0,0,0,a,a,1181.0,4,2021,34,1,48,2022,102,1
925,7,2023,10,46,13,1254,1.0,0,0,1,a,c,521.0,12,2002,250,1,32,2015,430,1
979,1,2024,5,40,6,743,1.0,1,0,0,c,c,797.0,8,2004,237,1,42,2014,500,0
399,4,2023,6,47,5,3561,1.0,1,0,1,a,a,949.0,6,2011,144,1,31,2018,276,0
361,4,2023,11,9,9,3181,1.0,1,0,1,a,c,415.0,2,2008,189,1,37,2023,0,0
531,7,2024,12,10,20,3306,1.0,0,0,0,a,a,833.0,10,2003,254,0,49,2016,377,1
757,1,2023,1,6,28,2541,1.0,0,0,1,d,c,1226.0,9,2002,244,0,36,2019,178,0
861,5,2023,11,45,14,2444,1.0,0,0,1,a,a,969.0,8,2013,123,0,52,2011,500,1
284,2,2024,1,47,20,1323,,1,0,1,b,a,704.0,11,2018,62,0,47,2016,416,0
1017,5,2023,8,19,18,1337,1.0,0,0,1,b,a,1026.0,7,2008,181,1,45,2010,500,1
120,5,2023,4,47,7,2960,,0,0,0,b,a,127.0,6,2014,106,1,15,2013,500,0
159,2,2024,12,25,20,3298,1.0,0,0,0,c,c,647.0,7,2021,41,0,31,2014,500,0
899,6,2023,4,10,20,3305,1.0,0,0,1,a,c,365.0,8,2002,248,1,42,2020,124,0
123,3,2024,1,41,8,1572,1.0,1,0,0,a,a,887.0,8,2022,17,1,16,2018,337,0
1021,3,2024,11,51,23,3179,1.0,1,0,0,a,a,840.0,4,2011,163,1,22,2016,445,1
762,2,2023,5,46,10,1175,1.0,1,0,1,d,a,546.0,11,2002,246,1,46,2022,52,1
234,4,2024,4,42,17,3938,1.0,0,0,1,a,a,1125.0,7,2007,201,0,38,2013,500,1
341,3,2024,2,21,18,2449,,0,0,0,b,a,220.0,3,2006,215,1,9,2019,272,1
467,5,2023,9,37,12,2928,1.0,1,0,1,c,a,1304.0,5,2011,148,1,10,2012,500,0
30,4,2024,3,18,15,980,1.0,1,0,1,a,c,1117.0,3,2005,228,0,18,2022,104,0
945,5,2024,11,16,13,1590,1.0,0,0,0,c,c,847.0,7,2013,136,1,11,2014,500,0
673,4,2023,6,26,21,2162,,0,a,1,b,c,656.0,3,2020,39,0,47,2013,499,0
674,1,2023,11,48,19,498,1.0,0,0,0,a,a,736.0,7,2002,256,0,18,2016,394,1
249,5,2023,10,10,5,1219,1.0,1,0,0,d,c,908.0,7,2008,183,0,1,2012,500,0
493,7,2023,9,17,20,2784,,1,0,1,a,a,618.0,8,2013,121,0,26,2020,147,1
826,4,2024,8,38,26,2898,1.0,0,0,0,a,b,770.0,11,2007,201,0,7,2018,343,1
10,5,2024,4,12,1,2953,,0,0,1,c,a,910.0,6,2011,154,0,19,2020,201,1
930,5,2023,4,51,2,703,1.0,0,0,0,a,c,988.0,8,2021,20,1,12,2010,500,0
318,6,2023,11,16,9,2054,,0,0,1,c,a,1218.0,1,2019,58,1,37,2014,447,0
658,3,2023,12,1,16,3502,,0,0,1,a,b,1254.0,5,2002,259,0,51,2023,0,1
767,2,2023,6,3,22,1396,,0,0,1,a,b,789.0,11,2009,163,1,35,2019,176,0
859,6,2024,7,22,25,653,1.0,1,0,0,c,a,342.0,1,2018,78,1,34,2021,144,0
674,4,2024,2,21,20,3033,1.0,1,0,0,c,b,809.0,7,2022,19,0,34,2013,500,1
493,2,2024,5,17,20,1068,1.0,1,0,1,c,a,1211.0,7,2019,58,0,35,2018,294,0
1086,2,2024,1,17,28,1296,1.0,0,0,0,a,a,782.0,12,2009,169,1,32,2012,500,1
89,6,2024,8,45,5,1383,1.0,0,0,1,a,c,1294.0,7,2009,181,1,44,2017,365,0
433,1,2024,1,37,21,563,1.0,0,0,0,d,a,446.0,5,2009,176,1,40,2012,500,0
431,3,2023,1,36,9,3614,,0,0,1,a,c,941.0,6,2001,259,0,48,2015,404,1
869,3,2023,12,1,16,1225,1.0,0,0,0,a,a,941.0,3,2016,93,1,48,2019,161,1
830,3,2023,6,30,15,875,1.0,1,0,1,a,a,1333.0,8,2018,58,0,24,2014,474,0
730,2,2023,5,30,21,2992,1.0,0,0,0,b,a,834.0,8,2002,249,1,2,2018,288,1
142,6,2023,4,43,11,3440,,0,0,1,a,a,948.0,2,2003,242,1,16,2014,495,1
1108,5,2023,6,17,13,1530,1.0,0,c,1,a,a,1023.0,8,2009,166,1,24,2010,500,0
347,2,2024,10,12,4,1138,1.0,0,0,1,a,c,494.0,9,2011,157,1,1,2016,427,0
752,5,2023,8,33,17,1078,1.0,1,0,0,c,a,641.0,11,2015,93,0,11,2020,178,0
946,6,2023,8,5,21,665,1.0,0,0,1,a,a,917.0,4,2008,184,1,12,2015,409,1
1065,4,2023,11,46,15,2046,1.0,0,0,0,d,a,871.0,2,2022,21,0,30,2014,484,1
635,3,2024,11,17,23,3278,,0,0,0,d,c,731.0,8,2022,27,1,2,2017,379,1
1093,4,2023,10,11,20,3339,1.0,1,0,0,d,a,938.0,1,2021,33,1,3,2016,372,1
81,5,2023,2,37,17,1971,,0,0,0,c,a,866.0,10,2014,100,1,43,2014,462,1
774,1,2024,8,18,21,1877,1.0,0,0,1,a,c,1105.0,9,2020,47,1,21,2021,153,0
730,7,2023,2,23,18,3985,1.0,0,0,0,c,a,657.0,3,2020,35,0,5,2023,18,0
907,5,2024,7,15,18,2469,1.0,0,0,1,a,a,909.0,6,2018,73,0,22,2018,305,1
118,7,2024,3,33,23,941,,1,0,0,d,c,704.0,5,2014,118,0,49,2014,500,0
583,7,2023,8,26,4,2011,1.0,0,0,0,a,c,663.0,3,2009,173,1,45,2016,345,1
487,5,2023,11,14,1,2652,1.0,1,0,1,a,a,1202.0,8,2014,111,1,25,2013,500,0
609,7,2023,11,11,25,2350,1.0,0,0,0,d,a,1105.0,11,2014,108,0,38,2018,233,0
583,2,2023,12,4,7,856,,0,a,0,a,c,850.0,8,2011,148,0,17,2019,195,1
137,7,2023,7,40,18,2860,1.0,1,0,1,c,b,655.0,6,2022,13,0,3,2010,500,1
554,4,2023,9,11,20,357,1.0,1,0,1,a,a,1212.0,11,2011,142,1,11,2011,500,0
800,3,2024,9,7,14,3560,,1,0,1,c,a,1364.0,10,2002,263,1,2,2020,213,1
94,2,2023,6,52,5,1552,1.0,0,0,0,d,a,387.0,7,2013,119,1,48,2020,160,1
422,3,2024,11,10,16,1548,1.0,0,0,1,a,c,634.0,3,2015,116,0,36,2022,78,0
665,5,2024,7,30,13,2910,1.0,1,0,0,a,a,655.0,9,2018,70,0,18,2023,64,1
919,2,2023,6,37,22,3734,,1,0,1,a,c,751.0,8,2011,142,1,30,2020,163,0
448,4,2024,3,35,18,2064,1.0,1,0,1,a,a,700.0,1,2018,74,0,6,2015,497,0
867,5,2023,6,31,17,1289,1.0,1,0,1,b,c,774.0,8,2004,226,0,36,2015,411,1
810,4,2024,8,34,8,2145,1.0,1,0,0,a,a,1016.0,3,2018,77,0,5,2014,500,0
546,4,2023,2,4,15,3783,1.0,0,0,1,a,c,726.0,6,2000,272,1,43,2016,325,0
877,6,2024,12,4,27,2911,1.0,0,0,1,d,a,690.0,12,2014,120,0,34,2020,178,1
791,1,2023,5,15,27,1066,1.0,0,0,1,a,b,784.0,7,2014,106,0,32,2011,500,1
380,6,2023,3,7,11,1933,,0,0,0,a,a,890.0,6,2004,225,0,38,2013,489,0
838,6,2024,6,38,3,697,1.0,1,0,1,a,c,849.0,10,2015,104,1,52,2022,90,1
527,1,2023,3,49,12,1149,1.0,1,0,0,c,b,912.0,1,2022,14,0,3,2013,500,1
898,4,2023,11,44,26,2485,1.0,0,0,0,a,a,806.0,3,2013,128,0,13,2023,31,1
653,5,2023,5,34,15,1303,1.0,0,0,1,d,c,645.0,1,2007,196,0,38,2023,0,0
785,1,2023,4,13,4,3466,1.0,1,0,0,c,c,913.0,12,2007,184,1,3,2021,114,0
859,4,2024,10,47,14,2235,,0,0,1,d,a,352.0,10,2020,48,1,29,2016,434,0
326,4,2024,5,30,14,3694,,1,0,0,d,c,987.0,12,2013,125,1,18,2023,64,1
407,4,2023,8,40,13,1560,1.0,1,0,0,c,c,1087.0,4,2003,244,1,33,2013,500,1
148,2,2023,2,52,23,3361,1.0,0,a,0,a,a,493.0,2,2012,132,1,18,2019,242,0
630,5,2024,9,52,4,432,1.0,1,0,1,a,a,1097.0,4,2018,77,1,17,2013,500,1
771,4,2024,2,49,27,999,1.0,0,0,1,b,a,1257.0,6,2016,92,0,25,2018,336,1
856,7,2024,8,18,20,504,1.0,0,0,1,a,a,559.0,11,2022,21,0,35,2020,191,1
503,7,2023,4,51,16,3729,1.0,0,c,0,b,a,899.0,10,2004,222,0,7,2018,304,0
521,7,2023,2,15,20,1703,1.0,1,0,1,b,c,704.0,10,2014,100,1,10,2020,161,0
816,4,2023,10,44,8,3674,1.0,0,0,0,a,a,767.0,8,2008,182,1,6,2020,194,0
219,3,2023,8,22,16,3227,1.0,1,0,1,c,a,660.0,5,2001,267,1,12,2012,500,0
1031,5,2023,1,19,11,205,,1,0,0,b,c,447.0,10,2016,75,1,23,2011,500,0
249,6,2023,12,26,3,1000,,1,0,0,a,b,1246.0,1,2008,191,0,27,2017,311,0
828,5,2024,9,43,12,1073,,0,0,0,c,a,801.0,1,2005,236,1,12,2012,500,0
8,1,2024,1,21,25,1983,1.0,1,0,1,d,a,853.0,12,2019,49,1,38,2023,35,0
335,1,2023,7,10,28,789,1.0,1,a,1,c,c,1030.0,4,2003,243,0,39,2011,500,1
814,5,2023,6,21,27,2531,1.0,0,0,0,d,a,977.0,11,2002,247,0,9,2019,220,0
1104,7,2023,2,28,23,3423,1.0,1,0,1,c,c,672.0,9,2007,185,0,49,2016,343,1
212,4,2023,10,31,3,532,,0,0,1,d,c,681.0,11,2021,23,1,36,2021,99,1
157,7,2023,5,8,8,2354,,0,0,0,a,a,743.0,3,2006,206,0,8,2022,52,0
383,6,2023,4,13,5,884,,0,0,1,a,a,1139.0,9,2011,139,0,30,2017,295,0
177,4,2023,6,30,8,393,,1,0,0,a,a,697.0,3,2009,171,1,38,2019,200,1
330,5,2023,1,33,16,705,,0,0,0,a,a,648.0,7,2014,102,0,10,2011,500,0
209,7,2024,7,20,20,1219,1.0,0,0,1,a,a,647.0,5,2004,242,1,4,2014,500,0
89,5,2024,6,22,16,546,1.0,0,0,1,d,a,832.0,10,2007,200,1,44,2011,500,1
345,2,2024,6,52,24,1579,1.0,1,0,1,c,c,919.0,12,2007,198,1,16,2012,500,0
999,6,2024,2,24,4,1409,1.0,0,0,1,a,c,1625.0,5,2001,273,0,12,2019,272,0
38,5,2024,1,5,8,1403,1.0,1,0,1,a,c,476.0,8,2004,233,0,13,2021,148,0
287,1,2023,8,37,13,3709,1.0,1,0,0,c,a,488.0,8,2003,240,0,26,2020,167,0
91,1,2024,2,26,7,3512,1.0,0,0,1,c,b,1288.0,1,2005,229,0,25,2020,209,1
111,6,2024,10,46,8,2472,1.0,0,0,1,d,c,160.0,4,2022,30,1,28,2021,174,0
446,4,2023,5,9,22,1986,,0,0,0,c,a,1113.0,1,2012,136,0,10,2023,0,1
774,5,2023,6,44,24,2266,1.0,0,0,0,a,a,602.0,12,2021,18,0,16,2020,184,0
295,6,2023,12,39,9,1096,,0,0,0,d,a,778.0,8,2016,88,1,16,2022,75,0
319,2,2024,6,42,8,3010,1.0,1,0,0,d,a,776.0,1,2021,41,0,47,2023,47,0
69,1,2024,8,9,7,1563,1.0,0,0,0,a,a,1263.0,3,2002,269,1,35,2022,78,0
168,2,2023,7,36,9,1707,1.0,0,0,1,a,c,716.0,10,2019,45,0,2,2014,500,0
233,6,2024,9,49,1,1138,,1,0,1,c,b,1063.0,2,2005,235,0,34,2010,500,1
655,2,2024,7,35,23,646,1.0,1,0,1,a,a,683.0,4,2022,27,1,9,2019,286,1
340,7,2024,8,14,27,2841,,0,0,0,a,a,585.0,10,2015,106,0,6,2020,216,0
783,7,2023,10,14,10,2319,1.0,0,0,1,b,a,629.0,10,2007,192,1,49,2010,500,1
469,3,2024,1,49,24,1155,1.0,1,0,0,a,a,682.0,2,2014,119,0,6,2021,199,1
177,7,2023,9,41,6,2028,1.0,0,0,1,a,a,426.0,4,2022,17,0,40,2012,500,0
145,7,2024,7,31,24,217,1.0,1,0,0,d,c,733.0,8,2001,275,0,3,2015,496,0
143,7,2023,9,10,12,366,1.0,0,0,1,a,a,1218.0,4,2020,41,1,25,2011,500,0
977,6,2023,4,46,12,2159,1.0,0,0,0,a,b,1044.0,12,2004,220,1,2,2016,408,1
636,6,2023,7,19,13,3459,1.0,0,0,0,a,a,808.0,11,2000,272,1,36,2014,451,0
795,2,2023,1,6,5,2051,,0,0,1,d,a,938.0,5,2006,200,1,14,2017,304,0
48,7,2023,4,48,7,3854,1.0,0,0,0,c,a,713.0,5,2014,107,0,31,2016,381,1
332,6,2024,10,17,21,1837,1.0,0,0,1,a,c,844.0,12,2004,238,0,35,2020,190,1
129,7,2023,4,2,24,1238,1.0,1,a,0,a,a,931.0,5,2018,59,1,2,2014,468,1
1078,1,2023,9,15,20,2506,1.0,0,0,1,a,c,417.0,5,2012,136,0,24,2010,500,1
203,6,2023,10,28,12,3815,1.0,1,0,0,d,b,964.0,3,2016,91,0,26,2019,210,1
426,1,2024,8,28,6,2063,1.0,1,0,0,a,a,959.0,5,2015,111,1,17,2014,500,1
147,4,2023,11,12,3,632,1.0,1,0,1,a,a,622.0,4,2013,127,1,19,2010,500,0
208,1,2023,4,45,3,2972,1.0,0,0,1,a,a,666.0,12,2009,160,1,31,2010,500,0
477,6,2023,3,13,25,3513,,1,0,0,c,a,1112.0,7,2011,140,0,20,2022,45,1
945,4,2023,6,44,6,2434,1.0,1,0,0,a,c,1163.0,7,2016,83,0,4,2014,500,0
686,3,2023,2,16,15,383,1.0,0,0,0,c,a,704.0,8,2003,234,0,32,2022,36,1
260,2,2024,10,30,7,721,1.0,1,0,1,b,c,1009.0,1,2008,201,1,41,2022,93,0
492,5,2023,6,41,2,3848,1.0,1,0,1,c,a,1270.0,10,2015,92,1,10,2023,31,1
1049,2,2023,5,28,16,1872,1.0,0,0,1,c,a,881.0,6,2002,251,0,21,2018,267,0
957,7,2024,11,4,23,2846,1.0,0,0,1,c,a,443.0,3,2022,32,0,16,2022,92,0
61,4,2023,3,50,7,2172,,1,0,0,a,a,680.0,11,2002,244,1,22,2022,80,0
618,2,2023,10,40,3,2414,,1,0,1,a,c,381.0,4,2017,78,0,8,2023,32,0
489,2,2023,9,43,9,2988,1.0,1,0,0,c,a,1196.0,5,2021,28,1,45,2014,466,0
893,2,2023,2,26,23,3629,1.0,0,0,1,a,c,1434.0,8,2018,54,1,6,2016,384,0
734,5,2024,1,17,24,1312,1.0,1,0,1,d,a,939.0,6,2018,67,0,19,2019,258,1
722,7,2024,3,13,24,2999,1.0,0,0,1,d,a,556.0,9,2012,138,1,37,2022,80,1
474,5,2023,4,35,6,449,1.0,1,0,1,c,a,1089.0,8,2021,20,1,34,2017,313,1
134,3,2024,2,30,24,2199,1.0,0,0,1,a,b,555.0,9,2012,137,0,18,2013,500,0
365,4,2024,1,21,2,1235,,0,0,1,c,a,1391.0,11,2017,74,0,4,2018,329,0
1113,2,2024,9,11,19,1244,1.0,1,0,1,a,a,576.0,4,2014,125,0,9,2016,418,1
157,2,2023,3,46,14,3305,1.0,1,0,0,a,c,871.0,1,2009,170,1,14,2017,344,0
439,1,2023,6,45,18,345,,0,0,0,a,c,1091.0,11,2007,187,0,20,2011,500,0
686,7,2023,2,2,7,3225,1.0,0,0,1,a,a,871.0,9,2011,137,1,14,2013,500,1
531,3,2024,12,41,11,2162,1.0,1,0,0,c,c,287.0,9,2018,75,0,31,2020,218,0
4,3,2023,1,16,7,488,1.0,0,b,0,a,a,962.0,1,2003,240,1,16,2012,500,0
1041,4,2023,5,17,24,1230,1.0,0,0,1,a,b,577.0,2,2016,87,0,17,2022,52,1
676,6,2023,12,46,19,430,1.0,1,0,0,a,a,892.0,8,2002,256,0,34,2010,500,0
480,3,2024,11,7,3,3719,1.0,0,0,1,a,c,450.0,9,2011,158,0,22,2019,245,0
833,3,2024,9,11,12,1390,1.0,0,0,1,a,a,888.0,8,2017,85,1,4,2013,500,0
249,5,2024,11,50,16,1488,1.0,0,0,1,c,c,1010.0,9,2008,194,0,44,2016,422,0
992,1,2023,9,15,9,1601,,0,0,1,b,c,1136.0,9,2013,120,1,3,2010,500,1
366,5,2024,12,46,8,3376,1.0,0,0,1,c,a,1074.0,9,2005,231,0,48,2023,50,0
13,2,2024,6,31,2,2419,1.0,0,0,0,a,a,1272.0,3,2005,231,0,34,2019,257,0
140,2,2023,7,24,2,3236,1.0,1,0,1,a,a,1012.0,5,2005,218,1,41,2012,500,1
799,2,2024,3,18,9,3854,,1,0,1,a,c,739.0,9,2020,42,0,14,2020,212,0
222,2,2024,1,37,20,2654,,0,0,1,d,a,862.0,8,2016,89,0,31,2023,58,0
873,5,2023,1,20,8,3496,1.0,0,0,0,a,a,1044.0,2,2005,215,0,5,2018,275,0
693,5,2023,11,37,26,1544,,0,0,0,c,a,344.0,7,2002,256,1,19,2011,500,0
557,3,2023,7,22,16,3695,1.0,0,0,1,c,c,224.0,4,2007,195,0,52,2011,500,0
1040,5,2024,5,16,2,1382,,0,0,0,a,a,914.0,1,2016,100,0,49,2014,487,0
3,4,2024,12,23,17,504,1.0,0,0,0,a,b,1462.0,1,2008,203,1,35,2018,300,0
720,6,2024,12,26,19,3652,1.0,1,0,1,a,a,1155.0,7,2002,269,1,47,2012,500,0
223,2,2023,9,18,14,2688,1.0,0,0,0,c,c,732.0,8,2000,277,0,29,2013,500,1
954,2,2023,7,7,27,899,,0,0,0,a,a,1121.0,5,2007,194,0,36,2017,283,1
1109,3,2024,4,51,16,2522,1.0,1,0,1,c,a,737.0,3,2015,109,0,37,2015,482,1
383,2,2023,5,43,5,2868,,0,0,1,c,a,582.0,11,2015,90,1,25,2016,382,0
88,7,2024,12,46,15,3836,1.0,1,0,1,c,c,434.0,11,2002,265,1,22,2013,500,1
660,7,2023,1,15,21,970,1.0,1,0,1,a,c,785.0,9,2014,100,1,8,2021,111,0
347,4,2023,3,26,27,3684,1.0,0,0,1,c,a,587.0,6,2008,177,0,46,2011,500,1
18,2,2024,10,37,20,1282,1.0,1,0,1,a,a,1082.0,3,2003,259,0,15,2018,334,0
352,3,2023,11,43,6,3905,,0,0,1,d,c,358.0,5,2009,174,0,21,2020,178,0
360,1,2023,9,26,27,1010,1.0,0,0,1,a,c,1022.0,2,2014,115,1,7,2021,123,1
287,3,2024,9,43,4,1616,1.0,0,0,0,b,b,568.0,3,2004,246,0,32,2016,427,1
5,2,2024,12,21,9,3537,,0,0,1,a,a,878.0,12,2018,72,1,1,2012,500,1
991,1,2024,1,45,21,3720,,0,0,0,a,c,624.0,11,2010,158,0,16,2020,237,0
798,4,2024,6,5,22,396,,0,0,0,a,c,1112.0,4,2021,38,1,10,2014,500,1
733,5,2024,11,2,28,627,,1,0,0,a,a,744.0,5,2009,186,1,5,2014,500,1
941,2,2024,10,8,5,2882,1.0,0,0,1,a,b,1051.0,7,2015,111,1,14,2011,500,1
623,1,2023,12,1,23,2458,1.0,0,b,0,a,b,900.0,1,2012,143,0,41,2014,428,1
642,6,2023,10,41,12,265,1.0,0,0,0,c,a,1107.0,7,2022,15,0,5,2012,500,1
509,3,2023,10,2,8,1744,1.0,0,0,0,a,a,672.0,11,2021,23,1,7,2018,255,0
227,4,2024,8,48,13,269,1.0,0,0,0,a,c,1252.0,11,2014,117,1,9,2012,500,0
148,7,2024,6,9,10,2854,1.0,0,0,0,a,b,667.0,10,2010,164,0,25,2016,400,1
149,3,2024,9,52,22,3102,1.0,1,0,1,a,c,852.0,4,2003,257,1,37,2016,431,1
671,1,2024,6,28,21,3714,1.0,0,0,1,c,c,795.0,5,2004,241,0,7,2015,489,0
32,3,2023,5,17,8,3811,,0,a,0,a,a,1046.0,7,2019,46,1,34,2017,295,0
688,7,2024,9,7,2,679,,0,0,1,b,c,1263.0,10,2022,23,0,7,2018,312,1
747,2,2023,11,1,2,2090,1.0,1,0,1,a,c,806.0,4,2020,43,0,32,2018,229,0
1031,5,2023,1,30,17,2651,1.0,1,0,1,a,c,1111.0,6,2021,19,1,45,2010,500,1
354,7,2023,12,17,4,2789,1.0,1,0,1,a,a,496.0,9,2013,123,0,29,2013,500,0
888,2,2023,2,20,10,3679,,1,0,0,a,a,907.0,7,2000,271,0,10,2010,500,0
1085,5,2023,1,28,20,3549,1.0,0,a,0,d,c,1309.0,4,2011,141,0,13,2018,275,0
866,1,2024,12,14,13,1401,1.0,0,0,1,d,c,847.0,1,2016,107,0,31,2019,243,0
809,7,2024,6,52,17,3987,1.0,0,0,1,b,c,937.0,10,2015,104,0,10,2021,198,1
1106,6,2023,2,40,8,2163,1.0,1,0,1,b,b,1155.0,2,2011,144,0,4,2018,296,1
798,7,2023,2,16,15,356,,1,0,0,a,a,664.0,1,2017,73,1,8,2019,216,0
326,4,2024,1,35,5,1677,,0,0,1,c,c,1451.0,2,2017,83,0,25,2011,500,0
192,6,2023,4,28,23,2646,,0,c,1,a,a,749.0,4,2003,240,0,31,2013,500,0
79,4,2024,12,27,27,1449,1.0,1,c,1,a,a,932.0,10,2009,182,1,41,2011,500,1
384,5,2024,8,49,16,3002,,0,0,0,a,a,336.0,6,2021,38,1,7,2014,500,0
1113,5,2024,10,50,28,2497,1.0,0,0,1,a,a,1153.0,8,2016,98,1,46,2020,212,0
752,7,2023,5,2,25,3206,1.0,1,0,0,d,a,910.0,7,2012,130,1,30,2014,440,0
174,3,2024,11,42,25,3872,1.0,0,0,0,d,a,782.0,6,2002,269,0,2,2016,456,1
420,6,2024,2,2,1,1670,1.0,1,0,1,b,c,528.0,5,2003,249,1,35,2011,500,0
908,5,2023,5,10,2,885,1.0,0,0,1,a,a,1414.0,12,2006,197,1,23,2015,403,1
536,4,2024,9,17,19,326,1.0,1,0,0,d,a,982.0,7,2009,182,0,26,2021,147,0
784,7,2024,5,38,14,326,1.0,1,0,0,a,a,1338.0,6,2015,107,0,22,2015,484,0
715,4,2024,11,35,21,649,1.0,0,0,1,a,a,910.0,3,2021,44,0,7,2023,80,1
333,2,2024,9,23,12,1964,1.0,0,0,1,c,a,918.0,4,2007,209,1,28,2023,47,1
441,5,2024,1,13,26,1795,1.0,1,0,0,a,a,909.0,4,2017,81,1,1,2011,500,1
984,1,2023,7,4,5,3136,1.0,0,0,0,a,c,642.0,2,2022,17,1,44,2010,500,1
379,6,2024,5,36,20,2871,1.0,0,0,0,a,a,684.0,4,2000,289,0,44,2015,460,1
437,1,2024,6,11,5,3562,,0,0,1,a,a,849.0,8,2016,94,0,4,2014,500,1
731,2,2024,2,39,20,2857,,1,c,0,c,a,1363.0,7,2008,187,1,39,2021,156,0
637,6,2023,6,52,18,3953,1.0,1,0,0,c,a,154.0,8,2000,274,0,33,2015,435,1
551,3,2024,5,6,23,2304,,1,0,1,d,c,1198.0,3,2009,182,1,42,2012,500,1
810,6,2023,11,36,27,3697,1.0,0,0,1,c,c,539.0,2,2006,213,1,10,2015,442,0
148,6,2024,9,38,2,2025,,1,0,0,c,a,795.0,7,2000,290,1,14,2016,440,1
292,2,2023,12,3,1,329,,1,0,0,c,c,667.0,11,2017,73,1,32,2018,231,1
897,7,2023,2,12,28,2921,1.0,0,0,0,a,c,1023.0,6,2012,128,1,33,2010,500,0
177,5,2024,3,15,20,873,1.0,0,0,1,c,c,1261.0,8,2022,19,0,3,2022,116,1
604,5,2023,1,50,25,1063,,1,0,1,a,b,1040.0,6,2021,19,0,20,2023,30,0
168,6,2024,2,46,16,3294,1.0,1,0,1,c,c,578.0,11,2014,111,1,3,2014,500,0
1079,4,2024,10,34,15,1097,,0,0,0,c,a,894.0,5,2021,41,0,25,2014,500,0
712,6,2024,7,45,6,265,,0,0,0,a,a,1081.0,4,2011,159,1,17,2022,132,1
352,1,2023,10,43,23,3372,1.0,0,0,1,a,a,929.0,3,2007,199,0,26,2017,329,1
24,5,2024,2,44,8,2491,,0,0,1,a,b,1052.0,5,2001,273,1,45,2018,311,0
607,6,2023,5,3,20,3216,1.0,0,0,0,c,c,1152.0,8,2010,153,1,23,2013,500,0
85,6,2024,9,21,26,2065,1.0,0,0,1,a,c,670.0,6,2017,87,0,41,2017,344,1
689,4,2023,11,6,25,3358,1.0,0,0,0,a,b,828.0,10,2017,73,0,13,2012,500,0
918,3,2023,2,38,13,1155,1.0,1,0,0,c,a,944.0,12,2004,218,1,32,2023,6,0
899,6,2023,1,33,9,1137,1.0,1,0,1,c,c,1065.0,9,2000,268,0,15,2018,278,1
828,4,2023,2,10,12,1807,1.0,1,0,1,a,a,868.0,8,2016,78,0,10,2017,312,0
1093,2,2023,6,15,23,2449,1.0,0,0,1,a,b,367.0,4,2002,254,1,7,2018,268,0
1020,7,2024,6,17,10,3192,1.0,0,c,1,a,c,838.0,9,2006,213,1,7,2014,500,1
529,5,2023,5,42,9,2098,1.0,0,0,0,b,b,767.0,8,2016,81,0,29,2021,117,1
64,6,2024,4,1,19,1668,1.0,1,0,1,d,a,642.0,5,2003,251,1,42,2020,167,1
564,2,2023,5,2,8,3192,,0,0,1,a,a,534.0,1,2010,160,1,51,2016,315,1
446,1,2023,2,40,25,1113,1.0,0,0,0,d,a,496.0,8,2013,114,0,17,2017,335,1
536,2,2024,4,24,10,2872,1.0,1,0,0,a,c,688.0,2,2003,254,1,22,2011,500,1
50,1,2023,2,51,10,986,1.0,1,0,0,c,a,631.0,1,2013,121,1,35,2022,68,0
158,4,2023,4,38,3,2134,1.0,1,0,0,a,c,736.0,4,2008,180,1,39,2018,259,0
567,5,2023,2,42,21,1308,1.0,0,0,1,a,a,730.0,3,2002,251,1,4,2017,350,1
952,4,2024,4,36,10,2260,,0,0,1,c,a,473.0,8,2018,68,1,14,2019,282,1
236,1,2024,9,22,7,1047,1.0,0,0,0,c,a,149.0,10,2001,275,1,34,2017,352,0
77,7,2023,9,35,18,1588,,0,0,0,a,a,1212.0,8,2010,157,0,50,2010,500,1
1105,3,2024,9,41,4,436,1.0,0,0,1,c,a,913.0,2,2014,127,0,6,2018,347,0
883,7,2023,11,31,12,2908,1.0,1,0,0,d,a,610.0,3,2000,284,1,19,2017,324,0
548,7,2024,12,29,15,2807,,0,0,0,a,b,822.0,9,2011,159,1,8,2022,125,0
888,6,2024,12,10,15,1101,1.0,0,0,1,a,a,1293.0,10,2017,86,0,18,2019,252,0
738,6,2023,9,13,1,1798,1.0,1,0,0,a,b,1242.0,6,2005,219,0,28,2023,0,0
1040,2,2023,7,51,19,884,,1,0,1,a,a,337.0,9,2004,226,1,15,2015,452,0
285,3,2024,5,43,12,3573,1.0,0,0,0,a,c,769.0,12,2004,233,0,11,2017,396,0
479,6,2024,5,29,22,1263,1.0,0,0,0,b,a,907.0,6,2016,95,0,14,2021,171,1
732,2,2024,6,9,4,2322,1.0,0,0,0,a,b,1241.0,11,2013,127,0,10,2020,207,1
555,1,2024,12,4,19,427,1.0,1,0,1,a,a,509.0,10,2002,266,0,9,2013,500,1
806,3,2023,5,25,14,1504,1.0,1,0,1,c,a,808.0,11,2022,6,1,29,2013,500,1
1104,4,2024,10,7,19,1747,,0,0,1,d,a,553.0,10,2016,96,1,50,2011,500,1
624,3,2024,8,8,10,3902,1.0,0,0,0,b,a,710.0,6,2018,74,1,27,2017,345,0
464,4,2023,6,18,2,1640,,0,0,1,a,a,840.0,9,2008,177,1,22,2022,48,1
159,2,2023,2,39,9,3210,1.0,0,0,1,a,c,565.0,5,2012,129,1,36,2020,159,0
232,6,2024,5,38,1,202,1.0,1,0,0,a,b,703.0,11,2003,246,0,42,2013,500,1
40,3,2024,12,26,1,1218,,1,0,1,a,a,847.0,3,2013,141,1,46,2020,188,0
217,2,2023,2,1,11,3502,,0,0,1,a,c,1087.0,2,2015,96,0,41,2016,324,1
647,2,2024,9,17,21,1270,,0,0,0,a,a,579.0,10,2003,251,0,13,2010,500,0
110,7,2023,3,11,10,1443,1.0,0,0,0,a,a,933.0,2,2018,61,0,16,2017,307,0
873,5,2023,6,39,5,3995,1.0,1,0,1,a,a,789.0,5,2003,241,0,34,2014,473,1
308,2,2024,12,13,23,1829,1.0,1,0,0,a,a,1050.0,6,2002,270,1,10,2015,471,1
494,1,2024,4,20,6,423,1.0,1,0,1,c,c,340.0,5,2000,287,0,51,2023,21,1
797,1,2024,10,12,5,2989,,0,0,0,a,a,529.0,4,2021,42,1,3,2015,477,1
359,2,2024,11,52,7,3208,1.0,1,0,1,d,a,603.0,2,2003,261,1,10,2013,500,0
366,3,2023,6,47,24,1599,,0,0,0,a,c,424.0,11,2015,91,0,45,2018,262,1
573,5,2023,6,38,5,705,,1,0,1,c,c,857.0,4,2010,158,0,43,2017,307,1
747,5,2024,8,48,6,2331,,0,0,1,c,a,809.0,8,2007,204,1,33,2021,171,1
637,1,2024,4,46,15,3533,,0,0,0,a,a,920.0,9,2019,55,1,50,2014,500,0
135,4,2024,2,19,13,514,1.0,0,0,1,a,c,859.0,9,2005,221,0,32,2014,500,1
594,3,2024,7,49,3,2645,1.0,0,0,1,a,b,1405.0,4,2002,267,0,22,2015,495,1
468,1,2023,12,41,14,3953,1.0,0,0,0,a,a,1036.0,12,2004,228,0,8,2015,449,1
835,1,2024,5,47,25,1440,1.0,0,0,1,a,a,989.0,11,2015,102,0,39,2018,320,0
212,4,2024,7,13,27,1331,,0,0,1,c,c,768.0,9,2003,250,1,7,2018,318,0
312,7,2024,11,29,11,530,1.0,1,0,1,c,b,1313.0,11,2012,144,0,18,2023,63,0
789,2,2023,10,5,3,3927,1.0,0,0,0,a,c,735.0,12,2017,70,1,40,2012,500,1
650,7,2023,1,39,18,1261,1.0,0,0,0,a,c,995.0,5,2010,152,0,1,2012,500,0
831,7,2024,8,12,25,871,1.0,0,0,0,a,a,726.0,10,2004,238,1,29,2019,243,1
73,6,2023,8,51,9,936,,1,0,0,a,a,891.0,4,2012,136,1,29,2016,386,1
765,5,2023,8,16,10,2702,1.0,0,0,0,a,a,972.0,8,2000,276,1,33,2019,191,1
56,6,2024,9,31,13,473,1.0,0,0,1,c,b,1095.0,12,2020,45,1,37,2012,500,0
69,3,2023,7,13,6,2523,1.0,0,0,1,b,a,504.0,4,2005,219,0,23,2014,458,0
63,4,2023,7,23,14,2924,,1,0,1,c,a,866.0,10,2006,201,0,16,2013,500,0
913,6,2023,3,7,27,1374,,0,0,0,a,a,532.0,10,2013,113,1,42,2016,329,0
886,4,2023,5,16,8,3231,,1,0,1,d,c,715.0,5,2015,96,1,28,2012,500,1
757,1,2023,7,17,16,2617,1.0,0,0,0,c,c,850.0,6,2015,97,0,34,2017,295,1
117,2,2024,5,8,2,500,,0,c,0,a,a,906.0,9,2016,92,0,18,2021,146,1
970,5,2023,12,52,21,1552,1.0,1,0,1,b,a,809.0,12,2012,132,0,36,2011,500,0
171,1,2023,6,41,2,626,,0,0,1,c,a,534.0,6,2012,132,1,10,2019,239,1
997,1,2024,1,15,21,443,,1,0,0,a,a,1055.0,11,2012,134,1,39,2010,500,0
350,5,2023,3,8,21,934,1.0,0,0,0,a,c,327.0,2,2001,265,1,17,2023,0,0
788,2,2023,5,34,2,3514,1.0,0,0,0,a,a,914.0,1,2002,256,0,38,2012,500,1
32,2,2023,7,5,1,2329,1.0,1,0,0,c,c,857.0,10,2018,57,0,8,2022,49,1
787,7,2024,10,42,22,710,1.0,1,0,1,a,c,839.0,12,2018,70,0,7,2023,87,0
568,7,2023,3,41,6,1208,,0,0,0,d,a,1224.0,7,2017,68,0,30,2012,500,0
706,3,2023,9,13,15,869,1.0,0,0,0,b,a,884.0,5,2011,148,1,52,2017,273,1
907,7,2023,12,18,6,2166,1.0,0,0,1,c,a,1353.0,8,2009,172,1,40,2013,498,0
778,2,2023,3,44,26,2651,,1,0,0,c,a,1261.0,4,2012,131,0,12,2018,292,1
747,5,2023,9,44,26,3953,1.0,0,0,0,a,b,645.0,2,2013,127,1,41,2012,500,0
310,3,2023,2,42,2,3234,1.0,0,0,0,a,a,829.0,5,2001,261,1,39,2012,500,0
552,3,2024,11,7,3,1411,1.0,0,0,0,a,a,691.0,11,2019,60,0,40,2018,279,0
773,6,2023,6,18,3,1081,1.0,0,0,0,a,c,1209.0,3,2011,147,1,27,2010,500,1
864,2,2024,4,23,18,734,,1,0,1,a,c,986.0,5,2009,179,0,2,2020,229,1
976,5,2024,4,47,4,768,1.0,1,b,0,c,b,496.0,5,2019,59,1,31,2017,380,1
895,6,2023,2,7,22,217,1.0,0,0,0,a,a,1084.0,2,2016,84,1,49,2014,426,1
318,1,2024,3,27,15,1876,1.0,0,0,1,a,a,854.0,11,2016,88,0,33,2010,500,1
832,2,2023,8,5,16,1764,1.0,1,0,1,c,a,1090.0,10,2015,94,1,5,2018,260,1
467,5,2023,10,29,6,843,1.0,0,0,0,d,c,439.0,5,2006,209,1,13,2023,16,1
524,5,2023,3,32,20,2085,,0,0,0,c,a,795.0,6,2018,57,0,37,2023,0,1
457,7,2024,9,49,11,702,,1,0,1,c,c,946.0,12,2004,237,1,50,2020,207,0
624,5,2023,3,41,6,849,,0,0,1,b,b,654.0,6,2018,57,0,16,2018,285,1
735,4,2023,6,2,20,3249,1.0,1,0,0,b,a,965.0,10,2022,8,0,48,2020,110,0
76,4,2023,8,41,12,1920,1.0,1,0,0,c,c,669.0,1,2019,55,0,48,2023,0,0
728,1,2023,3,44,3,1189,,0,0,0,b,c,879.0,8,2020,31,1,51,2018,253,1
393,7,2023,4,19,24,3394,1.0,1,0,1,c,c,1065.0,12,2009,160,1,4,2011,500,1
753,1,2024,1,5,4,3978,,0,a,0,c,c,928.0,3,2006,214,1,28,2019,237,0
1054,4,2024,11,23,3,1660,1.0,1,0,1,c,a,397.0,5,2021,42,1,24,2020,207,1
127,6,2023,2,2,3,824,1.0,1,0,1,a,c,1254.0,3,2020,35,1,51,2017,263,1
293,5,2023,9,44,17,2495,1.0,0,0,1,c,a,1078.0,3,2002,258,0,4,2019,248,0
1023,5,2024,4,34,14,730,,0,0,0,a,c,919.0,6,2022,22,1,30,2011,500,1
720,3,2024,5,37,7,2511,,1,0,1,a,c,1382.0,12,2007,197,1,17,2013,500,0
176,3,2023,4,5,7,680,1.0,0,0,1,a,a,807.0,7,2020,33,1,4,2018,261,1
960,6,2024,5,25,7,1772,1.0,0,0,1,b,c,1058.0,11,2013,126,0,5,2011,500,0
328,4,2023,4,35,22,3304,1.0,0,0,1,c,a,263.0,4,2016,84,0,40,2021,99,0
730,2,2023,1,23,12,1289,,0,0,1,d,a,1277.0,12,2019,37,1,7,2010,500,1
687,4,2024,3,9,4,1511,1.0,0,0,0,c,b,1047.0,9,2004,234,0,40,2017,333,0
724,7,2023,3,28,15,2738,1.0,0,0,0,a,c,1289.0,8,2009,163,1,50,2018,238,0
678,1,2023,1,6,18,2117,,1,0,0,c,c,644.0,7,2005,210,0,28,2020,134,0
724,3,2023,3,49,27,1435,1.0,0,0,1,c,c,1464.0,9,2003,234,1,7,2018,302,0
194,6,2023,1,28,23,1437,,0,0,0,c,c,1059.0,5,2012,128,1,18,2012,500,0
699,7,2024,10,6,11,3442,1.0,1,0,0,b,b,1081.0,5,2012,149,0,33,2020,181,1
364,2,2024,12,46,24,957,1.0,1,0,0,a,a,565.0,3,2012,153,0,36,2020,218,1
633,7,2024,4,18,23,2586,1.0,0,b,0,a,c,982.0,11,2004,233,0,52,2011,500,0
885,2,2024,2,6,3,1891,1.0,1,0,0,b,a,922.0,6,2008,188,1,36,2016,386,0
154,1,2024,2,34,24,276,1.0,0,0,1,a,a,866.0,7,2020,43,1,15,2017,383,1
601,2,2023,2,9,9,1757,1.0,0,c,1,c,a,963.0,12,2006,194,0,10,2017,311,0
750,5,2024,9,16,7,443,1.0,1,0,1,a,a,354.0,3,2017,90,1,20,2012,500,1
1029,1,2023,2,22,19,2635,1.0,0,0,1,a,c,1119.0,8,2002,246,1,44,2012,500,1
22,2,2024,6,18,8,1329,1.0,1,0,1,a,a,577.0,7,2020,47,1,16,2013,500,1
526,7,2024,5,17,4,1252,,1,0,0,a,a,820.0,6,2001,275,1,25,2021,148,1
281,5,2023,7,29,22,1750,1.0,1,a,1,c,c,754.0,12,2010,151,0,52,2012,500,0
403,6,2024,12,28,26,3693,1.0,0,0,1,a,a,825.0,10,2015,110,0,18,2016,426,0
247,4,2024,11,28,21,993,1.0,1,0,1,a,a,414.0,5,2010,174,0,43,2017,349,1
779,4,2023,8,2,23,2584,1.0,1,0,1,a,a,377.0,12,2013,116,1,10,2014,460,0
201,1,2024,11,20,16,3734,,0,a,1,c,c,714.0,2,2015,117,1,46,2015,442,1
641,5,2023,12,50,21,345,1.0,0,0,1,a,a,325.0,6,2021,30,1,27,2011,500,0
484,4,2023,12,47,18,599,,1,0,0,c,a,520.0,8,2003,244,0,10,2016,401,1
631,7,2024,3,10,6,397,,0,0,0,a,a,987.0,10,2007,197,1,50,2023,12,1
1083,5,2023,12,6,6,2307,,1,0,1,b,b,718.0,12,2010,156,1,15,2019,199,1
361,4,2024,9,42,21,1695,1.0,0,0,1,c,a,742.0,2,2016,103,1,13,2011,500,1
1035,4,2024,9,40,19,2897,1.0,1,0,1,c,a,1260.0,6,2011,159,0,39,2011,500,0
478,4,2024,1,50,23,223,,0,0,0,a,c,72.0,6,2000,283,0,17,2015,500,0
47,2,2024,2,39,18,1785,1.0,0,0,0,c,a,676.0,9,2010,161,0,41,2020,206,1
3,1,2023,7,13,27,3869,,0,0,1,a,c,866.0,11,2018,56,0,18,2012,500,0
668,3,2024,8,48,3,2779,1.0,0,0,1,a,a,945.0,10,2019,58,1,37,2018,323,0
276,3,2023,10,32,2,2523,,0,0,1,c,a,410.0,11,2005,215,1,44,2020,144,0
767,5,2023,12,25,24,3178,,1,0,0,c,a,925.0,8,2015,100,1,31,2010,500,0
52,5,2024,2,46,26,535,,1,b,1,b,c,696.0,11,2021,27,1,48,2012,500,1
920,2,2023,5,50,25,721,1.0,1,0,1,a,c,1235.0,5,2003,240,1,45,2014,473,1
1005,2,2023,6,50,18,2388,1.0,0,0,1,a,a,1078.0,1,2000,281,1,25,2018,285,0
585,6,2023,5,30,20,1349,,0,0,0,a,c,740.0,8,2008,177,0,29,2019,209,0
464,7,2023,3,32,19,2752,,1,0,0,a,a,811.0,4,2000,275,1,32,2018,260,0
1056,6,2023,7,46,22,1662,,0,0,0,a,a,905.0,3,2008,184,0,6,2015,456,0
1098,5,2024,5,26,2,2750,1.0,0,0,1,a,b,875.0,1,2021,40,0,13,2017,377,0
266,7,2024,1,25,3,2509,,0,0,0,a,c,805.0,2,2009,179,0,45,2011,500,0
525,4,2023,2,33,25,2547,1.0,1,0,1,a,c,752.0,11,2021,15,0,45,2011,500,0
483,3,2024,3,27,8,2490,1.0,0,0,1,a,a,1407.0,10,2012,137,0,49,2019,238,1
102,2,2023,10,33,8,2722,1.0,1,0,0,a,c,1079.0,6,2003,244,1,36,2011,500,1
750,6,2023,12,13,9,337,,0,0,0,b,a,912.0,6,2011,150,1,7,2016,370,1
796,4,2024,1,51,13,3076,1.0,1,0,1,a,a,1002.0,1,2000,288,1,39,2018,324,0
814,4,2024,3,18,7,3459,1.0,0,0,1,d,c,604.0,12,2008,183,0,14,2010,500,1
687,2,2023,3,12,9,1580,,0,0,1,d,c,755.0,2,2022,13,1,21,2016,355,0
945,6,2023,12,20,24,646,1.0,1,0,1,a,c,484.0,10,2013,122,1,9,2011,500,0
689,6,2023,1,52,5,2987,1.0,0,0,0,a,c,809.0,12,2012,121,1,51,2014,469,0
883,1,2023,7,33,11,2922,1.0,1,0,1,a,c,516.0,12,2017,67,1,39,2019,202,0
1069,4,2023,10,23,2,1516,1.0,0,0,0,a,a,724.0,5,2015,101,0,25,2013,500,0
430,2,2024,8,10,3,691,,1,a,1,a,a,749.0,9,2006,215,1,8,2010,500,1
945,7,2024,3,22,25,2309,1.0,0,0,0,a,b,637.0,3,2014,120,0,37,2013,500,0
838,2,2023,5,51,24,1109,1.0,0,0,1,a,c,1074.0,5,2011,144,1,42,2012,500,0
766,4,2024,9,42,16,3050,1.0,1,0,1,a,b,1518.0,3,2002,270,1,9,2014,500,0
642,7,2024,12,2,17,3997,1.0,1,0,1,c,a,367.0,9,2021,39,1,15,2011,500,1
415,5,2023,7,22,4,3390,1.0,1,0,0,c,b,1055.0,6,2008,181,0,41,2017,293,1
769,3,2023,7,12,21,1915,1.0,0,0,0,c,a,795.0,10,2008,177,0,6,2013,500,0
948,2,2023,2,33,27,269,1.0,0,0,1,b,c,476.0,5,2003,237,0,3,2015,446,0
888,7,2023,8,34,28,2635,,0,0,0,a,c,592.0,9,2013,119,0,51,2020,139,0
572,3,2023,9,2,25,2976,1.0,0,0,0,a,a,860.0,1,2017,80,0,45,2017,269,1
207,2,2024,2,19,14,2815,,0,0,1,a,a,838.0,11,2022,15,0,47,2014,492,0
1017,5,2023,12,26,25,2335,1.0,1,0,0,a,c,923.0,4,2005,224,1,14,2015,428,1
1056,7,2024,4,24,20,217,1.0,1,0,0,a,c,573.0,1,2006,219,0,48,2019,236,0
11,6,2024,10,15,18,400,1.0,1,0,0,a,a,275.0,10,2017,84,1,2,2022,117,1
469,5,2023,10,36,16,3923,1.0,0,a,1,a,c,849.0,5,2010,161,0,51,2017,297,0
980,5,2023,1,40,12,2312,,0,0,1,c,c,1136.0,11,2015,86,1,45,2010,500,0
752,4,2024,11,4,21,608,,1,0,1,c,c,464.0,10,2004,241,0,42,2012,500,1
192,7,2023,4,4,6,1499,,0,0,0,c,a,1033.0,6,2005,214,0,48,2011,500,0
618,6,2023,11,28,16,3049,1.0,1,0,0,a,c,873.0,10,2013,121,0,42,2014,454,1
587,2,2024,11,28,27,415,1.0,1,0,0,a,a,1229.0,2,2021,45,0,42,2016,402,1
253,1,2024,11,7,28,2782,1.0,0,0,0,b,a,963.0,4,2007,211,1,39,2017,332,0
770,2,2023,4,36,4,620,1.0,1,0,1,c,c,1369.0,6,2005,214,1,45,2014,459,0
152,7,2024,2,35,10,1416,1.0,0,0,1,d,c,1175.0,11,2013,123,1,2,2021,189,0
810,3,2023,7,23,10,3927,1.0,1,0,0,b,a,271.0,4,2012,135,1,40,2020,139,1
895,6,2023,9,14,20,3979,1.0,0,0,1,a,b,650.0,7,2019,50,0,39,2010,500,1
755,3,2024,12,32,15,2796,1.0,0,0,0,a,c,302.0,4,2006,224,0,23,2015,477,0
489,7,2023,12,4,3,843,,1,0,1,a,b,1207.0,2,2016,94,0,36,2013,488,1
476,1,2024,5,37,18,1332,,1,0,0,d,c,750.0,1,2020,52,0,51,2015,454,1
754,5,2023,11,31,23,2764,1.0,1,0,1,c,c,929.0,10,2019,49,1,10,2011,500,0
498,5,2024,12,12,17,2952,1.0,1,b,0,c,c,294.0,12,2002,264,1,44,2022,72,1
340,4,2024,1,35,16,319,1.0,0,0,1,c,a,318.0,7,2020,42,1,49,2023,38,1
952,5,2023,4,5,7,575,1.0,1,0,0,a,a,681.0,1,2004,231,0,14,2017,303,0
534,5,2024,5,45,26,1690,1.0,1,0,1,a,c,781.0,12,2009,173,0,45,2011,500,1
667,2,2024,2,32,27,1858,1.0,0,0,0,a,a,563.0,2,2020,48,0,2,2023,82,0
367,7,2023,12,42,28,3268,1.0,1,0,1,a,c,763.0,1,2011,155,1,1,2013,500,0
518,5,2023,1,20,3,3901,1.0,0,a,0,d,a,861.0,6,2019,43,1,21,2011,500,1
348,1,2024,12,35,16,3413,1.0,0,0,1,a,c,940.0,9,2015,111,1,2,2023,85,0
147,7,2023,7,34,9,1811,1.0,0,0,1,c,a,726.0,5,2017,74,0,38,2014,464,0
73,7,2024,7,37,7,3528,1.0,0,0,1,c,a,1070.0,1,2018,78,1,7,2011,500,0
426,4,2024,1,45,12,696,,0,0,0,a,c,1046.0,1,2022,24,0,35,2013,500,1
829,3,2023,6,44,26,1287,1.0,0,0,1,a,a,1283.0,10,2011,140,0,40,2012,500,1
534,5,2023,9,31,14,1851,1.0,0,0,1,a,a,1299.0,9,2002,252,1,9,2016,386,0
882,2,2023,6,36,12,622,1.0,0,0,1,a,a,706.0,11,2004,223,0,31,2011,500,1
1072,5,2024,11,39,25,3884,1.0,0,0,1,c,a,459.0,12,2003,251,0,9,2011,500,1
163,5,2024,10,23,23,347,1.0,0,0,0,d,b,730.0,11,2003,251,0,4,2010,500,1
447,2,2023,8,23,28,666,,1,0,0,a,a,952.0,1,2001,271,0,52,2023,0,0
562,7,2023,2,19,14,1432,1.0,0,0,0,b,a,743.0,5,2004,225,0,40,2015,395,1
36,5,2023,4,50,16,679,1.0,0,0,1,a,a,754.0,11,2010,149,0,5,2018,305,1
385,1,2023,4,20,12,1329,,0,0,0,c,a,850.0,9,2015,91,0,4,2020,172,0
168,5,2024,5,14,16,3622,1.0,0,0,0,b,c,695.0,8,2014,117,0,1,2010,500,0
888,3,2024,2,24,12,1152,1.0,1,0,0,c,a,610.0,3,2014,119,0,36,2021,144,1
234,7,2024,11,44,1,1042,1.0,0,0,1,c,a,522.0,7,2012,148,0,29,2013,500,0
719,1,2024,8,50,23,231,1.0,1,a,0,a,a,1101.0,7,2004,241,1,39,2023,63,1
155,6,2023,6,43,9,1069,1.0,1,0,0,a,a,773.0,11,2000,271,1,12,2012,500,0
1066,1,2023,8,40,19,2199,1.0,1,0,1,c,c,981.0,3,2012,137,0,9,2022,83,1
352,3,2023,3,26,19,1876,1.0,0,0,0,a,a,816.0,7,2019,44,1,47,2010,500,1
1050,5,2024,9,13,22,385,1.0,0,0,1,c,c,610.0,4,2006,221,0,19,2022,98,0
400,7,2023,3,1,6,2695,1.0,0,0,0,b,c,695.0,9,2012,126,1,42,2019,167,1
3,2,2023,6,4,8,1738,1.0,0,0,1,d,a,355.0,10,2007,188,0,44,2021,64,1
666,2,2023,3,14,18,1631,1.0,0,0,1,a,c,900.0,8,2003,235,0,36,2010,500,0
563,6,2023,9,20,19,449,1.0,1,0,0,c,a,1345.0,1,2007,200,0,40,2011,500,0
196,4,2024,4,45,16,2601,,1,0,0,a,c,891.0,8,2004,236,0,2,2017,407,0
896,3,2023,2,29,17,415,,1,0,0,a,a,1077.0,1,2002,253,0,50,2012,500,0
71,6,2024,6,26,15,1283,1.0,0,0,1,c,a,455.0,10,2010,164,1,18,2015,476,1
497,3,2023,4,7,5,3756,1.0,0,0,1,c,a,236.0,3,2002,253,1,2,2020,161,1
1095,5,2024,9,24,15,3799,1.0,1,0,1,a,c,705.0,10,2011,155,0,40,2011,500,1
24,1,2023,3,38,21,2907,1.0,0,0,0,d,a,1582.0,7,2013,116,1,8,2014,498,1
880,5,2023,6,39,7,2581,1.0,1,0,0,a,b,297.0,2,2015,100,0,17,2020,178,1
455,6,2023,9,13,26,2490,1.0,0,0,1,a,a,1154.0,7,2017,74,0,51,2021,66,1
308,6,2023,2,13,13,2359,1.0,1,0,0,c,a,908.0,5,2009,165,0,32,2012,500,0
1059,5,2023,12,46,28,2133,1.0,1,0,1,c,c,987.0,10,2008,182,0,47,2019,207,0
706,7,2024,4,42,20,1042,1.0,0,0,0,a,a,882.0,8,2019,56,0,4,2021,194,0
147,3,2024,3,7,8,3980,1.0,0,b,0,a,a,647.0,6,2015,105,1,10,2011,500,1
1104,2,2024,11,35,11,2004,,1,0,0,c,c,706.0,7,2017,88,1,33,2010,500,1
675,6,2023,5,1,28,3706,,1,0,0,a,a,1046.0,6,2020,35,0,48,2020,109,0
124,7,2023,7,4,6,2935,1.0,0,0,1,a,a,1085.0,6,2015,97,0,33,2021,75,1
451,3,2024,1,49,8,1795,,0,0,0,a,c,362.0,3,2007,202,1,8,2015,500,0
1032,3,2024,7,32,16,2644,1.0,0,0,1,b,a,840.0,1,2020,54,0,28,2011,500,0
118,5,2024,5,8,17,1005,1.0,0,0,1,a,a,725.0,5,2004,240,0,3,2017,369,0
746,4,2024,11,26,17,3513,,1,0,0,a,b,441.0,8,2020,51,0,27,2022,103,1
682,4,2024,4,49,22,2978,,1,0,0,a,c,1192.0,11,2020,41,1,34,2012,500,1
335,6,2024,10,26,25,1827,1.0,1,0,1,b,c,710.0,3,2017,91,0,4,2014,500,1
198,6,2023,8,37,16,3474,1.0,1,0,1,a,a,859.0,6,2011,146,1,22,2016,379,1
990,3,2024,9,8,25,2369,,0,0,1,c,a,1181.0,1,2005,236,0,16,2021,148,1
390,4,2023,1,37,15,697,1.0,0,0,1,c,c,1081.0,5,2018,56,1,43,2014,462,0
836,5,2023,3,43,27,588,1.0,0,0,1,a,c,1215.0,10,2004,221,1,32,2013,500,0
73,4,2023,2,3,21,292,1.0,0,0,1,a,c,495.0,1,2019,49,0,2,2012,500,0
172,7,2023,4,34,27,1154,1.0,0,0,1,a,a,1290.0,3,2003,241,0,1,2023,33,1
1056,2,2024,7,3,23,547,1.0,0,0,0,c,c,648.0,8,2006,215,1,27,2017,340,1
159,5,2023,2,39,16,1917,,1,0,0,a,a,551.0,10,2005,208,0,41,2016,362,1
156,6,2023,10,21,2,2595,1.0,0,c,1,a,a,980.0,5,2015,101,0,49,2010,500,1
330,5,2024,5,46,27,2356,1.0,1,0,0,a,a,694.0,10,2022,19,0,7,2014,500,1
151,6,2024,7,23,1,2118,1.0,1,0,0,a,c,1047.0,9,2004,238,1,22,2010,500,1
687,3,2023,9,43,1,2017,,0,0,1,a,a,590.0,10,2015,95,0,5,2011,500,0
256,4,2023,8,8,2,3847,1.0,0,0,1,a,a,854.0,1,2003,247,0,23,2014,453,0
510,7,2023,2,43,27,1400,1.0,1,0,1,a,c,1318.0,2,2007,192,0,24,2015,435,1
421,3,2024,8,32,5,3755,1.0,1,0,0,a,a,970.0,2,2000,294,0,39,2011,500,0
777,2,2024,6,8,15,1031,,1,0,0,a,c,792.0,2,2012,148,0,50,2014,478,1
1106,3,2024,5,32,2,1763,1.0,1,0,0,d,a,916.0,10,2014,115,0,45,2023,39,1
848,2,2023,1,2,7,2003,1.0,1,0,0,d,a,125.0,3,2010,154,0,4,2014,466,0
662,2,2024,5,52,23,472,,0,0,0,a,a,753.0,12,2022,17,0,45,2013,500,0
147,1,2024,11,3,22,2658,1.0,0,0,1,a,a,447.0,6,2013,137,1,27,2023,28,1
239,5,2023,9,15,12,1423,1.0,0,0,0,a,a,731.0,9,2013,120,0,35,2023,0,0
329,4,2024,7,15,3,3635,1.0,1,0,0,a,c,474.0,9,2009,178,1,43,2011,500,1
112,5,2023,8,26,8,3031,,1,0,0,a,a,899.0,3,2006,209,0,49,2018,237,0
424,6,2023,8,17,17,1307,1.0,1,0,1,d,a,222.0,8,2015,96,1,9,2015,424,1
434,6,2023,5,52,18,1109,,1,0,1,b,c,795.0,7,2008,178,1,18,2022,86,1
196,5,2024,10,39,7,3876,1.0,1,a,1,c,a,1212.0,1,2020,57,1,14,2011,500,0
632,6,2024,5,50,17,283,1.0,0,0,0,a,c,1105.0,10,2004,235,0,24,2018,338,1
1104,4,2023,4,12,17,3805,,0,0,1,a,c,793.0,1,2020,39,1,35,2021,81,0
542,6,2023,4,31,27,950,,1,0,1,c,c,1119.0,4,2009,168,1,28,2022,55,0
643,4,2024,4,46,7,967,,0,0,1,a,c,790.0,11,2019,53,0,29,2013,500,1
180,4,2023,6,38,16,2907,1.0,1,0,0,a,a,828.0,5,2012,133,1,16,2015,438,0
300,6,2024,1,49,4,939,,0,0,1,d,a,542.0,7,2006,210,1,35,2021,170,0
638,5,2023,7,31,27,2819,1.0,0,0,0,c,a,757.0,8,2013,119,1,45,2013,500,0
410,2,2024,9,15,2,388,,1,0,0,a,a,1130.0,9,2022,24,0,22,2012,500,0
135,4,2023,12,25,23,1954,1.0,0,0,1,a,a,1016.0,1,2019,59,1,13,2019,220,1
285,4,2023,6,10,13,2701,1.0,1,0,1,a,a,1348.0,3,2017,75,0,27,2020,139,0
865,4,2024,12,28,12,1845,,1,0,1,b,a,1080.0,2,2011,166,1,2,2010,500,0
1090,1,2024,2,23,12,1793,1.0,1,0,0,a,c,519.0,11,2018,63,1,47,2020,184,0
668,6,2024,3,7,12,1303,1.0,0,c,1,a,a,210.0,12,2022,15,0,52,2023,7,0
983,6,2024,1,4,8,968,1.0,0,0,0,a,a,980.0,12,2011,145,1,47,2013,500,1
978,6,2024,5,28,4,1656,,1,0,1,b,a,1015.0,9,2008,188,1,9,2020,227,1
369,6,2023,2,49,17,3964,1.0,0,0,0,c,a,830.0,7,2013,115,0,9,2020,196,0
595,1,2024,7,43,5,1601,,1,0,0,b,b,1296.0,10,2002,261,0,3,2022,144,0
893,1,2023,8,1,1,2714,,0,0,0,a,c,884.0,11,2019,45,1,44,2022,9,0
666,2,2023,4,32,17,762,,1,0,0,a,a,1112.0,12,2020,28,1,4,2014,496,1
798,6,2024,10,51,14,334,1.0,0,0,0,b,a,910.0,2,2003,260,0,3,2010,500,0
690,2,2023,4,28,27,1632,,0,0,1,a,b,882.0,10,2021,18,1,46,2014,450,1
1064,2,2023,8,8,5,2963,1.0,0,0,0,b,a,1176.0,11,2010,153,1,40,2011,500,0
352,4,2024,8,3,4,1380,1.0,0,0,0,a,a,1460.0,8,2003,252,1,18,2022,89,0
233,7,2024,1,20,11,2438,1.0,1,0,0,a,a,803.0,3,2015,106,0,24,2017,360,0
182,1,2024,1,24,25,2722,,0,0,1,a,a,1014.0,7,2020,42,0,16,2019,268,1
106,4,2023,6,7,6,1841,1.0,0,0,1,c,a,962.0,10,2009,164,0,41,2010,500,1
834,1,2023,5,22,11,1108,1.0,0,0,1,d,a,752.0,3,2020,38,1,47,2010,500,1
719,3,2023,3,6,19,612,1.0,1,0,0,a,c,589.0,10,2019,41,1,37,2011,500,1
175,3,2024,12,30,17,2092,1.0,0,0,1,c,a,1150.0,11,2013,133,0,5,2015,493,1
831,5,2023,12,31,26,2929,,1,0,0,a,c,1275.0,8,2015,100,1,41,2015,406,1
327,6,2024,1,11,20,3167,,0,0,0,c,a,838.0,7,2022,18,1,31,2011,500,0
92,1,2024,2,11,9,2530,1.0,0,0,1,a,a,702.0,1,2019,61,0,38,2016,389,0
87,7,2023,5,25,4,482,1.0,1,0,0,a,b,1146.0,11,2004,222,1,29,2023,0,0
763,5,2024,6,40,13,3395,,1,0,1,a,c,557.0,1,2018,77,1,50,2021,146,1
236,6,2024,8,22,21,1153,1.0,0,0,0,a,a,949.0,6,2015,110,0,48,2022,78,0
942,4,2024,4,34,1,231,,0,0,0,a,b,947.0,4,2013,132,0,24,2011,500,1
825,5,2023,1,34,28,2997,1.0,0,0,0,c,a,858.0,8,2018,53,0,7,2016,391,1
690,4,2024,3,30,10,2881,1.0,0,0,1,b,a,1151.0,8,2018,67,1,34,2018,308,0
794,1,2024,5,7,2,2625,1.0,1,0,1,d,a,936.0,1,2007,208,0,14,2016,409,0
720,2,2023,10,40,22,2917,,1,0,1,a,b,830.0,2,2020,44,0,45,2011,500,0
518,6,2024,6,30,24,256,1.0,0,0,0,a,a,670.0,11,2017,79,1,10,2015,488,1
720,6,2023,4,12,16,3538,1.0,0,0,1,a,c,781.0,1,2022,15,1,38,2013,494,0
555,2,2024,4,15,23,1607,,0,0,0,a,c,709.0,7,2002,261,0,25,2015,458,0
766,4,2023,6,51,10,2690,1.0,1,0,1,d,a,755.0,1,2017,77,0,41,2020,166,1
1061,4,2023,2,18,25,1989,1.0,0,0,1,b,a,1043.0,1,2012,133,0,52,2014,434,1
863,1,2023,1,40,4,1619,,1,0,1,a,a,635.0,9,2013,112,0,50,2019,198,1
413,7,2023,5,20,24,1698,1.0,0,0,1,a,a,1064.0,8,2000,273,0,30,2022,42,1
694,3,2024,4,24,10,1114,1.0,0,0,1,a,c,1110.0,10,2015,102,0,50,2014,494,1
371,7,2024,10,37,14,2522,1.0,1,0,0,a,a,1291.0,9,2019,61,1,51,2023,38,1
452,7,2024,2,37,1,1361,1.0,0,0,0,a,a,1012.0,4,2013,130,1,36,2023,53,0
1099,3,2023,3,37,4,1556,,0,a,0,c,a,933.0,1,2010,158,1,21,2010,500,1
352,3,2024,5,33,23,2346,1.0,1,0,0,b,a,1071.0,10,2005,223,0,44,2015,457,0
32,3,2024,11,52,18,586,1.0,1,0,1,b,c,1017.0,7,2008,196,0,26,2018,338,1
450,3,2024,6,19,26,1570,1.0,0,0,1,a,a,1080.0,8,2002,262,1,48,2017,335,1
1058,5,2023,1,1,2,351,1.0,0,0,0,c,a,448.0,7,2011,138,1,48,2020,109,1
306,2,2023,2,20,23,2826,1.0,0,0,0,c,c,542.0,3,2022,11,1,5,2022,67,1
434,6,2024,8,46,25,3007,1.0,0,0,1,a,a,599.0,1,2000,295,1,19,2020,235,1
813,4,2024,3,13,17,3712,1.0,1,0,0,a,b,1276.0,8,2022,19,1,30,2017,347,0
158,1,2024,5,6,6,233,1.0,0,b,0,d,a,159.0,5,2007,204,0,49,2012,500,0
161,2,2024,10,15,12,1593,1.0,1,0,0,a,c,1170.0,2,2007,212,1,21,2013,500,0
791,2,2024,9,6,10,3273,,1,0,1,a,a,797.0,6,2009,183,0,41,2011,500,0
1047,6,2024,4,33,24,2999,,1,0,0,a,a,850.0,10,2015,102,1,7,2010,500,0
249,7,2023,9,35,28,1286,1.0,1,0,1,c,c,901.0,11,2019,46,1,20,2017,327,1
380,5,2024,2,24,3,1147,1.0,1,0,0,c,a,217.0,6,2010,164,0,19,2016,421,0
752,5,2023,7,3,8,3466,1.0,1,0,0,a,c,649.0,12,2011,139,1,40,2016,327,0
287,2,2023,3,49,20,1565,1.0,0,0,0,c,b,965.0,11,2002,244,1,29,2013,500,1
924,2,2024,2,32,25,1585,1.0,1,0,0,c,a,1076.0,2,2006,216,0,12,2012,500,1
1077,1,2024,7,6,19,911,,0,0,0,c,c,1079.0,10,2020,45,0,7,2010,500,1
784,4,2024,2,32,22,2106,1.0,1,b,1,c,a,850.0,6,2019,56,1,50,2018,294,0
177,5,2023,6,25,8,2729,1.0,0,0,1,b,c,1232.0,4,2007,194,0,4,2018,281,0
684,7,2023,12,4,12,1015,1.0,0,0,1,a,c,804.0,8,2014,112,1,3,2023,1,1
898,1,2024,2,16,1,3414,,0,b,0,c,c,928.0,12,2017,74,1,29,2012,500,0
236,4,2024,4,21,12,2559,1.0,1,b,1,a,c,1004.0,7,2011,153,1,10,2016,427,1
250,7,2024,2,25,17,1289,1.0,0,0,0,c,a,662.0,3,2022,23,0,7,2018,330,1
987,7,2023,9,29,23,3206,1.0,0,0,1,c,a,959.0,12,2009,165,1,43,2022,38,1
827,2,2023,4,34,16,2458,1.0,1,a,1,b,a,758.0,7,2016,81,1,18,2022,68,0
750,4,2024,3,19,14,1372,1.0,0,0,1,b,a,764.0,1,2005,230,0,31,2022,92,0
591,2,2023,11,22,5,3740,,0,0,1,c,c,955.0,10,2006,205,0,16,2013,500,0
94,3,2024,8,47,7,3770,,0,a,0,c,a,1009.0,6,2021,38,1,16,2018,343,0
444,1,2023,5,25,4,1620,,1,0,1,a,a,855.0,5,2005,216,1,2,2023,23,0
440,2,2024,8,37,2,469,1.0,1,0,1,a,a,816.0,2,2019,66,0,46,2015,459,0
784,6,2024,7,37,6,2256,1.0,1,0,0,a,a,965.0,7,2016,96,1,1,2014,500,0
577,7,2023,12,18,15,780,1.0,0,0,0,d,c,884.0,8,2017,76,0,33,2018,245,0
435,7,2023,10,24,10,3531,,1,0,0,c,c,586.0,1,2008,189,0,6,2010,500,0
328,4,2023,7,23,11,1667,1.0,1,0,0,a,c,1122.0,2,2003,245,1,31,2012,500,1
427,5,2023,6,13,14,878,1.0,0,0,1,a,a,616.0,11,2018,55,1,18,2015,411,1
947,4,2023,4,4,12,1422,,0,0,1,a,a,1147.0,7,2017,69,0,41,2015,379,1
577,7,2024,12,52,14,3455,1.0,0,b,0,c,a,1003.0,4,2021,44,0,50,2020,210,1
441,5,2023,5,47,12,3099,,0,0,1,a,a,989.0,3,2011,146,1,49,2016,362,0
784,3,2023,4,51,24,564,1.0,1,0,1,c,a,1178.0,9,2016,79,0,24,2015,443,0
270,6,2023,8,6,14,688,1.0,1,0,1,a,a,940.0,2,2002,258,1,23,2016,347,1
1113,2,2024,1,42,15,1375,1.0,1,0,0,d,b,1524.0,3,2019,58,1,50,2013,500,1
964,5,2023,2,9,9,2327,,1,0,1,a,a,822.0,12,2004,218,1,45,2010,500,1
1009,5,2023,4,16,6,552,1.0,1,0,1,a,a,240.0,1,2022,15,1,11,2012,500,0
428,6,2024,2,38,3,1125,,1,0,1,a,a,728.0,8,2004,234,1,23,2010,500,0
1038,3,2023,9,7,21,1070,,1,0,1,c,b,1273.0,8,2019,49,1,9,2012,500,1
821,6,2024,5,47,10,2102,,0,0,1,b,a,1494.0,4,2022,25,1,13,2010,500,0
1003,3,2023,7,41,11,1398,1.0,1,0,1,a,a,1477.0,10,2013,117,1,19,2021,126,0
989,5,2024,9,31,16,1575,,0,0,0,a,c,1286.0,4,2012,149,0,25,2015,474,1
602,7,2023,9,44,21,3324,,0,0,1,a,a,858.0,6,2003,243,0,10,2012,500,1
360,5,2024,11,32,12,2209,1.0,0,0,0,a,a,783.0,12,2013,131,0,12,2017,384,0
560,3,2023,10,29,14,2007,,1,0,0,c,a,1432.0,3,2007,199,0,47,2019,190,0
422,3,2023,10,37,9,808,,0,0,1,a,b,1018.0,2,2013,128,1,8,2022,81,1
764,1,2024,10,2,28,1455,,0,c,0,d,a,752.0,4,2006,222,0,51,2018,263,0
332,4,2024,8,19,12,2643,1.0,1,0,1,a,a,1124.0,3,2020,53,1,26,2016,409,0
1005,4,2023,3,3,5,2933,1.0,0,b,0,a,a,477.0,1,2007,194,1,24,2018,239,1
1051,6,2023,10,49,12,3101,,1,0,0,a,a,582.0,9,2014,109,1,27,2015,438,0
1005,3,2023,3,4,9,2136,,1,0,1,a,c,429.0,7,2016,80,1,19,2018,245,0
816,5,2023,8,13,19,1463,1.0,0,0,1,a,a,887.0,11,2015,93,1,41,2013,492,1
533,3,2023,10,44,18,554,,1,0,0,c,c,1109.0,11,2004,227,1,1,2013,500,1
1104,6,2024,9,41,15,3055,1.0,1,0,1,a,a,955.0,3,2019,66,1,14,2017,391,0
933,7,2023,7,26,18,3776,1.0,0,0,0,a,a,439.0,1,2022,18,1,15,2017,323,1
857,3,2024,7,19,23,1256,,1,0,0,b,a,921.0,3,2012,148,1,41,2019,238,1
988,3,2023,10,46,15,735,1.0,0,0,1,c,a,659.0,12,2016,82,0,12,2012,500,1
955,4,2023,11,13,25,3014,1.0,0,0,0,c,c,499.0,9,2015,98,0,13,2015,416,0
619,7,2023,10,38,12,1479,1.0,1,0,0,c,c,492.0,12,2003,238,0,18,2011,500,1
52,2,2023,9,27,28,2509,,0,0,0,c,c,1154.0,8,2014,109,1,3,2022,76,1
1075,1,2024,1,33,25,1867,,0,0,0,a,a,931.0,4,2010,165,0,17,2019,276,0
534,5,2023,4,45,1,2052,,0,a,1,a,a,1128.0,10,2022,6,1,36,2011,500,1
743,6,2024,4,5,26,3161,1.0,0,c,0,a,a,1474.0,1,2006,219,1,48,2016,373,0
1033,2,2023,3,39,10,965,,1,0,0,c,a,882.0,12,2015,87,0,28,2010,500,1
649,6,2024,12,38,27,3159,1.0,1,0,1,a,a,1208.0,12,2002,264,0,22,2016,432,0
227,3,2023,3,8,20,1451,,0,0,0,a,a,731.0,5,2002,250,1,21,2020,143,0
1114,5,2023,12,3,18,2154,,1,0,1,b,c,798.0,3,2010,165,0,45,2010,500,0
500,4,2024,3,43,21,385,1.0,0,0,1,c,a,935.0,7,2019,56,1,33,2014,500,1
366,1,2024,8,11,26,1308,1.0,1,0,1,b,a,866.0,11,2011,153,1,41,2022,74,0
824,7,2024,11,45,12,2436,,1,0,0,a,a,956.0,1,2005,238,1,18,2012,500,0
246,1,2024,6,3,5,493,,0,a,1,c,c,443.0,11,2018,67,1,40,2010,500,0
196,3,2024,6,28,1,1404,,0,0,1,c,b,1155.0,1,2014,125,0,3,2021,181,0
548,6,2023,7,40,20,2065,1.0,0,0,1,b,c,659.0,1,2005,222,1,26,2012,500,0
1104,4,2024,2,35,12,879,1.0,1,0,1,a,c,846.0,10,2021,28,0,27,2012,500,1
272,7,2024,10,36,27,528,1.0,0,0,1,c,a,912.0,11,2015,107,1,1,2018,347,0
953,6,2024,4,1,25,709,1.0,1,0,0,c,a,1241.0,9,2016,91,1,4,2021,153,0
895,7,2024,3,48,9,2439,1.0,1,0,0,a,a,1077.0,12,2013,123,0,7,2016,457,1
354,2,2023,3,20,27,3377,1.0,1,b,0,a,b,723.0,6,2005,213,0,46,2018,234,0
856,5,2024,12,45,13,729,1.0,1,0,0,d,c,237.0,7,2010,173,0,20,2017,389,1
881,7,2023,7,4,7,3715,1.0,0,0,0,a,c,1038.0,5,2017,74,0,52,2018,212,1
779,3,2023,2,6,20,2905,1.0,0,0,0,a,a,1237.0,4,2021,22,0,52,2020,110,0
585,6,2024,10,41,20,2327,1.0,1,0,0,a,c,578.0,4,2011,162,1,34,2011,500,0
470,2,2023,12,39,13,1779,,1,0,1,a,a,974.0,5,2021,31,0,2,2017,349,1
504,4,2023,10,32,11,1910,1.0,1,0,0,a,a,977.0,10,2004,228,0,42,2022,42,0
352,6,2024,8,50,7,3637,1.0,0,0,0,a,a,1187.0,12,2013,128,0,29,2018,333,1
71,7,2023,10,40,28,3927,1.0,1,0,1,c,a,680.0,5,2011,149,1,50,2011,500,0
1109,6,2024,4,1,8,1024,1.0,0,0,1,c,c,1094.0,8,2002,260,1,19,2020,190,0
294,3,2023,3,42,10,1489,1.0,1,0,0,c,c,746.0,7,2012,128,0,21,2011,500,0
484,5,2024,1,7,27,1390,1.0,0,0,1,a,a,548.0,11,2021,26,0,36,2021,127,1
590,4,2023,12,41,13,3868,1.0,0,0,0,a,a,624.0,6,2022,18,1,21,2021,124,1
829,7,2024,8,37,22,1542,1.0,0,0,1,c,c,834.0,9,2009,179,1,51,2020,194,1
588,3,2023,8,20,12,3243,1.0,0,0,0,a,a,1003.0,4,2010,160,1,26,2013,500,0
420,7,2023,12,46,19,1265,1.0,1,0,0,a,a,902.0,5,2019,55,0,35,2011,500,0
665,6,2024,4,12,21,693,,0,0,0,a,a,731.0,5,2011,155,0,18,2021,150,1
631,1,2023,10,29,28,1510,,0,0,1,a,c,743.0,8,2016,86,0,8,2013,500,0
524,1,2023,8,6,15,2686,1.0,0,0,1,d,a,454.0,5,2012,135,0,35,2017,283,1
467,4,2023,4,35,7,1687,1.0,0,0,1,d,a,282.0,1,2002,255,0,11,2016,388,0
1006,1,2023,9,46,6,3811,1.0,0,0,0,c,a,483.0,12,2012,129,0,29,2013,500,1
515,6,2023,10,17,22,838,,0,0,0,b,a,413.0,9,2018,61,0,39,2023,0,1
888,5,2023,2,39,20,1187,,0,0,0,a,a,1309.0,7,2007,187,1,35,2012,500,0
1107,7,2024,9,11,11,2232,1.0,0,0,0,d,a,957.0,4,2007,209,1,24,2015,455,1
917,5,2024,11,51,1,1583,1.0,0,0,1,a,a,1070.0,7,2007,208,1,41,2021,166,0
966,2,2023,1,4,22,693,1.0,0,0,0,c,a,922.0,5,2019,44,1,33,2013,491,1
439,3,2024,10,5,17,1666,1.0,1,0,1,a,a,660.0,10,2022,24,0,28,2015,445,1
368,5,2023,3,26,6,557,,1,0,1,d,a,724.0,11,2017,64,0,10,2023,16,1
864,5,2024,1,1,26,807,,0,0,0,a,c,266.0,3,2017,82,0,49,2014,472,1
4,3,2024,9,19,20,1434,1.0,0,0,1,a,a,635.0,5,2011,160,0,10,2021,165,1
901,6,2024,12,6,11,3341,1.0,0,0,1,a,c,596.0,12,2015,108,0,9,2020,205,1
480,7,2024,11,15,17,1540,,1,0,0,c,a,275.0,4,2001,283,0,51,2019,224,1
29,2,2024,8,19,12,2949,1.0,0,0,1,a,b,1004.0,5,2009,183,0,26,2013,500,1
90,2,2024,6,43,10,3809,,0,a,1,a,a,748.0,2,2021,40,1,13,2013,500,0
1013,7,2023,8,17,1,1563,,0,a,0,a,a,1175.0,4,2003,244,1,11,2020,162,0
606,4,2024,10,16,23,2740,,0,0,0,a,a,1162.0,2,2021,44,0,18,2020,206,1
999,2,2024,1,35,6,2417,1.0,1,0,1,c,a,1385.0,8,2019,53,1,28,2017,371,1
95,5,2024,8,18,23,2639,,0,0,0,c,b,1166.0,11,2022,21,0,18,2022,104,0
229,7,2024,2,43,12,3152,1.0,1,0,1,a,a,916.0,3,2002,263,0,31,2011,500,1
603,4,2023,3,36,23,2415,1.0,1,0,0,b,c,790.0,7,2021,20,1,15,2023,21,0
418,4,2023,10,23,26,1204,,0,0,0,a,a,661.0,6,2014,112,0,3,2017,332,1
907,6,2023,4,2,26,3600,1.0,0,0,1,a,c,1188.0,12,2010,148,0,49,2020,109,1
395,4,2024,12,50,24,2500,,0,0,0,a,a,527.0,7,2018,77,1,7,2012,500,0
259,5,2023,4,20,26,2527,1.0,0,0,0,a,a,811.0,12,2019,40,1,3,2018,277,0
871,3,2023,12,13,28,3214,1.0,1,0,1,b,a,849.0,2,2004,238,0,6,2015,423,0
172,5,2024,11,20,18,1157,1.0,1,0,1,c,a,828.0,4,2013,139,1,14,2023,58,1
237,6,2024,3,3,2,3973,,1,0,0,a,b,322.0,7,2004,236,0,37,2014,486,1
132,6,2024,4,29,15,1932,,1,0,0,a,a,812.0,11,2016,89,0,3,2021,182,1
454,4,2024,12,41,6,3628,,1,0,0,c,a,748.0,10,2012,146,0,6,2023,87,0
465,1,2024,10,35,2,3699,1.0,0,0,1,d,a,1165.0,6,2002,268,0,32,2013,500,0
96,3,2024,6,52,19,2283,,1,0,1,a,c,1153.0,8,2021,34,0,45,2022,111,1
563,6,2023,6,19,26,897,1.0,1,0,0,c,a,572.0,9,2016,81,1,5,2022,66,1
668,6,2024,6,13,2,372,1.0,0,0,0,a,c,1140.0,11,2009,175,0,35,2019,238,0
189,4,2024,7,52,27,240,,1,0,1,b,c,610.0,8,2003,251,1,16,2020,244,0
100,7,2024,6,42,7,3372,1.0,0,0,1,c,a,670.0,8,2007,202,1,23,2012,500,0
774,5,2024,7,31,4,1842,1.0,1,0,1,a,a,843.0,4,2005,231,0,50,2020,189,1
686,2,2023,11,19,20,3864,1.0,1,0,0,c,b,998.0,8,2015,99,1,15,2018,264,0
558,5,2023,2,9,8,1701,1.0,0,a,0,c,a,473.0,2,2006,204,1,8,2018,261,0
737,6,2024,6,15,17,270,,0,0,1,a,c,975.0,8,2011,154,1,18,2019,257,0
285,3,2023,1,4,15,3493,,1,0,0,c,c,739.0,5,2005,212,0,29,2023,0,1
266,7,2024,3,28,1,1825,1.0,0,0,1,a,a,637.0,9,2001,270,1,30,2017,362,0
24,3,2023,10,26,22,3160,,0,0,1,c,c,487.0,3,2002,259,0,9,2015,433,1
516,2,2023,3,31,19,885,1.0,0,0,0,c,a,925.0,1,2007,194,1,12,2021,123,1
749,2,2024,9,33,2,1711,1.0,1,0,1,a,a,1078.0,2,2010,175,0,5,2021,184,0
953,4,2024,2,12,1,3181,,0,0,1,a,a,383.0,9,2008,185,1,52,2020,168,0
469,2,2023,12,3,6,3216,,1,0,0,a,a,488.0,5,2017,79,1,6,2022,49,1
540,2,2024,6,49,26,1025,,1,0,0,d,a,531.0,5,2016,97,0,51,2012,500,0
516,2,2024,6,33,20,1281,1.0,0,0,0,b,a,951.0,1,2017,89,1,48,2019,245,0
444,2,2023,8,13,24,1973,1.0,0,0,1,a,b,964.0,1,2006,211,1,34,2021,83,1
735,1,2023,3,12,9,3559,1.0,0,0,0,c,c,863.0,3,2005,216,1,15,2013,500,1
541,2,2023,3,29,22,2491,,1,0,1,b,a,382.0,2,2011,145,1,46,2020,139,0
946,5,2023,6,22,24,725,1.0,0,0,0,a,b,785.0,2,2008,184,0,38,2022,36,1
47,3,2023,1,8,16,3930,,1,0,1,c,a,289.0,9,2005,208,0,27,2022,33,1
399,3,2023,1,39,19,2949,1.0,1,0,0,a,a,882.0,9,2014,100,1,19,2022,72,0
599,2,2023,11,31,3,3599,,0,0,1,b,b,1062.0,12,2021,23,0,26,2013,500,1
763,6,2023,4,23,6,2336,1.0,0,0,1,c,a,160.0,2,2013,122,0,9,2019,222,0
948,2,2023,7,44,4,1921,1.0,0,0,0,c,b,330.0,9,2011,142,0,47,2011,500,0
759,7,2024,3,5,26,2762,1.0,0,0,1,d,b,592.0,3,2001,276,1,12,2023,45,1
298,5,2024,9,23,28,2416,,0,0,1,b,a,628.0,12,2022,21,1,44,2018,291,1
304,4,2024,1,16,21,1064,,0,a,1,a,c,815.0,12,2003,241,0,38,2014,498,1
392,3,2024,10,12,1,510,1.0,0,0,1,a,a,1299.0,5,2006,221,0,3,2010,500,0
222,3,2024,8,10,6,3129,,1,0,1,a,a,848.0,5,2012,147,1,16,2015,462,1
989,1,2023,5,34,27,351,,0,0,1,c,a,502.0,12,2020,29,0,45,2011,500,0
1002,3,2024,11,1,18,3170,1.0,1,0,0,c,c,50.0,12,2000,287,0,15,2023,38,1
158,1,2024,11,42,9,616,,0,0,1,a,c,1166.0,8,2019,63,0,18,2015,492,1
251,2,2024,8,15,17,693,1.0,1,0,1,a,a,707.0,3,2021,41,0,44,2023,23,1
1099,1,2024,8,21,2,3046,1.0,1,0,1,a,b,1097.0,10,2008,190,0,18,2014,500,1
97,2,2024,8,49,23,3215,1.0,0,0,0,c,c,858.0,6,2005,230,0,11,2016,454,0
1069,5,2023,4,18,17,3560,1.0,0,0,1,a,c,742.0,10,2022,6,1,31,2014,455,0
206,4,2024,9,13,14,1488,1.0,0,0,1,d,a,636.0,8,2008,193,1,19,2011,500,1
296,1,2024,5,52,22,2553,,0,0,1,c,a,951.0,5,2001,276,0,23,2019,289,1
943,2,2024,11,16,2,2295,,0,0,1,d,c,1091.0,6,2017,89,1,46,2010,500,0
302,1,2023,5,13,19,1699,,1,0,0,a,c,1109.0,10,2004,223,1,18,2015,411,1
976,2,2024,9,49,14,1053,1.0,0,0,0,a,c,953.0,2,2008,199,1,23,2012,500,0
898,2,2023,2,20,5,1896,1.0,0,0,0,c,a,801.0,12,2013,110,0,51,2012,500,0
960,1,2023,5,34,3,561,1.0,1,0,0,b,a,1056.0,1,2007,196,1,9,2011,500,0
221,1,2023,7,45,21,3910,1.0,1,0,1,c,c,593.0,3,2006,208,1,6,2012,500,1
406,3,2024,10,39,6,2096,,1,0,0,c,a,1100.0,7,2000,291,0,45,2019,254,1
437,2,2024,11,24,26,2347,,0,0,1,a,a,498.0,2,2005,237,0,17,2011,500,0
1018,1,2023,7,45,2,3627,1.0,1,0,1,b,c,1041.0,3,2000,280,1,14,2010,500,0
298,3,2023,1,4,12,2765,,0,0,0,a,c,1092.0,7,2009,162,0,36,2022,20,1
1049,2,2023,11,27,19,2658,,0,0,1,a,c,872.0,12,2003,239,0,13,2021,118,0
488,5,2024,8,31,25,1432,,1,a,0,a,c,891.0,6,2010,170,1,7,2015,492,0
529,4,2024,9,20,15,795,1.0,1,0,1,a,c,887.0,3,2000,294,0,43,2011,500,1
924,6,2023,7,21,18,539,1.0,0,0,0,a,b,723.0,4,2003,243,1,9,2016,376,0
810,1,2024,7,13,15,1667,1.0,0,0,1,a,c,626.0,3,2021,40,0,26,2014,500,0
919,4,2023,7,30,24,3583,1.0,0,0,0,a,a,930.0,9,2009,166,0,35,2017,307,0
205,3,2024,8,5,17,2885,1.0,1,0,0,a,c,815.0,2,2020,54,1,40,2014,485,1
545,7,2023,10,46,10,1866,1.0,0,0,1,a,a,891.0,11,2005,215,1,5,2021,145,0
519,6,2023,9,47,25,3037,1.0,0,0,0,a,c,995.0,8,2021,25,0,24,2013,500,0
1061,7,2024,10,40,19,597,1.0,1,c,1,b,b,1104.0,12,2010,166,0,30,2018,322,0
131,2,2023,2,9,10,2048,1.0,0,0,1,a,a,722.0,6,2021,20,1,33,2019,184,0
349,6,2024,6,8,2,1034,1.0,1,0,0,a,c,604.0,8,2004,238,1,12,2022,100,0
976,1,2023,9,49,1,1546,1.0,1,0,1,d,b,805.0,2,2020,43,0,19,2018,290,1
247,3,2023,5,37,2,285,1.0,1,0,1,b,a,762.0,10,2011,139,0,9,2020,184,1
392,1,2024,5,24,18,2839,1.0,0,0,0,b,c,365.0,1,2014,124,1,18,2016,422,0
767,6,2023,4,30,16,352,1.0,0,0,1,c,a,716.0,7,2008,177,0,16,2019,222,1
60,6,2023,10,31,1,1186,1.0,1,b,1,c,c,602.0,10,2016,84,1,20,2012,500,0
367,1,2023,1,23,28,1416,1.0,0,0,1,a,a,722.0,10,2001,255,0,49,2015,390,1
590,5,2024,9,17,6,1723,,1,0,1,a,a,905.0,5,2007,208,1,31,2015,454,1
188,4,2024,6,37,2,2628,1.0,1,0,1,a,a,163.0,6,2010,168,0,39,2021,154,1
234,7,2024,1,1,12,1119,1.0,0,a,0,a,a,874.0,6,2001,271,1,25,2020,184,1
1042,1,2024,3,46,6,200,,0,0,0,a,b,1053.0,4,2009,179,1,24,2023,74,0
721,4,2023,7,32,26,569,1.0,0,0,0,c,a,945.0,4,2008,183,1,3,2018,289,0
30,6,2023,7,26,7,1805,1.0,0,c,1,d,c,584.0,5,2014,110,0,22,2015,420,0
854,5,2024,5,50,9,845,,0,0,1,c,b,1368.0,3,2016,98,1,8,2010,500,0
412,5,2024,11,37,20,2085,1.0,1,c,1,a,a,501.0,2,2021,45,1,28,2023,61,1
369,5,2024,1,9,21,3341,1.0,0,0,0,a,a,876.0,1,2013,132,0,10,2023,51,0
306,3,2023,8,28,13,3644,1.0,1,0,1,c,a,1351.0,9,2000,275,0,30,2017,310,0
552,2,2024,4,31,7,1452,,1,0,1,d,a,679.0,1,2012,147,1,39,2011,500,1
292,2,2024,11,34,15,1042,1.0,1,0,1,c,a,751.0,8,2005,231,1,41,2023,45,0
159,2,2024,12,25,25,3877,1.0,1,0,1,b,a,858.0,8,2018,76,0,23,2010,500,0
284,1,2024,2,24,16,1293,1.0,1,0,1,a,a,992.0,3,2006,215,1,13,2014,500,1
720,6,2024,7,42,8,3829,,1,0,0,c,a,1589.0,2,2006,221,0,9,2012,500,0
377,5,2024,9,16,12,2868,1.0,1,c,0,d,c,909.0,9,2022,24,1,30,2011,500,0
611,1,2023,8,42,3,2263,,0,0,1,a,a,822.0,10,2003,238,1,26,2023,16,0
263,7,2023,6,25,2,2902,1.0,0,0,0,c,a,951.0,1,2019,53,0,19,2017,318,0
127,1,2024,1,30,27,3722,1.0,0,0,0,a,b,269.0,1,2016,96,1,38,2015,460,0
890,3,2024,4,27,17,2044,1.0,0,0,1,b,a,1176.0,9,2003,247,0,5,2018,334,0
1054,7,2023,11,37,14,3813,1.0,0,0,0,c,a,1494.0,3,2010,164,1,32,2019,213,0
322,7,2024,12,4,26,457,,0,0,0,a,a,1521.0,6,2006,222,1,21,2023,35,1
990,5,2024,2,15,25,1216,1.0,0,0,0,c,a,934.0,9,2021,29,0,4,2013,500,0
765,2,2024,1,52,2,2514,,0,0,1,a,a,553.0,7,2007,198,1,35,2012,500,0
347,2,2023,3,2,7,3436,1.0,1,0,0,a,c,659.0,9,2010,150,1,20,2016,346,1
459,3,2023,3,28,4,3515,,0,0,1,a,c,803.0,3,2006,204,0,39,2011,500,0
733,5,2024,4,38,13,1114,1.0,1,0,1,a,a,729.0,3,2007,205,0,51,2018,299,0
716,2,2024,6,23,4,219,1.0,1,a,1,c,b,656.0,5,2011,157,0,49,2022,78,1
972,6,2023,10,1,3,983,1.0,0,0,0,a,a,620.0,2,2017,80,0,47,2023,0,0
567,7,2023,10,35,10,3821,,1,0,1,a,a,587.0,7,2004,231,0,2,2017,345,0
179,3,2023,7,49,2,2612,,0,0,1,d,c,418.0,12,2006,199,0,5,2015,460,1
25,7,2023,4,41,7,1615,1.0,0,0,1,a,a,933.0,6,2007,190,1,1,2012,500,1
512,6,2023,3,5,18,1022,1.0,0,0,1,c,b,1189.0,7,2015,92,1,22,2015,399,1
415,6,2024,4,17,11,2197,1.0,0,0,1,a,a,962.0,7,2004,237,1,30,2012,500,0
731,5,2024,10,24,26,1261,1.0,1,0,0,a,a,1314.0,2,2012,152,1,33,2011,500,0
1039,6,2023,9,13,10,212,1.0,0,0,0,d,c,1130.0,3,2016,90,1,36,2013,497,1
956,2,2023,8,40,26,355,1.0,0,0,1,a,a,1090.0,5,2016,87,1,9,2021,135,0
267,1,2024,2,35,17,2735,1.0,0,0,1,a,a,456.0,1,2000,289,0,14,2022,125,1
1031,3,2024,1,29,27,3845,1.0,0,0,1,a,a,550.0,11,2020,38,0,10,2023,71,0
137,1,2023,12,46,28,3648,,1,0,0,c,b,687.0,2,2012,142,0,29,2018,277,0
259,6,2023,2,30,5,2819,1.0,0,0,1,c,c,739.0,5,2006,201,1,18,2010,500,0
582,3,2023,8,33,23,858,1.0,0,0,1,a,c,484.0,10,2013,118,1,25,2015,424,0
1081,7,2024,11,22,25,1915,1.0,0,0,0,a,a,1249.0,2,2017,93,1,31,2021,147,0
327,3,2023,10,35,11,729,,0,0,0,a,c,1257.0,5,2007,197,0,38,2023,0,1
412,1,2023,11,20,15,3118,1.0,1,0,0,a,a,567.0,5,2018,66,0,31,2012,500,1
200,4,2023,9,35,25,1568,,0,0,1,d,a,738.0,12,2007,189,1,52,2017,295,1
693,4,2024,8,4,9,613,1.0,1,0,0,a,b,548.0,11,2017,81,0,19,2023,37,1
240,5,2024,10,21,16,3876,1.0,0,0,0,a,a,577.0,3,2009,187,0,42,2011,500,1
264,3,2023,11,23,7,3630,1.0,1,0,1,c,b,1156.0,9,2009,170,1,50,2017,285,0
439,3,2024,3,14,9,3506,,1,0,1,c,c,545.0,8,2004,235,1,51,2014,483,0
706,6,2023,3,11,4,738,1.0,0,0,0,a,c,884.0,7,2004,224,1,9,2021,106,1
426,1,2023,6,30,25,1034,1.0,0,0,0,c,a,50.0,11,2005,211,1,3,2022,79,0
579,6,2024,8,23,8,2569,,0,0,1,d,a,1340.0,12,2020,44,1,45,2018,290,1
562,6,2024,4,24,28,2924,,0,0,0,a,a,845.0,4,2003,252,1,37,2013,500,1
70,7,2023,12,31,2,3093,,1,0,0,a,c,1081.0,4,2013,128,0,36,2019,203,0
690,5,2023,3,21,1,528,1.0,0,0,0,a,c,910.0,10,2008,173,0,40,2021,85,0
194,5,2023,11,40,12,3333,1.0,0,0,0,d,c,916.0,7,2003,244,1,39,2022,53,1
376,1,2023,12,18,10,617,1.0,1,0,0,a,a,581.0,4,2013,128,0,12,2015,422,1
396,7,2024,10,46,8,2125,1.0,0,0,0,a,c,495.0,6,2015,112,1,30,2013,500,0
346,2,2023,5,6,9,1623,1.0,0,0,0,a,b,217.0,5,2004,228,1,30,2011,500,1
186,7,2024,6,42,27,2252,,0,0,0,a,a,1369.0,8,2013,130,1,48,2017,358,1
171,5,2024,8,2,16,3450,,0,0,1,a,c,1223.0,10,2009,178,1,21,2010,500,1
109,5,2024,8,1,12,302,1.0,1,0,0,a,a,1202.0,1,2017,91,1,18,2022,87,0
640,1,2023,1,21,26,699,1.0,0,0,1,a,a,721.0,7,2022,6,0,22,2020,155,1
403,1,2023,2,38,23,2135,1.0,0,0,0,c,a,1039.0,11,2019,39,1,38,2020,156,0
869,5,2024,3,18,1,792,,1,0,0,a,c,617.0,8,2007,199,1,4,2010,500,0
738,2,2024,5,27,13,3540,1.0,1,0,0,d,b,1182.0,1,2011,160,1,40,2011,500,0
921,4,2023,7,37,15,3286,1.0,0,0,1,b,c,785.0,10,2012,129,0,17,2020,176,0
871,2,2024,6,7,16,2510,1.0,1,0,0,a,a,694.0,6,2002,264,0,1,2013,500,0
385,4,2024,4,35,25,275,,1,0,0,a,a,549.0,9,2006,211,1,35,2013,500,1
503,6,2023,3,33,23,2228,1.0,0,0,0,d,a,769.0,1,2016,86,0,7,2018,286,0
911,3,2023,11,34,18,3201,,0,0,1,c,a,501.0,1,2004,238,1,19,2015,431,1
226,5,2024,4,14,14,2763,1.0,1,0,1,a,a,356.0,3,2008,193,0,3,2012,500,1
194,1,2023,2,51,12,2803,1.0,0,0,1,c,a,684.0,2,2000,276,0,52,2021,103,0
909,2,2024,7,7,14,853,1.0,1,0,1,c,a,925.0,9,2008,190,1,32,2013,500,1
898,5,2023,7,44,4,2310,1.0,0,0,0,b,a,718.0,10,2003,237,0,21,2011,500,0
559,2,2024,9,45,4,1624,1.0,1,0,0,a,a,554.0,10,2001,275,0,10,2013,500,0
898,6,2023,5,40,15,2054,1.0,0,0,0,a,c,1753.0,3,2021,26,0,32,2020,164,1
866,3,2023,9,2,18,2070,,1,0,0,a,a,691.0,5,2018,64,1,26,2012,500,0
376,6,2023,7,43,15,1774,1.0,0,0,0,a,a,1204.0,9,2005,214,1,45,2012,500,1
809,2,2024,9,37,23,2589,1.0,0,0,1,c,b,219.0,12,2003,249,0,29,2019,268,0
366,5,2023,9,29,2,2721,1.0,1,0,1,a,c,50.0,3,2015,102,0,6,2019,231,1
144,7,2023,7,50,24,886,1.0,1,0,1,a,a,1260.0,10,2014,105,0,31,2014,487,0
505,2,2023,4,3,24,602,1.0,1,0,1,a,c,902.0,11,2001,257,1,51,2023,0,1
313,1,2024,5,42,3,888,1.0,0,0,0,c,a,1092.0,7,2002,262,1,44,2021,154,1
939,2,2023,10,40,4,1316,1.0,1,0,0,b,a,996.0,4,2021,30,0,40,2011,500,0
994,4,2024,8,25,13,2416,1.0,0,0,1,d,b,347.0,11,2002,261,1,38,2023,39,1
135,7,2023,12,47,27,1807,,0,0,1,a,a,898.0,3,2016,93,0,25,2010,500,0
892,4,2023,10,43,9,3549,1.0,0,0,0,c,c,1148.0,8,2001,266,0,23,2015,436,1
869,2,2024,5,37,18,3017,,0,0,1,a,b,295.0,5,2008,192,1,19,2010,500,1
17,6,2023,7,33,27,3489,,0,0,1,a,c,694.0,9,2015,94,1,44,2022,41,0
329,5,2023,2,14,16,577,,1,0,0,a,a,1002.0,9,2010,149,0,26,2019,196,0
536,4,2024,6,19,26,2400,1.0,0,0,1,c,a,497.0,12,2022,18,0,46,2017,337,1
1044,5,2023,1,20,26,3836,1.0,0,0,0,a,a,1124.0,11,2002,242,0,10,2021,114,0
739,4,2024,3,30,6,3031,1.0,0,0,1,b,c,566.0,11,2009,172,0,24,2019,266,1
869,4,2024,8,18,17,3939,1.0,1,0,1,a,b,177.0,4,2014,124,0,47,2019,231,0
635,7,2023,8,28,24,2077,,1,0,1,a,c,934.0,11,2018,57,0,18,2023,10,0
79,4,2024,2,21,19,1797,1.0,1,0,1,a,a,1138.0,3,2010,167,1,16,2016,421,1
481,4,2023,4,30,12,1911,1.0,0,0,0,a,a,1244.0,11,2018,53,0,22,2018,268,1
585,4,2024,12,35,8,2516,1.0,1,0,0,c,a,1352.0,10,2019,62,1,21,2015,482,1
837,4,2024,4,26,25,3774,1.0,1,0,1,a,a,349.0,11,2009,173,1,4,2023,74,1
1067,1,2023,6,15,14,2176,1.0,1,0,0,d,a,816.0,7,2004,227,0,51,2020,120,1
151,7,2024,10,23,3,679,,0,0,0,c,c,1171.0,7,2007,207,0,45,2013,500,0
812,1,2024,4,52,15,2033,1.0,0,0,0,a,c,1020.0,2,2017,86,0,32,2016,436,1
1017,6,2024,12,43,14,1072,,1,0,0,d,b,722.0,9,2018,75,0,22,2023,73,1
1048,6,2023,4,49,26,895,,0,0,1,d,a,1311.0,2,2010,158,1,3,2019,254,0
684,1,2023,4,52,3,3095,1.0,0,0,0,a,a,1020.0,5,2022,11,1,46,2012,500,1
828,5,2023,11,8,5,1055,,0,0,1,a,a,1189.0,11,2010,156,1,31,2016,341,1
993,1,2024,10,46,4,1363,,1,0,1,c,c,434.0,5,2017,89,0,1,2022,149,0
408,3,2024,10,14,7,1883,1.0,0,0,1,b,c,705.0,12,2011,154,1,9,2020,213,1
1068,6,2023,2,52,15,567,1.0,1,0,1,d,a,609.0,1,2020,37,1,23,2019,237,0
688,2,2023,12,16,19,2122,1.0,0,0,0,a,c,802.0,1,2022,23,1,30,2010,500,0
658,4,2024,2,19,26,863,1.0,0,0,0,c,c,717.0,9,2011,149,1,39,2022,84,1
771,1,2023,10,12,3,3034,1.0,0,a,1,c,a,1215.0,8,2000,278,0,38,2017,286,1
3,6,2023,9,38,3,2837,1.0,0,0,1,c,a,611.0,10,2017,71,0,6,2020,188,0
114,7,2023,2,19,24,951,1.0,0,0,0,a,c,748.0,11,2016,75,1,22,2011,500,0
91,7,2023,2,13,28,2825,1.0,0,0,0,c,a,1056.0,9,2022,5,0,3,2014,478,1
432,4,2023,7,45,6,3559,,0,0,1,d,a,439.0,10,2008,177,0,46,2013,500,0
913,6,2023,12,9,11,634,1.0,1,0,0,a,a,775.0,2,2012,142,0,2,2012,500,1
1035,4,2023,2,30,11,1084,1.0,0,0,1,c,a,877.0,11,2007,183,0,33,2013,500,1
730,5,2023,4,39,12,1126,1.0,0,0,1,c,a,690.0,10,2006,198,1,34,2023,5,0
84,6,2024,5,7,1,454,1.0,0,c,1,a,c,674.0,8,2013,129,1,12,2019,255,1
546,7,2024,12,13,3,3774,1.0,0,0,0,a,a,909.0,11,2016,97,0,14,2020,207,0
138,7,2023,12,29,28,1239,1.0,0,0,0,a,c,558.0,9,2020,39,1,49,2020,136,1
574,5,2023,9,1,20,3651,,0,0,0,b,a,895.0,11,2012,130,1,39,2022,14,1
978,4,2023,6,24,27,3707,1.0,0,0,1,a,a,679.0,2,2012,136,1,7,2015,433,0
381,7,2023,5,2,18,3811,1.0,1,a,0,a,c,894.0,4,2003,241,1,20,2018,242,1
100,2,2024,3,51,24,1847,1.0,1,0,0,a,a,1030.0,1,2010,170,0,50,2021,157,0
112,7,2024,10,52,16,2026,1.0,1,0,0,b,b,954.0,4,2020,54,0,10,2010,500,0
270,3,2024,8,24,28,1697,1.0,0,0,1,c,a,738.0,10,2003,250,1,37,2018,299,0
589,4,2024,4,25,9,3764,1.0,0,0,0,c,a,1536.0,12,2010,160,0,32,2022,97,0
778,3,2023,8,44,19,456,,1,0,1,a,c,987.0,1,2001,271,0,26,2019,226,0
592,1,2024,10,10,13,3394,1.0,0,0,0,b,a,538.0,3,2001,283,1,21,2019,249,0
993,5,2023,4,35,25,309,,0,0,1,a,a,1047.0,8,2016,80,0,14,2023,21,1
257,3,2024,4,50,21,2484,1.0,0,0,0,a,c,713.0,9,2012,139,0,25,2022,129,0
4,5,2024,9,43,26,953,1.0,1,0,0,a,c,998.0,5,2016,100,1,20,2019,283,1
357,6,2023,1,11,13,3295,1.0,0,0,0,a,b,928.0,7,2010,150,1,20,2014,459,0
708,6,2024,4,46,10,1686,1.0,1,0,1,d,a,881.0,7,2014,117,1,25,2023,73,1
366,3,2024,7,51,12,3128,1.0,1,0,0,a,a,959.0,4,2018,75,1,43,2016,424,0
594,7,2024,7,17,10,3652,,0,0,0,a,a,451.0,5,2005,230,0,38,2023,31,0
137,4,2023,10,32,7,1393,,0,0,1,d,a,605.0,9,2010,157,0,2,2022,82,0
968,7,2024,10,50,24,1798,1.0,1,0,1,a,a,635.0,8,2000,290,1,22,2012,500,0
317,4,2024,1,11,23,511,,1,0,1,a,a,679.0,4,2001,273,0,5,2022,110,0
756,7,2023,2,12,25,506,1.0,1,0,0,a,c,1269.0,7,2011,139,0,37,2018,235,0
1090,1,2024,11,21,19,2367,1.0,1,0,0,a,c,971.0,11,2011,156,1,2,2021,175,0
462,3,2024,8,11,20,3839,,0,c,0,d,a,915.0,8,2014,120,0,50,2020,169,1
11,5,2023,3,30,12,573,,0,0,1,a,a,803.0,12,2004,219,0,23,2015,423,0
121,6,2024,10,22,15,2384,1.0,0,0,1,c,c,1513.0,6,2009,184,0,43,2012,500,0
239,3,2023,11,2,3,2730,,0,0,1,a,a,628.0,11,2009,168,1,41,2021,65,1
938,7,2024,8,18,14,3054,1.0,0,0,0,a,a,1078.0,3,2003,257,0,52,2018,278,0
911,7,2024,10,19,27,512,,1,0,1,a,a,1088.0,3,2018,79,1,40,2016,395,1
1056,3,2024,11,48,2,1467,,0,0,1,a,a,1063.0,10,2010,169,0,37,2022,115,1
448,1,2023,5,16,24,377,1.0,0,0,1,a,b,710.0,12,2003,233,1,31,2011,500,1
672,7,2023,2,40,28,939,1.0,0,0,1,a,a,512.0,4,2012,130,0,1,2011,500,0
49,6,2024,6,8,19,2845,,0,0,0,a,c,950.0,4,2003,254,0,15,2015,461,1
572,5,2024,1,6,3,925,1.0,0,0,0,a,a,850.0,11,2015,98,0,14,2014,500,0
853,5,2023,7,46,12,551,,1,0,1,b,a,754.0,7,2014,108,1,41,2019,213,1
536,6,2024,8,37,10,548,,0,0,0,a,c,698.0,10,2013,130,0,20,2023,69,0
1010,6,2023,6,7,11,3680,,0,0,1,a,c,1073.0,11,2010,151,0,35,2019,180,1
954,1,2024,2,38,1,3505,,0,0,0,a,c,770.0,3,2020,47,1,12,2020,234,1
117,3,2023,9,24,17,3384,1.0,1,0,0,a,c,547.0,7,2000,278,1,2,2017,334,1
896,1,2024,8,40,11,1309,,0,0,1,a,b,1588.0,1,2002,271,1,52,2018,300,0
202,2,2024,12,17,23,3283,1.0,0,a,1,a,c,1252.0,4,2010,176,1,47,2022,74,0
53,2,2023,2,6,19,979,,0,a,0,a,a,699.0,4,2014,106,1,5,2014,469,1
1057,2,2024,11,41,2,2545,,0,a,0,c,a,1361.0,4,2021,43,1,5,2017,400,0
957,6,2024,11,38,1,3465,1.0,1,b,0,a,b,404.0,7,2007,208,0,39,2018,311,1
663,4,2023,4,49,17,3769,1.0,0,0,1,d,a,462.0,6,2010,154,0,13,2021,140,1
577,6,2024,4,7,6,1572,1.0,1,0,0,b,c,675.0,5,2005,227,0,16,2010,500,0
169,4,2024,9,11,12,2311,,0,0,1,d,c,1232.0,8,2002,265,1,14,2022,101,1
510,1,2023,7,20,6,1296,,0,b,0,a,a,624.0,8,2001,263,0,49,2020,127,0
784,1,2024,7,3,25,2056,1.0,0,0,0,a,a,1084.0,8,2015,107,1,23,2012,500,1
847,5,2024,2,30,18,2525,1.0,0,0,1,d,a,542.0,9,2005,221,1,31,2011,500,1
809,4,2024,12,37,4,499,1.0,1,0,1,c,c,878.0,1,2010,179,0,45,2012,500,0
1112,1,2023,8,31,4,1372,1.0,1,0,0,a,b,885.0,2,2017,78,0,7,2022,76,1
177,2,2024,12,42,19,1089,1.0,1,0,1,a,a,627.0,9,2017,87,1,6,2022,140,1
59,6,2023,12,24,13,2582,,0,0,1,a,a,973.0,9,2020,39,1,17,2013,500,1
409,5,2023,6,16,16,2040,1.0,1,0,0,c,c,553.0,5,2004,229,1,16,2016,364,0
422,6,2024,9,51,1,3001,1.0,0,c,1,a,a,463.0,7,2016,98,0,27,2012,500,0
936,5,2024,1,31,2,1996,1.0,1,0,1,c,b,660.0,12,2022,13,0,36,2011,500,0
638,6,2023,9,27,9,3098,1.0,1,0,0,c,c,476.0,6,2016,87,1,19,2015,424,0
276,2,2023,5,40,23,3237,,0,0,1,a,a,446.0,3,2000,278,0,20,2010,500,1
1098,7,2024,5,35,7,266,1.0,0,0,0,a,b,1330.0,2,2007,207,0,42,2023,45,0
713,4,2023,1,6,24,3886,,0,0,0,d,c,760.0,10,2020,27,0,48,2019,166,0
188,5,2023,2,41,27,1186,1.0,1,0,1,b,c,773.0,12,2007,182,1,14,2022,79,0
888,1,2024,11,30,10,1158,,1,0,0,b,a,740.0,5,2001,282,1,39,2020,199,0
772,1,2024,2,45,23,3264,,0,0,0,a,c,673.0,4,2017,82,0,20,2023,77,0
102,6,2024,6,7,19,1644,,1,0,0,b,a,63.0,6,2007,204,1,38,2010,500,1
760,2,2024,7,19,28,3248,1.0,0,0,0,b,c,1111.0,1,2005,234,1,16,2010,500,0
844,1,2024,6,48,21,1471,1.0,0,0,1,a,a,1446.0,9,2008,189,1,28,2022,124,1
653,1,2023,10,43,2,3923,,1,0,0,a,a,672.0,5,2005,221,0,9,2017,346,0
766,4,2024,2,8,27,3862,1.0,1,0,1,b,a,859.0,9,2019,53,1,38,2020,178,1
441,3,2023,8,33,24,1480,,0,0,0,c,a,907.0,2,2020,42,1,7,2020,182,0
916,5,2023,10,5,1,1726,1.0,0,c,1,a,c,688.0,7,2015,99,0,13,2019,200,0
806,3,2024,12,14,19,3456,1.0,0,0,0,a,a,648.0,2,2015,118,1,42,2013,500,1
522,4,2024,8,39,23,390,1.0,0,0,1,a,a,933.0,3,2002,269,1,31,2021,164,0
17,6,2024,1,29,15,338,1.0,1,0,1,a,c,421.0,2,2016,95,0,45,2023,36,1
747,7,2024,6,18,21,2614,1.0,1,0,1,d,c,1083.0,11,2000,283,1,16,2023,54,0
629,5,2024,5,36,15,2970,1.0,1,0,0,c,c,677.0,1,2007,208,0,51,2014,500,0
612,6,2024,11,51,12,768,1.0,0,0,0,d,a,156.0,9,2002,266,1,28,2023,75,1
885,1,2024,9,3,21,2011,,0,0,0,a,b,495.0,2,2012,151,0,22,2019,241,1
841,1,2024,1,46,24,2605,,1,0,1,a,c,721.0,12,2013,121,0,17,2021,185,1
51,1,2024,1,40,18,3732,1.0,0,0,0,a,a,1082.0,7,2003,246,0,11,2012,500,1
830,5,2024,5,19,6,1645,1.0,0,0,0,a,a,1228.0,7,2007,202,0,48,2012,500,0
73,3,2023,2,30,8,2550,1.0,1,0,1,a,b,1063.0,10,2005,208,1,32,2010,500,0
755,3,2024,12,17,17,378,1.0,1,0,0,a,c,949.0,4,2022,32,0,38,2022,83,0
917,4,2024,3,12,17,3455,,0,0,0,a,b,1064.0,1,2003,254,1,15,2014,500,1
167,3,2023,12,37,10,2589,1.0,0,0,0,b,c,631.0,11,2018,61,0,17,2015,436,0
114,7,2024,12,26,26,3920,,0,0,0,c,a,994.0,4,2006,224,0,49,2010,500,0
979,2,2023,10,10,5,883,1.0,0,0,0,a,c,1163.0,1,2002,261,1,40,2016,334,0
294,5,2024,5,10,18,3596,,0,0,1,a,a,568.0,6,2004,239,1,12,2014,500,0
1018,5,2023,1,38,9,1954,,0,c,1,a,b,590.0,7,2000,270,0,40,2010,500,0
37,2,2024,3,2,7,1732,,0,0,0,d,c,678.0,1,2005,230,0,9,2016,409,1
371,7,2023,1,41,8,1337,,0,0,1,a,a,375.0,8,2008,173,1,11,2019,238,1
787,1,2024,10,37,3,764,1.0,1,0,1,c,a,1196.0,7,2013,135,0,26,2011,500,0
754,5,2023,8,24,18,2342,1.0,1,0,0,c,c,665.0,12,2016,80,0,22,2011,500,1
446,1,2023,3,18,1,620,,1,0,0,a,a,330.0,1,2022,14,1,29,2020,145,0
348,2,2024,2,49,1,3886,1.0,1,0,1,c,a,116.0,7,2010,163,0,51,2023,50,0
700,7,2023,8,45,5,2924,,1,b,0,c,b,1283.0,10,2001,262,1,16,2016,393,0
377,1,2023,12,38,1,731,1.0,0,c,1,c,b,1133.0,7,2000,281,0,24,2014,482,0
899,2,2023,3,20,13,1429,1.0,0,0,0,a,b,575.0,2,2019,49,0,14,2019,214,0
151,2,2023,6,42,19,2272,1.0,0,0,0,a,a,1026.0,8,2004,226,0,32,2017,322,1
1084,5,2024,8,22,23,1414,,0,0,0,a,a,472.0,9,2003,251,0,2,2017,384,0
355,5,2023,9,34,19,1020,1.0,1,0,0,b,a,800.0,7,2006,206,1,37,2021,101,0
588,2,2023,11,17,19,1645,1.0,0,0,1,c,c,594.0,6,2009,173,1,46,2018,231,0
190,7,2024,11,21,15,2800,,0,0,1,a,a,472.0,5,2017,90,0,5,2015,484,0
571,7,2023,2,44,14,2720,1.0,0,0,0,a,a,1090.0,11,2011,135,1,34,2012,500,1
232,7,2024,9,34,27,3044,1.0,0,0,0,c,c,932.0,5,2003,256,1,6,2010,500,1
130,2,2023,11,46,4,3066,1.0,0,0,1,a,a,716.0,9,2004,230,1,40,2020,162,1
955,7,2024,9,4,27,3219,1.0,0,0,0,b,a,1033.0,1,2007,212,0,45,2013,500,1
32,5,2023,8,44,21,1776,1.0,1,0,0,c,b,860.0,5,2011,147,0,17,2015,443,1
1087,7,2024,3,18,4,236,1.0,1,0,0,a,c,588.0,5,2012,142,0,32,2015,454,0
