surface_roughness_um,weld_depth_mm,wall_thickness_mm,tensile_strength_mpa,temp_at_weld_celsius,pressure_test_bar,cycle_time_seconds,operator_shift,roughness_weld_ratio,thickness_deviation,weld_temp_deviation,is_night_shift,defect
3.794782564412592,4.602238780945024,8.094419536970443,512.7821486450208,1015.6519828798952,49.09240045820858,200.75076839316185,1.0,0.8245514290348966,0.1055804630295558,164.34801712010483,0,0
2.8291701277465493,4.140016753005003,8.204884506489075,521.2857266209177,1035.893516165958,70.82744938704231,165.0188537291786,3.0,0.6833716614817182,0.0048845064890752,144.1064838340419,1,0
3.410309141563915,4.769888323581824,8.356655891260566,480.7405129367504,1044.3142163229863,60.667341083155065,244.78141800703276,1.0,0.714966244385375,0.1566558912605664,135.68578367701366,0,1
3.199372376708115,3.797046092059661,8.13819112440295,509.2914050064635,1068.274794458154,59.20904670819662,175.7349923710091,2.0,0.8425950853101336,0.06180887559705,111.72520554184598,0,0
2.4842873882176866,4.640997567825682,8.21809568410703,521.8038438493393,1019.2502063021608,68.36068724302316,138.66733288686686,1.0,0.5352916805871737,0.0180956841070312,160.7497936978391,0,0
3.532376060355451,3.926494556281692,8.046470606948736,515.457697717556,1060.6504469274118,75.85338839402915,184.3357018457008,3.0,0.8996258644506848,0.1535293930512633,119.34955307258817,1,0
2.9852529131750267,4.507640513547576,8.338643641420521,510.82010284766807,1093.2476927030018,68.05461714752306,174.0860742351022,2.0,0.6622650815966081,0.1386436414205221,86.7523072969982,0,0
2.9560776607631776,4.384615021927528,8.114140111458656,500.6177603201489,1051.884520997432,55.673985959533496,213.80421075011384,3.0,0.674193206314715,0.0858598885413428,128.115479002568,1,1
3.184820208289142,4.374538396697628,8.466529516095251,491.9637713941592,991.306125088125,60.37341652226743,228.6343212108558,2.0,0.7280357191436132,0.2665295160952521,188.693874911875,0,1
3.073035542883358,4.606257476463847,8.328843566189589,556.4302563622534,1088.7557518783317,52.18439030578423,196.6813381488692,2.0,0.6671436752978334,0.1288435661895892,91.24424812166852,0,1
3.5828117609744377,4.472572318899982,8.187510227834204,534.7208981941336,1046.0971498789668,67.17643823954332,207.72165661362783,1.0,0.8010629017742876,0.0124897721657948,133.90285012103325,0,1
2.9446341151531907,4.648866463037776,7.907262424629173,528.6152892590151,1109.2069963676918,61.78736445886001,200.17286592524897,3.0,0.6334090552894966,0.2927375753708263,70.79300363230823,1,1
3.280010431324751,4.701130130969915,8.192625027818933,510.4355481251046,1041.9582768972518,61.98169924368272,226.4269015493054,2.0,0.6977067937386213,0.0073749721810667,138.04172310274816,0,0
3.400038959061089,3.6616319283501166,7.8512498539799855,505.7118491206125,1082.0878493387409,66.48000846136102,191.6041573878425,3.0,0.9285583654129168,0.3487501460200137,97.91215066125916,1,0
2.7501221055836544,4.988410597853102,8.126357224128565,519.9371050681552,1112.818154709459,67.5515615831387,163.36767290161592,1.0,0.5513022737574853,0.0736427758714342,67.1818452905411,0,0
3.2145847749276597,4.157571656648217,8.48198357760345,495.4611236637517,988.5789322179746,58.13142442158049,194.11514024593723,1.0,0.7731880625591021,0.2819835776034498,191.42106778202535,0,0
2.8246866267345765,4.606135594988823,8.172827357375049,523.1241712140412,1029.0215950678737,61.875778804035264,135.94691051870404,3.0,0.6132443493835501,0.0271726426249507,150.9784049321263,1,0
3.3775421518862627,4.770026162452246,8.108821111740118,514.5518553759282,1038.301898144866,52.116327587458365,182.0543853256612,2.0,0.7080762319009608,0.0911788882598809,141.69810185513393,0,0
2.2116001006071717,4.7038855085504965,8.140870646448551,532.6455941276314,1090.508855919289,64.64129076848265,181.32395814267983,1.0,0.4701645259258259,0.0591293535514481,89.49114408071068,0,1
3.717055454453841,4.782914000334458,8.261728216404089,491.91844282431015,1020.7142301143564,63.147530402968336,169.88347820677842,1.0,0.7771528932815358,0.0617282164040897,159.28576988564373,0,0
2.9959408917820323,4.136033022225634,8.215669989561652,523.8220103922961,1082.4499976873424,55.58694413272252,220.58734501624696,2.0,0.7243512986860874,0.0156699895616529,97.55000231265764,0,0
3.258561393876022,4.472925642750708,8.514493421090044,517.1682776896132,1043.6866953927806,53.37749382086383,191.21633042221336,2.0,0.7285078388076225,0.3144934210900452,136.31330460721938,0,0
3.2934977728852517,4.723541563076697,8.268699913584337,527.4241892742365,1027.674733140482,64.09902559279486,208.5212800797306,1.0,0.6972517819961273,0.0686999135843375,152.32526685951802,0,0
2.990664219757177,4.397802893305263,8.229840689784451,505.67690045957806,1025.1886970897406,60.08745149791487,193.2357400705404,1.0,0.6800359842479078,0.0298406897844518,154.81130291025943,0,0
2.939243814335358,4.75636155913033,8.183954233736472,504.32440554010753,1079.865437780595,65.45389908032536,202.4042898867513,2.0,0.61796055181617,0.0160457662635273,100.13456221940532,0,1
3.273838386143069,4.616403033176274,8.181992980531913,493.9341349279512,1060.7990917209468,56.32489109296022,175.67792124378786,1.0,0.7091751655793709,0.0180070194680865,119.20090827905324,0,1
3.694470022200605,4.5227486584928505,8.44553525239361,480.2789677635661,1028.2876429015107,66.90433427171956,196.7105415530157,3.0,0.8168638808716991,0.2455352523936103,151.7123570984893,1,0
3.385589964462433,4.815252919781877,8.306697800874352,546.2538459915486,1103.3559283037168,63.45326330213581,231.6768948345142,1.0,0.7030970169501911,0.1066978008743522,76.64407169628316,0,0
3.031293079153379,3.924666583081706,8.00566842607315,555.9683247327954,1056.0102381048243,59.62248807576907,170.36748869833662,3.0,0.7723695794817795,0.1943315739268492,123.98976189517566,1,0
3.713552977463407,3.98345253829242,8.313406071282724,524.6875092986832,1069.0448272488577,62.94909837901616,238.87933547609995,2.0,0.932244815479349,0.1134060712827249,110.95517275114253,0,0
3.876777047783477,4.693869112134619,8.351247784286814,538.6836328263935,1123.5428982453468,59.94738467741362,227.59643342615524,3.0,0.8259235514120506,0.1512477842868147,56.4571017546532,1,1
3.085573156397029,4.475677691403352,8.506836975791819,504.0584845536536,1071.6151318993063,56.793182391494135,191.622503202945,2.0,0.6894091506263349,0.3068369757918194,108.38486810069368,0,1
3.3105176958621465,4.451543166605346,8.209882132607586,513.8767749910023,1078.6433439948787,56.254576989416094,211.88491724750625,2.0,0.74367866854653,0.0098821326075864,101.3566560051213,0,1
3.340847457351376,4.451336350400653,8.161567552568425,518.9396435561824,1038.5396387207743,74.35792858777182,205.32848245201663,3.0,0.7505268516274103,0.0384324474315747,141.46036127922548,1,0
3.82206984669806,4.872519389463083,8.372713013956774,511.4360191137318,1048.3541979145857,74.04026382594795,172.2254942054,2.0,0.7844134708173652,0.1727130139567751,131.64580208541452,0,0
3.465820138359305,4.360844267566938,8.176108178170724,533.5920635393961,1033.0586719287594,59.15563085442082,203.8508532669875,3.0,0.7947589789759322,0.0238918218292756,146.9413280712406,1,0
3.574620058695546,4.583135744517299,8.291713343502987,527.5200743870452,1040.3834479016343,61.98724948794876,196.33074295111228,3.0,0.7799507274450319,0.0917133435029882,139.61655209836567,1,0
3.939728996611135,4.589969416302035,8.50479684400606,531.076397158348,1055.9213356511898,72.87538066095672,184.9444876164711,1.0,0.8583344764259653,0.3047968440060611,124.0786643488102,0,0
3.2907777518004235,4.825229003214512,8.245242982786495,551.1784147862298,1014.570936626246,63.64388657670983,215.70349767138856,1.0,0.6819941082435985,0.0452429827864957,165.42906337375405,0,1
3.4575983802966386,4.5745636508008864,8.309203758419851,500.6460508450625,1080.866942270564,70.85529551995019,181.54082713836848,3.0,0.7558312974693164,0.1092037584198521,99.1330577294359,1,0
3.3168074117277806,4.621400187382871,8.167949207833086,499.13474423829,1062.9619588021803,75.03801744019339,185.08840417366244,3.0,0.7177061662102896,0.0320507921669133,117.03804119781968,1,0
3.170943787683519,4.121930109658523,7.953420081795326,517.0576908536212,1050.763152657331,64.20175054653348,168.72078868065702,3.0,0.7692861602587742,0.2465799182046737,129.23684734266908,1,0
2.6588345425798803,4.140413605920477,8.348795091017438,522.7205898474389,1057.9189292307433,65.38380718855645,188.25133525076987,1.0,0.6421664101711438,0.1487950910174387,122.08107076925673,0,0
2.7657702676271496,4.22828981672476,8.280009562888223,539.1058989536223,1041.3208135657403,70.22814849920032,232.59752859328927,1.0,0.6541108549449925,0.0800095628882235,138.67918643425946,0,0
2.579531308447966,4.421256029402052,8.348156408107402,523.8209804377699,998.7906002955848,61.81257482443021,181.3983682915729,2.0,0.5834385728196323,0.1481564081074022,181.2093997044152,0,0
3.35453023430729,4.26682457256946,8.058289280072698,504.4099136356601,994.6616685120928,71.48676549466929,217.60539939758064,2.0,0.7861889272614317,0.1417107199273015,185.3383314879071,0,0
3.4371412525851377,4.47166759855018,8.072336791894065,485.5659331339216,1023.5857696695762,63.78845080147717,194.02179953318185,3.0,0.7686486475271308,0.1276632081059343,156.41423033042383,1,1
2.771782741560952,4.4107385068633,8.266138013634047,514.269137151908,1085.6537159232294,76.3912336731664,200.349267041669,1.0,0.6284169276005641,0.0661380136340472,94.34628407677064,0,0
2.944034797582641,3.841628319387888,8.200887161808595,531.9615555201294,1012.6143671482532,63.21430571868261,159.33673205176007,2.0,0.7663507638046003,0.0008871618085954,167.38563285174666,0,1
3.167577951381155,4.383422495032391,8.018755925897775,503.6701986319698,1027.2671300932566,67.71175842378999,218.0867467810333,3.0,0.7226266585637718,0.1812440741022243,152.73286990674342,1,1
3.822110982302728,4.273588152112867,8.045104471047413,527.7622210513433,1113.7900816840297,62.14062494950949,186.3076189237966,2.0,0.8943564155845749,0.1548955289525864,66.20991831597053,0,0
3.0614741593285864,4.780059979121588,8.162440543296912,542.6646848980537,1034.0447017593897,56.0129750797859,200.7080327760549,3.0,0.6404677288695263,0.0375594567030876,145.95529824061057,1,0
3.824636704323985,4.641335449343172,8.125290637751117,487.6137681777338,971.3280753039768,69.54461437889776,205.88151037164832,3.0,0.824037983300948,0.0747093622488819,208.6719246960232,1,1
3.5952608131676578,4.854809420914765,8.073736212815495,547.8874651247095,1020.7878163663092,52.00008829262583,189.1217794136407,1.0,0.7405565287359244,0.126263787184504,159.21218363369076,0,1
2.6607204726544245,5.211548026496466,8.189751279610304,495.8591912365055,1039.7391066552675,56.27431148460792,151.4988930935487,2.0,0.5105432126148105,0.0102487203896952,140.26089334473227,0,0
3.149642920651063,4.272048006956881,8.211917415109118,544.8411973284435,1049.623737046827,65.22260801520484,228.95973760857652,2.0,0.7372676792921595,0.011917415109119,130.37626295317295,0,0
2.8354634513247867,4.686924892068586,8.030445892724439,520.33276905071,1110.5287573434084,61.78576461535484,231.1686200955044,1.0,0.6049730934494183,0.1695541072755606,69.47124265659158,0,0
3.099765018843809,4.382825120575849,8.324006665045811,526.3591915688422,1050.7499703973967,67.74710412335119,175.85168809843498,2.0,0.7072527269190437,0.1240066650458118,129.25002960260326,0,1
3.0929784484367766,4.408020840802978,8.27177447572122,483.5971326244976,1025.595387852405,51.61448660388179,206.96890163252823,2.0,0.7016705590647071,0.0717744757212202,154.40461214759466,0,0
2.905208402306096,4.12458454639209,8.220718959340893,511.09751535825336,1031.3044515957126,74.15216505972447,193.6634857883408,1.0,0.7043638865744704,0.0207189593408934,148.69554840428736,0,0
3.17590162889319,4.233216232193038,8.366800084785362,514.8264786054034,1034.0006565302226,60.03855387853935,229.56856521088127,1.0,0.7502337357564335,0.166800084785363,145.9993434697774,0,0
3.258417677977988,5.022350972694067,8.293062416018573,538.131350918635,1074.498010394105,63.27670798181016,191.8207376948112,1.0,0.6487833476881323,0.093062416018574,105.501989605895,0,0
2.731263046821172,4.441448071213817,7.950629673052025,513.0030459878376,1079.42126433537,64.66791530555747,180.9711055887939,3.0,0.6149487740064442,0.2493703269479743,100.57873566463012,1,1
2.80206274234132,4.02036083779912,7.981203385884706,506.1188940555631,1017.4350930713674,72.32981162426596,173.55458592927826,1.0,0.6969679724515212,0.218796614115293,162.56490692863258,0,0
3.7550117237664353,4.278291494032652,8.326285416369691,499.5772507663394,1046.444906049855,54.86950301782312,200.07360525820545,3.0,0.877689546896518,0.1262854163696918,133.55509395014496,1,0
3.173744811968451,4.427189909797422,8.051069725290152,519.1794928769824,1018.8525523981028,63.8408798701383,197.11867277485592,1.0,0.716875687719662,0.1489302747098477,161.14744760189717,0,0
3.228326980217532,4.1599139492418935,8.2764363994732,520.8353538563387,1028.959751363236,56.06762391981492,242.29891713788723,1.0,0.7760561922271996,0.0764363994732004,151.0402486367641,0,1
2.8586810653144243,4.696941750167583,8.260005875670435,534.1353542692862,1061.589036035801,68.68983335985655,159.82493926235867,2.0,0.608626041530918,0.060005875670436,118.41096396419904,0,0
3.250352140819504,4.438611650021584,8.17151057614473,502.44554819418846,1058.7324112483218,61.04770172099136,175.72268775727275,3.0,0.7322902737101156,0.0284894238552695,121.2675887516782,1,1
2.9717198555438267,4.607219215793502,8.020635801438624,506.1109092920351,1026.3820673595624,65.55555434988598,171.1981170666656,1.0,0.6450137741898164,0.1793641985613749,153.61793264043763,0,0
3.428319657696066,3.979600239721277,8.205147223300738,543.6914379435513,1101.2328400289584,60.855252322731324,163.34879404020722,2.0,0.8614733768019637,0.0051472233007388,78.76715997104156,0,1
3.0041083582576777,4.136807044254878,8.028990469568663,537.9133588785016,1065.6029804787445,74.71828902085531,174.78904965394764,2.0,0.7261901087950279,0.1710095304313359,114.39701952125574,0,0
3.0980342183773164,4.166994335997034,8.306558348965362,537.9697558939253,1078.8606406676715,58.937506110525376,217.6738625430812,2.0,0.7434697452960618,0.1065583489653629,101.13935933232848,0,0
4.015540787920405,4.794069427333591,8.41887666802344,487.0716783897047,1044.4350599631623,66.2537336041691,136.18185270279884,3.0,0.8376058895159136,0.2188766680234408,135.5649400368377,1,1
3.4051846462858637,4.419439677447744,8.148250601929815,502.53757098602495,1049.585558372591,50.78211215196674,195.83097572010075,3.0,0.7705014422737587,0.0517493980701839,130.4144416274089,1,0
3.118518648708963,4.604075938999309,8.234609944871881,524.0816937338178,1064.5672927866565,66.30152415765777,233.1925981597432,3.0,0.6773386645550052,0.0346099448718817,115.43270721334352,1,0
3.213366948911284,5.123162692119403,8.366915238576407,521.837112584827,1050.5864713386773,54.45525274113069,195.8587605944909,2.0,0.6272232879168476,0.1669152385764079,129.41352866132274,0,0
3.6669461716379783,4.291600621162726,8.156847967826463,508.3757516045752,1067.3069478909078,73.05619710131593,182.7985330233924,1.0,0.8544472085079632,0.0431520321735359,112.69305210909216,0,0
2.759870198136105,4.452917727104096,8.103243324440658,532.5715549820064,1072.4548771419177,59.28314483093382,192.0090733041493,2.0,0.6197891734485662,0.0967566755593409,107.54512285808232,0,1
3.1925120322604505,4.436490225534401,8.292000109933245,521.8629140637657,1002.3432352118602,57.52414041663593,190.2516530648233,3.0,0.719603080193035,0.0920001099332452,177.65676478813975,1,0
3.207825530807792,4.100625336652023,7.981789585839133,527.855887649987,1047.3476850021652,64.61652798134732,213.68703658440336,3.0,0.7822771569383514,0.2182104141608665,132.65231499783476,1,1
3.265745246978766,4.610677081755017,7.952265901596685,514.1877946793408,1014.6534111636756,55.62757131827219,186.69962265355133,1.0,0.70830057893089,0.2477340984033142,165.34658883632449,0,0
2.9774808890752573,4.2157405148845575,7.9483341366311375,506.1938102236442,1013.5625593701895,58.39416552119361,181.01124643667487,2.0,0.70627707702985,0.2516658633688617,166.43744062981034,0,0
3.103431720033571,4.043881089784496,8.166209234455607,531.7348199264957,1073.541987087993,64.33885608483179,184.9285572526769,1.0,0.7674389158241837,0.033790765544392,106.458012912007,0,1
3.437931210409226,4.512080032574628,8.107437612380894,499.7365892716889,1075.5645519100929,68.18543255721877,203.15023657027143,3.0,0.7619393239542288,0.0925623876191057,104.43544808990714,1,1
2.8690020678908588,4.532472087883823,8.030975952899624,521.6496535631707,1045.8835008279398,69.89981434486154,237.24319139870303,2.0,0.6329883585885215,0.1690240471003754,134.11649917206023,0,0
3.953597696287494,4.709028467858467,8.244673103785065,513.4674781789734,1044.1542382972912,66.44830166629184,238.7540964471385,3.0,0.8395782107568996,0.0446731037850653,135.84576170270884,1,0
3.2080491916202862,4.943328197150537,8.076477465547061,505.8707818422133,1063.047396777347,55.82562567182698,201.13244623887624,2.0,0.6489654465630107,0.1235225344529382,116.95260322265268,0,0
2.789210652189946,4.474223912432258,8.28142210340738,518.4366306487087,1071.094098127185,58.72302555765068,204.61267026319464,3.0,0.6233954102780457,0.0814221034073803,108.9059018728151,1,0
2.598732630541541,4.485816105219469,8.394461335756052,511.1220224010915,1020.5344293906873,57.13467150725301,198.67982439030425,2.0,0.5793221498621989,0.1944613357560527,159.46557060931286,0,1
3.088987322603842,3.9662834821081354,8.392612528860003,516.1802371418278,1057.42891796943,61.50473377482309,218.72495330714492,3.0,0.7788115337089296,0.1926125288600033,122.57108203056988,1,1
3.379117475600214,5.108295788798863,8.261450010453935,547.1571062000278,1032.3158259502964,65.42923654420413,211.37180205170796,2.0,0.6614960477324405,0.0614500104539352,147.68417404970364,0,1
3.382459234023004,3.576745963786,8.232534015919049,528.6491263540274,1032.3989128783987,65.21024092920618,209.76860103820397,3.0,0.9456805899340353,0.0325340159190492,147.60108712160127,1,0
2.818523147971348,4.435347863390255,8.144685015124638,538.1644144979037,1069.646709074722,73.23087376568161,196.0096766610545,2.0,0.6354683407360703,0.0553149848753609,110.35329092527807,0,0
3.5905471755501805,4.336810676919187,8.318360985282672,508.9294351524996,1046.5322492463083,65.96061090555497,183.17059754225048,3.0,0.827923430882377,0.1183609852826723,133.4677507536917,1,0
3.752097368090689,4.081794001104055,8.360933261029189,529.5567073099644,991.8255816264126,66.69193599794923,194.41043196797796,2.0,0.9192275176445904,0.1609332610291893,188.1744183735874,0,0
3.33871050178426,4.679050357606604,8.406821370650013,482.2387657492325,1033.12033782421,56.14544404271516,210.82825083571356,3.0,0.7135444686213015,0.2068213706500135,146.87966217578992,1,1
2.795773552745332,5.052216283137994,8.143387203276372,502.8414261681818,1062.3237271303076,68.460217854258,216.89640181822745,3.0,0.5533756663432996,0.0566127967236269,117.6762728696924,1,0
3.253738615823091,5.218630083629297,8.377601120018818,529.3568098705126,1071.6024620541912,65.90782059420978,152.94855557840268,1.0,0.6234851988084951,0.177601120018819,108.39753794580884,0,0
3.140029185337753,4.194158286443619,8.134937266565418,525.5303738344439,1040.2838887225705,65.52332782821296,188.33916972609484,2.0,0.7486673058425822,0.0650627334345816,139.7161112774295,0,0
3.5157799763666806,4.645592786680834,8.301352040540358,511.4981133656195,1036.6086271173976,64.13220508739258,217.8715481906341,2.0,0.7567990000522243,0.1013520405403589,143.39137288260235,0,1
3.044331659382585,4.864942722882383,8.185006144856388,522.4975826154604,1004.6843476130688,71.71441764354762,190.3560487323578,3.0,0.625769270507076,0.0149938551436115,175.31565238693122,1,0
3.085997231634268,4.68244668654348,8.062309160205666,509.50167225267575,1026.9559602246986,73.54205461840701,205.4733102088745,2.0,0.6590565654156445,0.1376908397943328,153.04403977530137,0,0
2.487309598990436,4.64952202252531,8.458027521209798,541.2875407553591,1040.7590747426243,63.79760303088249,193.812935912592,2.0,0.5349602790147738,0.2580275212097991,139.2409252573755,0,0
3.2788693085168394,4.332476816001936,8.381146563733704,538.9779601290139,1050.1882627640011,66.29894735865626,170.0603667436373,2.0,0.7568117377223058,0.181146563733705,129.81173723599886,0,0
2.84405401460327,4.392716007445432,7.9906725952524065,498.9927342797421,1066.348103009875,59.78959249322119,195.49670509288603,2.0,0.6474477314570972,0.2093274047475928,113.6518969901249,0,1
3.13545664226719,4.328946041415934,8.246102966054963,499.8300524819301,1070.9156437363083,64.60059118172343,160.0878251030231,3.0,0.7243002364883552,0.0461029660549634,109.08435626369167,1,0
3.0879264150706787,4.078044644063658,8.150752758307908,553.0401158071875,996.4544448014012,66.7926494854977,226.76324144418035,3.0,0.7572076040924453,0.0492472416920914,183.5455551985989,1,0
2.652654305168895,4.190954807165796,8.26230105565073,514.5373403102323,1046.84897154748,53.76425230308099,192.90499701041747,3.0,0.6329474849025751,0.0623010556507299,133.15102845252,1,0
2.9872322246662906,4.226861915592035,8.282224994856604,537.5980297306245,1036.4115962206386,57.69790731004518,206.7378310798612,1.0,0.7067257657365792,0.0822249948566042,143.58840377936144,0,0
2.9511279139045468,4.776341437252731,8.32506426840817,506.9653063565569,1052.4719359261646,66.51202070462301,159.7277945472789,1.0,0.6178636833350257,0.1250642684081704,127.52806407383537,0,1
3.3310997374458347,4.676639336326192,8.04997098217314,510.8369218417108,1054.9983881238502,64.41022738172128,187.8746916566754,1.0,0.7122849330840954,0.1500290178268599,125.0016118761498,0,0
2.8788423869985555,4.422362105469309,7.921442555626556,513.8216061974474,1007.3061849194356,64.15998139885461,184.34092047166845,1.0,0.6509739179401894,0.2785574443734431,172.69381508056426,0,0
3.4367147994177367,4.319006071631405,8.319223023152446,528.7616980042332,1112.9901865387037,63.6847456824864,189.42206915461725,1.0,0.7957189088469788,0.1192230231524469,67.00981346129652,0,1
3.412910085406303,3.802664841677154,8.037747474968707,524.0878840418586,1058.5927661944609,69.43491733588843,182.9452858401565,3.0,0.897504835846523,0.1622525250312918,121.40723380553914,1,1
2.9997554688295684,4.388622054897506,8.146380429309822,492.4160899497488,1018.533018933664,68.27877931993804,215.2265476598729,1.0,0.6835301446836702,0.0536195706901772,161.46698106633607,0,1
3.1330506735322072,4.551292196277188,8.194542745723824,505.9440041523032,1033.2197409142752,60.52705693833804,198.9594244218441,1.0,0.6883870640972153,0.005457254276175,146.78025908572477,0,1
3.2892918608187487,5.142210970279734,8.167931782456321,508.5998556187192,1010.9889029844846,70.26958468881564,200.167962681606,2.0,0.6396648988518936,0.0320682175436779,169.01109701551536,0,1
3.000670463019959,4.802718046740952,8.31578854711477,518.8511242224677,1040.886367855514,63.02613145849372,197.5404585270534,1.0,0.6247858885722806,0.1157885471147714,139.11363214448602,0,1
3.3503271948168862,4.5141490278534535,7.969675873260943,528.8647926101248,1045.1937130781416,54.02051626233966,231.38696851662988,3.0,0.742183559603887,0.2303241267390561,134.80628692185837,1,0
3.557933517415097,4.485672733497077,8.042935421789453,518.2826101945928,1062.9479442055992,65.68115179783493,160.21174787676262,1.0,0.7931772396262439,0.1570645782105462,117.05205579440076,0,0
3.6750666904536784,4.151487031347972,8.116206462469156,494.18791334690246,1032.5752150127764,55.16014047097631,200.0954070333626,2.0,0.8852410381672703,0.0837935375308429,147.42478498722355,0,1
3.6247199317237775,4.569587788851208,8.158560837175557,526.1127341433875,1124.871668816885,66.55152178449539,207.5865457186969,3.0,0.7932268945076562,0.0414391628244423,55.12833118311505,1,0
3.259981551752501,4.568835401331953,7.9834619407001055,512.5775955426876,1024.8788177328752,59.36194146007012,209.71231578745875,3.0,0.7135257160038184,0.2165380592998937,155.12118226712482,1,1
2.9471116923955805,4.576484515362757,8.294330888685142,542.3589306414918,1028.684827538327,50.57774287101878,146.11281303701276,2.0,0.6439684613502965,0.0943308886851426,151.315172461673,0,1
3.7018731440128354,4.218080233726159,8.003575952495368,516.6905951466335,1045.2390524784091,64.39639628671274,177.03783684509318,3.0,0.8776203718308748,0.1964240475046317,134.76094752159088,1,0
3.175097649764392,5.009178025697641,8.016655002428786,510.21960742847216,1022.4691640954936,71.72211355552007,200.3226451356473,3.0,0.633856020457235,0.1833449975712131,157.53083590450638,1,0
3.345979825125682,5.068616501854684,8.321645509525911,510.02366579525767,1071.010320226473,60.13766138257176,212.9191704662284,3.0,0.6601367105286423,0.1216455095259121,108.98967977352709,1,0
2.0979223369012887,4.4837471028921305,8.14858002926741,531.2286568420545,1012.7476963882953,65.27905157706505,144.01686851030436,2.0,0.4678948853025588,0.0514199707325886,167.25230361170475,0,1
3.904050061533355,4.733626938845514,8.362862023705452,498.6266454737732,1064.9446510155854,64.3972799535806,184.97883590926045,1.0,0.8247481500223097,0.1628620237054523,115.05534898441464,0,1
2.739479844178382,4.111869039280102,8.096779321802542,514.5282106829178,1104.4958032477589,64.244609796581,218.83939710169963,3.0,0.6662371338537979,0.1032206781974576,75.50419675224134,1,0
3.061970478617631,4.670449004712288,8.352604130006515,530.584277599788,1023.2683643509582,66.20625253947946,214.4812571923397,2.0,0.655605162345767,0.1526041300065159,156.73163564904178,0,1
2.98730041207536,4.66116712364893,8.09786799980187,520.4175457875058,1088.8232830841987,60.56795360893458,203.7402599015179,2.0,0.6408910756016623,0.1021320001981287,91.17671691580132,0,0
2.5962804401097994,4.66646606450631,8.283277297909203,519.746183506781,1052.762468433194,61.075339195537765,215.24015273121796,1.0,0.5563697246833196,0.0832772979092038,127.23753156680596,0,0
2.8684104145996847,4.500997805860236,8.086515885752927,530.3575030410276,1063.7721767153164,61.15368413283328,218.8012853610881,2.0,0.6372832286716006,0.1134841142470719,116.2278232846836,0,1
4.072726871556669,4.731772806074012,8.26638762532185,502.408397014097,998.7517874404492,66.37662304266227,221.20247190045535,1.0,0.8607190238440721,0.06638762532185,181.2482125595508,0,1
3.34198179442995,4.189677453392204,8.152167511751145,532.2008816474788,1042.9534829896038,55.4533238318372,232.54660457867604,1.0,0.7976704247068992,0.0478324882488543,137.0465170103962,0,0
3.751670846150492,4.407606637343453,8.490007200201045,534.5661354329739,1039.2507486653703,54.07277058963389,200.2993436646464,3.0,0.8511809591884345,0.2900072002010461,140.74925133462966,1,1
3.1843382254697024,5.099852286084188,8.222871549386952,546.7767348886963,1072.2717108230386,66.81561560121767,226.7349209634833,1.0,0.624398128850577,0.0228715493869522,107.72828917696144,0,0
2.339952359107291,4.444707181956834,8.101515660702857,572.7509089486458,1033.747924536326,58.12633877091047,193.7761632460951,2.0,0.5264581586116189,0.0984843392971424,146.25207546367392,0,0
3.0926185247111517,4.822982543779006,8.051740433315791,529.8578907017511,1099.1811039813988,68.21786415045581,196.44487033228444,2.0,0.6412253198094164,0.1482595666842083,80.81889601860121,0,0
3.1678393230853903,4.417947290298606,8.295269216317882,536.7861866660797,1039.0574147743343,64.00703564868289,235.23503492975595,1.0,0.7170387318392473,0.0952692163178827,140.94258522566565,0,1
3.0432316745386485,4.580255155341554,8.366312260057544,508.9470043492431,982.5003703198588,59.39230166989779,247.1435479948977,1.0,0.6644240485871551,0.1663122600575448,197.4996296801412,0,0
2.501248348752681,4.826551940737463,8.067037153701387,531.0666000984988,1035.303156971113,56.69347213097758,202.92371543149875,2.0,0.5182267546161081,0.1329628462986125,144.6968430288871,0,1
3.5459257340825863,4.132571433865488,8.395098680616705,553.2880029554369,1050.2477796640885,44.68482892527538,212.309860695851,2.0,0.8580434216252099,0.1950986806167058,129.75222033591172,0,0
2.814448708246108,4.899571149403155,8.310518680088286,493.9579981227214,1063.506847421757,59.4876825636447,155.38794434497896,3.0,0.5744275614845443,0.1105186800882869,116.4931525782431,1,0
3.0312780966638275,4.407467614559973,8.209999920655752,540.8888247404708,1040.5146217535946,63.28806045090101,191.41960603149,1.0,0.687759584656347,0.009999920655753,139.4853782464054,0,0
3.500894806289617,4.651662651183099,8.188155696672128,529.6934105880723,1116.802318857839,64.44272848873185,211.9277143607109,1.0,0.7526115000292618,0.0118443033278712,63.19768114216095,0,1
2.8290032974545656,4.278671424847632,8.422568429882825,534.7998772410641,1058.6031438619414,54.12467181850873,195.18198367653287,3.0,0.6611873209904455,0.2225684298828252,121.39685613805864,1,0
3.199918976927537,4.312712536263653,8.256840166842728,528.6278265019072,1032.2356194814568,59.29289608338958,199.15997723812453,3.0,0.7419736301176786,0.0568401668427291,147.76438051854325,1,1
3.355601853225291,4.066189648806499,8.225878629361848,495.0754343009569,1022.4217910256392,70.4265243112442,201.31155480935007,3.0,0.8252447972723005,0.0258786293618484,157.57820897436068,1,1
3.9998798381763248,4.2231110394009,8.097791426986102,486.6765138377445,1090.526140467715,75.32568454810504,217.42423472212036,1.0,0.9471405795185096,0.1022085730138968,89.4738595322849,0,0
3.1213613279982697,4.5042147957222936,8.191806724066458,521.2462397758818,1039.1115272357142,66.79592608967566,163.4406638513664,1.0,0.6929867843491117,0.0081932759335412,140.88847276428578,0,1
3.5096133407817067,4.517674861837123,8.49524465682826,495.2931233697783,1061.4824298389642,63.06897415703066,235.1028484769552,2.0,0.7768627551425097,0.2952446568282614,118.5175701610358,0,1
3.0456619190414584,4.718056329627547,8.18357246120474,550.2378155366035,1080.9150297572576,54.41799325759856,219.46067141202315,1.0,0.6455331826520087,0.0164275387952592,99.08497024274244,0,0
3.828339108736114,4.425012813607078,8.43227024266688,501.94257609491945,1030.2654431237609,63.13266323211196,203.52519619574116,3.0,0.8651588750429536,0.2322702426668801,149.73455687623914,1,1
2.491514633014153,4.809842141109396,7.863720258867671,538.8134864695518,1034.3859691873208,59.89204279766354,198.0427929140191,2.0,0.5180034103825035,0.3362797411323281,145.61403081267918,0,1
2.6235986240962137,4.815553451527056,8.122380405043812,525.4168189800954,1090.1904940572103,71.87842478377249,171.241987863899,1.0,0.5448176725604466,0.0776195949561877,89.80950594278966,0,0
3.252689971872779,4.319493131708085,8.317852546186044,532.99735432435,1012.7831693313464,60.89348772714568,199.3557468266996,1.0,0.7530258463065367,0.1178525461860449,167.21683066865364,0,1
3.4590234436208704,4.602743129076438,8.051759769248424,554.2084943381302,1084.855217296262,61.3557200417684,230.96520137302176,2.0,0.7515134661802051,0.1482402307515755,95.14478270373796,0,0
3.516188398632538,4.486609011749965,8.427171218416674,519.7033034662354,1031.9556756197371,69.76223246672168,216.69264022511675,3.0,0.7837073363514175,0.2271712184166752,148.04432438026265,1,0
3.62267720355966,4.956348858017738,8.495170371832128,528.9767363947158,1046.49519276853,65.4572500491172,170.9027983016037,3.0,0.7309165086247805,0.2951703718321283,133.50480723147007,1,1
3.3132752214563785,4.363950528000754,8.398712613671997,506.6456568959093,1028.619188953786,62.757144731744376,169.42948597897723,1.0,0.7592375760077746,0.1987126136719972,151.38081104621392,0,0
3.9638629586481535,4.182398751855699,8.040683966000287,530.9672967160026,1022.9582123976428,66.67673106785665,173.62835748681147,1.0,0.9477486946794992,0.1593160339997119,157.0417876023571,0,1
3.000290458361926,5.183924560546687,8.296505300817564,535.6580880129136,1078.3347770830635,57.69319060391106,193.53262916500336,2.0,0.5787681558133541,0.0965053008175651,101.66522291693629,0,0
3.499388015895783,4.394879325210377,8.215793826363265,513.2781406823779,1035.6194145015518,68.69002261628293,228.91354467553305,1.0,0.7962421163707446,0.0157938263632662,144.38058549844823,0,1
3.442917970277012,4.4991157188460535,8.30000676271136,528.8684857520128,1049.8946260445866,52.327594149006615,214.02276273214727,1.0,0.7652432577117216,0.1000067627113612,130.10537395541337,0,0
3.794369453955209,4.611090871834992,8.009788271826062,536.4593155716989,1055.8749348474337,65.99087571265665,210.56485325748872,3.0,0.8228789149024847,0.1902117281739368,124.12506515256632,1,0
2.1302775815892483,4.102151694219897,8.274385538481278,502.2507636859541,992.8477365477344,56.93869647428746,192.6571617042645,1.0,0.5193073635164666,0.0743855384812786,187.15226345226552,0,1
2.569093522215449,4.279601984174463,8.14017397839427,508.2363284981584,1041.7130841004562,66.93968243104662,194.9893996148575,2.0,0.6003113212666474,0.0598260216057298,138.28691589954383,0,1
3.617325373297887,4.436247198208851,8.14660691948781,499.3650548492776,1075.2526620786678,70.31636777126805,210.03527961024287,3.0,0.8154021205001812,0.0533930805121887,104.74733792133225,1,0
3.771944383490061,4.968768025254457,8.20076354606019,552.2618732010701,1005.1719682181068,55.23860030263546,198.5884114451507,1.0,0.7591307067585962,0.00076354606019,174.8280317818933,0,1
3.4782329897855377,4.214736780138872,7.96979562795227,512.4553030297737,1030.8173642484824,57.03772819193207,202.57109340845415,1.0,0.8252550919314297,0.2302043720477291,149.18263575151764,0,1
2.697653242497294,4.796866095014834,8.37996654893182,554.1368607060808,1042.5923088687216,57.699792938116126,166.99000657304668,1.0,0.5623782670811813,0.1799665489318211,137.4076911312784,0,0
3.075414829694741,4.634622323690993,8.294626521385648,520.3051407525996,1047.2186232783556,71.13310720666954,236.6367441010849,3.0,0.6635739903358338,0.0946265213856492,132.7813767216444,1,1
3.6122745627196897,4.461978466086098,8.199680574356432,480.4262769138222,1051.23974212989,55.00343152930901,169.76763990088506,3.0,0.8095679056646572,0.0003194256435676,128.76025787011008,1,1
3.0853954884814336,4.276408534312882,7.995238472656944,532.9444005005012,1063.8054814909958,58.92863487096108,203.31296511179704,2.0,0.7214922201663999,0.2047615273430549,116.19451850900418,0,1
3.145230411505928,4.171454685673962,8.015355076920443,529.0690345140501,1082.965435736186,52.62842341902023,197.3061129486425,1.0,0.7539888714489966,0.1846449230795563,97.034564263814,0,0
3.43462632537249,4.830362847949458,8.103818226126563,518.1454732140489,1039.83817136444,65.41428513639465,213.6410530454,1.0,0.7110493420011867,0.096181773873436,140.16182863556014,0,1
3.236805612505089,4.414388867127305,8.063958822214838,543.710629219005,1048.6901050372032,50.976360708818966,226.40730063808647,1.0,0.733239800389,0.1360411777851613,131.30989496279676,0,0
3.353733201905457,4.462142483892473,7.97579216664578,519.6209840874475,1078.640605360499,70.93721288638748,183.74627350730864,1.0,0.751597066489972,0.2242078333542192,101.35939463950103,0,1
3.488327928993109,4.318698841245813,8.206237801256947,513.8794104522696,1056.4883637617706,65.91608415527283,223.3903561534661,1.0,0.8077265992409665,0.0062378012569475,123.51163623822936,0,0
3.165487184727646,4.057425625733613,8.070409614443534,481.4388379087776,1068.2701260093372,57.129340253317125,199.5474138278725,1.0,0.7801713391542774,0.1295903855564653,111.72987399066278,0,0
3.4249664315434702,4.326460829829746,8.104187281192877,534.764969486285,1055.3305396745718,53.69407976460852,212.670785654656,2.0,0.7916323677629635,0.0958127188071227,124.6694603254282,0,0
2.85328493383527,4.364985319865841,8.34457814176653,522.6534347555777,1035.13880235827,73.17084839321267,222.3321088227661,3.0,0.6536757226183043,0.1445781417665301,144.86119764172986,1,0
3.539833474551348,4.9336131254482645,8.198515862724184,523.574578169462,1001.765001862531,65.71946104046086,207.4851241090076,2.0,0.7174931199154834,0.0014841372758152,178.234998137469,0,1
3.037662336080641,4.510265754745168,7.973006811339991,531.5657385214196,1029.8660618357003,63.68661374170467,164.69612500063224,2.0,0.6734996340761678,0.2269931886600087,150.13393816429948,0,0
2.875177646816385,4.313023978536865,8.127893204296527,527.7225388325887,1053.176481839381,69.69983761174427,203.81678868400505,2.0,0.6666268633000096,0.0721067957034726,126.82351816061896,0,0
3.6787846964612503,5.013685655730095,8.241574135363006,496.71833108405366,1038.0539074653298,64.41745207327695,216.44365886649936,2.0,0.7337485730727958,0.0415741353630068,141.94609253467024,0,0
3.3405388173783286,4.283098345721442,8.260494678005387,510.7789373763669,1034.652466755313,57.76585768922968,200.82457825020097,1.0,0.7799351186823414,0.0604946780053872,145.34753324468693,0,0
3.298928542431465,4.410760913222682,8.47006101384699,524.657192979178,1031.0183102904807,50.48546844309352,225.85727523106613,3.0,0.7479273092753527,0.2700610138469912,148.9816897095193,1,0
3.381051827998721,4.877697148224367,8.299389716409175,521.1372319418123,1054.2088820978768,71.96836616873952,204.14845193454707,1.0,0.6931655911717199,0.0993897164091759,125.79111790212325,0,0
2.574603180694517,4.186584470870738,8.227797895468605,486.53093096328894,1061.3447330819397,69.88143542582884,223.2308764418904,1.0,0.6149650623301716,0.0277978954686055,118.6552669180603,0,0
3.4972389600935547,4.280992947565586,8.358326740700884,507.7381203983049,1024.339684155933,62.11218939918927,195.992164430854,3.0,0.8169223827535991,0.1583267407008843,155.66031584406733,1,1
3.1439057133777046,4.32803564772099,8.31609829030678,541.3907060596822,1046.5151069093415,63.78748498687129,223.95812222985057,1.0,0.726404763857891,0.1160982903067804,133.4848930906585,0,0
4.193158397833041,4.000663490087671,8.09318614294058,474.1654561423918,1092.0966258674682,60.75013464726807,201.65517026490983,1.0,1.0481157455942478,0.1068138570594197,87.90337413253178,0,0
3.3350171986908834,4.433265650972185,8.17947842869268,516.3592477401373,1076.781969357618,59.134410149827175,173.77501702119164,2.0,0.7522710030262377,0.0205215713073201,103.21803064238202,0,1
3.3783568419118426,4.167607501463964,7.96311327060304,523.9082095219646,1064.6478542016455,60.277586498362936,193.823047660494,3.0,0.810622602995723,0.2368867293969589,115.35214579835429,1,0
3.275681666890045,4.419361553430631,8.064396490542372,516.009394216825,1030.9577506574103,64.07434093390589,203.18404823197045,2.0,0.741211513596576,0.1356035094576277,149.04224934258968,0,0
2.4669662230620766,4.652211097679443,8.328827110816148,535.0525541939099,1055.393995635562,69.22141500711587,164.15437936328286,1.0,0.5302782205567454,0.1288271108161485,124.60600436443816,0,1
2.59568813080698,4.153213946522724,8.137730216001806,559.7270605360601,1075.164532253535,56.82781319886431,228.94602795077373,1.0,0.6249830043923538,0.0622697839981931,104.83546774646491,0,1
2.698578366409598,4.119901863926772,8.274314245357855,535.5500901871969,1019.5664536381008,60.82804764115605,202.2037731181279,2.0,0.6550103509462023,0.074314245357856,160.4335463618993,0,1
3.4622080436023293,4.343898210471004,8.237888252150874,485.99264157211707,1012.9495796334188,50.09421690242904,212.99418443699247,3.0,0.797027894083618,0.0378882521508749,167.0504203665813,1,0
3.8092508258476103,4.330259127235176,8.361656312093784,504.8524754670232,1052.1411200452071,74.74868732616771,197.15811989029427,1.0,0.8796819573705499,0.1616563120937844,127.85887995479288,0,0
3.39581994793032,4.714489500151698,8.156815041940073,521.5987951453799,997.0660008551888,62.45855982448904,186.989281613072,3.0,0.7202943069659521,0.0431849580599266,182.9339991448112,1,1
2.7115233601336337,3.923938716344491,8.375567935973175,490.2737287947402,1030.9195841735425,70.73410612983778,153.65232633858747,1.0,0.6910208225597992,0.1755679359731754,149.08041582645774,0,0
2.374462997250408,4.443398795632935,8.376525873042352,528.6799090682536,1025.8871631246186,56.37127203304202,213.1425214700317,1.0,0.5343798983448661,0.1765258730423529,154.1128368753814,0,0
3.011306487231066,4.208514998187887,8.04036718777345,531.0496097991502,1058.043732057827,70.45161950798867,224.0624008313025,3.0,0.7155270892018099,0.1596328122265493,121.95626794217333,1,0
3.03156123478452,4.091867545793652,8.267574272096914,481.38432074313135,1034.2440450932131,69.34018978795389,199.5920103951277,3.0,0.7408747228780712,0.0675742720969143,145.75595490678666,1,0
3.5100664849086667,4.165276271940654,8.17954934812527,522.4323371806948,1047.5792978493662,56.25188917314145,170.06961911277438,3.0,0.842697159780613,0.0204506518747287,132.42070215063382,1,0
3.635777810025256,4.23807209127262,8.129849832995184,526.4057542065938,1026.7420222486487,62.29719169710112,222.47176126802933,1.0,0.8578848426515578,0.0701501670048152,153.2579777513513,0,1
3.267327753125762,4.12621732048287,8.43923048590909,497.2925723607092,1053.4915260505857,56.48269699668276,224.22629302487317,1.0,0.791845775091545,0.2392304859090899,126.50847394941434,0,0
2.7396554159154185,4.208689903612179,8.232825978563525,515.7930014969742,1043.0728533774388,64.90613014596516,204.87055059709576,1.0,0.6509520724995944,0.032825978563526,136.92714662256117,0,0
3.224992988433762,4.415321172953711,8.01042482083698,529.632194749181,1010.245253537329,71.90762804385938,211.7508679714704,2.0,0.730409603599897,0.18957517916302,169.75474646267105,0,0
2.4154091391571244,4.16407983446904,8.261805314289541,508.72874439888005,1053.2697818807208,66.12122217849675,229.72284608243945,1.0,0.580058316505609,0.0618053142895416,126.73021811927924,0,0
3.0932305688184285,4.4803298874274775,8.212618325918365,539.4055957309419,1055.364810316119,63.75722831266723,212.08052320493087,2.0,0.6904024136276495,0.0126183259183658,124.63518968388098,0,1
3.6732945695472954,4.628031435262342,8.070885358679305,500.2936104769914,1071.235933624377,70.35891432152872,215.9998179480918,1.0,0.7937056219553026,0.1291146413206938,108.76406637562307,0,0
3.1426352120758723,4.5538622270583575,8.327754076972967,514.7670171316317,1067.3038691872534,61.99859944994485,233.31754597036164,2.0,0.6901032694210001,0.1277540769729679,112.69613081274656,0,0
3.723808949577313,4.36558920545698,8.279370212150432,513.9981627859341,1074.287833561186,69.47850423463538,206.7139809384468,1.0,0.8529911481523652,0.0793702121504331,105.71216643881394,0,0
3.040462204970004,4.532842849417755,7.964103862713186,515.8299235614074,1035.3348452988228,54.59575670750522,173.92632210499144,2.0,0.6707627652897318,0.2358961372868133,144.66515470117724,0,0
3.399485750766156,4.025044566507045,8.254069543213447,524.9794097349054,1059.6786878615133,66.47678445570858,258.03305075789746,2.0,0.8445833813143749,0.0540695432134477,120.32131213848676,0,1
2.630991416901244,4.079871400931823,8.094716323252731,504.8682041660248,1005.0467447058618,65.85155688244144,226.24644747067717,1.0,0.6448711632566327,0.105283676747268,174.95325529413822,0,0
3.3643741287236204,4.577478226112939,8.220439935376664,507.5172537509114,988.3699127696136,59.01892067732183,223.50211014572056,3.0,0.7349841903771467,0.0204399353766646,191.6300872303865,1,0
3.1743146878535886,4.373637177909671,8.082732795809072,500.5557248264692,1016.195488745742,58.48277635029575,188.9654201728916,1.0,0.7257837259936893,0.1172672041909272,163.80451125425793,0,1
3.03229287725143,4.404361755819076,8.27079475980349,522.6225382953749,984.9449289329692,55.450666905278105,202.6939234628637,3.0,0.6884749810927014,0.0707947598034905,195.0550710670308,1,1
3.684410513691638,4.334586746227735,8.297536361901143,531.6830695877021,1056.4311233301844,59.28196527388579,167.23472725044792,3.0,0.850002717340487,0.0975363619011435,123.5688766698156,1,0
3.3977664870263524,4.72641578445613,8.12895031856813,515.0690260578972,1052.0450790740197,70.5514847782975,190.1966020299417,2.0,0.7188886126950098,0.0710496814318695,127.95492092598032,0,0
3.0418608053034317,4.935364534581124,8.111572045412945,505.1329735488263,996.7961519180192,63.983478370429786,191.28702667724625,3.0,0.6163396408458532,0.0884279545870541,183.2038480819807,1,0
3.720683255043189,4.3095200857999,8.17188583682886,506.2338775824237,1088.8281543813382,61.36230493079475,188.69697352937916,1.0,0.8633637110637161,0.0281141631711392,91.1718456186618,0,0
4.043087446437614,4.488436170927531,8.252941861457407,530.292481154783,1048.8739454194176,56.87543604727004,165.7744352551657,2.0,0.9007786435116744,0.0529418614574073,131.12605458058238,0,0
2.752993074713684,4.696949833397624,8.13285608583774,481.38816609598166,1002.5621407676028,68.17274860142184,168.38047931434863,2.0,0.5861235848321023,0.0671439141622585,177.43785923239727,0,0
3.0705285775070905,4.659234081449183,8.182383800170715,515.6114588310409,1083.6427381365706,68.75931050758165,212.81565912562831,2.0,0.6590200284363111,0.017616199829284,96.35726186342936,0,0
3.2765684609484644,4.22353040763859,7.974217370308444,504.4910430724631,1022.1245752719254,67.0262009925452,206.0957735264768,1.0,0.7757890068097394,0.2257826296915555,157.87542472807456,0,0
4.296220890845961,3.942099129344765,8.223906984540822,504.2136897211673,1056.1913190231326,56.44338248684619,225.4729719088577,1.0,1.0898307599053771,0.0239069845408224,123.80868097686744,0,0
2.9074550499651037,5.041522128073717,8.102505351464433,533.7337506125705,1055.7895508857466,63.52769809747337,178.90420238106245,2.0,0.5767018324085572,0.0974946485355658,124.21044911425338,0,0
3.132310019886921,4.151658970360802,8.238930556088924,517.5144027288563,1005.1722264338672,64.95022246228285,208.18893852232884,3.0,0.7544718970162027,0.0389305560889248,174.82777356613292,1,0
3.703013342145861,4.994030606949521,8.267804290656931,504.9596944528014,1087.976350172173,63.97737057860535,196.6212086069499,3.0,0.7414879148420489,0.067804290656932,92.02364982782706,1,0
3.776417028718969,5.094315818652053,8.324208377355161,526.0635687289165,1125.9169495528088,51.726266527350006,198.68660673018724,3.0,0.7413001396872372,0.1242083773551616,54.083050447191226,1,1
2.7728268796184654,4.669037738879076,8.179707668344502,527.9838471884846,1012.3900312802808,65.22752120858668,182.43557220444248,2.0,0.5938754480254597,0.0202923316554972,167.60996871971918,0,1
3.2684795975217757,4.746150891902516,8.106810736968711,539.9767035313089,1057.6584073841868,51.63821901415669,157.87273785200205,1.0,0.6886590146995792,0.093189263031288,122.34159261581316,0,1
3.084099584843156,4.421411725873012,8.420028281100683,522.2646347488958,1054.7325953380916,72.85239250570444,200.85122539120636,1.0,0.6975372969900603,0.2200282811006833,125.26740466190836,0,0
2.4418793232205287,4.52563017076539,8.356625943613928,510.6780801194628,1052.8095010210884,56.598820450671695,178.50818207550526,3.0,0.5395666969110697,0.1566259436139283,127.1904989789116,1,0
2.8544167896373875,4.2276546784448135,8.181095687538688,549.104704336542,1108.2274547342947,71.21683572247214,178.7239439259688,3.0,0.6751773751805663,0.018904312461311,71.77254526570528,1,0
3.492437975078201,4.873125097490188,8.356443844363703,546.9754918923061,1052.2084948636052,61.98089208699605,189.5932351849593,3.0,0.7166731623943418,0.1564438443637037,127.7915051363948,1,0
2.9548630061861987,5.188350422433287,8.295036415622116,563.8841778030226,1061.04966204407,62.823552400489824,211.61985867364533,3.0,0.5695187805435233,0.0950364156221166,118.95033795593008,1,0
3.6078302040835615,4.874613129063793,8.453556735783112,540.6719078325732,1079.141851936636,63.60233402270487,161.58756791012993,1.0,0.7401264690796799,0.2535567357831123,100.85814806336408,0,1
3.394558837278637,4.398179573365777,8.304414023942376,531.8578038981108,1103.5423458721673,62.36547917748115,194.35357487821472,1.0,0.7718099681657806,0.1044140239423772,76.45765412783271,0,0
3.273781484048793,4.160218348049953,8.253253561943668,476.7758433969791,1024.0649161789788,50.925015685666565,164.30922750316893,1.0,0.786925398950853,0.0532535619436682,155.93508382102118,0,1
3.059195800818709,5.075928635459185,8.143215552367316,549.1989768753722,1039.367392900867,61.11324090720866,218.09129297211103,2.0,0.6026869209399902,0.0567844476326833,140.63260709913334,0,0
3.27001488994831,4.131336727660826,8.24418257593354,520.1064370809971,1056.367105585945,60.305223847188856,232.36091597857668,1.0,0.7915149755920008,0.0441825759335401,123.63289441405504,0,1
3.674184455825139,4.577498035556031,8.07802683311482,516.4503315074732,1020.3622481316572,53.29190842407786,214.8914078511365,3.0,0.8026621587782224,0.12197316688518,159.63775186834278,1,0
2.450307599894392,4.762061815821142,8.345859043102593,528.2190327911159,1079.217656887272,58.73162876590638,221.23542976663464,1.0,0.514547625408623,0.1458590431025932,100.78234311272786,0,0
2.73305716062945,4.836620792294538,8.08867855895282,508.379819575861,1048.9142453540717,62.730364433269855,257.612294680341,3.0,0.5650757579379685,0.1113214410471794,131.08575464592832,1,0
3.7213256516069295,4.875602252323722,8.291865135792024,538.805888005151,1011.7810749463712,56.610665704031256,150.7100082245436,1.0,0.7632545597972197,0.091865135792025,168.2189250536287,0,0
2.4240214168141367,4.426039888638224,8.177528931958017,491.7051972272208,1041.7561636863743,62.23107393390018,202.92444242381129,3.0,0.5476727452206201,0.0224710680419821,138.24383631362548,1,1
2.754075943304464,4.346513165840925,8.307956333778748,538.0080109555497,1012.5443944171622,62.26643287322955,195.31811652369603,1.0,0.6336288048808891,0.1079563337787483,167.45560558283785,0,1
3.4123161072403625,4.139538360529397,8.322640332418757,530.1573153566694,1035.102181123885,61.52065757957805,207.2773643188316,3.0,0.8243228614457495,0.1226403324187579,144.89781887611502,1,0
3.3016372200648645,3.86293376285052,8.2827895142217,520.1048990009405,978.3609263552736,59.009477148861926,186.0431820471232,2.0,0.8546968242017791,0.0827895142216998,201.6390736447263,0,0
2.909598581385167,4.527305769546598,8.192213468953016,543.5692017727438,1072.8961212595852,62.07029638491786,204.16180600912867,2.0,0.6426777268533997,0.0077865310469835,107.10387874041476,0,1
3.541166985676518,4.86740380395954,8.29205361610347,532.6524833092224,1030.023964300047,62.104854267000825,212.3487994654592,2.0,0.7275268557065924,0.0920536161034704,149.97603569995294,0,0
2.607427858725478,4.297862269153558,8.030307027085499,578.1867907041536,1015.164402918567,55.10930438160432,209.3933239423674,1.0,0.6066801807104715,0.1696929729145004,164.83559708143298,0,0
4.2864164331252566,4.602431771590558,8.413916679939579,508.87570300491245,1040.2480694338012,63.65044092985124,164.7368644637296,3.0,0.9313373114301644,0.2139166799395795,139.75193056619878,1,0
3.4737005955234306,4.652931228501554,8.346537880493708,520.7563845686749,1083.639014286524,69.52516039970679,217.5688258394204,1.0,0.7465617745430446,0.1465378804937085,96.36098571347588,0,0
3.178979172061577,4.360595322551307,8.030231092557598,523.5034884592507,1065.2300722522716,58.281073724019066,183.936334233904,1.0,0.729024120833251,0.1697689074424015,114.7699277477284,0,0
3.700287652099336,4.706690542218439,8.416127772613736,539.1192583323967,1105.54266681361,65.90646760266588,187.1232148868728,1.0,0.7861761078452113,0.2161277726137367,74.45733318639009,0,0
3.5945588015022265,5.329270005578166,7.914223438037068,522.1463620115147,1001.8556917308324,57.57416490855047,185.4269315244446,1.0,0.6744936543026147,0.2857765619629315,178.1443082691676,0,1
3.6390697831303735,4.473675776837595,8.295482785121202,495.5750991266178,1000.5416017695896,62.62200915544471,211.522990420391,1.0,0.8134406612920352,0.0954827851212023,179.45839823041047,0,1
3.1104449443637545,4.59342813753407,8.065983516035875,472.9639700473486,1036.993854174171,58.63407388384689,164.3101371617094,2.0,0.6771511060052005,0.1340164839641247,143.00614582582898,0,1
2.577725952597656,4.5317093218704505,8.205899402489031,505.5245093426604,1096.7439602472225,55.51006602457309,225.2148310578248,3.0,0.5688197915935365,0.0058994024890317,83.2560397527775,1,0
3.631704641968943,3.950651198398407,8.273206867061436,528.9446649061907,1069.937330728755,61.15146703507797,246.56926598286697,3.0,0.91926734572821,0.0732068670614367,110.06266927124511,1,0
3.551916746861409,3.858967703171862,8.375391121172846,525.5179490069223,1071.7597052359226,63.77561484243893,195.37673151430565,2.0,0.9204318406245,0.1753911211728471,108.24029476407736,0,0
3.5435970398603085,4.547968436232723,8.209918259845841,502.756421011933,1012.9928114187288,63.51608329640105,172.5526134945771,3.0,0.7791604292699228,0.0099182598458416,167.0071885812713,1,0
2.905421215915288,4.483182659852935,8.150658938043179,515.2514070100241,1033.0439128127855,58.24190402954295,160.26028831610395,3.0,0.648071121724611,0.0493410619568202,146.9560871872145,1,0
3.591623452397113,4.281407459559283,8.038608464545357,496.68574307787776,1033.2300569217266,58.408636900752086,194.8967326838353,1.0,0.8388884929742092,0.1613915354546424,146.7699430782734,0,0
3.028722093638199,4.528780853673476,8.227270189558702,509.0229818159801,1057.5290331560543,66.33891749391069,187.15674858045367,1.0,0.6687720582709823,0.0272701895587026,122.47096684394546,0,0
3.719459414964229,4.7224597316033154,8.008229833278087,537.5849578248999,1070.0537945828178,57.56371155982584,216.0051675548076,1.0,0.7876106151388675,0.1917701667219127,109.94620541718224,0,0
3.15295635516525,4.124132823854168,8.312167414274612,504.9619139965728,1044.537912397926,63.989203194197046,221.6286921597228,1.0,0.764513775153869,0.1121674142746123,135.462087602074,0,0
2.696363979332458,4.29108139574939,8.23153060668755,541.1645579800363,1009.9201903715652,55.9556579567231,167.64122445720358,2.0,0.6283646778117578,0.03153060668755,170.07980962843487,0,0
2.816823590940797,3.652793417767808,8.269054586580378,487.0527694216138,1021.7999398186104,59.27967173358243,193.24352635017152,1.0,0.7711423198662553,0.0690545865803784,158.20006018138963,0,1
2.9567330923920223,4.70980303453556,8.355993904462713,508.0354309780676,1065.0289081839592,49.94251057820976,180.1939886677742,3.0,0.6277827480434767,0.1559939044627132,114.97109181604084,1,0
3.715277598708064,4.81713481616324,8.289974234695908,554.3569782409571,1089.3280491836954,63.93103391731843,203.7351106485536,1.0,0.7712629477320612,0.0899742346959087,90.67195081630462,0,1
3.178374006815384,4.584095552749166,8.392063680008553,473.78077254664976,1059.933678672991,61.031042943110485,143.6528686154067,3.0,0.693348114049653,0.1920636800085535,120.06632132700906,1,0
3.036742453235156,4.019868916442713,8.111982933178352,519.2181266566494,1030.7652243648672,59.50437270838266,165.74490436479252,3.0,0.7554332033212207,0.0880170668216475,149.2347756351328,1,0
4.2608208383590185,4.800936607518867,8.213797726895395,532.4337631247067,1025.1468274430304,69.08544367597788,186.66269086251407,1.0,0.8874978334016205,0.0137977268953957,154.85317255696964,0,0
3.1064921191985726,4.641032515192228,8.06475049253009,521.7547544482561,1035.312288937775,58.02183929525388,212.0138399433513,1.0,0.6693536639444446,0.1352495074699096,144.6877110622249,0,0
2.786026949535147,4.295409985699796,8.002172951014114,537.92416660385,1092.7765426836734,67.13047304486727,183.03278082544412,2.0,0.6486055948469958,0.1978270489858857,87.22345731632663,0,0
4.121886697547542,4.742803760503447,8.114321035020247,536.7191868933221,1026.733844583557,64.09915139517062,219.54692477742367,3.0,0.8690822780828956,0.0856789649797526,153.2661554164431,1,1
2.9078578520455878,4.641490842325448,8.19051938166277,507.5110075434656,1017.2403032245362,70.75782738116959,172.02968815683354,1.0,0.626492209120081,0.0094806183372284,162.7596967754638,0,1
2.7413696035676773,4.249343526039424,8.290674397327251,532.3924103072184,1030.9664700129904,71.46665076322945,194.21885079597573,2.0,0.6451277911808714,0.0906743973272519,149.03352998700962,0,0
3.677822342169608,4.122294581459676,8.189474871484277,514.4479339040527,1048.7371976973825,59.048576225359504,181.38115437606527,3.0,0.8921784381491578,0.0105251285157219,131.26280230261773,1,0
2.8791473497617583,4.302595186138555,8.299179121781274,525.5916753151091,1033.1671496209308,66.58703121708986,222.4949899134188,1.0,0.669165288514288,0.0991791217812743,146.8328503790692,0,0
3.0926936629045088,4.516659983375409,8.510332644066734,507.5975147229725,1031.008037943781,75.68042639600871,231.04344563806688,3.0,0.6847302372999381,0.3103326440667349,148.9919620562191,1,0
3.274307469020396,4.761979814789203,8.04759341739335,563.8071792083172,1059.5957452850348,65.64961405842631,217.00347291123805,3.0,0.6875937311123912,0.15240658260665,120.4042547149652,1,1
3.0817065937192623,4.300281653902076,8.283336781837107,512.3424135733256,1002.2554759362856,60.80888948113119,228.09280917718755,3.0,0.716629012010479,0.083336781837108,177.74452406371427,1,0
3.111021439428851,4.327469179838047,8.071055537807238,502.0001109253466,1030.0328443941382,53.92427658531136,195.06410248042727,2.0,0.718900888585041,0.1289444621927611,149.96715560586176,0,1
3.440904270095266,4.220868959104358,8.341388559822144,537.9598163865105,1040.3459708072062,51.647256439337895,178.13779278990663,1.0,0.8152122945816807,0.1413885598221451,139.6540291927938,0,0
3.1454887826080493,4.784369386284756,8.30501882373919,517.8692659603707,1057.7769434831905,54.1883652654755,188.0189691913066,1.0,0.6574510720195853,0.10501882373919,122.22305651680948,0,0
2.8580757526346288,4.7343645705364334,7.964680743914903,537.598975705505,1024.903987781968,75.93397462544341,172.0453613261993,1.0,0.603687297302308,0.2353192560850958,155.096012218032,0,1
3.131460083186544,4.368496461854703,8.115336914809031,514.8379226629417,1004.194671829176,62.72845609019678,206.08352732109444,3.0,0.7168278857069768,0.0846630851909679,175.80532817082394,1,0
3.6696390502600464,4.098111918022902,8.559860597047946,496.641671458141,1060.652289379219,63.96731502287536,187.8406034861062,2.0,0.8954462744724123,0.3598605970479465,119.34771062078109,0,1
3.0177758408277326,4.525069853930301,7.987722711272126,540.9788077444288,1123.401173153329,59.3458458981994,176.04109516084708,1.0,0.6669014927006502,0.212277288727873,56.598826846671045,0,0
3.588497991533952,4.013241930501053,8.003046664251242,501.8136903668714,1040.1174518243845,65.61955616278074,198.7408761744485,1.0,0.8941643820091761,0.1969533357487574,139.8825481756155,0,0
3.2852459526600315,4.114308772990935,8.28973854866979,502.5921298103653,1057.706023310849,62.152092103996026,152.8648620470946,2.0,0.7984928047763656,0.089738548669791,122.29397668915068,0,1
3.025710719380339,4.755648668089759,8.197584414626961,516.9569903065509,1041.175178834193,56.40558295600159,203.50480985131216,2.0,0.6362351237269734,0.002415585373038,138.82482116580695,0,0
2.934004611691921,5.119960233658163,8.003499364803739,508.4199270787613,1031.3391118136603,52.70487263597492,160.64079122388316,1.0,0.5730522264276553,0.1965006351962603,148.66088818633966,0,0
3.211376366204257,3.8444188714729286,8.309676307187516,502.6422332922217,1064.5090715521578,50.88787168158773,198.2084881978281,2.0,0.8353346689661145,0.1096763071875166,115.49092844784218,0,1
3.783949617222823,4.636479780799868,8.331279006673004,493.5818056036176,1035.5141994049588,59.850092134871815,202.7639854133143,2.0,0.8161255511296341,0.1312790066730045,144.48580059504116,0,0
3.11649803127857,3.705469148133575,7.95394088969136,535.5531564259028,1013.9694893078558,60.33342032401031,173.9760565454676,2.0,0.841053563219459,0.2460591103086393,166.03051069214416,0,0
2.7859543304156382,4.445081498648979,8.514158414077368,545.446167032283,1045.539387764803,65.93947399859906,189.93555497500984,3.0,0.6267498876310008,0.3141584140773688,134.460612235197,1,1
2.895779039843434,4.294699666945687,8.351351365041651,507.4881320626206,1004.000893936108,70.61159397495311,200.6087786895664,2.0,0.674268112728961,0.151351365041652,175.9991060638921,0,0
3.514680712942005,4.639909071929004,8.24961885363921,542.7170822691387,1073.6258496603505,57.38305233427022,174.28129365174635,3.0,0.7574891356056933,0.0496188536392114,106.37415033964952,1,0
2.9316877931841274,4.616374123997626,8.071222793931016,526.8348047960718,1071.1713985853953,59.68367578022889,211.2156767914516,1.0,0.6350628683470569,0.1287772060689835,108.82860141460468,0,1
3.789446936318592,4.743286199598768,8.099763112945347,532.0329146501164,1079.5155719555064,72.91852232608787,234.3499621954454,3.0,0.7989075033760836,0.1002368870546526,100.4844280444936,1,0
3.6292475463573775,4.097644897806644,8.041424709068732,531.0764258973953,1009.2577015714916,70.54656935773248,196.80892235191044,3.0,0.8856910825567931,0.1585752909312674,170.74229842850843,1,0
2.876825088242623,4.625956595361158,7.981682424614158,509.9643998605167,1044.801912473992,52.537099747782165,220.5134858903417,1.0,0.6218876092580665,0.218317575385841,135.19808752600807,0,0
3.161059831589632,4.567826603662635,8.234534238531685,506.6974547193448,1115.9331993591602,71.7614054189415,203.8762664327828,3.0,0.6920271072380378,0.0345342385316858,64.0668006408398,1,0
3.674887366272796,4.451958879614708,8.17097555902694,516.7572198543697,1003.3351212612556,58.28440995466745,192.49583883875647,1.0,0.8254540225594768,0.0290244409730586,176.6648787387444,0,1
3.0425227329802023,4.788117908667861,8.338083596690401,517.2722808046246,1029.8474894940052,60.53759076317779,198.38245210677232,3.0,0.6354318733122539,0.1380835966904019,150.15251050599477,1,1
3.207686549847281,4.919650110019848,8.286788529487419,536.619517467074,1043.9906037853932,66.07141031106822,193.11470649272655,2.0,0.6520151794254987,0.0867885294874195,136.0093962146068,0,1
3.5806372371650887,4.557654821643762,8.274400134849419,525.6833376724813,1029.2597158927656,59.559462102548814,203.8856783158629,3.0,0.7856315092962801,0.0744001348494194,150.7402841072344,1,1
3.803240229357562,3.992429663042909,8.212462904031435,521.6978418953806,1030.8143119609038,58.730214835424206,203.4784513677164,3.0,0.9526129573704836,0.0124629040314356,149.18568803909625,1,0
3.4626332625834206,4.848160237876448,8.077211488127412,529.6127898099451,1033.1285070967117,59.10214941176145,222.0088210467635,2.0,0.7142159276868042,0.1227885118725868,146.87149290328853,0,1
3.2587967877308985,4.441624550411699,8.303852818568393,501.42215400477767,1001.6907509849336,69.13630513742085,185.832213996016,3.0,0.7336947889247285,0.1038528185683933,178.30924901506648,1,1
3.049845228797928,4.663829070644849,8.238992211852917,529.9081884512136,1010.284305595244,58.67013760284322,186.00830039412145,1.0,0.653935893006967,0.0389922118529177,169.71569440475605,0,0
2.69375480031801,4.486974629532639,8.179075486179473,524.0168756143272,1026.9381298258238,60.71233061925924,219.56756866019043,1.0,0.6003499065913461,0.0209245138205265,153.0618701741762,0,1
3.0763807703458235,4.011784368531519,8.138004491444606,586.5190175906575,944.3069022568342,62.61353502785341,199.0342403420769,3.0,0.7668360228207061,0.0619955085553929,235.69309774316585,1,1
3.0818982843676723,4.28951267230032,8.172050879853728,498.6952776854395,1009.5863054112592,53.113200814448014,195.28830889344556,1.0,0.7184728240927383,0.0279491201462711,170.4136945887409,0,0
3.4796772363707413,4.760797344401083,8.050934062958676,528.0096945169818,1045.4189790111654,63.58117404408259,145.0835619982605,3.0,0.7309021964003781,0.1490659370413229,134.58102098883455,1,0
3.131439836557636,4.169042086951241,8.391725611018654,507.5436974797949,1028.7016523231266,68.57378626121177,232.52769830914903,1.0,0.7511173479413096,0.1917256110186542,151.2983476768734,0,1
3.210846476873,4.411319718813981,7.942930758459688,522.8098731523327,1014.4796433755348,62.39176133416378,186.2931540587248,2.0,0.7278652831376268,0.2570692415403108,165.5203566244653,0,1
3.752030644996392,4.8146665467666345,8.22371543295038,544.3470723645004,1038.845053272866,59.8316002860151,204.3148984960445,2.0,0.7792919006482047,0.0237154329503805,141.15494672713407,0,1
3.223906887015454,4.76720050565937,8.20894116033083,554.1465431925429,1035.8850234859376,57.05031613073636,186.4950628928663,2.0,0.6762683638986723,0.0089411603308313,144.1149765140624,0,1
2.982224772428337,5.017712367032236,8.2641097770449,507.1827535983963,1064.439498578971,60.02790811750923,213.34998376756135,3.0,0.5943395224142465,0.0641097770449015,115.56050142102868,1,1
2.727167911186358,4.490378597494641,8.127764357987543,515.5449719909632,1051.2005324532804,61.29586998180973,218.3583030468739,2.0,0.6073358518367731,0.0722356420124565,128.7994675467196,0,1
3.020507896013556,4.678560422774236,8.2328298089267,482.00213278587313,1039.2310412468155,55.1442856166664,176.31846599933723,1.0,0.6456062597085976,0.0328298089267011,140.7689587531845,0,0
2.8202516276096183,4.560048423344004,8.374589258346601,550.4806456969383,1010.4122977101532,56.68085422255131,233.00628285281368,3.0,0.6184696663644164,0.174589258346602,169.5877022898469,1,0
2.96735037216138,3.9627859608867735,8.108721699878869,507.6870208828624,1039.07932270894,58.31637951928107,165.43700887726254,2.0,0.7488040991112617,0.0912783001211305,140.92067729105997,0,0
4.329493571043763,4.82492652377692,8.374708267227936,487.9104891225608,984.6715897434476,55.26561439852208,196.14487781435489,1.0,0.8973180314375744,0.1747082672279365,195.32841025655227,0,0
3.091627423140287,4.478691302702424,8.183985356965707,523.0701360908128,1108.6643923183694,63.21038100600738,175.96212323354018,3.0,0.6902970563263681,0.0160146430342926,71.33560768163056,1,0
3.336791847217588,4.511040388917264,8.275301655746215,499.5665596679744,994.2946666669656,65.71288198116973,212.55975457164348,2.0,0.7396945180707609,0.075301655746216,185.70533333303436,0,0
3.989192609491309,4.657676929605016,8.00516226178618,502.857620923664,1047.3332672485192,59.53920498583322,233.28724031318671,3.0,0.8564768808413524,0.1948377382138186,132.66673275148082,1,1
2.803597127677248,4.49198905613469,8.354876986829883,505.9636682952173,1029.960485320633,60.31595111852783,206.28334564660065,3.0,0.6241326708541852,0.1548769868298833,150.0395146793669,1,0
3.3571581144579814,4.036516257232528,8.515255419127561,542.7446428959223,1040.935696703621,66.90692164219132,185.1102356539522,1.0,0.8316969137956556,0.3152554191275616,139.06430329637897,0,0
3.6445059561117343,4.036262910589596,8.057820943801463,550.6491135209209,1048.3182798985306,61.83098836140664,180.2497342810765,3.0,0.9029406745648348,0.1421790561985361,131.6817201014694,1,1
3.335332066445811,4.449094828479127,8.165909690359182,528.9384914625758,1011.5855116570908,67.11332849505519,241.48051303392083,1.0,0.7496653126713173,0.0340903096408169,168.41448834290907,0,0
3.0255037470393358,4.3390550873861855,8.365830527591234,516.6926362425415,1065.9719504458526,54.13497472046136,179.993637105802,3.0,0.6972724903026303,0.1658305275912344,114.0280495541474,1,0
3.417763198130497,4.409468859187863,8.043175950615709,497.6868840119964,1071.3340831752691,63.0301714384945,176.59401254763762,3.0,0.7750963452738582,0.1568240493842907,108.66591682473086,1,0
2.8455904328129544,4.189162535987599,8.32420664454467,512.6817045940915,1036.1664699297585,67.73098071148341,186.2550217002696,1.0,0.6792742959214949,0.124206644544671,143.83353007024175,0,0
3.121923487569491,4.258424912921193,8.034229497652888,526.0339567278858,1063.693562699783,77.202240597442,187.45155074289505,1.0,0.7331169506743276,0.1657705023471116,116.30643730021734,0,0
2.560342053508132,4.228070651220256,8.098704390732964,531.6049311071553,1100.644729461783,70.49187098499003,182.6874512910641,3.0,0.6055580107592662,0.1012956092670354,79.35527053821693,1,0
3.434113548599595,4.323217364788235,8.293963517689306,531.5018913454159,1057.9188696508463,59.66563370186143,179.87893184902762,2.0,0.7943420971093057,0.093963517689307,122.08113034915344,0,0
3.693945047416468,4.417197977634557,8.392371417882739,528.2036661740043,1057.2646591613754,54.0242088790727,193.75343114224412,3.0,0.8362643162664716,0.1923714178827396,122.73534083862457,1,0
3.517303630332762,4.764290770823363,8.327436793073732,528.2377015532635,991.7560447341352,61.26403012623148,200.91968922316485,3.0,0.7382638463492939,0.1274367930737323,188.24395526586488,1,0
3.4513569366979624,4.823643717177375,8.250712416831332,527.0156166500913,1071.2630140387928,69.01591833535683,201.310317285974,3.0,0.7155082627043744,0.0507124168313328,108.7369859612072,1,0
3.1910982086416397,4.900838200464747,8.079621347489779,530.2022473780081,1034.4785077676197,57.70385751013698,156.95929157458954,1.0,0.6511331485475064,0.1203786525102206,145.52149223238052,0,0
2.986755436854105,4.45572529236835,8.208743508369,496.008030245385,1071.6674828465395,61.8812456215375,180.14879973033052,1.0,0.6703185767083584,0.008743508369001,108.33251715346046,0,0
2.640562108926205,4.3235861837812495,8.169737732573815,498.5554107399424,1052.307180401233,58.3750782919694,190.59743705070267,1.0,0.610734236828866,0.0302622674261847,127.69281959876707,0,1
2.850793983150945,4.08635564058037,8.280226379907212,538.1761316742821,1004.7386958735764,62.595439727596485,196.96696434148623,1.0,0.6976372673349643,0.0802263799072129,175.2613041264235,0,0
2.902490326421268,4.5978402530044455,8.205122576330261,522.4840865702936,1036.4132138646885,64.2934907994321,201.64625074410995,3.0,0.6312725466904534,0.0051225763302618,143.5867861353115,1,0
3.367937396097345,4.462357475824389,8.127364240561793,539.6302479489448,1081.1020293363915,67.31767525004663,171.27830918046112,1.0,0.7547439696593109,0.0726357594382065,98.89797066360848,0,0
3.667510211951089,4.526713788984728,8.305503945568663,537.386694983173,1142.3673700770591,57.65103467416065,195.15930891074413,1.0,0.8101926435166695,0.1055039455686639,37.63262992294085,0,0
3.2796679217379374,4.56494141660304,8.163728846781416,509.05933957167485,1016.2816203921986,67.33827006876412,238.32995639559556,1.0,0.7184468806305132,0.0362711532185837,163.71837960780135,0,0
3.152549742633343,4.833654701008598,8.099356946330984,542.7558312199922,996.6073774089106,63.89524858958128,185.2085088026523,3.0,0.6522083055132835,0.1006430536690157,183.39262259108943,1,1
3.922413226813182,4.642013661201723,8.202411523043242,547.5178853172301,1043.7927835631742,56.74877533713476,163.42328269123905,2.0,0.844980974259513,0.0024115230432428,136.20721643682575,0,0
3.406342621328616,4.593548224884707,8.086449389556261,517.3427335485345,1052.9518366046962,64.30024572258763,223.84031021879613,3.0,0.7415493326343737,0.1135506104437382,127.04816339530385,1,1
2.643859651325422,4.237554426917164,8.092557278047968,545.6622921187462,1063.46632909967,63.2391675783522,196.86784421623184,1.0,0.6239116679912304,0.1074427219520313,116.53367090032998,0,0
3.1695418419519936,4.955708381410082,8.377635046678039,512.9264103282345,1077.183857521941,67.44711647995648,185.29413165750236,3.0,0.6395739210971425,0.1776350466780396,102.81614247805896,1,0
3.0225986338089235,4.485523856236286,8.018456979582517,530.2787255057686,1059.4404065929057,58.80033764007182,230.60264453699423,2.0,0.6738563276021163,0.1815430204174823,120.55959340709433,0,0
2.4984875466900167,4.46113874120152,8.436509379156895,537.9649438971643,1020.4555948939604,58.73197061502524,127.896605061742,3.0,0.5600560061167348,0.2365093791568959,159.54440510603968,1,0
3.6507389611153593,4.63050759844278,8.381652006250427,510.3970190138708,1056.4403810627423,55.52651361259532,186.63025192014751,2.0,0.788410100342925,0.1816520062504274,123.55961893725748,0,0
3.275853776573498,4.269657766769809,8.00955291913107,517.8320111624716,1007.5399913497092,51.97367627153505,159.995906337532,1.0,0.7672403632210997,0.19044708086893,172.4600086502909,0,0
3.923069467080503,4.703857677529639,8.234863541835802,509.41629033621626,997.4310361582044,61.540639093116674,232.2869508706692,1.0,0.8340110894483527,0.0348635418358025,182.5689638417955,0,1
3.655111763233165,4.989643981083699,8.251303423521925,516.6293732308,1083.7377970105754,61.72244464745806,184.230393058328,3.0,0.7325395912729575,0.0513034235219258,96.26220298942462,1,1
2.9634601543531973,4.3276287044946695,8.219833371613634,547.3606254807239,1077.5042703450647,53.2921602416392,165.77649000752993,1.0,0.6847768965462713,0.0198333716136343,102.4957296549353,0,0
3.402262236636717,4.519949010684693,8.182194746279155,516.9433601254583,977.4040108655854,66.03761204774332,160.80204030403883,1.0,0.7527213753609606,0.0178052537208444,202.5959891344146,0,1
3.3823014411573684,4.354181489908125,8.140861808287285,521.1596027286904,1083.102758212228,66.51181022837604,222.8372680658378,1.0,0.7767938585518038,0.059138191712714,96.89724178777192,0,1
3.1714178987664785,4.604603805560936,8.084285248346168,532.1381019628002,1049.836976504818,52.77370949087408,242.1260478064276,1.0,0.6887493543413307,0.1157147516538312,130.16302349518196,0,0
2.4685496945203065,4.672907055204774,8.131463347271652,506.4885993373671,1078.1371027886762,59.95614727483144,193.39114689611716,2.0,0.5282685199660712,0.0685366527283477,101.8628972113238,0,1
3.533589506476278,4.6336846389593,8.38674515116624,499.00321270800646,991.0420522789454,65.7556892778925,198.71776280249043,1.0,0.7625873966484078,0.1867451511662405,188.95794772105452,0,0
2.511457427848985,4.738766904767655,8.437100930512079,510.84630891441,1025.1057100035866,64.78490377052759,184.81816040196847,3.0,0.5299812119461366,0.2371009305120797,154.89428999641336,1,0
2.655844191724176,4.084161913322372,7.901728488382297,511.1445960017704,1022.4390900251384,58.37944953837391,218.49051656290015,3.0,0.6502788693099163,0.2982715116177026,157.56090997486172,1,0
3.326993706222934,4.693861298830629,8.205515213680052,511.66953541943536,1038.0801073450602,69.81084431217917,182.3640969645612,2.0,0.7087967653290019,0.0055152136800522,141.91989265493976,0,0
2.79042702757391,4.548346404215886,8.209877032968198,537.4925529284881,1047.9817546723991,53.39370939628572,177.17151112155378,3.0,0.6135036294451858,0.0098770329681983,132.01824532760065,1,0
2.9010677921610246,5.10386454678502,8.239457287085155,487.29913239359394,974.788186160657,59.57726768422502,186.82983667849385,2.0,0.5684061097232749,0.0394572870851561,205.211813839343,0,1
3.262134550907067,4.432386111065825,8.149144747537731,550.1984278005883,1027.5258025168212,68.38760177541846,212.53880693759265,2.0,0.7359770715883475,0.0508552524622683,152.47419748317884,0,1
3.500202023235956,5.04082339559052,8.301588632836992,542.7091028577986,1029.036673177882,63.59026253908696,213.65488347933336,2.0,0.6943710873908814,0.101588632836993,150.963326822118,0,1
3.0803880375325714,4.8457153192599165,8.371920433700604,482.3661838842173,1024.061021641324,60.34639169330807,168.5702876224964,1.0,0.6356931503288031,0.1719204337006044,155.93897835867597,0,0
3.8590006700301234,4.795574481618629,8.322510021376821,524.8261987647329,1035.4038899971415,73.91044554734538,194.6378185315289,3.0,0.80470039283446,0.1225100213768222,144.59611000285827,1,0
2.802075939495456,4.521769022082932,7.852462253563793,497.4379703124724,1118.0037182262545,60.38300090883176,140.82379026003102,1.0,0.6196857745699286,0.3475377464362061,61.99628177374552,0,0
3.697751173688798,4.973520423909491,8.195377878301851,522.2900932483755,1041.2915253076965,53.79101895708797,171.41079375947726,2.0,0.7434876823203335,0.0046221216981479,138.70847469230353,0,0
2.874364988946553,4.222610186537249,8.14201665521458,501.39340576378834,993.675664924855,55.86342595323524,189.5984427578962,3.0,0.6807081073763448,0.0579833447854198,186.32433507514497,1,0
3.9534473711655247,4.705741403112208,8.146987916794714,509.0257606792419,1065.635782462914,71.40624842066012,176.36868792093796,1.0,0.8401327297141156,0.0530120832052851,114.364217537086,0,1
3.785884889680422,5.0759698007406495,8.226598932444434,514.6955599904175,1073.3263673713648,54.23560125025735,198.28820305794903,3.0,0.7458446439894437,0.0265989324444344,106.67363262863525,1,0
3.3506962190434084,4.406131277259546,7.984122552102005,525.34918694103,1066.9769628347178,69.57437355935905,227.9466424559111,3.0,0.7604621849503671,0.2158774478979941,113.02303716528218,1,0
3.548606205840403,4.66001143387859,8.494663806871655,518.5997816873172,1021.3902396574182,60.88334585760055,204.4255865770982,3.0,0.7615016090476303,0.2946638068716556,158.6097603425818,1,0
3.609247113060313,4.211761281697807,8.553313510641859,520.7974083915191,1080.8051077585867,73.74206021853232,234.30029507536213,1.0,0.8569448434523909,0.3533135106418594,99.1948922414133,0,0
3.088843760157659,5.085395941796559,8.28280372950922,541.3361672966985,1063.1613387154275,66.29795507473227,187.8119437383328,2.0,0.6073949393326968,0.0828037295092212,116.83866128457248,0,0
3.2647806638012606,4.409480544046731,8.149956968164894,532.8304241034749,1069.5256774801142,63.25903098803349,192.12363471813967,2.0,0.7404002876186091,0.0500430318351057,110.47432251988585,0,0
2.658215703887701,4.472815123408299,8.352016208603862,523.7415099279337,1059.3838890041102,52.94376704723712,214.2772631339816,2.0,0.5943048460424243,0.1520162086038627,120.6161109958898,0,0
2.698707924585887,4.32327782978602,8.115756001011185,514.5063875932647,1075.988834504363,59.57714871766857,228.45621770916088,2.0,0.6242272715781562,0.0842439989888141,104.011165495637,0,1
3.664025861451167,4.382505305887613,8.410080646322347,550.8608593392352,1048.305052289222,68.4437687043244,210.2164233451545,1.0,0.8360573701286174,0.2100806463223481,131.69494771077802,0,0
3.21583100130475,4.422574051283921,8.516442416747662,534.2448623401723,1056.7947621307203,73.73204966246341,218.6500535645905,3.0,0.7271401141703936,0.3164424167476625,123.2052378692797,1,0
3.6493869587985257,4.63396775287728,8.196402121115563,506.15127116275687,1032.5153867409367,54.21683632144401,194.3988625513931,3.0,0.7875296403918765,0.0035978788844364,147.48461325906328,1,0
3.484494231847668,4.439077534517403,8.32069733102916,529.1808179031187,1031.8278366279023,58.42857231215044,171.834320680019,2.0,0.7849590830455111,0.1206973310291612,148.17216337209766,0,0
3.29284230223038,3.8305265588589497,8.37958146845095,531.0137959040455,1098.7511890651597,56.12254216695767,215.3309429637704,3.0,0.8596317636162354,0.1795814684509515,81.24881093484032,1,0
3.7670006791129103,4.656920538908238,8.144149378455433,531.6413415686936,1028.0119000673612,63.5148039343927,189.0884646045006,1.0,0.8089037909990057,0.0558506215445664,151.98809993263876,0,0
3.691174015236433,5.038546514606301,8.155717855749153,521.2838714789781,1035.0014517055454,66.81596087351866,197.19268204230485,2.0,0.7325870672828878,0.0442821442508467,144.99854829445462,0,1
2.919860580539295,4.059099519903564,8.152272514876993,559.8197465687329,1033.2207946432295,60.47374230168658,158.83926335201946,1.0,0.7193370267229436,0.0477274851230067,146.77920535677026,0,0
2.6644709531275024,4.622576612600208,8.299028055873181,527.3331641571654,1054.7955728961977,61.86329572210648,245.059723483995,1.0,0.5764038491624541,0.0990280558731822,125.20442710380236,0,1
2.817250941012558,5.369882843235237,8.17268002201149,483.1724566042274,998.1699899485,67.35862192032643,216.1502067214892,2.0,0.5246391816605419,0.02731997798851,181.83001005149995,0,0
3.732737545447126,4.39894642391308,8.149215932927273,480.8573977461744,1019.4473294067714,65.53630960673692,228.96721437160176,2.0,0.8485526271261378,0.0507840670727262,160.55267059322864,0,0
3.54356158731588,4.498424020663142,8.503691699842518,493.75546415881695,1037.9818598090371,55.55087933687399,226.7590218738982,1.0,0.7877340086775025,0.3036916998425187,142.01814019096287,0,0
2.604242738103978,4.317622674604635,8.202857665942425,528.9603752980601,1047.2930190290924,56.72237847741541,199.94802604122995,1.0,0.6031658933093968,0.0028576659424253,132.70698097090758,0,0
3.154820094407275,4.8543632976476285,8.144234611554243,537.9624788056796,1005.649503815644,67.4990533233823,149.04837071975535,3.0,0.6498936936356149,0.0557653884457565,174.35049618435607,1,0
3.655655305903564,4.774430719424728,8.40405559672872,546.4895187660424,1057.7703243836188,63.894493878190495,198.9554653959843,2.0,0.7656735472702306,0.2040555967287201,122.2296756163812,0,1
2.8707581559022533,4.249881554712898,8.140828527361927,517.6033866636704,1024.462759539667,66.18601162934424,182.639290420335,2.0,0.6754913327039056,0.0591714726380718,155.53724046033267,0,1
3.208553983063461,4.582529632943937,8.26396028098812,517.6832189735196,1048.017264672878,53.13226192952986,228.60413765103337,3.0,0.7001709185461461,0.0639602809881214,131.9827353271221,1,1
3.611459162802357,4.28813181568998,8.20799682416946,531.1196397243184,1078.792619628226,68.19995680608967,213.28768675184213,3.0,0.8421987283007665,0.0079968241694601,101.20738037177398,1,1
3.5136553061420663,4.29571676079344,8.221942493689102,518.1464408899712,1050.90235864606,59.63549390411694,205.68251982612816,3.0,0.8179438964395624,0.021942493689103,129.0976413539399,1,1
2.724164564471127,4.277254561538521,7.842976865939732,529.3269714714,1062.942085186647,65.67534006867649,175.39909449006916,1.0,0.6368955891309762,0.3570231340602676,117.05791481335292,0,0
3.488743945069739,4.36441843371737,8.266203532345497,507.4307654761964,1009.4830056942576,62.47815535593531,177.36546346604018,3.0,0.7993605556511362,0.0662035323454972,170.5169943057423,1,1
3.298363462604092,4.30461363500859,8.326513862412336,524.5547803315984,995.0752227913506,68.4055307991913,160.96767435121063,2.0,0.7662391428147931,0.1265138624123363,184.9247772086494,0,0
3.5413802833484107,4.525606963684309,8.326792360826177,515.9229558763434,1073.265251587637,65.3065028917404,174.11899132116218,3.0,0.7825205129353174,0.1267923608261778,106.73474841236292,1,1
2.968723574109032,4.984119381655542,8.500195315695658,547.3209405726642,1093.4963818910328,60.62124622494977,196.37969176997157,3.0,0.5956365299836166,0.3001953156956585,86.5036181089672,1,0
3.573853421886828,4.291137977618195,8.071739621466461,532.5764119326158,1088.8637920044123,59.01430887742223,179.1567834929955,3.0,0.8328451426392159,0.1282603785335379,91.13620799558772,1,0
3.3876544452425046,4.265038556906091,8.058891152660872,555.7909569086456,1011.7183318039556,63.02867504025362,204.55428694548016,2.0,0.7942846000683437,0.1411088473391277,168.28166819604428,0,1
3.8154891900527943,4.639339019847557,8.320875168075887,529.3196175098662,1025.4589299391812,60.0969352606357,213.86605771227696,2.0,0.8224208605810718,0.1208751680758872,154.5410700608188,0,1
3.1485647236314502,4.349993915420604,8.095486122878606,510.9230993889078,980.4022325709614,72.43351806552522,206.33310846831057,3.0,0.7238089947082614,0.1045138771213931,199.59776742903864,1,0
2.9068712842248687,4.246877211067629,8.416256931747151,509.39404107127416,1017.5067155402186,56.84006598658852,241.12664732086267,1.0,0.6844726463870693,0.2162569317471518,162.49328445978142,0,1
2.705929414721674,4.566333334395989,8.305916397975631,510.4587162490828,1040.448682405021,63.44521867927226,192.28150579864484,1.0,0.592582541827735,0.1059163979756316,139.55131759497908,0,1
3.716708685347016,4.485674755625161,8.298846703359622,537.3066052494252,1057.4283978049032,58.26348894714729,225.38452659390563,1.0,0.8285729320561164,0.0988467033596229,122.57160219509684,0,0
2.3226455214895463,4.380360994519141,8.234466247447797,525.5213683330588,1046.628910120286,70.51955219034845,226.61070427456303,1.0,0.5302406636954077,0.0344662474477974,133.37108987971396,0,0
2.560548280162345,4.773942384571956,8.181109654515055,516.7439943781616,1075.4148506253373,67.88002357965252,166.66621347474867,1.0,0.5363592757007207,0.0188903454849445,104.5851493746627,0,0
3.225250490225057,4.387119752158378,8.310392777599256,539.3679002980494,1074.0642470172504,53.154671435091394,207.872603499164,2.0,0.7351635404762162,0.110392777599257,105.9357529827496,0,0
2.969751876922449,4.835574628730699,8.324962834768577,536.8148307796209,1044.168170501227,63.70159188202613,235.15009448169687,2.0,0.6141466328869045,0.1249628347685778,135.831829498773,0,1
2.64520273868164,4.594884115304407,8.282117411495893,529.5855430457923,1066.9697103628373,63.6832654896077,188.07394617055095,1.0,0.5756843201541141,0.0821174114958935,113.0302896371627,0,1
3.433965787117552,4.059800825927035,8.185341112968551,511.141533803786,1045.921387987339,60.60444608447899,176.2120911350418,2.0,0.8458458760689516,0.0146588870314481,134.0786120126611,0,0
3.452159969232692,4.613807244962355,7.945526924693845,496.0730076145816,1078.981643981145,63.73009204324662,206.93631954916097,1.0,0.7482237087935899,0.2544730753061541,101.018356018855,0,0
3.292066546199002,4.367230605788856,8.14350802899624,538.8192636142845,1085.4149162761992,66.09659215563076,202.7013827725286,3.0,0.7538110172340082,0.0564919710037585,94.58508372380084,1,0
3.598734488775458,4.11903888733341,8.166952396224643,527.3950798079345,1053.013489183321,65.11320672131686,253.41478751176956,1.0,0.8736830572220039,0.0330476037753566,126.98651081667867,0,1
3.316130407743951,4.499155791457865,8.295626870937946,540.2688047161979,1057.5296149268822,53.21221105399456,223.53531756950008,2.0,0.7370561413549911,0.0956268709379468,122.47038507311775,0,0
2.36258308512561,4.352570208514372,8.461938731477723,492.5917261509162,1057.7720313762536,50.78174786707983,211.82829634147345,3.0,0.5428018323429203,0.2619387314777235,122.2279686237464,1,0
3.06552549672796,5.160132869837696,8.000369327536733,526.95621653764,1036.2527996059384,44.23889212459996,177.85734891948886,1.0,0.59407879088786,0.1996306724632663,143.74720039406157,0,0
3.292167982481205,4.381005616395759,8.130525602937723,495.2499738678912,1084.32473994946,60.91272093825848,160.18550634370104,3.0,0.7514639947981162,0.0694743970622759,95.67526005054016,1,0
3.442737799704138,4.56849259763291,8.10937980045815,522.7408383952175,991.984286056826,58.36968874998083,228.0667699398757,1.0,0.7535828778040164,0.0906201995418491,188.015713943174,0,1
3.324500482976029,4.248099953261814,8.072398849609124,517.139983427367,1051.535765129332,63.15767730333722,208.0572233872241,1.0,0.7825852778348108,0.1276011503908751,128.46423487066795,0,0
3.4360119834081027,4.4533750147585005,8.277015702730202,535.2882934323907,1062.896546380346,59.12480802922648,196.2130789432373,2.0,0.7715523555167921,0.0770157027302023,117.10345361965392,0,0
2.9804049161837027,4.66726913238773,8.29997895771486,534.3368011003997,1043.5797735667215,60.90168470909276,198.4305154598817,3.0,0.6385757561875118,0.0999789577148604,136.42022643327846,1,1
3.201144136656949,5.254960771493239,8.19190839147147,513.3267212687111,1029.48998266917,62.33234601740748,212.72093777247548,3.0,0.6091661337251338,0.0080916085285291,150.51001733083012,1,1
3.436985838733865,4.5750801240975045,8.307088191938695,518.6728830304946,1080.7554183404109,50.69457674032884,182.7429308213056,3.0,0.7512405782533953,0.1070881919386952,99.24458165958912,1,0
4.108232988939546,4.040633808442965,8.611821643317747,511.4859102521564,1002.1194861540126,67.21584837866253,141.74765370273894,1.0,1.016729845535273,0.4118216433177473,177.88051384598737,0,1
2.827149942268469,4.960951568202123,8.29066176116384,485.39411984452863,1068.1136573801036,61.70791342766483,182.15300514344204,3.0,0.5698805769077813,0.0906617611638402,111.88634261989635,1,1
3.4561077530966555,4.7790398560799865,7.91493167918849,520.3782345590419,1032.7792959874462,55.164886468947365,195.12706610418263,1.0,0.7231803576562661,0.2850683208115097,147.22070401255382,0,0
2.751882176716263,3.668212419323347,8.270347873337219,479.6024680563125,1001.5772782496484,61.05668329945425,172.4540207311957,2.0,0.7501970609634676,0.0703478733372193,178.42272175035146,0,0
2.967821761624167,4.040035736039506,8.275416200641557,503.5105842900738,1051.719657092692,55.7403509995684,197.31163614412637,2.0,0.7346028487854304,0.0754162006415573,128.28034290730807,0,1
3.603652031741275,4.363278483012292,8.079422751087037,524.8480601595244,1004.7130375938958,65.56524431251374,247.98191773429767,1.0,0.8259046597519726,0.1205772489129621,175.28696240610418,0,0
3.333100839994442,4.218247399190602,8.238361832973629,522.3023803588846,1010.5443574787816,65.16228208348905,196.40423988517,2.0,0.7901624830833381,0.0383618329736297,169.45564252121846,0,0
3.121591702926215,4.473021234160621,8.295119724813564,535.6445950699857,1037.8380258674215,62.15090856611785,164.15858805490143,3.0,0.6978709777607668,0.0951197248135642,142.16197413257828,1,1
4.093039585835911,4.336316129704184,8.212484706370043,518.5034648294105,1079.0587507704777,62.02122221753193,202.02495090776128,1.0,0.9438978760921736,0.0124847063700439,100.94124922952231,0,1
2.975044724193643,4.783969777887291,8.393109212771746,540.8367591208739,1075.8948443099634,68.78008454390998,202.72615698386184,3.0,0.6218778256758996,0.1931092127717466,104.10515569003655,1,0
3.3783993959564382,4.820287645551452,8.251461831824304,529.2176125826273,1055.4959975434915,67.28789916347847,196.94029409545948,1.0,0.7008709113808644,0.0514618318243051,124.50400245650847,0,0
3.4921452756784297,4.138418501634527,8.200544699004071,525.3968489749087,1064.3192458340448,53.251500308090165,167.432862088007,2.0,0.8438357003902146,0.000544699004072,115.68075416595524,0,0
2.5455538481256474,5.109022874380749,7.987759518500621,492.48864096207626,1065.871287294504,59.1332955207789,214.02756573255647,3.0,0.4982467117914285,0.2122404814993785,114.1287127054959,1,0
3.119087602154476,4.935261566278135,7.985171957408907,550.4749849748877,1008.7900756085204,66.32562267623827,249.9458201339118,2.0,0.6320004643390553,0.2148280425910922,171.2099243914795,0,1
2.7195604594398683,3.637734705923561,8.032812076976773,498.3355239342562,1101.9633645443666,68.4056478574575,226.06034646004656,2.0,0.7475972489868031,0.167187923023226,78.03663545563336,0,0
2.271230952291174,4.229244958542941,8.304249195553258,524.9308192612415,1025.7897510999164,74.94134863155304,222.4498899981867,3.0,0.5370298892634086,0.1042491955532582,154.21024890008357,1,0
3.348647842672548,4.156811687201106,8.137404602386981,555.5932239458768,996.4541832440692,66.73845889193346,166.13642260141998,2.0,0.8055808378756995,0.062595397613018,183.5458167559308,0,1
3.4037894422150523,4.208858642086361,8.043841288770556,483.18716866604746,990.0958298252708,52.58479115442982,186.1662142965401,2.0,0.8087203042103237,0.1561587112294429,189.9041701747293,0,1
2.9579744794071643,3.747802047250316,8.182972358522143,512.0519012363264,974.0342131338758,61.08033363444858,177.00215099145507,3.0,0.789255793482506,0.0170276414778562,205.96578686612415,1,0
2.800198969019089,4.550983431074172,8.188633721940114,474.8624672307493,1015.784519897072,67.30334601495153,194.90528078719197,3.0,0.6152953555673263,0.0113662780598851,164.21548010292804,1,0
3.81366925175189,4.263199865748851,8.083393586528283,533.046806936803,1033.4377709894648,52.8825414812442,215.94134603033672,1.0,0.8945555852299798,0.1166064134717164,146.56222901053525,0,1
3.984139736005466,4.664279247240302,8.242692170092903,518.29009537979,1028.9724724375235,64.64959481282874,214.10620633366696,3.0,0.8541812194260383,0.0426921700929039,151.0275275624765,1,0
3.4456563891344727,5.209300307268054,8.445692324778662,509.7685985360409,1032.5889368797352,59.22735046579727,200.87945552596116,1.0,0.661443223702351,0.2456923247786626,147.41106312026477,0,0
3.2248202861544324,4.998938369542112,8.049505936518655,504.89137013663424,1015.8862173387984,65.62113119203917,174.63207968856062,3.0,0.6451010288820015,0.1504940634813447,164.11378266120153,1,0
2.957485261126598,4.308500600205228,8.263147968076886,513.5538290639922,1057.4703661596675,67.33795956448786,216.8464645791228,3.0,0.686430276996896,0.0631479680768869,122.52963384033252,1,1
3.31598982127801,4.485909246200597,8.020154385609823,530.5088549146845,1065.8059878889037,56.95338514608407,209.7992023168691,3.0,0.7392012719266071,0.1798456143901763,114.19401211109653,1,0
3.1766229154309205,4.706953600324243,8.407384644392522,504.99528898314736,1058.9303423871083,72.2156487468886,127.81020241792424,2.0,0.674878739942798,0.2073846443925227,121.06965761289166,0,0
3.4799082567257247,5.055201387081786,8.027808614529315,515.6935785035315,972.8540687773382,52.15718242837598,206.06021424195004,1.0,0.6883817259842517,0.1721913854706844,207.14593122266183,0,0
3.700947036287268,4.522769110770325,7.922140955717857,522.3695564782107,1052.4412942702318,66.02207921765633,170.56801180739822,3.0,0.8182922773253452,0.2778590442821427,127.55870572976823,1,1
3.3263361120463246,4.15420184221366,8.25318501595396,513.3032302371754,1034.569474547981,69.72485760058181,191.35156243105013,3.0,0.8007160551142347,0.0531850159539608,145.43052545201908,1,0
3.2247628101479373,4.698939426953661,8.056120448682528,523.4519549475631,1027.2426431473832,64.16578419305111,175.19847220220169,1.0,0.6862746071941361,0.1438795513174717,152.7573568526168,0,0
2.6043868334638223,4.121651135709146,8.517488059781718,499.3057128673093,1086.0417896836702,58.54269952540327,201.5288779090613,2.0,0.6318794936980633,0.3174880597817182,93.95821031632975,0,1
3.3704658877544698,4.12992430789196,8.015219484817761,504.3516071099358,1062.569485811252,61.74818841603002,205.23956922364025,3.0,0.8161083922283192,0.1847805151822381,117.43051418874802,1,0
3.4589095954407605,4.80553240194106,7.968369450033416,517.3084728045802,995.3232467086136,55.73801653507629,206.21070709984488,1.0,0.7197765628057892,0.2316305499665834,184.67675329138623,0,1
3.621208368205583,4.876481161130197,8.22809304444456,492.1188129927759,1082.8922215371513,58.86020061425086,201.81592918120745,3.0,0.7425863543423856,0.0280930444445601,97.10777846284871,1,0
2.494345164336732,4.99302995234019,7.863776581042178,512.1287269023095,1012.0949342140794,61.934228695872285,202.8208036740209,3.0,0.4995654317411191,0.3362234189578217,167.90506578592056,1,1
3.336674866417656,4.969050424020159,7.971365078764801,512.2743744737958,1029.3569642875038,63.73609672609647,186.63893041819324,2.0,0.6714914482688349,0.2286349212351979,150.64303571249616,0,0
2.9282951892997966,4.709713569206381,8.048303553169264,531.679878800872,1039.8129639551266,61.97436284322771,201.4387592938188,2.0,0.6217565347973969,0.1516964468307353,140.18703604487337,0,0
3.4912786445614867,4.354902378819162,8.038774141032693,539.1728806649296,992.6761413179293,65.2072020079597,214.5317880425884,1.0,0.8016893009451254,0.1612258589673061,187.3238586820709,0,0
3.2840501936703843,4.077394436379147,8.09731318720135,540.622526252112,1033.6854979417085,63.35437700373351,198.33284115817315,3.0,0.805428624605005,0.10268681279865,146.3145020582915,1,1
2.9443526534180307,4.4652270024535134,8.098199816970928,524.4175072864838,1006.3352485927444,60.66298202440652,198.54622728429104,2.0,0.6593959615358408,0.1018001830290717,173.66475140725572,0,0
3.871521010928287,4.411318999977879,8.061910342461564,495.6620301085396,1034.3502102550815,67.77717491323166,176.44994375048964,3.0,0.8776334266621997,0.1380896575384351,145.6497897449185,1,0
3.0465893223252816,4.442254188930023,8.330569973975884,499.482856514533,1066.2455553418615,61.97282173690012,210.6430562477613,1.0,0.6858205748854892,0.1305699739758843,113.75444465813848,0,1
2.9513597946647305,4.47726377601119,8.18228865965034,526.8638218113457,1105.172033596811,56.02099788965165,221.80212411928687,1.0,0.6591882769602909,0.0177113403496598,74.82796640318907,0,0
3.02865841057995,4.37108887639015,8.201724444300648,532.8344519337766,1099.3346244086238,63.401213566729474,217.39377029383363,1.0,0.6928841978587893,0.0017244443006489,80.66537559137623,0,0
2.452435511497355,4.590074259798298,8.191966731670888,497.5676159331544,1013.3330951125135,52.90207137528841,192.7785036331708,2.0,0.5342910315073708,0.0080332683291111,166.66690488748634,0,1
2.5607259087908902,4.185993057956424,8.18597308358155,545.3415411425038,1115.1972957246862,55.59567757817288,222.0938343748262,1.0,0.6117367785194762,0.0140269164184498,64.80270427531377,0,0
3.6794090819394647,4.636998467833617,8.215619306761655,541.2656758760512,1017.2905874700896,68.56341245042151,199.7688240133133,2.0,0.7934893890238822,0.0156193067616552,162.70941252991042,0,0
3.217952915575038,4.097647889868638,8.277304537343458,546.5187176072255,1002.4254555470388,74.93535655840391,163.5597769338316,2.0,0.785317089529838,0.0773045373434584,177.57454445296116,0,1
3.4012694277232822,4.6055162011914375,8.365458358949898,523.979370493381,1038.401426718424,67.1913758678305,218.5503971044886,2.0,0.7385207821231549,0.1654583589498983,141.5985732815759,0,0
3.294158635293312,4.381335241085038,8.349712139665453,498.85178096112713,1029.1499464089452,66.79016875723829,175.69962604005082,2.0,0.7518618077090241,0.1497121396654535,150.8500535910548,0,0
3.317174492851814,4.627613943930935,8.580897103537016,530.9489374526439,1020.6886779007524,64.03690931783837,182.8041089148106,1.0,0.7168217859844229,0.3808971035370163,159.3113220992476,0,1
3.184100563031309,4.973776366755907,8.079183894660867,518.0418533157036,1021.5499207200252,55.62489435621488,197.5039916748379,2.0,0.640177669360701,0.1208161053391325,158.45007927997483,0,1
2.948641272017919,3.8655253002508574,8.097295989517736,519.7393596379887,1078.297909105167,69.54596962927452,206.98492970303707,1.0,0.7628048045795376,0.1027040104822631,101.70209089483296,0,0
3.442925108449255,4.41866168487697,8.316717280400479,543.6115312263,1041.660241361608,62.836283531849055,215.05088085077003,2.0,0.7791782564964439,0.1167172804004792,138.33975863839214,0,0
3.274701932739493,4.608548908763311,8.065306231469012,510.0083584750595,1018.6699051035464,57.9732999130858,160.24656515993948,3.0,0.7105711573988,0.1346937685309868,161.3300948964536,1,1
2.756932055913567,4.395354106201712,8.204559097316407,525.4848336517873,997.7714254083004,71.44364736470888,208.2005062514021,2.0,0.6272377580219035,0.0045590973164078,182.2285745916995,0,0
3.448197954432781,4.526888629366341,8.54418742729747,512.9230597527571,1012.5422078988304,74.40889342207346,164.17445098033488,3.0,0.7617147749786223,0.3441874272974701,167.4577921011695,1,0
3.8258615462282033,4.545221955998399,8.46661176579129,509.5772333771144,1030.3300229710096,51.30162505465001,201.07410834858405,1.0,0.8417326111736793,0.266611765791291,149.6699770289904,0,1
3.343032916285144,4.959383416936699,8.065229251540798,508.1176001658853,1043.3917444137246,67.70639074005913,197.0086421957042,3.0,0.6740823676173799,0.1347707484592017,136.6082555862754,1,0
2.9554140026783715,4.04948340944726,8.002930781347319,505.922727863765,1055.0536511693142,63.63885303081046,151.05529773795968,1.0,0.7298249438567154,0.1970692186526808,124.9463488306858,0,0
3.297701127523528,3.9693204958569286,7.892779059785817,499.55126624709726,1045.6395552030117,65.5887963883442,246.1678470373166,1.0,0.830797394701381,0.3072209402141821,134.3604447969883,0,0
3.5071465874988106,4.589932436942256,8.20400392869794,556.3239184145921,1061.7986661614818,71.65182176851008,153.90793790818847,3.0,0.7640954708847791,0.0040039286979407,118.20133383851817,1,1
2.7698885622378704,4.900658516084717,8.13716025464597,520.220852192619,1038.9446204769852,65.46449223465753,201.32285163854277,3.0,0.5652074211213578,0.0628397453540294,141.05537952301484,1,0
3.001372450300823,4.85882086668108,8.185600588540117,527.8453174994492,1052.4324237721648,62.533108958023554,191.4461993051615,2.0,0.617716217995346,0.0143994114598822,127.56757622783516,0,0
3.211987940081585,4.353409887189368,8.154979127544077,508.7998640354933,1013.7617737656084,57.59281037667154,192.36059895605183,1.0,0.7378096762254305,0.0450208724559217,166.23822623439173,0,0
3.0721739379835022,4.134500911191595,8.146863818097371,502.5464801128172,1065.0886570811672,62.96820052744409,158.39506172233433,1.0,0.7430579901251055,0.0531361819026283,114.91134291883282,0,0
3.272444331598081,4.629940488069546,8.131585732429334,506.7250861750232,1057.0454201130783,65.63404516959278,209.68867360914828,3.0,0.706800517052807,0.0684142675706649,122.95457988692168,1,1
3.763377125137029,4.6741302433978165,8.208210014736142,505.97801027293735,1079.707791576113,51.6631884081437,249.92922295069133,2.0,0.8051502479306453,0.008210014736143,100.2922084238869,0,0
2.607316164220736,4.075361012647996,8.37785093740364,522.4553840693346,1083.722444932377,59.288840472038,195.81327656501327,1.0,0.6397755083510593,0.1778509374036403,96.27755506762333,0,0
2.651021232372262,4.281477079208949,7.839163160051583,516.9119027499836,1125.9625003222045,63.11769289643486,203.9146002801693,2.0,0.6191837963179949,0.3608368399484165,54.03749967779572,0,1
3.035106915141708,4.600615484076197,8.147915952636628,551.9046151983058,1095.7558224379895,60.37256185569908,196.32339508603695,2.0,0.6597175801775226,0.0520840473633708,84.24417756201046,0,1
3.2965672385264684,4.503739807971673,8.040389135614058,505.5827087690705,1056.681611592108,71.92264808401121,218.26222461617536,2.0,0.7319621866164522,0.1596108643859413,123.31838840789192,0,0
2.692786919015567,4.872997134429145,8.277116513717791,528.8709596760465,1090.431561444512,54.90867791891535,219.29322022891432,1.0,0.5525935772540577,0.077116513717792,89.568438555488,0,0
3.924160855266201,4.58923230999376,8.135540421312916,482.3958455218215,1100.4521357925494,51.91697020963136,168.25959593678914,2.0,0.8550800197814471,0.0644595786870834,79.54786420745063,0,0
3.557019009534524,4.090854609869945,8.37262438493931,511.4553827600339,1027.0603810718126,74.07256166580217,176.07556601018803,2.0,0.8695051151617686,0.1726243849393114,152.93961892818743,0,0
2.6771367536137536,4.59908970980858,8.34982283857103,566.1630667359416,1012.4181074393188,62.27352731686772,180.12341918613708,3.0,0.5821014422315058,0.1498228385710298,167.58189256068124,1,0
3.2227374926687204,4.062771510487507,8.070891846602425,497.1938914863451,994.69893315052,57.94360542275176,200.44955583573488,3.0,0.7932362141352064,0.1291081533975742,185.3010668494801,1,1
3.3627251787222234,4.632020369829252,8.241857045319716,534.2689762537922,1042.8116333509238,68.96647834369813,219.3484053656024,2.0,0.7259737456897688,0.0418570453197162,137.18836664907622,0,0
2.8566129160370517,4.409503258177689,8.370165168722327,527.1824154254165,1010.4186574174108,60.98999009255571,143.90347619794423,2.0,0.6478310022997397,0.1701651687223275,169.5813425825893,0,0
2.5251297771637486,5.176506656204396,8.150927924729624,512.6883864277814,1104.005041519859,62.370343847768034,207.78884182129332,1.0,0.4878057625308764,0.0490720752703754,75.99495848014067,0,0
2.878452427790495,4.623895896792399,8.195970874422349,493.3037656147009,978.3202994592864,63.02534431241664,232.18026491465636,2.0,0.6225167026716072,0.0040291255776505,201.6797005407136,0,1
3.5916224221158477,4.863974986654115,8.102007694031592,514.1150496563723,1027.9266263265808,68.8913905730341,190.44611523343087,1.0,0.738413012244555,0.0979923059684075,152.07337367341916,0,1
2.696746198590229,4.443266753651124,8.164211040629151,506.2696383500001,1082.0104167456525,63.62510919366572,196.23996745329916,2.0,0.6069287187782115,0.0357889593708478,97.98958325434774,0,1
3.728119026048686,4.35036729668042,8.246200534751576,501.8411694726207,1049.291039822405,68.90699134144978,219.6168951761977,3.0,0.8569664975268843,0.046200534751577,130.70896017759492,1,0
2.8160424119418,4.668806141326924,8.28813928582297,482.84743812023214,1070.9673803001865,67.37257272810359,214.82112578842816,1.0,0.6031611350087647,0.0881392858229705,109.03261969981372,0,0
2.1639999923993463,4.325120763870686,8.31273163955736,517.4642077092417,1011.7008188508908,56.80521147153032,190.35690921369115,2.0,0.5003328485011785,0.1127316395573601,168.29918114910924,0,1
3.675780262131216,4.581702353047211,8.18805070549219,507.3155517576965,998.515765328082,64.52083385350554,206.9686436880806,2.0,0.8022739100204194,0.0119492945078096,181.4842346719181,0,0
3.0075677650856045,4.25933044235109,8.075846689116505,500.4694830188787,1065.2218211209256,58.63613516036117,128.554834764131,1.0,0.7061128046030063,0.1241533108834946,114.7781788790744,0,1
3.1065929606618736,5.040984437012527,8.142204406477514,494.69941846112425,1060.8492836132125,67.05673340537021,206.50457355479904,3.0,0.616267119818106,0.0577955935224849,119.15071638678752,1,0
3.31489592358754,4.517408176539679,8.379040348242063,506.392376744449,1068.5241398549997,61.79920143973109,198.4057903862244,2.0,0.733804826419944,0.1790403482420632,111.47586014500052,0,1
2.667839386433636,4.275226578825321,8.413703013567623,531.2616405431617,1040.987139853101,62.523235304370445,233.4928087610336,1.0,0.624022922907314,0.2137030135676241,139.0128601468989,0,0
2.760385027954167,4.3584908855923175,8.179042441650274,524.5153736278924,1100.4258751028522,54.36307874478246,234.17478654817376,1.0,0.6333350464138223,0.0209575583497247,79.57412489714784,0,0
3.041050204286122,4.794992311093648,8.24064295810136,522.7697315576777,1050.8266492005723,60.39252590629607,194.30053214526973,2.0,0.6342137810348858,0.04064295810136,129.17335079942745,0,0
3.606106633815737,4.558089866897809,8.213746800504445,506.1847604051383,1069.4186533261086,54.08389416858417,227.6128463541393,2.0,0.7911442596191886,0.0137468005044461,110.5813466738914,0,1
3.3137290626019755,4.240662767989093,8.208679011910085,550.2472885182474,1059.3774827282734,56.917725913426594,181.4828623159159,3.0,0.7814177271615295,0.0086790119100861,120.62251727172657,1,1
3.306576057226285,4.8731020253760144,7.85664221678372,508.9701605167244,980.5895507320264,60.66833539789351,198.21833284335352,2.0,0.6785361848221533,0.3433577832162795,199.4104492679735,0,0
3.59318001915839,4.524192831356938,8.019160818109901,526.1327917827706,1060.4877356190873,67.26702142705116,226.2168324646748,3.0,0.7942146040858464,0.1808391818900983,119.51226438091273,1,0
3.5224477512386683,4.584415012686539,8.30752269904539,538.2613249733546,1066.7837262636283,53.49461889338765,202.832112468681,1.0,0.7683527212790681,0.1075226990453899,113.2162737363717,0,1
2.864399915121666,4.269238673352029,8.2275658463782,515.7860986106606,1075.9885134809072,54.185172334252464,212.5641382467228,2.0,0.6709392783143977,0.0275658463782004,104.01148651909284,0,0
2.889902413953214,4.408131430945876,8.35166510273002,483.2094490752333,1022.72168605457,67.6188629203255,198.29281382720265,2.0,0.6555844485511467,0.1516651027300213,157.27831394543,0,0
3.408849102289996,4.465313950685259,8.179935937304371,528.1428689261481,1076.5992273994195,64.1345653649992,183.89163855820837,3.0,0.7634063672059294,0.0200640626956278,103.40077260058048,1,1
3.1416050450624966,4.213015227823952,8.0179078227737,524.1331875385177,1004.4722848987038,68.10154755388336,193.528560489658,2.0,0.7456904080404818,0.1820921772262984,175.52771510129617,0,1
3.1543840616315277,3.7836851840293857,8.180070434498523,492.21944147290736,1055.7029193792418,65.63258820350171,186.56625309639145,3.0,0.8336803691047644,0.0199295655014761,124.29708062075817,1,0
2.3879752467189608,4.9221942570634365,8.349995526873444,525.7344643590227,1026.268559585097,65.28485066345404,187.1789161357293,2.0,0.4851444541846412,0.1499955268734449,153.7314404149031,0,1
3.1940182122136496,4.075924084657419,8.240226071064281,518.002437496186,1004.8249384438328,60.89401442713921,227.4072979048481,2.0,0.7836304467624734,0.0402260710642821,175.17506155616718,0,0
3.512512045094307,4.264451829255336,7.952650719361081,526.4468409006154,1012.5812268320389,57.12671505657306,179.85858599591722,2.0,0.8236725808869071,0.2473492806389181,167.41877316796115,0,1
3.0537948451424253,4.325932872533028,8.053954743391643,494.9237921124261,1079.9084690053655,68.73192539133133,170.6356550791393,3.0,0.7059274691538068,0.1460452566083567,100.09153099463448,1,0
3.113363102182161,5.014996036686519,8.101136090532775,533.9631726999177,1078.8477462874755,64.66512212978459,240.2476095275813,2.0,0.6208106803646439,0.0988639094672247,101.1522537125245,0,0
3.813519412671977,4.392827474743751,7.980591565643707,509.60873166395066,1025.5949820264898,66.98947091491836,195.4379149914573,1.0,0.8681241031498304,0.2194084343562918,154.4050179735102,0,0
2.937750108792672,4.593778056867254,8.135159078486993,501.56282386122473,1039.2778971853838,73.20497469841665,224.61836216649544,3.0,0.6395063217652652,0.0648409215130065,140.72210281461616,1,0
3.913037698983422,4.724254286983866,8.334123819948141,533.8159511014335,1002.3290732087684,61.39091713237978,230.31391567300025,2.0,0.8282868491935812,0.134123819948142,177.67092679123152,0,1
2.5597516397111577,4.9148413184843385,8.046496805162388,535.473770800791,1078.7092300688155,65.7291204125003,202.31230141142996,3.0,0.520820810544444,0.1535031948376115,101.29076993118451,1,1
3.3848963475786937,4.293711108018047,8.322818264365477,522.4584832157398,1077.2804625503888,65.1034017555095,218.75902060096345,2.0,0.788338167528184,0.1228182643654776,102.71953744961117,0,0
2.5203560594517693,4.6779912434155975,8.27252103729849,531.4483501508886,999.6981890565296,66.53475707068102,187.75010387545484,1.0,0.5387688706045509,0.0725210372984914,180.3018109434705,0,1
3.440738376668208,4.280233460012108,8.124647944511684,509.9328391495349,986.1916737050602,67.58935269808966,174.10707521040953,1.0,0.8038669871653701,0.0753520554883149,193.80832629493975,0,1
2.8228828549373803,3.9730841963338417,8.250061936682076,510.9309590991223,1102.1063627433507,55.4053838749131,204.54626542576676,3.0,0.7105016442469783,0.0500619366820771,77.8936372566493,1,1
2.720657266908189,4.456080184955694,8.131855372198991,542.6801451241453,1069.808444484257,62.94086015867373,242.70141204539703,1.0,0.6105494410722079,0.0681446278010078,110.19155551574296,0,0
2.954718685799453,4.276971664391543,8.286673942252353,476.9465020778612,1051.644702475777,59.29017370108878,160.5151977272384,2.0,0.6908436428766843,0.0866739422523537,128.35529752422303,0,0
2.9352677268188825,5.0130010915096825,8.526006798700898,481.9789963627016,1025.415429270149,58.7879878601514,212.65462430577415,2.0,0.5855310367286167,0.3260067987008987,154.58457072985107,0,1
3.168386262719803,4.959338097879514,8.500317798293937,514.3347161902619,1027.0542010875397,68.1897822242223,188.8398725382349,1.0,0.6388728091427465,0.3003177982939373,152.9457989124603,0,0
3.499528285096806,4.836961923586396,7.865613274057261,509.5238840500348,1045.475866764622,67.49804041479962,158.91984847408037,2.0,0.7234971743954852,0.3343867259427382,134.52413323537803,0,0
3.6874995332303953,4.540872016262315,8.146854320820939,540.9050849231404,1085.2634426257684,58.979531551383694,196.4618354003605,2.0,0.8120685892956708,0.0531456791790603,94.73655737423157,0,0
3.975323413943462,4.491018524329951,8.121421236084135,511.9362751144165,1022.7024498565252,62.13136447693716,187.3440252231869,2.0,0.8851719028817409,0.0785787639158641,157.29755014347472,0,0
3.126605255300124,4.600684163700349,8.295113447941237,523.9959026567618,1079.724961816003,70.51632245834547,182.25325140715336,2.0,0.6795957173695198,0.0951134479412374,100.27503818399668,0,0
3.102223931358381,4.491064710728447,8.349347222659095,535.3722752391459,1020.5787815181362,62.62641242748455,197.6761295765976,2.0,0.6907546718836852,0.1493472226590952,159.42121848186378,0,1
3.2616811858354056,4.31132350753442,8.30926059888653,536.7075695563443,997.8688249710272,64.78850850247413,197.3771752273425,2.0,0.7565382600908492,0.1092605988865305,182.13117502897285,0,0
3.0079206128068323,4.3499866415453,8.26273081839101,499.6345993733116,1044.6455401407516,67.54779942940719,148.11389115889725,1.0,0.6914781262516275,0.0627308183910102,135.35445985924844,0,0
2.293266192076722,4.729664564632638,8.052031817669313,526.7354350881644,1068.427453674028,66.7859724518438,237.0310454412122,2.0,0.4848686751995859,0.1479681823306862,111.5725463259721,0,0
3.3052595848410062,5.138725273990293,8.399987296505207,488.4630459624889,1074.2039845631411,58.60324101886892,231.3204091490268,1.0,0.643206127583314,0.199987296505208,105.79601543685884,0,0
2.7202354187566926,4.54890631397452,8.124771638757911,535.8000058414942,1009.5419925765424,76.49819422121496,233.3077164402935,3.0,0.5979976790908981,0.0752283612420878,170.45800742345762,1,0
3.196687676714459,4.5039833296999445,7.981038421602545,513.1084427805916,1093.005092250197,67.7343365046213,198.6336846021848,1.0,0.7097467823482543,0.2189615783974545,86.9949077498029,0,1
3.008617819408496,4.302485707398611,7.939188963372719,529.7980674388564,1012.3269612996291,66.10226876242405,201.27563940272333,3.0,0.6992743319368994,0.2608110366272802,167.67303870037074,1,1
2.741949226146711,3.9707961592356473,8.157774359435187,513.894526789959,1057.1318139446214,68.68162571114586,225.0064190764072,1.0,0.6905288298616643,0.042225640564812,122.8681860553786,0,0
2.931976090311281,4.692981034047472,8.355790826178817,513.6598874276284,1006.4483773695694,65.14978991748659,236.60324813035092,1.0,0.6247577112319659,0.1557908261788174,173.55162263043064,0,0
2.7883935482558755,4.21810585149148,8.046857748437692,526.3523636252525,1055.3315873422846,62.63671972740416,228.0887227750308,3.0,0.6610534789232172,0.1531422515623077,124.6684126577154,1,1
3.2444457259303725,3.960823371014331,8.297485000359602,525.011685447745,1039.2456787821711,58.90962118666364,199.42652120156148,2.0,0.8191341600472241,0.0974850003596028,140.75432121782887,0,1
3.021031820428438,4.96718747014712,8.093325459895063,508.5015625536043,1037.5541402430454,56.40109006375924,203.43813264893183,2.0,0.6081976647703942,0.1066745401049367,142.44585975695463,0,1
3.2669755308991237,4.815238969712678,8.112750297973331,494.817722677183,1072.4328704367424,56.6840139368602,220.8123824760402,1.0,0.6784659184662637,0.0872497020266678,107.5671295632576,0,0
2.685913656213756,3.9937640343777367,7.973704365636642,510.5253444995628,1067.7487301217689,66.95047344461852,190.09130616216865,3.0,0.6725268775073532,0.2262956343633568,112.25126987823114,1,1
3.352621312816506,5.245867942373482,8.32124945100084,524.1217492447546,1066.260634359127,71.32366757796737,206.27933407412695,3.0,0.6390975428673338,0.1212494510008408,113.73936564087307,1,0
3.839579625962174,4.035665985263649,8.115383557979314,542.2631617897401,977.3891005697126,57.80152189110947,172.04555366424813,2.0,0.9514116478001644,0.0846164420206854,202.61089943028745,0,1
3.309170893709188,4.03809881951713,8.241419753844827,514.6095542863574,1043.497521657717,60.49501609924327,162.546216389425,1.0,0.8194873480796604,0.0414197538448277,136.50247834228298,0,0
3.620469003284703,3.9395680292683695,8.190837178974176,503.6854389967439,1088.4910781682263,62.08394030357726,187.83617680141435,3.0,0.9190015188132368,0.0091628210258232,91.50892183177348,1,1
3.0912156214727173,4.363610200289003,8.167003905448523,496.8791075308847,1028.5670532241256,71.25984554448787,188.8261858833512,2.0,0.7084078272068338,0.0329960945514766,151.43294677587437,0,0
3.0749159848943397,4.877035775720953,8.206878031906623,522.4244925976507,1095.8436195794054,64.83439055374056,188.64121956289452,1.0,0.6304887078277169,0.0068780319066235,84.15638042059459,0,1
3.462346553577953,3.998803092459567,8.285661558544797,513.0673313699014,1075.7358289433084,66.83719704638825,198.3203589038664,2.0,0.8658457224965538,0.0856615585447979,104.26417105669157,0,0
3.111069010500673,4.290907400790489,8.342644224238803,508.633673787205,1031.3758845937184,70.69569009896814,210.35954233481684,1.0,0.725037554807755,0.1426442242388041,148.6241154062816,0,0
3.624122550236837,4.606151326376731,8.06990981742903,546.8464158282986,1035.3873571012189,59.12419516239254,196.39330072594348,2.0,0.7868005831021679,0.130090182570969,144.61264289878113,0,1
3.1546842904942505,4.336722830345066,8.062948061260157,526.0306993908172,979.0621740972672,66.41918851019373,208.96552699600733,2.0,0.727435073252261,0.1370519387398427,200.93782590273287,0,0
3.287243979061833,4.501494684839522,8.514160470664526,527.2220418926167,1045.7970515594195,65.19596628996145,200.47755111082216,3.0,0.7302561056892077,0.3141604706645271,134.20294844058049,1,0
3.0012544258428764,4.785289128299202,8.18533006134131,509.5986876032191,1013.4373218457032,64.54875152109626,212.2497385179654,1.0,0.6271835086132832,0.0146699386586899,166.5626781542967,0,1
2.68417289417036,4.321163750786879,8.277529656721805,517.9161172861606,994.801711902978,60.38869322844612,176.79034426898426,2.0,0.6211689832537372,0.077529656721806,185.1982880970221,0,0
3.148276673249101,4.209695732684526,8.069182422193675,521.3719608764723,1093.5288760377744,68.67317279426697,219.3268117862595,2.0,0.7478632358290607,0.130817577806324,86.47112396222565,0,0
3.1035510587622026,4.623759869091458,8.03804952103253,509.3109420264665,1019.4937445429372,63.09549903927768,209.6037681073546,2.0,0.6712180446128605,0.1619504789674692,160.50625545706282,0,0
2.981520528429286,4.5053557376164095,8.09190818351951,533.284969390896,1108.7822764144375,65.4643105275349,180.206830914652,2.0,0.6617724995329465,0.1080918164804884,71.21772358556245,0,0
3.391832429606196,4.725183530223519,8.141230810941604,508.4599669026827,987.4432775381024,69.87105574768529,200.96066104510797,3.0,0.7178202512544374,0.0587691890583954,192.5567224618977,1,0
3.637407663677376,4.771195171926377,8.225066857591656,538.6536381022651,990.1528829364072,52.91945724551542,181.31596238566868,2.0,0.7623682393705977,0.025066857591657,189.8471170635928,0,0
3.6795809113618354,3.9129699424694913,8.526626725608368,531.9044679909501,1058.743204181496,57.98350273466679,228.61947537755515,3.0,0.9403550153772154,0.326626725608369,121.25679581850386,1,0
3.147378731380082,4.2593204156391,8.27286164285713,528.7711016394607,1066.7040081749535,59.95811577676776,159.3407690542625,2.0,0.7389391789086351,0.0728616428571307,113.29599182504626,0,0
2.970614992864508,4.335800315248888,8.058309541946242,520.1486579134545,1112.9056516233036,61.14321129100348,183.7656790222541,1.0,0.6851364860442953,0.1416904580537572,67.09434837669642,0,0
2.8689127363536078,4.3748506327452565,8.156355436665384,516.831223337467,1023.786232695063,61.10885012646813,215.5481783639017,3.0,0.6557738712778786,0.0436445633346149,156.21376730493705,1,0
4.056588907070815,5.016741903840193,8.075885965421827,537.2604009684509,1039.3735975042955,65.14379555861501,209.17300426007463,1.0,0.8086102462550415,0.1241140345781719,140.62640249570427,0,0
3.716786169558026,3.664076912550049,7.915838745954882,512.0657328494251,1086.3704822329128,61.49275692216228,221.8875274181344,1.0,1.0143854120018756,0.2841612540451175,93.62951776708724,0,0
3.2194825259288957,4.352252500292414,8.193617420577722,477.3170711716693,1034.4943515179011,63.1548356346071,169.091644007252,1.0,0.7397278822800057,0.0063825794222776,145.50564848209888,0,1
2.389675999378457,4.182852344366817,8.013161086138396,513.7472000678376,1056.2029164309304,72.52380666985559,175.899417690593,3.0,0.571302977506583,0.1868389138616031,123.79708356906964,1,0
3.148846103619387,4.8058124834475295,8.30700651429711,511.78335474520543,989.3193818681424,62.30249119531938,221.2275052702733,2.0,0.6552161811992493,0.1070065142971099,190.68061813185773,0,1
3.5542461078813243,4.237293306158647,8.156882758645843,506.6532242764317,1081.9832096681826,57.14915672651756,218.94093608632676,1.0,0.8388010577121587,0.0431172413541567,98.01679033181745,0,0
2.912479875250562,4.959942762831111,8.228185146531173,536.6744545657218,1142.6640472878632,66.68278638516223,179.6729308644051,2.0,0.5872002992633191,0.0281851465311735,37.33595271213676,0,0
2.7456121888768017,4.480611239064721,8.127744141569492,492.6620562261069,1019.988611227903,64.22827173373904,242.95473635550496,2.0,0.6127762579190295,0.0722558584305073,160.011388772097,0,0
3.468107600369374,4.417912634768798,8.310945998075557,514.4596871647049,1136.37161499509,79.55400513067234,199.22761950650968,2.0,0.785010453192418,0.1109459980755573,43.62838500491012,0,0
3.210602379230915,4.317908506603136,8.426005981998523,518.0574106994125,1082.5003966181555,60.24106851510732,190.07174367858684,2.0,0.7435549812085098,0.226005981998524,97.49960338184428,0,1
3.217589889040849,4.385798272379169,8.047137442866186,508.39950505195,1077.4543125070477,66.30759473476556,167.5219370123631,3.0,0.7336383683150481,0.1528625571338135,102.54568749295233,1,0
3.2086724590528584,3.9465966956963214,8.208672368878089,536.18595203458,1052.504459161448,63.49677980114062,211.16278417017045,2.0,0.8130226384010363,0.0086723688780896,127.49554083855196,0,1
2.679645809147389,4.047643177135307,8.384153984406444,548.712962169146,1049.5468281794344,67.87823106691373,206.5029017103368,2.0,0.6620261943104047,0.1841539844064446,130.45317182056556,0,0
2.92123083251162,4.316378512374494,8.49897674295676,521.7365125120206,1062.0530615747443,60.8200351058556,191.07256284271733,3.0,0.6767781888126942,0.2989767429567607,117.94693842525568,1,0
3.1807232002781576,4.719140761013184,8.322813213993916,525.7730904405546,1054.0595770878117,71.79618404928357,186.7111213740478,3.0,0.6740047310903398,0.1228132139939166,125.9404229121883,1,1
2.685227006025433,4.800643793948353,8.219321111486442,532.1838589471791,970.1824049739312,60.4926169171352,185.5467976776352,2.0,0.5593472710579064,0.0193211114864428,209.81759502606872,0,0
2.8325171490165366,3.976445302099276,8.268450900770494,523.7588590904426,1053.5978012407488,78.4875835822688,164.8956600705381,3.0,0.7123239308255662,0.0684509007704949,126.40219875925118,1,0
3.7994052453065863,4.783429531181724,8.077728680029805,552.6262193525675,1104.818812821591,58.18150716189479,220.4822894274921,2.0,0.794284774082096,0.1222713199701939,75.18118717840889,0,0
3.2945900476487897,4.569154781508023,8.035139410407963,512.6936403900618,1065.973260297683,58.17735967814031,226.4952375339395,2.0,0.7210502170470091,0.1648605895920365,114.02673970231696,0,0
3.292465263748602,4.694704781599038,8.181246741618656,527.5868233408535,998.0550800566984,53.346337404499536,142.275247278088,1.0,0.7013146547472275,0.0187532583813432,181.94491994330167,0,0
3.486717951393864,4.464519769675794,8.207027497478624,513.4584884020945,1032.975865953736,76.25896151808048,195.4745211513838,1.0,0.7809838751965208,0.0070274974786244,147.02413404626395,0,0
3.4436037396839936,4.79336418688325,8.165267784504346,543.1096755078834,1086.7024505925317,66.22196431845653,202.54593446461243,1.0,0.7184106203298293,0.0347322154956533,93.2975494074683,0,1
3.263132783751149,4.275516150129646,8.230712714381974,504.3217206785609,1060.0131778077612,68.91565458625163,214.3021319297729,2.0,0.7632137661061081,0.0307127143819752,119.98682219223883,0,1
2.906988085568349,4.45335299948334,8.186793707911587,504.2608221928453,1086.113559531754,60.704158315965415,188.07155591724973,3.0,0.6527639028958274,0.0132062920884123,93.88644046824606,1,1
2.8038359013288017,4.1688260652468605,8.394592974197247,520.4865825498575,1062.2480800594249,60.8727755483638,194.0754892955936,2.0,0.6725720518853545,0.1945929741972474,117.75191994057514,0,1
3.3414481044345257,4.028226584131449,8.297829447279687,546.6708551273007,1084.245670914761,72.61448197273208,203.49822578630705,1.0,0.8295084781894133,0.0978294472796879,95.75432908523908,0,0
2.254578422582449,4.265506993618079,8.13007565662248,489.4743139181778,1054.0032826080148,76.59586621154399,215.29789984663705,3.0,0.5285604795460704,0.0699243433775187,125.99671739198516,1,0
3.525037135223529,4.50444173029759,8.171684856292831,537.8614542173145,1068.631343624496,76.62746435658039,172.07847706045908,3.0,0.7825691496309076,0.028315143707168,111.36865637550407,1,0
2.698297835613454,4.753926170004994,8.434276916956629,522.0920853988348,966.659376257798,64.91099310092324,170.12851474212752,2.0,0.5675935507940432,0.2342769169566292,213.340623742202,0,1
3.36236208476536,4.875877226444101,8.12794977725768,510.9990610501675,1022.083652726764,69.29610036758456,189.18737434788133,3.0,0.6895912115752523,0.0720502227423196,157.91634727323606,1,0
3.107662276129893,5.215424386934775,8.317246624500461,545.5144642519198,1073.115317461465,52.62499238535705,164.56105133179489,3.0,0.5958599041947721,0.1172466245004617,106.88468253853466,1,0
3.031761263117681,4.359463463260084,7.973007768887312,533.5899322778134,991.57434080808,65.46374524671613,254.31923562102696,1.0,0.6954436682341255,0.2269922311126873,188.42565919192,0,0
3.233544954954697,4.31024113599554,8.136002967389837,532.6902544628547,1081.1189581536755,60.34353582067413,176.6903469279686,1.0,0.7502004765349728,0.0639970326101622,98.88104184632424,0,0
3.659056222159783,4.517174496370736,8.316571639561326,512.4270229529421,1013.2874989696896,63.07126011952376,231.59713131952336,2.0,0.8100320729893367,0.1165716395613269,166.71250103031036,0,1
2.9223393388862853,4.185258639289523,8.43249530590908,523.5109066746827,1048.6959239911623,62.92947139137596,203.6593453334848,3.0,0.6982458170575874,0.2324953059090813,131.30407600883746,1,0
3.3995253555079503,4.26355359077254,8.29324102632215,525.7585939858395,1012.0803919166332,72.20871162973668,180.8232943472742,3.0,0.7973455199597065,0.0932410263221505,167.91960808336682,1,1
3.3241947274793984,4.299859595424769,8.330746366605483,500.8479570817144,1069.8033744386328,64.05633834910499,201.42663244890213,3.0,0.7730937843280714,0.130746366605484,110.19662556136724,1,1
3.3637433013884674,4.699087448594711,8.151786563891452,532.2716350339359,1088.9251307238032,57.23407955541611,167.6945147810065,2.0,0.7158290492505274,0.0482134361085471,91.07486927619676,0,0
3.158757634508095,4.4291547508925815,8.234110760621494,544.3943170975224,1043.16292063482,64.09309624982656,165.9693888312377,1.0,0.7131739149909709,0.0341107606214947,136.83707936518,0,0
3.4068419850588105,4.402907463137232,8.287844074022034,545.6631249272327,1098.368558128576,61.30488800168459,241.99751809731129,3.0,0.7737709712975754,0.0878440740220352,81.63144187142393,1,0
3.9573155675788136,4.792722717990632,8.358011923141445,504.4394176637948,1071.405276088772,69.26317974217488,161.72461007268765,2.0,0.8256925759335899,0.158011923141446,108.59472391122812,0,0
3.2689080706366056,4.407761686944064,8.14127170701613,514.9804582689446,1066.570014495161,60.186912356899526,158.05055776187416,2.0,0.7416254103704367,0.0587282929838686,113.42998550483868,0,1
3.133854316143513,4.397593458735609,8.207882860184492,534.2432003980452,1064.5861268972587,67.13848832143894,213.40775448782645,2.0,0.7126293835110273,0.0078828601844929,115.41387310274126,0,1
3.109650820254976,4.250991800089387,8.247959470350668,517.764141296691,1031.3087003021228,64.99372080652209,184.52839694451615,2.0,0.7315118367102181,0.0479594703506691,148.69129969787718,0,0
3.2863058440111943,4.817882388693987,8.339304041904589,508.8124145852523,1048.3468400911777,65.79871325440682,225.9904042510615,2.0,0.6821058668930952,0.1393040419045892,131.65315990882232,0,0
3.158943230111748,4.786798782033936,8.263503789767341,541.5918998300771,1051.3134905191623,56.94118197213299,120.66157361312597,1.0,0.6599281426468416,0.063503789767342,128.68650948083746,0,0
3.8587108896104674,4.600279125651002,8.043622746583953,516.7615131974858,1047.5444862946863,60.9627357228817,195.69585920993495,3.0,0.8387992952983278,0.1563772534160463,132.4555137053137,1,1
2.7361804952516664,4.468911956924501,8.289048558548437,495.02472741636296,1031.4435252337798,65.72358335735518,168.3174486894488,3.0,0.6122699487063585,0.0890485585484377,148.55647476622016,1,1
3.749490879218679,4.863690431964827,8.482325714745265,534.1397686841174,1034.4109997551332,59.11655596771623,153.79548789777297,3.0,0.7709147880394703,0.2823257147452658,145.58900024486684,1,0
3.02731301062183,4.027312901833974,8.006239464692586,539.6977316760477,990.4953590851802,68.11196977022449,165.7355982678212,2.0,0.751695506075911,0.1937605353074136,189.5046409148198,0,0
3.171254533195881,4.871797318002179,8.494400323996969,513.6842625906032,1006.5006034114368,63.36629444394893,163.15123594004768,1.0,0.6509413929899293,0.2944003239969692,173.49939658856306,0,0
3.448008123084111,4.642775430384397,8.14074178438614,532.837007012881,1030.9604918081682,70.44519099624324,190.60796590575785,2.0,0.742660973816684,0.059258215613859,149.03950819183183,0,1
2.9864470369140457,4.168154106109377,8.08414854921447,489.4102985619956,1002.423315036031,56.69628986893956,185.16888501886197,2.0,0.716491511631069,0.115851450785529,177.576684963969,0,0
2.9542636538311697,3.9703600889947808,8.125834280299314,519.2999765262215,1057.282465365722,71.03404668687642,210.41644161178647,1.0,0.7440795260046685,0.0741657197006855,122.71753463427808,0,1
2.854809167060022,4.306114603705902,8.188813217489718,512.4187148493216,1090.2544837651697,62.499267943643815,154.79550883373696,1.0,0.6629663697153271,0.0111867825102809,89.74551623483035,0,0
2.909659090058069,4.464062394247007,8.196648608811046,545.9215911525082,1029.4680507909984,63.43300662530205,207.5640542566095,1.0,0.6517962412792555,0.0033513911889535,150.5319492090016,0,1
3.2698314598114298,4.765021702559793,8.215551744779292,543.2197969761755,1082.7502828826223,62.7354113031229,219.30971442618556,3.0,0.6862154389283567,0.0155517447792927,97.24971711737771,1,0
4.002027618779605,4.729508194489635,7.935137292689105,514.7106247824003,1087.7527915319629,66.5286116620423,222.4083347423208,3.0,0.8461826163228129,0.2648627073108942,92.24720846803712,1,0
3.4340591209608524,4.669912514666791,8.283068521248511,516.1540925420429,1000.9417184765712,52.53126806363155,212.79491448457097,1.0,0.7353583411766595,0.0830685212485118,179.05828152342883,0,0
3.5267913820340127,4.754118382405978,8.428048288125993,551.3465946817969,1045.0314868941862,61.81306834771759,205.6143676874469,2.0,0.7418392007956951,0.2280482881259935,134.96851310581383,0,0
2.754160520011909,4.917752378513982,7.959678408564897,546.8936815692388,1000.305615856698,54.33427369541009,183.20189350522148,3.0,0.5600445706630109,0.2403215914351024,179.69438414330205,1,0
2.7669260391951944,5.101662297807852,8.23222342940696,502.3812898567094,964.2424503701668,62.008904216572006,222.38839136545295,1.0,0.5423577408958968,0.0322234294069598,215.7575496298332,0,0
3.523430839606623,4.335218412061019,8.033217242642761,518.0115188667078,1059.1167734891287,62.87691076912117,219.87629471318365,1.0,0.8127458651198135,0.1667827573572378,120.88322651087128,0,1
2.4318533670402416,4.4813468006934585,8.024046273060122,531.6666789587491,1003.6893469536454,67.4130829268219,191.66490750295728,3.0,0.5426612745349829,0.175953726939877,176.31065304635456,1,1
3.170945095339383,4.143955842385096,8.337653722423148,528.7607812468862,979.3214848827,70.4416362474569,171.1128255114734,1.0,0.7651976071128006,0.1376537224231491,200.6785151173,0,0
3.655900068724963,4.488216148151022,8.498225823809596,538.0797760285839,1049.994308210422,61.46127769273719,175.99906456816987,1.0,0.8145552592016992,0.2982258238095969,130.00569178957812,0,0
3.1210005404458583,4.246533541539703,8.195185676248208,511.49262575960176,1031.0996253486826,53.394796453876296,165.46350373486368,2.0,0.7349525228474463,0.0048143237517912,148.9003746513174,0,0
3.118672226899225,4.957563827168163,8.322424835251761,532.25063918411,1033.624652244465,62.77834736052864,179.0389994245433,3.0,0.6290735399470561,0.1224248352517616,146.37534775553468,1,0
3.502054212416372,4.487990329668185,7.832693610543596,523.5045856451416,1056.5595877761475,53.14293506516742,213.23069751741588,1.0,0.7803167908998092,0.3673063894564032,123.44041222385226,0,1
3.1271985379384977,4.140962592389052,8.046283671903753,540.2334736188221,1084.2093388963706,52.4067305920173,219.6053039763782,2.0,0.7551863769382983,0.1537163280962463,95.79066110362942,0,0
3.5971366604533923,4.305899096036458,8.001523212268381,510.0306433582132,1043.743048670712,59.38719114808854,186.49662145281985,2.0,0.8353973419695615,0.198476787731618,136.25695132928809,0,1
2.947146885117108,4.379665440973869,8.370899074975194,506.8868195397292,1062.7454719102918,53.70387018309047,187.17927862890775,3.0,0.6729159850595482,0.1708990749751944,117.25452808970816,1,0
3.680243118657267,4.077651439960006,8.384624235365834,529.02905401579,1040.927932598793,56.71968722604651,182.8324044070209,3.0,0.9025398987488796,0.1846242353658347,139.07206740120705,1,1
3.1934106631667603,4.51775640690123,8.352649650507166,527.6360844961782,1030.3353131936767,65.8653946370498,174.99519690894226,3.0,0.7068576467694706,0.1526496505071666,149.6646868063233,1,0
2.6642185740333537,4.873248123629963,8.266203360837476,516.6975668794454,1062.6946766283409,59.24178311502887,175.06529483700433,2.0,0.5467028367728872,0.066203360837477,117.30532337165914,0,0
3.3066998785753823,4.012103150910608,7.998822770242409,523.9214089374904,1015.3526709230296,67.65558911523394,229.9567207373825,2.0,0.8241811721617115,0.2011772297575902,164.64732907697044,0,0
2.63613279398804,4.623274243854372,8.051945210582662,519.7414721800616,1036.087408719931,67.30534032460399,186.1633083143345,3.0,0.5701874157523776,0.1480547894173369,143.9125912800689,1,0
3.208014522454982,3.782752968170508,8.573552529677695,536.8059461705357,985.4466557071132,64.0000863557321,196.04111635898815,3.0,0.8480634470715765,0.3735525296776956,194.5533442928869,1,1
2.810368256964473,4.72663911387296,8.002482271586562,519.8078350627044,988.8562902088906,60.460726481951525,137.74895609858072,1.0,0.5945806710991112,0.1975177284134375,191.14370979110936,0,1
2.505759981627851,4.190122423922384,8.011361602395807,524.0257010679476,1053.740973622689,64.78213759291434,177.49537695303587,3.0,0.5980159354590376,0.1886383976041923,126.25902637731132,1,0
2.4046705461481186,4.927367179006433,8.177091533899915,510.9971210641772,1078.069297733217,72.93190202403329,175.64923211677237,3.0,0.4880234125651214,0.022908466100084,101.9307022667831,1,0
3.5278833536400263,4.797989355044392,8.373636155100813,535.9865187204815,1039.665593158861,65.19077174610248,211.7538067277628,3.0,0.7352836973670406,0.1736361551008141,140.33440684113907,1,1
2.7568578532166104,4.643309363059055,8.441729640326601,519.9373970504698,1049.0128810055935,62.49402704466124,219.1711511748442,2.0,0.5937269384968655,0.2417296403266018,130.9871189944065,0,0
3.4052739616245606,4.447865568558248,8.267372270279482,557.8159658427056,1087.6641691329514,62.622562256273966,219.64050194561204,3.0,0.7655973204160406,0.067372270279483,92.33583086704856,1,0
3.3850287034121127,4.220440141954752,8.244005655447472,512.1024028648344,1054.8471920823083,63.59637030821275,164.99373388155988,3.0,0.8020558493319222,0.0440056554474725,125.15280791769167,1,0
3.726640925796642,4.593019084807034,8.196059174268909,522.7789330797237,1066.0893291634268,63.57489284979991,226.46552770293425,3.0,0.8113706597284559,0.0039408257310906,113.91067083657322,1,1
3.3836842736073303,4.517381722093517,8.151144970002822,522.3583743995785,1036.3025102172091,64.98760882725944,184.73066401414013,3.0,0.7490366059413223,0.0488550299971777,143.69748978279085,1,0
2.345625763676514,4.619848690710778,8.262677053977805,518.1815923576469,1037.795125918885,54.33933320140428,175.51555082642312,1.0,0.5077278327069852,0.0626770539778061,142.20487408111467,0,1
3.592220583663768,4.218527139507319,8.155688178743114,547.9139966585365,986.5074057970032,69.96835474446235,205.03560085152031,2.0,0.851534306647075,0.0443118212568851,193.49259420299688,0,1
3.0995281265518595,4.93710691913351,8.506551831547581,484.77627040564073,1106.5205438391088,62.74093247127037,227.7125205336556,1.0,0.6278025120160942,0.3065518315475817,73.47945616089123,0,0
3.778709054927452,4.999540638821918,7.992239016818299,535.6492121816411,1068.8538514073707,69.34054132430157,204.3713162201457,3.0,0.755811248903469,0.2077609831817,111.14614859262927,1,0
3.292937491202053,4.375970799922921,8.00541798456369,518.3646189718446,991.6468827493458,49.90562087905643,165.53899595411906,1.0,0.7525044478147684,0.1945820154363087,188.35311725065424,0,1
3.4648596802903384,4.504697889685386,8.176779237062428,528.4660509730139,1043.5165952529676,52.84753690408207,212.30064294366204,3.0,0.7691658274031697,0.0232207629375711,136.4834047470324,1,1
3.5339000905243583,4.524167295575503,8.015073295375569,512.4926918211531,1099.2941949610629,69.39911337005233,227.99423646230605,1.0,0.7811161389189317,0.1849267046244307,80.70580503893711,0,0
2.8791098650188984,4.546812545647117,8.395319562734178,521.8055353778793,1032.5377748888577,62.97019661146807,170.13257113451,1.0,0.6332149908273641,0.1953195627341788,147.4622251111423,0,0
3.4921461387942387,4.253773062178882,8.262629941592987,522.5102270232459,1089.1062301579193,60.08492875712994,199.3543123087309,3.0,0.8209526194574487,0.0626299415929878,90.8937698420807,1,1
3.3572804191008387,4.673027268886036,8.344233694439293,509.4221219256814,1144.5440560024224,59.79099656213148,192.11277482249284,2.0,0.7184380114226714,0.1442336944392934,35.455943997577606,0,0
3.480826987071354,4.155225960982493,8.088734525768741,513.8905472517201,1042.4112071487643,62.95294767154488,201.0202343292505,2.0,0.8376986038589878,0.1112654742312582,137.58879285123567,0,1
3.2627037275119983,4.58416675034564,7.954676150979796,557.8194144024148,1011.413590319322,75.6810305139796,169.76948692515964,3.0,0.7117332122690043,0.2453238490202034,168.586409680678,1,0
3.010574967949156,3.875288029729764,8.25452059203085,520.1955302122019,999.6091734174972,47.3908313302743,173.88076777257527,2.0,0.7768648276144337,0.0545205920308511,180.3908265825028,0,1
2.738284479987671,4.70154747125546,8.271201388597264,520.4473423273045,1077.943441524362,56.78848572856111,210.13435459784216,3.0,0.5824219570570541,0.0712013885972648,102.05655847563798,1,0
3.176782878976518,4.579439808520795,8.398617494415063,544.1083627086799,1045.9905867637813,57.23204609084145,213.93195616311309,1.0,0.6937055646788696,0.198617494415064,134.00941323621873,0,1
3.5260378961839267,4.305264510785813,8.207695362852236,532.9623624717235,1014.1095963749827,69.81826471971516,209.81826556321144,1.0,0.8190060997486389,0.0076953628522371,165.89040362501726,0,0
3.1792274920226147,4.634514150334979,8.265541446997268,521.386885267317,1048.9737776073223,70.56818443905708,219.800203528547,1.0,0.6859893805927495,0.065541446997269,131.0262223926777,0,0
3.384338226744314,4.996024977621473,8.35777383441772,517.8383564063333,1048.9624765297622,61.97606530655132,184.1772080648688,3.0,0.6774061861632519,0.1577738344177213,131.03752347023783,1,0
2.0509235081011488,5.003546173141246,8.180970698123627,514.6009593787069,1101.0137340632318,67.34694217019923,236.0693081281484,1.0,0.4098939905262584,0.0190293018763725,78.98626593676818,0,0
3.6222009032159623,4.692293287065642,8.179760283326134,555.8541704396488,1096.879617234679,59.906648396286265,171.10584292551752,3.0,0.7719468244725138,0.0202397166738652,83.12038276532098,1,1
3.5026047075805846,4.668676012055051,8.017820297099977,504.1081678937253,1017.743389274052,70.06794249597353,213.59076096947723,2.0,0.7502351197183584,0.1821797029000222,162.2566107259479,0,0
3.3386131742831187,4.859222549152383,8.242992103288572,502.5173971160089,1060.058302590685,65.28846360685385,208.60603959807187,3.0,0.687067352817257,0.0429921032885722,119.94169740931534,1,1
3.672472696821624,4.7931196633343305,8.057784955872823,509.8083295386763,1027.4148924419603,61.47959909711405,198.6809141969303,2.0,0.7661967474228827,0.1422150441271767,152.58510755803945,0,1
3.2594058705820346,4.225652487814641,8.361277547029875,500.93514198035416,1017.617853906508,49.640863424168096,222.87876266584527,3.0,0.771337889050206,0.1612775470298757,162.382146093492,1,1
3.601827017177182,4.63103063669108,8.272053647979165,524.8539976665355,1063.830311620573,61.00653415850739,224.1970573107124,3.0,0.7777592719561376,0.0720536479791658,116.16968837942704,1,0
3.1855741657937653,4.407976824786541,8.007981181030111,535.4117948145816,1033.2259268876903,60.95062681461257,211.33738121629085,2.0,0.72268396402591,0.1920188189698883,146.77407311230945,0,1
3.033708698435858,5.08818243874161,8.093578766480755,512.7622210891878,1058.274636273536,62.79276198141789,187.64220518577167,3.0,0.5962263999696357,0.106421233519244,121.72536372646393,1,1
3.303358323178619,4.724581416134203,8.218490441632332,507.7000279839025,1010.486886154432,63.50368605227696,241.62791357630172,1.0,0.6991853947523551,0.0184904416323323,169.513113845568,0,0
2.727340562126953,4.431063445506787,8.006324159897103,536.2543169489013,1091.354908409981,60.84018286074245,185.48861602931208,2.0,0.6155047417064275,0.1936758401028964,88.64509159001909,0,0
3.663361013452312,4.443775147242167,8.28636829159529,524.6345158092023,1038.7933912978085,60.41146400808566,200.15143499229555,2.0,0.8243803728236418,0.0863682915952903,141.2066087021915,0,0
3.662739252070134,4.034635868255047,8.146960843739038,471.5947495663922,992.3744964317984,68.1038940046171,220.35954338978365,1.0,0.9078239947205992,0.0530391562609615,187.62550356820145,0,1
3.929961649030606,4.552153601948108,8.109321111331733,488.2604823087825,1070.6919967061065,54.179965622616905,186.7846529368356,2.0,0.8633192092827113,0.0906788886682665,109.30800329389352,0,0
3.167811113102875,4.323183723003742,8.50891359582014,530.6571337894212,1092.7802873663304,57.87517776714926,196.0545695240452,3.0,0.7327495927397539,0.3089135958201403,87.21971263366959,1,1
3.2642404860038905,4.566748058824533,8.130256809291977,547.5897886610724,1047.448207465848,60.530009907390735,155.21466410282147,1.0,0.7147844468847951,0.0697431907080226,132.55179253415213,0,0
3.262100360233513,5.375575721775599,8.412302643060391,523.4430377914844,1063.8330787397051,57.91953567345367,210.8872546432532,3.0,0.6068373935116248,0.2123026430603918,116.16692126029466,1,1
3.045630963631841,4.491642108949829,8.398293355562336,525.2326226384343,1026.0298145191916,65.36222495525858,229.32433035511863,2.0,0.678066259305299,0.1982933555623365,153.97018548080837,0,0
3.2955277975361894,4.061999997344103,8.406549865308751,522.1580664922448,988.316013127852,57.90413227960227,208.589521235448,1.0,0.8113066959329468,0.2065498653087516,191.683986872148,0,1
3.3230828667633805,4.378894478504161,8.07330156298831,533.723516170297,1059.1799397096993,60.276401282318304,194.4441286704507,2.0,0.7588862628038633,0.1266984370116901,120.82006029030072,0,0
2.1882442610740385,4.489659904299872,8.155285584204622,499.8767853727243,1045.5240319367483,67.55067562314633,209.4272968494228,3.0,0.4873964414299844,0.0447144157953776,134.47596806325146,1,1
2.801712644749516,4.3974180636188445,8.353973020863467,525.4869135428652,1070.0125330442668,67.30993541166484,231.4572467070443,1.0,0.6371267420061323,0.1539730208634679,109.98746695573324,0,1
3.614762062101304,4.577980153627841,8.172504079683371,520.7013945561522,1021.9480253765385,62.07158417808947,203.8863327936184,1.0,0.7895975823414549,0.0274959203166282,158.05197462346155,0,0
3.310663168375429,4.489850735478428,8.12110163540005,516.8785422076602,1034.9513092286506,62.56504630360303,232.28997320015216,3.0,0.7373659755495828,0.078898364599949,145.04869077134936,1,0
2.467149338743541,4.638300501064475,8.381886555757053,510.0114323282463,1042.1368899532051,59.26571049894263,204.75270843254404,3.0,0.5319080421040917,0.1818865557570532,137.86311004679487,1,0
2.7994074159771443,4.581533252616527,8.173195956422152,522.9640415324203,1057.6127880235083,68.16695403357495,195.3110800374586,2.0,0.6110197746065413,0.0268040435778473,122.3872119764917,0,0
3.226411701193651,4.98776504090709,8.36067098327538,505.6619779489215,1010.1344745789596,63.07364377915282,215.57339847225956,1.0,0.64686521399573,0.1606709832753807,169.8655254210405,0,0
2.8597030795261293,4.717018339027965,8.253129922658212,512.2023873411734,1062.5060792960676,66.47919939605167,209.43155721382485,2.0,0.6062522706895338,0.0531299226582131,117.49392070393242,0,0
3.425117211153731,4.853145831573705,8.155663406264669,530.6581966943673,1031.502091000462,63.57674362286604,192.51281695096003,2.0,0.705751965697131,0.0443365937353306,148.4979089995379,0,1
3.369887011105488,4.281090817981763,7.775806314368235,522.6271544560947,1004.5097453483472,62.61504116265687,215.96204571787445,2.0,0.7871561603327536,0.4241936856317645,175.4902546516529,0,1
3.4175537668792164,4.71107335302607,8.15921975593681,494.1752954980685,1025.36200596465,51.95551930215552,200.5791554861763,2.0,0.7254299625707556,0.040780244063189,154.63799403534995,0,1
3.229834750461273,4.716962965946934,8.313914320136575,539.1215103030914,1027.3846113621798,56.68772750331382,208.11672306199503,1.0,0.6847276039887572,0.1139143201365762,152.61538863782016,0,0
3.1753048191721307,4.181941839028748,8.085879869085339,511.52027568040177,1059.4014762369472,61.11888617693908,173.52409378165686,2.0,0.75928956944803,0.1141201309146602,120.59852376305275,0,0
3.891963049722361,4.342644035204374,7.986564267830749,528.0022962915576,1047.313248596873,53.24248294154964,211.59293745961108,3.0,0.8962196802858554,0.2134357321692501,132.68675140312666,1,0
2.8402380650770027,4.576568199271462,8.23662703015836,515.7134763317958,1088.33488707632,58.55737969633408,215.3861983840476,2.0,0.6206043351235391,0.0366270301583604,91.66511292368,0,0
2.0603950858221767,4.571639184720516,8.095995770486983,519.5863367367451,1024.8886992718385,64.08424524139232,214.71248575344904,1.0,0.4506906608591962,0.1040042295130163,155.11130072816172,0,1
2.5048620726488195,4.617506597140792,7.987023531397816,541.0404318139846,1058.2826505033477,55.091506834768914,211.60986004627367,1.0,0.542470707818238,0.2129764686021831,121.71734949665232,0,0
2.862243206061577,4.487505686906847,8.40813608950223,505.2519397825062,1025.7428121758553,67.60790284073114,204.08760462869893,1.0,0.6378249756373328,0.208136089502231,154.2571878241447,0,1
3.9757535599433953,4.589894525209833,8.223410029501249,521.6649888292183,1026.386594505,72.87034273840086,166.40754946921572,3.0,0.8661971505533542,0.0234100295012495,153.61340549500005,1,0
3.5629250658018665,4.431170472160016,8.300395325419474,505.1625428574344,1032.0575785983542,63.61334673922895,208.49134439392867,1.0,0.8040595791524638,0.1003953254194751,147.9424214016458,0,0
2.7202945240573477,4.504196112573162,8.076809929005917,525.5299150182786,1024.8601200350977,60.48177763372965,208.68825011003895,2.0,0.6039467322170721,0.1231900709940827,155.13987996490255,0,0
2.833794470285212,4.765662549824718,8.171479859179462,484.77972209633066,1060.681250715176,67.18725888648876,203.85256932525883,1.0,0.5946275969109083,0.0285201408205377,119.31874928482398,0,0
3.3629780539061684,4.393217579540444,8.313793463909292,503.3111526244302,1066.5265677215002,66.31926440516995,169.64781821861197,1.0,0.7654931703820739,0.1137934639092925,113.4734322784998,0,0
3.1234234343516696,4.7661090254493015,8.143901148902506,549.34757980736,1013.351048576529,59.7245266940526,195.52703614268864,3.0,0.6553403241550656,0.0560988510974933,166.64895142347098,1,0
2.70798181379596,4.631918319881887,7.862328894664023,487.7197699417695,999.398146110872,59.946576856697774,189.17665468765364,2.0,0.5846350531674268,0.3376711053359766,180.60185388912805,0,0
2.6949432728065505,4.947165824529743,8.147374851922962,513.168052810319,1069.5074714912068,60.453904689415445,189.97897293797428,3.0,0.5447448838078872,0.0526251480770376,110.49252850879316,1,1
2.847372495442829,4.5932658716690105,8.187395184762796,511.1284412395588,1062.7603605867653,68.30598840389699,175.81930773820946,1.0,0.6199015198282665,0.0126048152372035,117.23963941323473,0,0
2.7645375401721672,4.724251926600991,8.302838266268397,525.3166889249007,1095.4631543403266,57.85932739146206,226.92904762327845,3.0,0.5851799570680429,0.1028382662683977,84.53684565967342,1,0
3.258265429021761,4.185955001730859,8.126130921136928,522.7638644135002,1049.921356916676,63.10629588526856,214.8555837324581,2.0,0.7783804237972252,0.0738690788630709,130.0786430833241,0,0
3.270322272358139,4.5856250016992695,8.097395842810307,512.1996577281745,1045.6909927576744,65.63693719385073,198.5181991340528,2.0,0.7131682748661535,0.1026041571896918,134.3090072423256,0,1
2.392424303107568,4.786566117621861,8.360242846710193,500.4736109941082,1080.143621361139,59.92276739523265,200.0063299453396,2.0,0.4998205903392785,0.1602428467101937,99.85637863886107,0,1
3.1743518406654654,4.615566400881725,8.367299581818667,508.1040075768769,1073.1412593394978,60.765273178176905,177.40483172741943,2.0,0.6877491437175101,0.1672995818186677,106.85874066050224,0,1
2.926543275981485,4.384053161584959,7.983300268418434,518.8033052332582,1040.495869094338,66.59383501989869,193.96674116334208,3.0,0.6675428347807522,0.2166997315815653,139.50413090566212,1,1
3.330629061992476,4.179448988719563,8.281151032385624,529.8036027536821,1049.3211924660188,55.48730592529431,204.18118370780917,2.0,0.7969062596971564,0.081151032385625,130.67880753398117,0,0
3.569137191045449,4.429699136198946,7.991716809014935,504.361370155371,1040.2779271890709,57.835908095813394,181.45965522397375,3.0,0.8057290304601453,0.2082831909850639,139.72207281092915,1,0
3.4205071444709017,4.656667626384251,8.342137173933397,513.8273608555065,971.4603516311224,48.34524406730666,216.30136854473668,1.0,0.7345396790520506,0.1421371739333974,208.5396483688776,0,0
2.693598927550841,4.599337694232824,8.255152967595146,529.3062069900382,1032.2409878538133,70.9706936955889,216.86345263223768,2.0,0.5856493056256196,0.0551529675951467,147.7590121461867,0,0
3.2554463659418014,4.76392741043393,8.362125746201961,507.1629854178325,1012.9133440530384,62.3015586615849,205.7506854980715,3.0,0.6833534780837309,0.162125746201962,167.0866559469615,1,0
3.606065159610068,4.459153492314559,8.283719711047732,510.4422247806869,1009.618016378617,61.9232081445434,161.82626328185103,1.0,0.8086882779470378,0.083719711047733,170.38198362138303,0,0
2.994782642807666,4.539266620080182,7.950346713620819,511.1088296234404,1071.3289127217029,67.03623966271061,213.2677906611728,2.0,0.6597503281477252,0.2496532863791802,108.67108727829714,0,0
2.02684811293143,4.041788145799648,8.240284217378512,530.7414235140177,1008.9813218975908,61.00223955728794,216.3462358902688,2.0,0.5014731201427074,0.0402842173785131,171.01867810240924,0,0
3.502257589235936,4.280613563086983,8.38292288039163,515.380338137663,1043.160475174364,58.78598182690172,160.40167804025523,1.0,0.8181671942122476,0.1829228803916311,136.83952482563586,0,1
2.7049925852214125,4.878453147422002,8.40949886376051,545.3345544730328,1035.6205419007742,62.70331500116154,217.67806656388248,2.0,0.5544775163201837,0.2094988637605102,144.37945809922576,0,1
3.742061035868976,4.701851849555705,8.000588269214468,528.2319116664718,1017.7223063211782,67.9564966953243,199.35355382834075,1.0,0.795869617930796,0.1994117307855312,162.27769367882183,0,0
3.0526270568728675,4.797836367910352,8.110401938380559,506.63196816305583,1051.4780370624323,62.65000848836766,215.10432574922615,1.0,0.6362507643348738,0.0895980616194407,128.52196293756765,0,1
3.609217862311989,4.363125963155532,8.380754175378947,526.791625904276,1101.272787155186,63.57654635827196,264.6679040285372,2.0,0.8272091825821355,0.1807541753789472,78.72721284481395,0,0
2.7956395084954573,4.9778756757238485,8.214806528067106,531.5927080130796,1003.9125613351832,59.80135862954421,174.61254486880023,1.0,0.561612963049207,0.0148065280671065,176.08743866481677,0,0
3.062040722376426,4.597682380791976,8.321988517575967,502.9742655746551,1099.3777645011469,62.339493745835206,194.74861034920332,1.0,0.6659965756884181,0.1219885175759678,80.62223549885312,0,0
3.3873316032841068,4.296081100575601,8.224565146216396,530.2473246496536,1029.660433066305,69.32896533765067,205.69090235454672,2.0,0.7884701250266882,0.0245651462163962,150.3395669336951,0,1
3.6808747586188346,4.626965596487657,8.019826306808557,511.0603495881038,1128.0411961804143,57.61236380669876,180.62105308636163,3.0,0.7955267185512402,0.1801736931914419,51.958803819585455,1,0
3.3712382102074825,4.731100480830063,8.27099460348489,516.0366594199037,1034.785878520849,60.07311285231764,245.4633558284949,3.0,0.7125695645558209,0.0709946034848911,145.21412147915066,1,0
3.319862169680684,4.663927018140081,8.417692426159633,537.5774034791737,1042.7963818034114,72.08501712630091,155.6844405550424,1.0,0.7118169208172533,0.2176924261596333,137.20361819658865,0,0
