Store,DayOfWeek,year,month,week,day,Customers,Open,Promo,StateHoliday,SchoolHoliday,StoreType,Assortment,CompetitionDistance,CompetitionOpenSinceMonth,CompetitionOpenSinceYear,competition_open,Promo2,Promo2SinceWeek,Promo2SinceYear,promo_2_open,IsPromo2Month
881,4,2023,9,20,1,2140,1.0,0,0,1,a,c,956.0,7,2018,62,0,7,2021,117,0
300,1,2024,9,46,12,2552,1.0,1,0,0,a,a,906.0,2,2006,223,1,36,2014,500,0
199,1,2024,8,37,3,513,1.0,0,0,1,c,a,638.0,7,2016,97,1,33,2011,500,1
610,6,2024,5,19,15,969,1.0,0,0,0,a,b,1310.0,8,2022,21,1,18,2011,500,0
709,3,2023,7,47,14,2949,1.0,1,0,1,a,b,1160.0,12,2013,115,1,19,2017,340,0
421,5,2024,2,10,16,2886,1.0,1,0,0,c,a,805.0,3,2020,47,0,28,2017,346,0
68,4,2023,1,9,27,266,1.0,1,0,0,a,c,277.0,2,2006,203,1,23,2017,298,0
1113,1,2023,4,2,7,2187,1.0,0,0,0,a,b,1108.0,4,2019,48,1,44,2015,374,0
907,5,2023,7,5,25,1383,1.0,0,0,1,c,a,675.0,10,2004,225,1,12,2016,357,0
554,1,2023,9,17,22,3008,1.0,0,0,1,a,a,908.0,6,2015,99,1,28,2023,0,1
390,5,2023,3,3,13,2557,1.0,1,0,1,c,b,1059.0,2,2008,181,0,34,2016,333,0
984,5,2024,9,20,14,1588,1.0,0,0,1,a,b,700.0,3,2009,186,1,16,2020,212,0
396,6,2024,4,4,11,3694,1.0,0,b,1,d,a,1204.0,10,2016,90,1,11,2021,149,0
229,3,2023,8,2,18,2016,1.0,0,a,0,a,a,706.0,12,2010,152,1,32,2011,500,1
282,4,2023,2,31,22,1381,1.0,0,0,1,a,a,982.0,2,2019,48,0,21,2013,500,0
621,6,2023,4,29,1,2198,1.0,0,0,0,c,c,1047.0,7,2013,117,0,51,2017,290,0
833,4,2024,3,42,28,3657,1.0,0,0,0,b,a,1094.0,12,2011,147,0,11,2020,239,0
359,7,2024,8,24,4,1575,1.0,0,0,0,a,a,1343.0,1,2006,223,0,30,2022,98,0
216,5,2024,9,45,5,1135,1.0,0,0,0,a,a,573.0,2,2014,127,1,22,2020,231,0
1042,6,2024,1,26,17,2399,1.0,1,0,1,b,a,480.0,6,2005,223,0,18,2023,60,0
108,5,2024,5,15,3,1246,1.0,0,a,0,b,c,724.0,1,2017,88,1,30,2023,37,0
615,2,2023,8,7,21,1250,1.0,0,0,0,a,c,1733.0,7,2011,145,0,41,2023,0,1
199,4,2023,9,26,7,2384,1.0,1,0,1,c,a,1225.0,9,2012,132,1,16,2018,270,0
730,5,2024,10,20,9,490,1.0,0,0,0,a,c,655.0,5,2012,149,1,33,2021,143,0
419,4,2023,10,27,17,3652,1.0,1,0,1,d,a,716.0,12,2000,274,1,44,2023,0,0
85,5,2023,2,51,27,877,1.0,0,0,0,c,b,815.0,11,2018,51,1,51,2013,500,0
187,7,2024,8,3,6,2844,1.0,0,0,1,b,a,902.0,9,2022,23,1,33,2017,334,1
544,6,2024,10,19,24,2077,1.0,0,0,1,c,b,1012.0,7,2017,87,0,9,2018,322,1
162,2,2023,7,8,19,1234,1.0,1,0,0,a,c,1025.0,2,2004,233,1,44,2015,380,0
647,2,2024,11,42,15,455,1.0,0,0,0,a,a,1179.0,3,2014,128,1,52,2019,250,0
893,2,2023,10,28,25,1227,1.0,1,0,1,c,c,1421.0,12,2003,238,1,50,2019,186,1
324,6,2023,12,7,18,1669,1.0,1,0,0,d,a,780.0,7,2015,101,0,37,2021,74,1
1045,4,2023,12,42,23,623,1.0,0,a,1,a,c,756.0,6,2010,162,0,7,2013,500,0
821,5,2024,1,7,17,2767,1.0,0,0,1,c,c,711.0,9,2020,40,1,32,2022,79,0
96,7,2023,5,41,14,2862,1.0,0,0,1,a,a,737.0,3,2013,122,1,10,2023,31,0
521,4,2024,11,52,9,2146,1.0,0,0,1,c,c,931.0,4,2001,283,0,40,2017,376,1
618,5,2023,1,27,8,910,1.0,1,0,0,c,c,1011.0,5,2020,32,1,3,2016,388,1
626,3,2023,1,34,2,2303,1.0,1,c,1,a,c,1338.0,11,2013,110,1,8,2014,494,1
514,6,2023,4,2,9,3144,1.0,0,0,1,a,a,607.0,6,2020,34,1,37,2020,121,0
403,1,2024,5,35,23,2952,1.0,0,0,0,a,a,928.0,1,2001,280,1,14,2017,385,0
635,5,2024,8,8,9,1600,1.0,1,b,1,b,a,568.0,6,2005,230,1,5,2018,315,1
755,6,2023,7,23,13,659,1.0,0,0,1,b,c,941.0,4,2002,255,0,7,2022,68,1
946,6,2024,9,27,11,1957,1.0,0,0,0,c,a,1622.0,6,2006,219,1,16,2019,271,1
116,1,2023,3,40,24,1202,1.0,0,0,0,d,a,779.0,12,2010,147,0,26,2017,326,0
155,6,2023,6,41,17,3132,1.0,1,0,0,a,a,1556.0,4,2015,98,0,38,2012,500,0
565,3,2023,5,49,11,1805,1.0,1,0,0,d,c,569.0,4,2009,169,1,27,2011,500,1
473,4,2023,11,40,27,2838,1.0,0,0,0,a,b,682.0,6,2011,149,1,22,2020,174,1
999,4,2024,11,5,1,1218,1.0,1,0,0,d,a,717.0,1,2016,106,0,47,2016,374,0
640,3,2024,10,36,4,992,1.0,1,0,1,c,c,872.0,3,2009,187,0,41,2010,500,1
263,3,2024,3,9,4,1867,1.0,0,0,0,c,a,774.0,1,2018,74,0,24,2020,193,0
949,7,2024,2,50,3,3035,1.0,1,0,1,c,c,1049.0,11,2002,255,1,52,2020,206,1
969,5,2024,7,46,5,3595,1.0,1,0,1,a,b,50.0,10,2018,69,1,38,2023,60,1
46,7,2023,9,17,20,3510,1.0,1,0,1,c,a,526.0,2,2018,67,1,20,2013,500,1
987,3,2023,10,5,21,634,1.0,1,0,0,a,a,1388.0,5,2013,125,1,22,2015,399,0
406,3,2023,10,48,3,2690,1.0,0,0,1,a,a,398.0,2,2006,212,1,4,2018,304,0
257,4,2023,3,19,1,1319,1.0,0,0,1,a,c,713.0,10,2000,269,1,42,2021,81,1
129,5,2023,5,45,26,1002,1.0,1,0,1,b,a,1004.0,2,2022,15,1,32,2012,500,0
91,1,2023,12,5,23,3495,1.0,1,0,0,c,c,806.0,8,2000,280,1,7,2013,500,1
67,3,2024,9,14,23,513,1.0,1,0,0,b,a,565.0,7,2002,266,0,8,2018,318,0
853,4,2023,12,22,20,2346,1.0,0,0,1,a,c,954.0,10,2004,230,0,6,2015,432,0
1009,1,2024,3,7,12,3161,1.0,1,0,1,a,a,1071.0,11,2004,232,0,9,2023,50,0
1069,5,2023,4,24,10,3885,1.0,1,0,0,c,a,641.0,12,2006,196,1,17,2014,475,0
569,1,2023,8,49,10,1964,1.0,0,a,1,c,c,942.0,4,2004,232,0,40,2010,500,0
286,7,2023,6,10,15,855,1.0,0,0,1,a,a,1078.0,10,2010,152,0,52,2019,166,1
992,4,2024,12,22,2,1875,1.0,1,0,1,a,c,1144.0,3,2020,57,1,22,2020,208,0
1018,2,2024,1,5,27,3071,1.0,1,0,1,c,c,931.0,2,2008,191,1,28,2022,81,1
448,4,2024,8,35,28,2194,1.0,0,0,1,a,a,1333.0,11,2003,249,1,29,2013,500,1
233,3,2024,12,22,2,3388,1.0,0,0,1,d,c,834.0,11,2003,253,1,34,2021,144,0
936,4,2023,7,27,15,2789,1.0,1,0,1,a,a,525.0,9,2019,46,1,36,2023,0,1
401,2,2024,2,27,11,3842,1.0,0,0,0,c,a,754.0,5,2002,261,1,6,2018,333,0
599,3,2024,1,35,11,2572,1.0,0,0,1,a,b,1184.0,5,2021,32,1,30,2013,500,0
988,2,2024,6,39,11,799,1.0,0,0,1,a,a,552.0,10,2000,284,1,21,2017,382,1
186,3,2023,10,51,15,453,1.0,0,0,0,a,c,147.0,3,2000,283,0,43,2019,216,0
340,3,2024,9,38,27,2235,1.0,0,0,1,b,a,958.0,7,2001,278,1,49,2021,145,0
237,6,2024,2,44,21,3810,1.0,1,0,0,c,c,687.0,5,2021,33,1,19,2016,441,0
843,7,2023,8,4,28,1731,1.0,1,0,0,a,a,1494.0,3,2000,281,1,30,2023,0,1
131,7,2023,11,7,8,383,1.0,1,0,0,c,b,900.0,7,2020,40,1,14,2014,461,0
164,3,2023,8,23,24,2502,1.0,0,0,0,a,c,1191.0,9,2000,275,0,3,2020,176,0
369,3,2024,4,8,12,2514,1.0,1,0,1,d,c,673.0,3,2016,97,1,8,2020,208,0
423,2,2024,1,44,11,502,1.0,1,0,1,b,c,998.0,9,2010,160,0,45,2019,259,1
831,4,2024,7,45,2,2613,1.0,1,0,1,a,c,931.0,12,2005,223,0,17,2019,288,1
1049,7,2023,9,32,25,2000,1.0,1,0,1,a,a,1234.0,11,2015,94,1,6,2021,130,1
664,2,2023,11,26,4,816,1.0,0,0,0,a,a,877.0,11,2016,84,0,13,2011,500,1
253,6,2023,9,45,14,310,1.0,0,0,1,c,a,663.0,5,2009,172,1,33,2016,376,0
738,2,2024,6,30,28,2468,1.0,1,0,0,a,a,1132.0,9,2002,261,1,23,2023,59,1
783,3,2023,7,50,19,1375,1.0,1,0,1,b,a,606.0,9,2006,202,1,8,2015,458,1
95,4,2024,3,42,4,1022,1.0,0,0,0,c,b,575.0,12,2000,279,1,25,2011,500,0
1026,6,2023,9,18,26,3321,1.0,0,0,0,d,a,807.0,7,2014,110,0,46,2023,0,1
571,6,2023,8,34,17,1283,1.0,0,0,0,a,c,722.0,11,2008,177,1,24,2020,166,1
876,5,2023,1,7,7,1974,1.0,1,0,0,b,b,825.0,7,2014,102,0,51,2017,268,1
58,5,2023,4,3,8,2408,1.0,0,c,0,a,c,620.0,10,2012,126,0,20,2023,0,0
1058,6,2024,2,5,25,3434,1.0,1,0,0,a,a,1156.0,5,2016,93,1,14,2018,303,0
1085,5,2024,12,52,17,3638,1.0,0,0,0,a,a,1152.0,1,2010,179,1,31,2022,125,1
1053,1,2024,1,7,12,420,1.0,0,0,1,a,b,1069.0,5,2006,212,1,45,2011,500,0
590,1,2023,7,11,9,1331,1.0,0,0,0,a,a,1040.0,5,2014,110,1,43,2016,332,1
127,4,2024,4,36,25,2860,1.0,0,0,1,a,b,266.0,10,2021,30,0,48,2017,352,0
504,1,2023,12,10,10,2792,1.0,1,0,0,c,a,855.0,9,2015,99,0,3,2017,319,1
671,5,2023,3,7,16,427,1.0,0,0,0,c,c,1077.0,8,2003,235,0,40,2015,383,1
501,6,2024,12,37,3,1286,1.0,0,0,0,a,c,1222.0,3,2005,237,1,2,2010,500,0
476,7,2023,3,50,7,790,1.0,0,0,1,a,a,759.0,9,2022,6,0,41,2013,500,1
391,1,2024,1,7,23,879,1.0,1,0,0,a,a,1211.0,9,2016,88,0,14,2021,149,0
762,5,2024,6,35,22,3253,1.0,0,0,1,c,c,912.0,12,2014,114,0,37,2023,50,0
639,7,2024,6,28,28,3991,1.0,0,0,1,b,a,50.0,4,2016,98,0,21,2011,500,0
828,1,2023,8,50,4,274,1.0,0,0,1,a,a,790.0,9,2006,203,1,4,2023,46,0
90,6,2023,7,50,15,3534,1.0,1,0,0,b,b,568.0,1,2021,30,0,36,2023,14,0
274,7,2024,7,30,5,1646,1.0,1,b,1,a,a,636.0,9,2004,238,0,19,2023,63,1
980,1,2023,4,47,21,3360,1.0,0,0,0,a,a,1136.0,10,2021,18,0,9,2013,500,0
892,4,2024,11,11,5,3757,1.0,1,a,1,a,c,909.0,10,2005,229,0,16,2014,500,0
752,1,2024,7,31,4,1953,1.0,0,0,0,c,a,664.0,6,2007,205,0,10,2012,500,0
457,4,2023,5,9,24,789,1.0,1,0,1,c,c,617.0,6,2014,107,0,11,2019,206,1
478,6,2023,1,2,4,858,1.0,0,0,1,a,c,951.0,1,2011,144,0,23,2012,500,1
733,2,2023,5,40,25,3801,1.0,1,0,1,a,a,765.0,6,2022,11,1,24,2014,484,0
861,6,2023,6,30,21,3140,1.0,0,a,1,a,c,1029.0,9,2019,45,1,18,2017,324,0
477,6,2024,1,1,17,943,1.0,0,0,1,b,a,572.0,12,2019,49,1,14,2016,403,0
1001,1,2024,10,42,5,3438,1.0,1,b,1,a,c,706.0,2,2013,140,0,43,2015,467,0
386,4,2024,10,46,8,1225,1.0,0,0,1,c,c,484.0,7,2022,27,1,28,2013,500,0
358,2,2023,3,21,6,481,1.0,1,0,1,c,a,654.0,3,2016,84,1,13,2013,500,0
774,7,2023,8,2,12,2624,1.0,0,0,1,c,a,1473.0,5,2007,195,1,25,2018,237,0
882,5,2023,2,16,6,2291,1.0,0,0,1,a,c,599.0,10,2013,112,1,52,2012,500,1
605,4,2024,2,32,6,224,1.0,0,0,0,b,c,678.0,1,2008,193,0,1,2014,500,0
1062,5,2024,9,3,10,2280,1.0,0,0,0,a,a,573.0,1,2006,224,0,49,2011,500,0
952,2,2023,3,21,1,2894,1.0,0,0,1,a,c,765.0,3,2017,72,1,7,2014,482,0
232,4,2024,12,12,26,1597,1.0,0,0,1,a,a,798.0,4,2009,188,1,14,2014,500,1
877,6,2023,3,32,24,3633,1.0,0,0,0,a,c,1185.0,10,2005,209,0,31,2015,417,0
904,7,2024,8,11,8,1657,1.0,0,0,1,a,b,698.0,4,2019,64,1,12,2013,500,1
969,2,2024,5,41,6,1552,1.0,0,0,1,b,a,854.0,12,2007,197,0,51,2010,500,1
586,7,2024,1,16,25,2800,1.0,0,0,0,c,a,258.0,12,2017,73,0,39,2015,445,1
854,2,2024,1,6,3,2500,1.0,0,0,1,d,c,561.0,10,2006,207,0,30,2022,80,1
808,7,2024,2,15,22,3751,1.0,0,0,1,c,a,1146.0,6,2008,188,0,21,2018,306,1
1023,7,2023,10,50,4,1557,1.0,0,0,1,c,c,563.0,10,2009,168,1,49,2013,500,0
331,6,2024,12,42,3,665,1.0,0,0,1,a,a,1050.0,2,2011,166,1,19,2023,75,1
175,7,2024,4,31,26,2829,1.0,0,0,0,c,a,542.0,11,2017,77,0,52,2018,291,0
855,4,2023,4,11,16,3849,1.0,1,0,0,a,c,768.0,5,2008,179,1,52,2019,167,0
715,6,2024,12,20,11,2202,1.0,0,0,0,b,c,1334.0,6,2000,294,0,36,2010,500,0
1089,7,2024,5,25,2,2422,1.0,0,0,1,a,b,1044.0,11,2003,246,0,37,2013,500,1
92,2,2023,4,51,19,2110,1.0,1,0,1,c,c,234.0,2,2000,278,0,31,2015,436,0
39,5,2023,7,17,16,1574,1.0,0,0,0,b,c,1786.0,2,2020,41,0,50,2019,175,0
558,6,2023,5,43,1,398,1.0,0,0,0,c,c,508.0,8,2000,273,1,31,2010,500,1
678,4,2023,4,15,20,3996,1.0,0,0,1,a,a,1380.0,12,2021,16,0,50,2013,485,1
961,5,2024,12,9,15,2714,1.0,1,a,0,c,c,686.0,11,2014,121,0,11,2023,50,1
746,5,2024,9,41,25,3212,1.0,0,0,0,a,a,451.0,12,2000,285,0,23,2014,500,1
810,4,2023,3,5,21,2122,1.0,1,0,0,a,a,685.0,6,2008,177,0,9,2022,48,1
433,5,2024,8,40,17,1689,1.0,0,0,0,a,b,624.0,8,2017,84,1,1,2012,500,0
650,4,2023,11,48,2,1419,1.0,0,0,0,a,c,656.0,10,2010,157,0,16,2021,136,0
157,4,2024,6,8,6,1043,1.0,1,0,1,c,a,838.0,3,2018,75,1,49,2015,427,0
774,4,2024,2,31,9,2022,1.0,1,0,0,a,a,963.0,11,2010,159,0,18,2012,500,0
157,4,2023,6,9,27,691,1.0,1,0,1,c,a,1246.0,11,2008,175,1,43,2019,174,1
194,3,2023,6,25,10,1455,1.0,1,a,0,d,a,884.0,1,2004,233,1,15,2017,322,0
185,1,2024,3,25,15,3834,1.0,1,0,1,b,a,843.0,6,2015,105,0,36,2011,500,0
1038,4,2023,11,5,25,1230,1.0,0,0,1,c,a,603.0,6,2018,65,0,11,2022,46,0
194,3,2024,1,10,1,1311,1.0,1,0,1,a,a,736.0,10,2015,99,1,26,2020,192,0
237,1,2023,2,29,19,660,1.0,0,b,0,a,a,669.0,6,2004,224,0,40,2015,405,0
1110,4,2023,2,44,25,3616,1.0,0,0,0,a,c,408.0,12,2008,170,1,47,2022,49,1
187,6,2024,1,15,25,1035,1.0,1,0,1,a,a,1585.0,6,2015,103,1,20,2010,500,0
607,2,2023,4,44,15,3251,1.0,1,0,0,a,a,893.0,6,2004,226,0,31,2023,13,0
157,7,2024,3,11,11,692,1.0,1,0,0,b,a,897.0,4,2017,83,1,31,2015,448,0
500,4,2024,10,2,6,1373,1.0,1,0,1,a,b,1185.0,11,2021,35,0,24,2021,134,0
1044,3,2024,4,21,17,238,1.0,1,0,0,d,c,50.0,6,2005,226,1,21,2022,104,0
367,7,2023,3,1,26,2632,1.0,0,0,0,c,c,1492.0,6,2008,177,0,49,2021,56,1
514,7,2024,5,2,15,3003,1.0,1,0,1,c,a,562.0,9,2016,92,0,23,2011,500,1
977,7,2024,2,16,19,3541,1.0,0,0,1,d,b,555.0,10,2017,76,1,39,2015,445,0
595,6,2023,9,32,8,558,1.0,1,0,1,a,c,657.0,9,2004,228,0,23,2011,500,0
1058,5,2023,10,51,21,3368,1.0,0,0,1,d,a,1115.0,2,2011,152,1,28,2013,500,1
423,6,2023,1,33,12,1700,1.0,1,0,0,a,c,1463.0,12,2012,121,1,30,2018,263,1
259,7,2023,8,36,11,600,1.0,1,0,0,a,c,1312.0,10,2019,46,1,11,2019,233,0
31,7,2024,7,37,7,2660,1.0,1,0,1,c,c,675.0,9,2016,94,0,13,2013,500,1
441,6,2024,12,28,19,1474,1.0,0,a,1,c,c,281.0,7,2003,257,0,36,2010,500,1
75,3,2024,9,2,1,2889,1.0,0,0,1,a,a,696.0,10,2003,251,0,52,2015,418,1
643,7,2024,11,18,27,1716,1.0,1,0,1,b,a,628.0,9,2020,50,0,36,2018,294,0
18,6,2024,10,10,28,491,1.0,1,0,1,c,a,327.0,4,2015,114,1,32,2015,446,1
115,7,2023,8,30,27,3377,1.0,0,0,0,a,a,995.0,6,2019,50,1,52,2023,0,0
601,2,2023,12,41,27,3549,1.0,0,0,1,c,c,821.0,1,2003,251,0,37,2019,212,1
678,1,2024,8,23,24,2378,1.0,1,0,1,a,c,970.0,1,2012,151,1,47,2018,288,0
216,7,2023,10,30,24,540,1.0,1,0,1,d,a,1040.0,7,2001,267,1,18,2010,500,0
828,5,2024,6,34,12,2060,1.0,1,0,0,a,c,1025.0,10,2010,164,1,43,2023,43,0
449,5,2024,2,1,5,2150,1.0,1,0,0,b,a,801.0,10,2008,184,1,45,2019,216,0
209,5,2023,8,39,1,3140,1.0,1,0,0,c,a,1312.0,10,2007,190,1,43,2023,0,0
514,5,2023,3,38,1,3324,1.0,0,0,1,a,a,673.0,5,2005,214,1,20,2016,382,0
1030,1,2023,7,51,20,3807,1.0,1,0,0,c,c,628.0,7,2002,252,0,39,2019,220,0
594,3,2023,9,22,6,1939,1.0,0,0,1,a,a,750.0,10,2003,239,1,44,2017,290,1
953,4,2024,11,51,5,3031,1.0,0,0,1,a,a,981.0,1,2012,154,1,31,2022,124,0
996,1,2024,3,14,25,3998,1.0,0,0,0,c,a,1025.0,8,2005,223,1,12,2019,262,0
253,7,2023,11,22,5,1427,1.0,0,0,0,a,a,718.0,5,2006,210,1,10,2015,428,1
49,2,2024,3,40,5,2882,1.0,1,0,1,d,c,724.0,4,2017,83,1,44,2018,308,0
749,4,2024,10,26,14,3781,1.0,1,0,1,a,a,1211.0,7,2009,183,0,10,2011,500,1
552,1,2023,11,19,7,1487,1.0,0,0,1,c,a,428.0,5,2019,54,1,50,2019,177,0
402,1,2023,8,31,3,738,1.0,0,0,0,c,a,1644.0,8,2014,108,1,31,2016,364,1
148,4,2023,6,24,20,489,1.0,0,a,0,d,c,730.0,9,2021,21,0,11,2014,481,0
165,6,2024,8,5,15,1185,1.0,0,0,0,a,a,759.0,7,2016,97,0,11,2021,150,1
1034,3,2024,5,45,14,3335,1.0,1,0,0,a,a,931.0,7,2021,34,0,2,2021,199,1
160,4,2024,2,40,7,2171,1.0,0,0,1,a,a,980.0,5,2016,93,1,31,2010,500,1
1023,7,2024,6,8,19,3507,1.0,0,0,1,a,c,624.0,1,2014,125,1,43,2018,277,1
296,3,2024,1,12,16,2720,1.0,1,0,1,d,b,922.0,5,2008,188,0,39,2010,500,0
157,6,2023,4,30,16,2596,1.0,0,0,0,d,a,540.0,7,2015,93,0,31,2016,363,0
580,7,2023,12,24,27,384,1.0,0,a,0,a,b,640.0,5,2009,175,0,31,2023,0,1
131,4,2024,2,6,17,1456,1.0,1,0,0,a,c,339.0,1,2007,205,0,13,2017,357,1
304,5,2023,1,19,26,2034,1.0,1,0,1,a,b,862.0,7,2000,270,0,43,2011,500,0
123,6,2024,12,51,25,2350,1.0,0,0,1,a,a,767.0,7,2020,53,1,28,2013,500,1
23,5,2023,9,15,3,2980,1.0,0,0,0,a,a,216.0,11,2006,202,1,44,2010,500,0
110,5,2023,4,17,7,210,1.0,0,0,0,d,b,616.0,12,2008,172,0,52,2021,69,1
1080,7,2024,2,43,20,2727,1.0,0,0,1,a,a,811.0,7,2018,67,0,46,2022,101,1
177,7,2024,7,48,4,1786,1.0,0,0,0,b,a,1078.0,2,2016,101,1,49,2013,500,1
247,3,2024,12,10,21,3712,1.0,1,0,0,c,c,435.0,10,2015,110,0,40,2013,500,1
174,6,2023,1,20,12,3948,1.0,1,0,0,a,c,730.0,6,2018,55,1,16,2018,264,1
84,2,2023,12,44,9,629,1.0,0,0,1,c,a,490.0,8,2022,16,0,15,2021,133,1
183,6,2024,2,45,15,1009,1.0,1,0,1,c,b,1038.0,10,2022,16,0,36,2023,61,1
115,1,2024,12,21,9,3316,1.0,0,0,0,d,c,620.0,8,2010,172,1,13,2023,60,0
166,2,2023,2,40,14,2795,1.0,1,0,0,d,b,976.0,6,2000,272,0,27,2017,325,0
510,6,2023,4,16,22,378,1.0,0,0,0,b,a,712.0,11,2002,245,0,37,2019,187,0
422,6,2024,1,13,16,598,1.0,1,0,1,c,a,309.0,5,2005,224,1,15,2010,500,1
201,4,2024,6,50,28,1119,1.0,0,0,0,d,a,799.0,8,2012,142,1,6,2010,500,1
284,6,2023,8,34,14,2973,1.0,0,0,1,c,c,465.0,7,2010,157,0,8,2023,26,0
520,4,2024,2,41,23,1158,1.0,1,0,0,b,a,1156.0,10,2014,112,1,37,2013,500,0
466,1,2023,1,13,15,1871,1.0,0,0,0,a,c,1365.0,11,2018,50,0,7,2017,318,1
135,6,2023,2,2,24,3452,1.0,0,0,0,a,b,1011.0,3,2016,83,0,41,2013,481,0
997,1,2023,6,1,27,1494,1.0,0,0,1,c,a,628.0,11,2016,79,0,2,2012,500,1
435,6,2023,7,37,25,2261,1.0,1,0,0,a,a,827.0,8,2019,47,0,40,2021,101,1
393,7,2024,8,16,2,2121,1.0,0,0,1,c,c,907.0,4,2001,280,0,34,2016,398,0
640,1,2023,12,27,5,2306,1.0,0,0,0,b,a,1145.0,8,2008,184,1,14,2011,500,0
320,7,2023,5,37,27,3310,1.0,1,c,1,c,a,763.0,12,2019,41,1,15,2015,438,1
694,5,2023,8,40,23,3693,1.0,0,0,0,a,a,942.0,8,2002,252,0,28,2016,376,1
1020,5,2023,2,10,17,3385,1.0,0,0,0,a,a,316.0,2,2009,168,0,31,2015,395,0
942,3,2023,5,30,19,2353,1.0,1,c,1,d,a,893.0,6,2018,59,0,44,2020,142,1
359,2,2023,3,33,2,1540,1.0,1,c,0,b,a,562.0,3,2019,48,1,40,2016,357,1
106,1,2023,3,30,15,3601,1.0,1,0,0,c,a,833.0,4,2018,59,0,28,2018,262,0
137,3,2024,2,40,2,2604,1.0,0,0,0,d,c,509.0,9,2020,41,1,1,2021,195,1
235,6,2023,1,19,18,2913,1.0,0,0,0,a,a,943.0,2,2001,263,1,48,2022,23,1
691,1,2023,4,17,17,1427,1.0,0,0,0,a,a,1011.0,11,2021,17,0,24,2013,500,0
550,2,2024,1,17,18,3812,1.0,0,0,0,a,a,750.0,11,2011,146,1,45,2018,284,0
315,6,2023,5,6,20,1916,1.0,0,0,0,b,c,560.0,3,2018,62,0,15,2019,199,1
219,4,2023,1,3,28,1197,1.0,1,0,1,c,c,992.0,4,2006,201,0,20,2019,191,0
580,1,2023,5,32,15,2693,1.0,0,0,1,a,a,1287.0,4,2017,73,0,32,2020,156,1
1072,7,2023,10,52,23,1134,1.0,0,0,1,b,a,1396.0,1,2003,249,0,38,2011,500,1
857,3,2023,3,7,13,1171,1.0,1,0,0,c,a,939.0,1,2011,146,1,8,2023,0,1
286,2,2023,1,14,21,1508,1.0,1,0,1,a,a,903.0,9,2000,268,0,42,2020,128,1
631,4,2023,3,1,8,1434,1.0,0,c,0,a,a,425.0,6,2012,129,0,30,2014,439,1
567,1,2023,6,13,13,616,1.0,1,0,1,c,a,1214.0,3,2022,15,0,43,2015,386,1
902,5,2023,8,7,17,830,1.0,0,0,1,a,c,123.0,7,2011,145,1,31,2012,500,0
385,5,2024,8,52,28,3416,1.0,1,0,1,c,c,1177.0,3,2000,293,0,29,2018,335,0
385,7,2024,1,14,26,2485,1.0,0,0,1,b,a,828.0,8,2011,149,1,34,2023,32,0
500,3,2024,12,49,8,1008,1.0,1,0,0,c,a,90.0,3,2004,249,0,27,2015,490,0
189,3,2023,6,36,12,3413,1.0,0,0,1,c,a,921.0,3,2004,231,1,6,2023,30,0
970,5,2024,4,17,3,268,1.0,1,0,1,c,b,773.0,11,2013,125,0,18,2020,207,1
441,2,2024,12,18,20,3688,1.0,1,0,0,c,a,685.0,4,2007,212,1,51,2020,175,0
960,3,2023,3,5,2,3055,1.0,0,0,0,a,c,739.0,4,2008,179,0,14,2010,500,1
460,1,2024,10,48,1,3782,1.0,0,0,1,a,a,814.0,10,2004,240,0,23,2015,493,0
754,5,2024,12,42,21,2000,1.0,0,0,1,c,a,813.0,5,2014,127,0,12,2016,446,0
799,5,2023,4,39,13,3162,1.0,1,0,0,c,a,377.0,2,2016,86,0,24,2023,15,0
883,1,2023,6,2,6,1328,1.0,1,0,1,a,b,941.0,10,2020,32,0,41,2021,65,0
766,1,2023,7,52,22,1997,1.0,0,0,1,c,a,706.0,1,2009,174,0,38,2018,274,1
769,3,2024,10,13,22,3817,1.0,0,0,1,c,a,1296.0,6,2000,292,1,6,2021,163,1
345,5,2024,12,35,24,3287,1.0,0,0,1,a,c,1078.0,5,2005,235,1,49,2013,500,1
70,6,2024,7,30,23,2100,1.0,1,0,1,c,c,1112.0,8,2022,23,0,34,2012,500,1
1037,4,2023,9,2,16,1171,1.0,0,0,0,d,b,1378.0,7,2018,62,0,36,2021,70,1
942,6,2023,11,21,27,2055,1.0,0,0,0,a,a,1041.0,7,2012,136,1,41,2021,84,1
308,3,2024,8,8,16,2141,1.0,1,0,0,a,c,776.0,11,2020,45,1,35,2016,389,0
24,5,2024,10,9,20,2680,1.0,1,0,0,a,a,52.0,8,2005,230,0,46,2014,483,0
1112,2,2024,7,15,4,3690,1.0,1,0,0,d,a,892.0,1,2000,294,1,37,2010,500,0
92,5,2024,7,1,16,533,1.0,0,0,0,a,a,1339.0,1,2015,114,0,52,2011,500,1
37,7,2024,11,37,9,2396,1.0,0,0,1,a,a,1088.0,5,2020,54,1,36,2020,209,0
1103,3,2024,5,39,23,1576,1.0,1,0,0,a,a,668.0,1,2003,256,0,44,2018,307,1
752,6,2024,3,34,19,2522,1.0,0,0,1,b,a,838.0,11,2000,280,0,29,2021,161,0
672,4,2024,9,24,20,1057,1.0,0,a,0,a,a,653.0,10,2016,95,0,18,2010,500,0
692,4,2024,7,11,22,2560,1.0,0,0,1,a,a,912.0,9,2016,94,0,27,2021,140,1
827,5,2024,7,32,18,455,1.0,0,0,1,c,a,667.0,9,2000,286,1,9,2017,387,0
653,3,2024,5,37,3,3254,1.0,1,0,1,a,a,1252.0,8,2020,45,0,25,2012,500,1
833,5,2024,9,12,7,1588,1.0,0,0,1,a,a,856.0,5,2022,28,0,38,2023,26,1
869,3,2024,6,15,27,519,1.0,0,0,0,d,c,897.0,1,2005,233,0,40,2014,495,1
236,2,2023,8,45,20,2409,1.0,0,0,0,a,a,572.0,2,2019,54,1,21,2015,440,1
659,3,2024,1,35,27,1620,1.0,0,0,0,d,a,695.0,6,2021,31,1,25,2021,166,1
371,4,2024,12,26,2,3693,1.0,0,0,0,c,c,473.0,4,2010,176,0,30,2016,412,0
681,6,2023,10,17,6,3758,1.0,1,0,0,a,c,1245.0,12,2016,82,0,8,2020,165,0
190,5,2023,6,12,19,2625,1.0,0,0,0,a,b,666.0,10,2010,152,0,33,2018,239,1
979,3,2023,3,11,2,3867,1.0,0,0,1,a,a,868.0,9,2022,6,1,26,2022,37,0
297,6,2024,12,47,2,621,1.0,1,0,0,c,b,355.0,5,2002,271,0,39,2013,500,0
209,1,2024,7,26,10,2323,1.0,1,0,1,a,a,450.0,10,2004,237,1,34,2017,356,0
136,5,2023,6,30,19,3172,1.0,1,a,0,a,c,745.0,5,2005,217,0,10,2012,500,0
593,7,2024,12,51,27,1340,1.0,0,0,1,c,a,727.0,7,2002,269,0,30,2014,500,0
397,5,2024,11,37,28,1912,1.0,0,0,0,c,a,893.0,9,2001,278,0,18,2023,71,1
794,5,2024,4,34,13,3435,1.0,1,0,0,c,a,1423.0,5,2015,107,1,33,2015,469,0
466,4,2024,9,12,21,3568,1.0,0,0,0,a,a,215.0,7,2013,134,0,33,2019,239,1
344,2,2024,4,19,9,3585,1.0,0,0,1,c,b,1114.0,4,2011,156,0,20,2014,500,1
351,2,2023,1,4,20,2936,1.0,0,0,1,b,a,969.0,3,2017,70,0,32,2010,500,0
245,1,2023,5,27,26,1329,1.0,0,0,1,c,c,635.0,10,2018,55,1,10,2018,277,0
778,7,2023,3,15,18,701,1.0,0,0,0,c,a,690.0,12,2006,195,0,20,2013,500,0
144,3,2023,7,23,4,2989,1.0,1,0,0,b,a,1156.0,6,2009,169,1,38,2016,349,1
1017,7,2024,6,23,8,364,1.0,1,0,1,b,b,801.0,1,2014,125,0,27,2020,204,1
293,5,2024,3,2,27,3814,1.0,0,0,1,a,c,723.0,4,2000,287,1,2,2017,364,0
12,6,2023,6,27,23,1018,1.0,1,0,0,b,a,505.0,11,2011,139,0,24,2010,500,1
743,7,2024,9,36,23,1842,1.0,1,0,0,d,c,569.0,8,2011,157,1,14,2019,282,1
793,4,2023,8,42,2,3996,1.0,1,0,0,d,c,455.0,4,2006,208,0,47,2015,411,1
686,1,2023,8,11,11,509,1.0,0,0,1,a,b,1085.0,12,2015,92,0,49,2013,482,1
403,6,2023,2,21,15,2435,1.0,0,0,0,a,a,585.0,2,2007,192,1,4,2019,225,0
192,3,2023,2,28,23,3367,1.0,0,0,0,a,b,462.0,6,2007,188,0,20,2022,60,1
974,2,2024,8,44,3,805,1.0,0,0,1,c,a,872.0,6,2016,98,1,31,2013,500,1
548,2,2023,7,4,22,2759,1.0,0,0,1,b,a,575.0,2,2011,149,1,18,2010,500,0
531,7,2023,8,26,18,3036,1.0,0,0,1,c,a,1284.0,3,2004,233,0,38,2021,92,1
239,3,2023,5,42,17,3081,1.0,0,0,0,a,a,832.0,8,2013,117,1,7,2013,500,0
872,5,2024,2,3,25,1029,1.0,1,0,0,b,c,882.0,1,2007,205,1,45,2014,478,1
1044,6,2023,5,1,22,2708,1.0,0,0,1,a,a,882.0,5,2016,84,1,14,2011,500,0
720,5,2024,8,5,20,2327,1.0,0,0,0,b,a,991.0,9,2011,155,0,13,2011,500,0
808,2,2024,12,17,15,1794,1.0,0,0,0,c,a,1033.0,8,2005,232,0,18,2015,467,0
791,1,2024,7,7,28,2058,1.0,1,0,0,c,a,829.0,5,2001,278,0,49,2018,270,0
194,7,2023,5,20,24,3865,1.0,0,0,1,a,a,515.0,12,2006,197,1,15,2023,5,0
518,2,2024,5,16,9,329,1.0,0,a,1,c,c,774.0,6,2015,107,0,14,2016,418,0
324,2,2024,1,41,23,2565,1.0,1,0,1,d,a,838.0,6,2015,103,0,13,2021,184,0
450,1,2023,3,20,16,2358,1.0,0,0,0,c,c,330.0,8,2019,43,1,8,2022,64,1
952,6,2023,5,51,26,2196,1.0,1,0,0,a,c,189.0,4,2008,181,1,49,2016,366,1
927,4,2023,8,9,11,3568,1.0,1,a,1,a,a,456.0,5,2021,27,0,35,2017,286,0
622,5,2024,8,10,23,2314,1.0,1,0,0,a,a,235.0,12,2017,80,0,30,2015,448,1
131,2,2024,4,42,8,3334,1.0,1,0,0,d,a,674.0,3,2007,205,0,8,2020,242,1
397,4,2023,7,8,26,3101,1.0,1,0,1,a,a,588.0,9,2006,202,1,3,2010,500,0
807,4,2023,3,20,5,3295,1.0,0,0,0,d,a,847.0,10,2013,113,1,16,2023,4,1
668,6,2023,1,33,5,2514,1.0,1,0,0,c,a,1033.0,4,2017,69,1,49,2016,348,0
623,5,2024,4,47,28,265,1.0,1,0,0,a,a,907.0,4,2010,168,1,28,2011,500,0
435,5,2023,3,12,8,479,1.0,0,0,0,a,a,950.0,4,2003,239,1,43,2013,489,0
1081,5,2023,7,15,15,2171,1.0,0,0,1,a,c,1104.0,6,2017,73,0,16,2017,311,1
1017,6,2024,10,2,13,1254,1.0,0,0,0,a,a,722.0,8,2010,170,1,6,2010,500,0
719,2,2023,3,22,23,1141,1.0,0,0,0,b,c,50.0,10,2000,269,0,12,2020,166,0
974,5,2024,1,13,7,2150,1.0,0,0,1,a,a,297.0,5,2004,236,0,13,2021,156,0
200,7,2024,1,16,10,1993,1.0,0,0,0,b,a,970.0,6,2013,127,0,32,2018,296,1
179,6,2024,3,13,26,827,1.0,0,0,0,c,c,879.0,10,2011,149,0,11,2020,210,1
796,6,2024,2,52,26,1937,1.0,0,0,1,a,b,1029.0,1,2003,253,1,51,2011,500,0
756,1,2023,12,29,6,3451,1.0,0,0,0,a,c,1673.0,3,2016,93,1,36,2023,0,0
273,6,2024,3,27,14,754,1.0,1,b,0,d,c,886.0,2,2014,121,0,22,2015,473,0
934,5,2024,8,24,13,3151,1.0,1,0,0,c,a,791.0,3,2012,149,0,32,2016,408,0
834,2,2023,9,31,15,3221,1.0,0,0,0,a,a,924.0,11,2001,262,0,38,2013,500,1
236,7,2024,3,18,15,3074,1.0,1,0,0,a,a,463.0,3,2003,252,1,40,2016,394,1
681,7,2024,2,8,2,786,1.0,1,0,0,a,c,1046.0,12,2004,230,1,1,2010,500,1
972,5,2024,3,16,25,1977,1.0,0,0,0,a,c,769.0,11,2021,28,0,27,2017,353,1
858,7,2023,11,17,7,3714,1.0,0,0,1,c,a,1325.0,5,2005,222,1,21,2013,500,0
468,6,2023,5,14,8,1301,1.0,1,0,0,a,c,340.0,2,2000,279,0,16,2022,50,0
913,3,2023,1,8,23,2095,1.0,0,0,0,a,a,821.0,3,2006,202,0,34,2012,500,0
344,7,2024,8,45,28,3384,1.0,1,0,0,a,c,632.0,8,2016,96,1,13,2012,500,0
1088,4,2024,6,23,26,2398,1.0,0,0,0,c,a,500.0,6,2004,240,0,14,2018,321,0
1098,2,2023,3,24,9,1540,1.0,1,0,0,a,c,1007.0,11,2016,76,0,35,2010,500,1
337,1,2024,2,47,21,649,1.0,0,c,0,a,a,725.0,5,2000,285,1,4,2019,303,1
768,5,2023,9,45,5,2322,1.0,1,0,0,a,c,1219.0,3,2020,42,0,20,2019,233,1
1074,1,2023,4,13,12,2073,1.0,0,0,1,d,a,661.0,9,2012,127,0,40,2017,285,0
324,7,2023,1,52,8,1313,1.0,1,0,0,c,c,702.0,12,2019,37,1,21,2017,343,1
798,7,2023,10,22,7,1394,1.0,0,0,0,c,a,1424.0,7,2016,87,0,16,2020,162,1
591,1,2024,3,26,25,3933,1.0,1,0,1,c,c,415.0,9,2003,246,1,11,2018,327,0
495,2,2023,12,49,25,2547,1.0,0,0,1,d,b,585.0,8,2015,100,1,26,2021,127,0
718,2,2024,8,49,5,2888,1.0,0,0,1,a,a,50.0,3,2021,41,0,41,2022,112,1
532,5,2023,7,49,11,437,1.0,0,b,1,c,a,686.0,7,2010,156,1,5,2013,500,0
794,2,2023,9,10,1,3866,1.0,0,0,1,c,a,1027.0,12,2003,237,0,32,2022,30,0
1071,5,2023,3,5,24,1391,1.0,0,0,1,a,a,943.0,12,2012,123,1,41,2017,276,1
234,7,2024,9,17,9,3850,1.0,0,0,0,a,a,863.0,10,2012,143,1,12,2015,473,0
197,5,2024,3,15,17,3803,1.0,0,0,0,b,c,557.0,7,2017,80,1,36,2021,135,0
688,7,2023,4,35,16,995,1.0,0,0,1,c,c,763.0,1,2003,243,1,22,2019,221,0
1072,4,2023,7,9,6,1461,1.0,0,0,0,c,a,701.0,6,2015,97,0,2,2019,215,1
945,7,2024,5,13,10,2977,1.0,1,0,0,c,a,818.0,10,2008,187,1,37,2016,392,0
452,6,2023,11,42,4,2100,1.0,1,0,1,a,c,872.0,12,2005,215,0,38,2010,500,1
897,4,2024,1,31,5,1969,1.0,1,0,1,a,b,715.0,7,2018,66,1,36,2017,359,0
1017,2,2023,2,42,24,1742,1.0,0,0,0,a,b,827.0,1,2012,133,1,5,2020,193,1
329,5,2023,1,47,11,2594,1.0,0,0,1,a,b,791.0,11,2021,14,0,24,2021,127,1
117,6,2024,11,49,13,2724,1.0,1,0,0,a,a,618.0,11,2005,228,1,10,2011,500,1
1082,1,2023,5,51,20,1970,1.0,1,0,1,a,c,844.0,8,2007,189,0,35,2013,500,1
178,3,2023,11,36,25,2386,1.0,1,0,1,d,a,437.0,5,2021,30,1,24,2020,168,0
15,7,2024,7,28,13,417,1.0,1,a,1,c,a,874.0,10,2010,165,1,33,2011,500,1
356,1,2023,11,34,25,1645,1.0,0,0,0,a,a,487.0,4,2009,175,1,46,2022,40,0
869,7,2023,10,39,17,2787,1.0,1,0,0,a,c,812.0,10,2018,60,0,5,2019,242,1
833,1,2023,2,46,2,3068,1.0,0,0,1,a,c,960.0,4,2002,250,1,13,2020,189,1
354,5,2024,12,32,27,2052,1.0,1,0,0,a,c,542.0,10,2013,134,1,31,2014,500,1
765,3,2024,7,31,8,2762,1.0,0,0,1,a,a,1130.0,9,2008,190,0,49,2018,294,1
1050,2,2024,8,22,21,707,1.0,1,0,0,a,a,1356.0,1,2020,55,1,3,2014,500,0
8,2,2024,3,43,25,2540,1.0,0,0,1,c,c,625.0,1,2002,266,0,44,2011,500,0
961,7,2024,10,19,23,2689,1.0,0,0,0,a,c,777.0,8,2007,206,0,42,2011,500,0
670,2,2023,1,18,18,2304,1.0,1,0,0,c,c,1184.0,6,2004,223,0,11,2012,500,0
983,7,2024,2,32,9,805,1.0,0,0,1,d,c,281.0,11,2004,231,0,44,2023,40,0
55,5,2024,3,33,19,3647,1.0,0,0,1,a,a,830.0,10,2005,221,1,31,2011,500,1
281,7,2023,10,18,15,3530,1.0,1,0,0,a,a,729.0,12,2012,130,1,3,2021,119,1
427,4,2024,10,1,19,3804,1.0,0,0,0,b,a,1090.0,3,2011,163,1,3,2017,362,0
889,4,2023,4,39,10,280,1.0,0,0,0,d,a,746.0,10,2010,150,1,18,2020,177,0
756,1,2023,7,5,20,481,1.0,0,0,0,c,a,956.0,6,2020,37,1,28,2019,185,1
371,3,2024,5,7,14,1799,1.0,1,0,1,a,c,573.0,4,2020,49,0,41,2017,330,1
270,5,2023,7,6,28,3860,1.0,0,0,1,c,c,1105.0,5,2004,230,0,6,2022,52,0
499,3,2023,1,38,4,1502,1.0,0,0,1,b,a,484.0,11,2002,242,1,35,2010,500,0
185,2,2023,6,40,21,1413,1.0,0,0,1,a,a,1081.0,7,2015,95,0,35,2017,317,0
1009,4,2024,6,27,15,3556,1.0,1,a,0,a,c,843.0,1,2001,281,0,21,2023,58,1
927,7,2024,1,5,17,339,1.0,1,a,0,a,c,114.0,6,2013,127,0,14,2018,303,0
804,7,2024,8,5,15,3025,1.0,1,c,1,c,a,839.0,10,2004,238,0,14,2012,500,1
535,3,2024,5,30,4,2327,1.0,0,0,1,a,a,1002.0,10,2003,247,0,24,2013,500,0
715,1,2024,4,44,17,1205,1.0,1,0,0,d,a,451.0,6,2015,106,0,16,2020,236,0
283,1,2023,10,37,12,2733,1.0,0,0,1,a,a,566.0,10,2017,72,1,30,2018,267,0
144,5,2023,10,29,7,1487,1.0,0,0,1,a,a,847.0,11,2007,191,0,7,2017,334,1
260,5,2024,4,27,26,3365,1.0,0,0,0,a,a,667.0,1,2008,195,1,37,2010,500,0
601,7,2024,12,39,7,2618,1.0,1,0,1,a,a,919.0,7,2002,269,0,52,2013,500,0
1070,5,2024,1,12,12,234,1.0,0,0,0,b,a,757.0,11,2020,38,1,12,2016,416,1
138,2,2024,7,7,11,3878,1.0,0,0,1,a,a,424.0,6,2020,49,1,36,2016,387,0
340,1,2023,9,19,13,3086,1.0,1,b,1,a,c,1519.0,12,2003,237,0,38,2018,241,0
84,4,2024,3,9,16,1744,1.0,1,0,1,a,a,718.0,11,2017,76,0,29,2018,292,1
492,3,2023,5,15,18,2552,1.0,0,0,0,a,a,857.0,3,2021,26,1,16,2016,363,1
1056,6,2023,9,46,10,3371,1.0,0,0,0,a,a,1352.0,4,2020,41,0,52,2019,202,0
57,5,2024,5,25,10,2055,1.0,0,0,0,a,a,1079.0,5,2009,180,0,33,2019,252,0
661,4,2024,4,25,20,2927,1.0,0,0,0,c,a,984.0,6,2002,262,1,20,2020,213,1
173,6,2023,8,39,20,3314,1.0,0,0,1,c,a,1137.0,9,2011,143,1,14,2014,493,0
7,4,2024,2,16,17,2883,1.0,0,0,1,a,b,985.0,11,2007,195,1,46,2010,500,1
600,5,2024,7,37,15,2055,1.0,0,0,1,a,a,985.0,7,2008,192,0,38,2023,51,1
523,6,2023,4,27,4,1107,1.0,1,0,1,a,a,990.0,1,2014,111,0,47,2022,32,0
1004,1,2023,4,30,16,1052,1.0,1,0,0,a,c,769.0,11,2013,113,1,39,2013,500,1
320,2,2023,6,20,7,313,1.0,0,0,0,a,c,1142.0,5,2001,265,1,7,2020,169,1
708,4,2023,9,49,3,1935,1.0,1,0,0,b,b,1022.0,5,2014,112,0,41,2014,476,0
172,6,2023,3,51,17,1984,1.0,0,0,1,a,c,130.0,10,2022,5,0,52,2020,155,1
646,3,2023,9,7,15,1585,1.0,0,0,1,a,c,1075.0,10,2004,227,1,2,2012,500,0
914,7,2023,5,11,15,2514,1.0,0,0,0,a,a,582.0,11,2022,6,1,39,2014,440,0
430,7,2023,11,39,21,1384,1.0,1,0,1,c,c,893.0,11,2002,252,0,41,2017,310,1
172,1,2023,5,28,10,2014,1.0,0,0,0,c,b,318.0,2,2011,147,0,18,2019,218,0
564,5,2024,6,41,10,3142,1.0,1,0,1,c,a,645.0,3,2002,267,1,46,2014,500,0
186,1,2023,10,18,5,1660,1.0,1,0,0,a,a,711.0,6,2022,16,0,21,2018,257,1
721,6,2023,1,34,3,456,1.0,0,c,1,c,a,981.0,12,2018,49,0,23,2015,427,0
260,1,2023,11,9,26,1296,1.0,1,0,0,d,a,644.0,5,2021,30,0,4,2014,473,1
737,1,2024,4,51,9,1782,1.0,0,0,0,c,a,170.0,5,2000,287,1,20,2021,187,1
795,6,2023,10,36,13,3465,1.0,1,0,1,a,a,673.0,12,2014,106,0,41,2012,500,1
1114,3,2024,5,34,26,434,1.0,0,0,0,a,a,706.0,12,2019,53,0,29,2020,213,0
213,3,2023,3,8,6,845,1.0,1,0,1,d,a,1010.0,7,2001,260,1,16,2018,252,0
1039,4,2023,2,47,5,1231,1.0,0,0,1,a,a,864.0,8,2021,18,0,38,2019,217,0
359,4,2023,10,15,21,220,1.0,0,0,1,c,a,590.0,5,2002,257,1,18,2020,153,1
173,5,2024,1,7,10,3678,1.0,0,0,0,a,c,903.0,10,2002,255,1,21,2021,142,0
1007,6,2024,8,26,8,611,1.0,1,0,0,a,a,1370.0,11,2006,213,1,27,2014,500,0
637,7,2023,8,51,22,2624,1.0,1,0,1,a,c,1171.0,4,2021,28,1,5,2015,462,1
631,4,2024,3,23,8,1882,1.0,1,0,1,c,c,247.0,9,2018,66,0,27,2022,100,1
337,6,2023,10,1,1,3421,1.0,0,0,1,a,a,1563.0,7,2009,171,1,38,2017,275,0
193,5,2024,5,48,24,2328,1.0,0,0,0,a,a,1175.0,9,2012,140,1,11,2022,141,0
69,1,2024,10,35,28,3559,1.0,0,0,1,c,c,1296.0,6,2000,292,1,30,2023,57,0
959,6,2023,5,34,26,2850,1.0,1,0,0,c,a,364.0,8,2019,45,0,1,2020,189,0
23,4,2024,10,29,4,3332,1.0,1,0,1,c,a,696.0,8,2001,278,0,43,2021,142,1
572,4,2024,6,4,14,2331,1.0,1,0,1,a,c,997.0,6,2016,96,1,38,2011,500,1
298,6,2023,6,37,25,506,1.0,0,0,1,b,b,484.0,3,2008,183,1,38,2020,155,0
931,7,2023,11,8,18,2611,1.0,0,0,1,a,a,978.0,2,2018,69,0,23,2017,297,0
784,7,2024,2,11,9,1650,1.0,1,0,1,d,a,1310.0,12,2000,278,1,31,2017,344,0
88,4,2024,5,31,11,644,1.0,0,0,1,b,c,720.0,8,2006,213,1,38,2023,45,0
143,4,2024,1,27,9,1860,1.0,0,0,1,d,a,1331.0,6,2014,115,0,19,2013,500,1
181,3,2024,1,12,18,1868,1.0,0,0,0,a,c,1031.0,5,2016,92,0,21,2013,500,1
796,3,2024,2,4,19,3979,1.0,0,0,0,c,a,262.0,5,2000,285,0,17,2012,500,0
103,2,2023,9,11,21,2896,1.0,0,0,1,a,c,559.0,6,2001,267,1,20,2010,500,1
262,3,2024,10,3,8,3157,1.0,0,0,1,a,b,1152.0,6,2008,196,1,36,2012,500,1
537,6,2023,10,52,21,1432,1.0,0,0,0,c,c,510.0,12,2015,94,0,48,2017,316,0
207,3,2023,12,5,13,1841,1.0,1,0,0,a,c,1144.0,6,2014,114,1,12,2015,409,1
432,5,2024,7,37,2,1178,1.0,1,0,0,a,a,1003.0,9,2011,154,1,14,2013,500,1
339,2,2023,3,20,22,2157,1.0,0,0,0,a,a,914.0,6,2013,117,1,3,2023,17,0
464,6,2024,6,16,3,1248,1.0,1,0,1,a,c,647.0,10,2007,200,0,20,2020,204,1
31,3,2024,7,1,1,1372,1.0,1,0,0,c,a,910.0,1,2013,138,0,42,2012,500,1
409,4,2024,10,2,20,1640,1.0,0,0,1,d,a,1325.0,10,2016,96,0,19,2023,35,1
599,7,2023,6,52,3,3805,1.0,1,0,0,c,a,703.0,3,2004,231,1,1,2018,311,1
473,7,2023,1,42,15,214,1.0,0,0,0,b,a,1003.0,6,2000,271,1,11,2016,395,0
1050,3,2024,11,15,10,3492,1.0,0,0,1,a,a,1422.0,8,2006,219,0,12,2015,471,1
426,3,2023,8,31,27,3635,1.0,1,0,0,a,a,899.0,7,2017,73,1,11,2021,124,1
340,4,2023,2,47,9,1152,1.0,1,0,1,a,a,673.0,1,2019,49,1,43,2016,368,1
179,6,2024,12,17,3,982,1.0,1,0,1,c,c,670.0,7,2012,149,0,50,2020,175,0
685,7,2023,6,50,4,1184,1.0,1,0,0,a,a,195.0,2,2019,52,1,24,2016,390,0
635,3,2023,10,28,28,3455,1.0,1,0,1,a,a,457.0,3,2009,175,1,5,2019,231,0
59,5,2023,9,24,27,767,1.0,0,0,0,c,a,921.0,6,2016,87,1,50,2020,130,0
970,1,2024,4,47,4,413,1.0,0,0,1,c,b,1111.0,8,2012,140,1,37,2010,500,0
1092,6,2024,11,24,10,794,1.0,1,0,0,c,a,692.0,7,2000,292,0,43,2011,500,1
1109,4,2024,12,4,1,1260,1.0,0,0,0,c,a,1107.0,5,2006,223,0,6,2020,206,0
868,5,2024,12,8,24,2793,1.0,0,0,0,a,a,1088.0,2,2015,118,0,8,2014,500,0
131,2,2023,3,39,26,2264,1.0,1,0,0,c,b,589.0,1,2014,110,0,9,2020,186,0
1000,4,2023,2,33,20,2047,1.0,0,0,1,c,c,641.0,6,2016,80,0,52,2015,397,1
459,1,2023,7,45,15,748,1.0,1,0,1,a,a,416.0,12,2005,211,0,39,2011,500,0
964,3,2024,3,11,11,3085,1.0,0,0,1,a,a,1043.0,10,2004,233,0,44,2016,383,0
269,3,2023,8,28,9,3951,1.0,1,0,0,a,a,821.0,5,2021,27,0,33,2022,47,0
766,4,2024,9,20,20,1663,1.0,0,0,0,b,a,1086.0,3,2008,198,1,19,2023,53,1
633,7,2023,1,50,17,2333,1.0,0,0,0,a,a,802.0,5,2017,68,0,19,2016,395,1
512,5,2023,10,42,14,1334,1.0,0,0,1,b,b,538.0,6,2001,268,0,6,2019,244,1
402,7,2023,2,13,11,3266,1.0,0,0,1,a,c,1054.0,8,2020,30,1,13,2020,156,0
60,2,2023,7,39,21,2390,1.0,1,0,0,b,a,226.0,7,2019,48,0,34,2015,421,0
979,7,2023,7,38,28,1255,1.0,0,0,0,c,a,719.0,6,2016,85,1,22,2019,224,1
807,5,2024,1,21,4,1379,1.0,1,0,1,b,a,588.0,8,2006,209,1,29,2022,96,1
1043,1,2023,3,23,22,922,1.0,0,0,0,a,a,1278.0,12,2001,255,0,46,2021,81,0
577,7,2024,7,13,13,3780,1.0,1,0,0,d,a,1345.0,5,2004,242,0,7,2017,370,0
363,2,2024,6,20,19,3420,1.0,0,0,0,b,a,947.0,1,2011,161,0,38,2010,500,0
687,6,2023,6,6,23,1829,1.0,0,0,1,c,a,646.0,11,2021,19,1,51,2019,163,0
398,2,2023,9,34,10,1038,1.0,1,0,1,a,b,1336.0,10,2016,83,0,47,2019,195,1
1048,5,2024,9,27,6,958,1.0,0,0,0,a,a,610.0,8,2010,169,1,11,2016,432,1
597,6,2024,8,32,1,1655,1.0,1,0,1,d,c,405.0,1,2014,127,0,15,2014,500,0
756,1,2024,9,51,28,511,1.0,0,0,1,d,a,224.0,11,2016,94,0,33,2016,434,0
709,7,2023,11,20,23,3013,1.0,0,0,1,a,a,851.0,3,2015,104,1,25,2015,411,1
434,7,2023,3,7,21,528,1.0,1,0,1,d,a,306.0,12,2002,243,1,34,2011,500,1
839,3,2024,12,20,2,1087,1.0,0,0,1,c,a,1246.0,3,2012,153,0,35,2011,500,1
548,2,2023,6,19,26,1709,1.0,0,0,1,a,c,646.0,1,2020,41,0,9,2014,478,1
112,5,2023,12,25,4,2688,1.0,0,0,0,a,a,434.0,5,2014,115,0,46,2017,291,1
456,6,2024,8,44,9,1824,1.0,0,c,1,c,b,1155.0,6,2008,194,1,6,2010,500,0
57,1,2024,5,52,17,3832,1.0,1,0,1,a,a,1083.0,11,2012,138,1,32,2020,228,0
820,2,2024,1,33,1,1615,1.0,1,0,1,c,a,1319.0,1,2016,96,0,49,2010,500,0
757,5,2024,2,42,22,2245,1.0,0,0,1,c,a,310.0,3,2001,275,0,3,2013,500,1
1000,3,2024,8,15,26,2016,1.0,0,0,0,a,a,247.0,8,2004,240,0,23,2022,96,1
534,7,2023,9,20,12,1226,1.0,1,0,0,c,a,1288.0,7,2013,122,1,24,2012,500,0
1106,4,2023,2,46,4,2518,1.0,1,0,1,c,b,50.0,11,2002,243,0,22,2013,500,0
751,5,2023,12,19,17,3772,1.0,0,0,0,b,b,455.0,6,2010,162,1,45,2023,0,0
431,3,2024,4,20,22,925,1.0,0,0,1,a,c,837.0,8,2017,80,1,4,2010,500,0
337,5,2024,10,47,28,3682,1.0,0,0,1,c,a,421.0,3,2011,163,1,42,2013,500,0
1057,2,2024,10,42,8,3344,1.0,0,0,0,d,c,883.0,5,2018,77,0,1,2017,405,0
192,4,2024,9,41,8,2572,1.0,0,0,1,a,a,475.0,6,2001,279,0,50,2014,500,1
19,1,2023,11,38,3,2987,1.0,0,0,1,a,b,1207.0,8,2010,159,1,51,2018,247,1
125,4,2023,10,34,2,3054,1.0,1,a,1,c,c,1035.0,11,2020,35,1,39,2022,47,1
769,6,2024,2,29,21,1500,1.0,0,0,0,d,a,903.0,4,2013,130,1,44,2016,401,1
877,3,2024,5,38,7,3057,1.0,0,0,1,a,c,714.0,9,2019,56,0,9,2015,497,0
568,1,2024,7,2,9,1871,1.0,0,0,0,a,a,510.0,3,2009,184,0,8,2014,500,0
450,6,2023,7,3,13,1891,1.0,0,0,0,d,c,780.0,5,2001,266,0,11,2014,460,1
205,3,2023,7,46,3,3700,1.0,0,0,1,a,c,450.0,1,2007,198,1,19,2018,287,1
93,5,2023,3,5,22,1207,1.0,1,0,1,a,a,1395.0,4,2020,35,0,18,2010,500,1
831,6,2024,12,34,16,499,1.0,0,0,1,a,a,916.0,10,2005,230,0,9,2012,500,1
276,3,2023,9,17,12,453,1.0,1,b,0,a,c,559.0,7,2019,50,0,6,2021,115,0
1098,3,2024,10,39,7,1747,1.0,0,0,1,a,a,1290.0,11,2014,119,0,43,2016,412,1
961,4,2024,5,25,17,380,1.0,0,0,1,a,b,806.0,3,2017,86,0,37,2020,196,1
860,4,2024,8,16,21,3724,1.0,1,0,1,b,a,1240.0,6,2021,38,0,43,2021,129,1
537,1,2023,4,37,16,401,1.0,1,0,0,a,a,1231.0,2,2021,26,0,19,2013,500,0
400,1,2023,8,51,22,3195,1.0,1,0,0,a,b,951.0,4,2011,148,0,45,2015,422,1
952,1,2023,4,41,14,1108,1.0,0,0,0,a,a,439.0,1,2015,99,0,11,2018,290,0
54,3,2023,12,12,4,2970,1.0,0,0,1,a,b,646.0,3,2002,261,1,40,2019,180,1
1055,1,2023,7,47,5,628,1.0,0,0,1,d,a,1897.0,1,2002,258,1,13,2010,500,0
918,6,2023,6,52,23,3792,1.0,0,0,0,a,c,655.0,9,2021,21,0,27,2017,337,0
75,7,2024,7,15,2,380,1.0,1,0,1,a,a,743.0,12,2003,247,1,49,2013,500,1
245,6,2024,3,34,13,1558,1.0,1,0,0,a,b,678.0,1,2001,278,0,5,2016,445,0
1052,2,2024,10,39,6,2416,1.0,0,a,0,a,a,538.0,5,2001,281,1,41,2021,154,1
740,3,2023,4,33,22,2600,1.0,0,0,0,b,c,1031.0,11,2000,269,1,30,2012,500,0
414,7,2024,11,52,8,1491,1.0,1,0,1,a,c,418.0,1,2009,190,1,17,2023,87,0
930,1,2023,11,14,22,386,1.0,0,0,1,b,a,571.0,9,2001,266,0,51,2014,431,1
779,3,2024,4,11,6,3997,1.0,0,0,0,a,c,913.0,7,2003,249,0,41,2020,178,0
1031,4,2024,7,47,18,3495,1.0,0,0,0,c,a,745.0,10,2020,45,0,44,2012,500,1
450,3,2023,4,4,6,2736,1.0,1,0,1,c,a,869.0,6,2000,274,0,48,2020,112,0
656,7,2023,2,2,14,1464,1.0,0,0,1,d,a,811.0,1,2002,253,1,45,2021,61,1
686,6,2023,4,47,18,3768,1.0,1,0,1,c,a,468.0,7,2011,141,1,41,2019,214,1
48,7,2023,11,45,5,873,1.0,1,0,1,c,b,1259.0,12,2004,227,1,10,2023,35,0
747,2,2023,4,8,13,446,1.0,1,0,1,a,a,1163.0,7,2007,189,0,21,2011,500,0
800,1,2023,12,43,20,3223,1.0,0,0,1,a,a,533.0,1,2010,167,1,21,2022,74,0
149,7,2024,9,38,8,1195,1.0,0,0,1,a,c,963.0,2,2004,247,1,10,2017,392,0
905,1,2023,6,48,2,3059,1.0,0,0,1,c,a,673.0,6,2016,84,1,16,2013,500,1
481,5,2023,8,21,7,3168,1.0,1,0,0,c,c,1145.0,9,2016,83,0,41,2019,188,0
476,7,2024,11,17,12,711,1.0,0,0,1,a,a,1078.0,3,2000,296,1,31,2016,402,1
231,1,2024,1,19,5,2549,1.0,1,a,0,a,a,1197.0,5,2013,128,1,3,2020,224,1
950,5,2023,10,35,23,1917,1.0,0,0,1,a,c,536.0,12,2007,190,0,36,2020,155,0
134,7,2024,7,49,20,1576,1.0,1,0,1,d,c,414.0,12,2012,139,1,15,2019,294,0
1092,7,2023,12,49,15,1983,1.0,1,c,1,a,a,262.0,11,2015,97,1,3,2021,150,0
661,3,2024,11,19,14,3394,1.0,0,0,0,c,a,1623.0,8,2008,195,0,5,2014,500,1
264,2,2024,11,4,23,704,1.0,1,0,1,c,a,1092.0,11,2014,120,1,5,2013,500,0
759,2,2023,1,22,19,2101,1.0,1,0,0,c,c,1193.0,6,2017,67,1,13,2018,269,1
799,5,2023,6,24,20,2958,1.0,0,0,0,b,a,390.0,12,2018,54,1,34,2013,500,0
288,7,2024,11,1,11,3682,1.0,1,a,0,a,a,1011.0,5,2003,258,0,17,2021,140,1
978,7,2024,4,51,1,2317,1.0,1,0,1,a,c,304.0,11,2012,137,1,46,2022,109,1
9,3,2024,4,10,3,2279,1.0,0,0,0,d,a,957.0,7,2010,165,0,19,2016,407,1
142,4,2023,9,31,21,880,1.0,1,0,0,b,b,826.0,12,2020,33,0,3,2021,132,0
1083,6,2023,4,19,24,2433,1.0,0,0,1,c,a,731.0,6,2008,178,1,8,2015,427,0
848,5,2024,8,38,3,3881,1.0,0,a,1,a,a,657.0,11,2005,225,0,13,2022,129,0
530,1,2023,5,35,2,1376,1.0,0,0,1,a,a,1173.0,7,2018,58,1,32,2011,500,0
353,7,2023,6,48,7,2069,1.0,1,a,0,c,a,663.0,10,2009,164,1,28,2023,20,1
727,7,2023,2,4,11,503,1.0,1,0,1,c,a,1226.0,12,2004,218,0,51,2017,265,0
770,5,2023,11,15,6,1269,1.0,0,0,1,a,a,806.0,1,2012,142,0,8,2023,7,1
84,3,2023,2,19,17,250,1.0,1,0,0,a,a,932.0,5,2022,9,0,6,2019,221,1
483,6,2024,3,47,25,3552,1.0,1,0,0,a,a,985.0,1,2006,218,0,28,2020,227,0
692,2,2023,3,19,19,1297,1.0,1,0,1,d,c,958.0,4,2003,239,0,37,2014,450,0
656,2,2023,4,27,10,3749,1.0,0,0,0,c,a,889.0,1,2010,159,1,22,2019,213,1
851,7,2024,1,42,14,3430,1.0,0,0,1,c,a,1466.0,6,2010,163,0,10,2020,240,1
1017,3,2024,12,48,27,834,1.0,1,0,0,a,c,1159.0,5,2006,223,0,23,2020,233,0
53,6,2024,7,15,23,1484,1.0,1,0,1,a,a,53.0,1,2013,138,1,34,2023,33,1
594,3,2024,6,35,5,1877,1.0,0,0,0,a,a,758.0,5,2000,289,0,25,2010,500,1
584,6,2023,2,47,14,3367,1.0,1,0,0,c,a,1266.0,6,2009,164,1,9,2012,500,1
232,6,2024,8,14,3,3860,1.0,1,c,1,a,a,576.0,1,2003,259,0,4,2016,426,0
159,4,2024,2,50,24,3965,1.0,1,0,0,d,a,821.0,12,2020,38,0,47,2018,315,1
1008,3,2023,4,21,20,1975,1.0,1,0,0,c,a,844.0,4,2012,132,1,18,2018,263,0
164,5,2024,7,12,7,1838,1.0,1,0,1,a,c,1298.0,3,2014,124,0,2,2014,500,1
494,2,2024,12,42,21,739,1.0,0,0,0,a,b,506.0,1,2013,143,1,22,2011,500,0
686,3,2024,8,20,14,1855,1.0,1,0,1,a,a,549.0,2,2015,114,1,12,2013,500,0
533,1,2024,6,22,23,918,1.0,1,0,0,a,a,972.0,9,2015,105,0,11,2020,219,1
691,4,2024,8,39,1,3435,1.0,0,0,0,d,a,923.0,1,2020,55,1,35,2017,368,1
32,5,2023,9,12,13,1578,1.0,0,0,1,d,a,977.0,2,2014,115,1,35,2010,500,0
618,3,2024,7,14,17,2328,1.0,0,0,0,a,a,917.0,8,2002,263,1,36,2015,446,0
902,6,2023,5,38,3,1063,1.0,1,0,1,a,c,784.0,5,2008,180,0,46,2015,408,0
569,3,2024,11,43,12,3361,1.0,1,0,1,a,a,988.0,10,2010,169,1,24,2018,331,0
1107,2,2023,4,10,21,3042,1.0,0,0,1,a,a,882.0,9,2020,31,0,39,2021,75,1
525,1,2023,2,51,20,2868,1.0,0,0,1,a,c,745.0,9,2009,161,1,13,2019,246,1
344,6,2024,4,3,3,3407,1.0,1,0,0,a,a,801.0,1,2019,63,1,34,2023,21,0
537,6,2023,10,33,21,1623,1.0,0,0,0,a,c,658.0,8,2017,74,0,33,2015,416,1
335,4,2024,1,22,21,3820,1.0,0,0,1,a,a,608.0,11,2009,170,0,19,2021,159,0
373,2,2023,5,9,13,2653,1.0,1,0,1,a,b,987.0,10,2019,43,1,52,2010,500,0
505,5,2024,1,41,23,561,1.0,0,0,0,a,a,428.0,12,2010,157,1,49,2014,500,1
287,4,2024,11,1,18,306,1.0,0,b,1,b,a,1027.0,11,2010,168,1,34,2022,71,1
39,3,2024,4,15,28,3077,1.0,1,0,1,a,a,741.0,12,2002,256,1,10,2010,500,0
297,5,2023,3,22,21,2105,1.0,0,0,1,a,a,789.0,5,2002,250,1,10,2023,12,0
35,2,2024,9,37,28,3757,1.0,0,0,0,c,a,767.0,4,2012,149,1,34,2017,367,1
1013,1,2023,12,12,24,540,1.0,0,0,1,b,c,971.0,7,2017,77,1,48,2013,484,1
968,2,2024,1,3,10,2887,1.0,0,0,0,d,c,1264.0,3,2019,58,0,9,2010,500,1
298,3,2024,11,41,3,2296,1.0,0,0,1,a,a,1361.0,8,2018,75,1,38,2022,107,1
1000,6,2023,5,5,18,478,1.0,0,0,1,a,a,1134.0,12,2010,149,1,30,2012,500,1
418,2,2023,3,25,16,3286,1.0,1,0,1,a,a,844.0,5,2006,202,1,32,2022,45,1
416,7,2023,1,35,28,447,1.0,1,0,0,a,a,1060.0,5,2009,164,1,8,2023,27,0
563,1,2024,6,33,26,808,1.0,0,0,1,a,b,213.0,8,2003,250,0,10,2013,500,1
1018,7,2023,3,6,1,3693,1.0,1,0,0,a,a,1002.0,8,2012,127,1,23,2019,191,0
829,6,2023,3,32,8,1702,1.0,0,0,0,b,b,937.0,8,2003,235,1,16,2016,380,0
709,1,2023,3,1,15,3361,1.0,1,0,1,a,a,357.0,5,2017,70,0,34,2018,227,1
867,4,2024,2,2,18,2275,1.0,0,0,1,a,c,646.0,1,2002,265,1,25,2011,500,1
977,5,2024,10,13,12,2019,1.0,0,0,1,a,c,903.0,3,2009,187,1,33,2016,396,1
805,4,2023,5,37,8,967,1.0,1,0,1,c,c,935.0,2,2006,207,1,31,2016,370,1
523,7,2023,10,12,13,685,1.0,1,0,0,a,b,1107.0,2,2014,116,1,51,2017,273,1
338,1,2023,7,43,23,325,1.0,1,0,0,a,a,1321.0,9,2016,82,0,19,2014,492,1
520,4,2024,1,8,27,317,1.0,0,0,1,d,a,775.0,2,2008,191,0,20,2016,404,0
182,4,2024,5,25,21,205,1.0,0,0,1,a,a,479.0,1,2006,220,0,34,2012,500,1
677,5,2024,2,26,5,3811,1.0,0,0,1,c,a,1067.0,3,2021,35,0,30,2014,500,1
911,2,2024,4,31,27,1170,1.0,1,0,1,c,c,1206.0,7,2019,57,0,9,2017,386,0
32,4,2023,10,20,15,3549,1.0,0,0,0,a,c,1200.0,1,2019,57,0,14,2018,266,0
976,1,2023,4,8,20,1365,1.0,1,0,1,c,c,961.0,1,2007,195,0,43,2011,500,0
712,1,2024,3,38,19,2141,1.0,0,0,1,c,b,1420.0,11,2000,280,1,5,2018,345,0
1018,4,2024,2,35,14,1966,1.0,1,0,0,c,a,738.0,10,2016,88,1,9,2014,500,1
790,6,2023,2,35,15,3358,1.0,0,0,0,a,c,1300.0,3,2004,227,0,38,2013,500,1
958,5,2023,3,49,16,3423,1.0,1,0,0,a,a,472.0,7,2004,224,1,50,2022,51,0
838,7,2023,11,47,4,661,1.0,0,0,1,a,a,140.0,10,2018,61,1,45,2020,158,1
403,1,2024,7,38,22,1782,1.0,0,0,0,a,a,467.0,3,2002,268,0,38,2019,260,0
602,4,2024,10,23,9,3545,1.0,0,0,1,a,b,648.0,7,2019,63,0,15,2015,476,0
172,1,2023,2,1,21,517,1.0,0,0,1,a,b,820.0,11,2005,207,1,41,2021,64,1
935,3,2024,8,12,1,3307,1.0,0,0,1,a,a,540.0,1,2007,211,1,20,2015,460,0
748,6,2024,10,17,4,1440,1.0,1,0,1,d,c,858.0,2,2014,128,1,18,2013,500,0
652,5,2023,10,16,8,2869,1.0,0,0,0,c,a,1014.0,11,2015,95,0,15,2016,365,0
725,2,2023,9,50,9,1362,1.0,1,0,0,a,a,926.0,11,2015,94,1,17,2017,345,1
781,1,2023,10,4,3,2220,1.0,1,0,0,a,a,779.0,9,2011,145,0,33,2018,231,0
277,2,2024,12,35,20,2365,1.0,1,0,0,a,a,1181.0,12,2014,120,1,43,2014,500,0
684,3,2023,5,26,2,1093,1.0,0,0,0,a,a,580.0,9,2008,176,0,35,2017,303,1
692,7,2024,4,17,3,2664,1.0,0,0,0,a,b,748.0,8,2009,176,1,44,2016,389,0
769,3,2024,2,39,18,568,1.0,1,0,1,c,a,655.0,1,2002,265,0,14,2013,500,0
1114,2,2024,3,32,19,201,1.0,0,0,0,a,a,1016.0,11,2012,136,1,31,2018,313,1
376,2,2024,5,44,19,2739,1.0,0,b,0,c,a,692.0,4,2007,205,0,36,2014,500,0
188,5,2023,1,9,25,2251,1.0,0,0,0,d,c,940.0,10,2021,15,0,21,2015,404,0
1107,2,2024,10,15,23,2445,1.0,0,0,1,a,c,1065.0,1,2022,33,1,42,2023,25,0
423,6,2024,5,49,11,1135,1.0,0,0,1,a,c,668.0,6,2001,275,1,30,2017,383,1
318,1,2023,4,46,19,367,1.0,1,0,0,a,c,340.0,8,2014,104,0,15,2017,343,0
437,3,2023,12,21,7,3093,1.0,0,0,1,b,a,752.0,2,2001,274,0,37,2018,244,0
881,2,2023,1,22,24,1289,1.0,1,0,0,a,a,581.0,5,2008,176,0,3,2011,500,0
239,4,2024,8,10,24,1482,1.0,1,0,0,a,c,627.0,1,2011,163,1,42,2011,500,1
23,3,2023,8,5,16,3517,1.0,0,0,0,a,c,79.0,6,2006,206,0,11,2015,410,1
879,4,2024,12,4,14,3679,1.0,1,0,1,d,c,334.0,2,2018,82,1,24,2010,500,0
573,3,2024,5,1,18,1562,1.0,1,0,0,a,a,1060.0,3,2000,290,0,40,2014,481,0
789,2,2023,11,2,24,1709,1.0,1,a,1,a,a,539.0,7,2020,40,1,42,2011,500,1
296,5,2023,9,20,26,3902,1.0,1,0,1,a,a,1167.0,6,2022,15,1,19,2018,261,1
242,3,2023,5,34,3,1531,1.0,1,0,0,a,a,605.0,1,2016,88,1,34,2022,52,0
516,7,2023,7,34,17,2344,1.0,1,0,1,b,a,966.0,10,2022,9,1,5,2010,500,1
957,7,2024,6,36,6,710,1.0,1,0,0,d,c,744.0,6,2005,228,1,44,2023,44,1
821,2,2023,8,34,2,3522,1.0,0,0,0,b,c,1015.0,4,2014,112,0,13,2016,385,1
475,2,2023,4,35,1,864,1.0,1,0,1,c,a,744.0,4,2017,72,1,42,2012,500,0
184,7,2023,4,21,3,1394,1.0,0,b,0,b,c,884.0,2,2007,194,0,27,2014,462,0
615,6,2023,9,17,13,2761,1.0,0,0,1,a,b,1189.0,11,2005,214,0,22,2014,463,0
62,4,2024,12,23,24,3471,1.0,0,0,0,d,a,961.0,10,2008,194,1,18,2014,500,0
764,4,2023,7,42,25,2371,1.0,1,0,0,d,b,614.0,2,2000,281,0,40,2014,470,0
483,2,2024,4,29,22,3446,1.0,0,0,1,a,a,258.0,11,2012,137,0,16,2023,65,1
975,5,2024,1,44,19,2290,1.0,1,0,1,a,a,787.0,9,2003,244,1,32,2018,324,0
1080,7,2024,12,18,18,2007,1.0,0,0,0,b,a,949.0,9,2007,207,1,2,2012,500,0
253,4,2023,12,32,1,705,1.0,1,a,1,d,c,866.0,1,2022,23,1,35,2014,465,0
130,4,2023,3,34,24,1589,1.0,1,0,1,b,a,557.0,4,2001,263,1,7,2014,495,1
661,5,2023,10,33,1,602,1.0,1,0,0,a,c,865.0,7,2016,87,0,12,2023,21,0
55,6,2023,9,6,23,1207,1.0,0,0,1,a,a,1018.0,9,2005,216,0,38,2022,20,1
749,4,2024,12,11,21,1865,1.0,1,a,1,a,a,1238.0,5,2003,259,0,41,2012,500,1
980,4,2024,7,33,8,3776,1.0,1,0,1,d,c,752.0,10,2012,141,0,6,2019,287,1
989,4,2024,3,45,3,3822,1.0,1,0,0,c,a,1557.0,7,2007,200,0,7,2016,454,1
856,1,2024,5,26,25,2390,1.0,0,0,0,c,b,1256.0,11,2015,102,1,7,2013,500,1
862,6,2023,10,5,7,1797,1.0,0,0,0,a,c,870.0,1,2020,45,1,11,2013,500,0
280,3,2023,3,46,15,1530,1.0,0,0,1,a,a,898.0,4,2016,83,0,14,2019,240,1
1020,7,2024,8,42,20,3634,1.0,0,0,1,c,a,1237.0,7,2016,97,1,19,2015,491,0
842,3,2023,10,43,13,1604,1.0,0,0,0,a,b,531.0,10,2014,108,0,28,2010,500,0
84,2,2023,2,22,7,3876,1.0,1,0,1,a,a,579.0,7,2005,211,0,40,2012,500,0
661,7,2024,7,34,14,1930,1.0,0,0,1,c,a,434.0,4,2010,171,1,5,2010,500,0
475,1,2023,4,6,14,622,1.0,0,c,1,b,c,743.0,11,2022,5,0,22,2011,500,0
174,6,2024,6,2,13,1734,1.0,0,0,1,a,c,562.0,1,2012,149,0,2,2012,500,0
342,6,2023,3,4,12,3712,1.0,0,0,0,a,a,714.0,1,2013,122,0,33,2022,23,0
1044,2,2024,4,23,2,1675,1.0,0,0,0,a,a,810.0,5,2014,119,1,47,2014,496,1
555,2,2023,2,52,10,2941,1.0,0,0,1,c,c,406.0,2,2012,132,0,48,2018,264,0
172,3,2024,5,3,11,3975,1.0,0,0,0,a,a,1230.0,4,2002,265,1,4,2022,103,0
905,7,2023,8,30,8,561,1.0,0,0,0,a,c,1178.0,12,2013,116,0,38,2019,200,0
269,3,2023,4,40,4,3567,1.0,1,0,1,b,c,682.0,6,2003,238,0,42,2023,0,1
550,1,2024,11,24,12,2965,1.0,0,0,1,a,a,1265.0,6,2016,101,1,44,2015,448,1
145,3,2024,8,3,26,2702,1.0,1,0,0,c,c,937.0,5,2020,51,0,3,2010,500,1
40,1,2023,12,49,6,2074,1.0,0,0,1,a,a,1150.0,9,2006,207,1,7,2012,500,0
1093,4,2023,9,47,20,2802,1.0,1,0,1,a,a,413.0,5,2006,208,1,20,2023,27,0
748,2,2024,3,25,27,731,1.0,1,0,1,c,c,719.0,4,2000,287,0,4,2023,73,1
671,2,2024,7,44,27,3730,1.0,0,0,1,a,a,1008.0,1,2007,210,1,18,2018,338,0
12,1,2024,9,45,9,1104,1.0,0,0,1,d,a,771.0,8,2014,121,0,13,2014,500,1
681,1,2023,6,34,4,780,1.0,0,0,1,a,a,767.0,10,2004,224,1,45,2012,500,0
109,6,2023,1,45,21,2891,1.0,0,0,0,b,a,787.0,6,2010,151,1,47,2020,154,1
171,7,2024,3,37,9,492,1.0,0,0,0,a,a,932.0,4,2018,71,1,16,2015,489,1
812,3,2024,3,40,9,1412,1.0,1,0,1,a,a,853.0,10,2018,65,0,38,2022,106,0
573,1,2023,5,6,21,1129,1.0,0,0,1,a,a,1287.0,12,2000,269,1,2,2019,212,0
927,7,2023,11,5,8,3817,1.0,1,0,1,a,a,523.0,6,2021,29,0,20,2017,297,0
399,3,2023,1,9,15,1160,1.0,0,b,0,d,a,848.0,3,2019,46,1,48,2021,65,1
355,3,2024,12,50,14,3316,1.0,0,0,0,c,a,1031.0,9,2014,123,0,48,2015,470,1
921,6,2024,7,22,24,2407,1.0,0,0,1,b,b,447.0,8,2018,71,0,21,2018,313,1
635,5,2024,12,33,21,2305,1.0,1,0,0,d,c,717.0,4,2013,140,1,35,2013,500,1
1020,6,2024,9,30,11,2809,1.0,0,c,0,a,c,872.0,10,2009,179,0,3,2023,79,1
611,5,2024,6,22,1,2577,1.0,1,0,1,a,a,1271.0,3,2014,123,0,42,2010,500,0
208,1,2024,2,37,7,1184,1.0,1,a,1,c,a,861.0,1,2020,49,0,13,2013,500,0
62,3,2023,9,40,5,3692,1.0,0,0,1,a,a,1047.0,3,2001,270,1,5,2011,500,1
244,5,2023,8,50,22,338,1.0,1,0,0,c,a,1067.0,9,2016,83,1,28,2023,22,0
608,7,2024,5,4,22,1418,1.0,0,0,0,a,c,50.0,7,2008,190,1,44,2019,220,1
731,5,2024,10,19,2,1356,1.0,0,0,1,a,a,844.0,9,2019,61,1,33,2013,500,0
13,3,2023,9,10,10,3274,1.0,1,0,0,b,c,689.0,6,2015,99,0,26,2022,36,1
300,7,2023,4,29,5,2040,1.0,0,0,1,a,a,1271.0,2,2002,254,1,15,2020,170,1
915,4,2024,2,36,24,1905,1.0,0,0,0,a,b,1030.0,9,2012,137,1,5,2020,239,1
442,1,2023,8,10,21,252,1.0,0,0,0,c,a,1082.0,9,2019,47,1,2,2017,320,1
835,3,2024,2,33,4,3511,1.0,0,0,1,a,a,976.0,11,2018,63,1,3,2014,500,1
417,6,2024,7,3,20,1742,1.0,0,0,1,a,b,851.0,2,2015,113,1,18,2023,37,0
317,4,2024,12,28,23,447,1.0,1,0,1,c,a,1071.0,1,2002,275,1,30,2011,500,0
772,4,2024,9,51,2,1211,1.0,0,0,1,a,a,814.0,4,2022,29,0,1,2013,500,0
293,1,2023,4,36,18,2928,1.0,1,0,1,a,c,1205.0,10,2014,102,0,31,2012,500,1
736,5,2023,12,41,15,280,1.0,1,0,1,b,c,499.0,2,2018,70,1,39,2020,158,1
212,3,2023,11,50,5,3272,1.0,1,0,0,c,a,1131.0,11,2019,48,0,10,2022,92,0
839,1,2023,6,28,26,1951,1.0,1,c,0,a,c,711.0,12,2022,6,1,23,2021,109,0
1063,7,2024,1,7,1,2530,1.0,0,0,0,c,a,1024.0,9,2015,100,1,16,2013,500,1
1012,3,2024,11,31,14,3028,1.0,0,0,0,a,c,348.0,12,2012,143,1,41,2017,354,1
944,6,2024,10,18,25,1315,1.0,1,0,1,a,a,901.0,9,2001,277,0,21,2017,361,1
11,5,2024,12,50,9,2215,1.0,0,0,1,a,c,775.0,2,2003,262,1,42,2023,60,0
935,7,2024,12,16,9,762,1.0,0,0,1,c,a,806.0,12,2015,108,1,1,2023,67,1
695,4,2024,6,28,21,2115,1.0,0,0,0,a,c,290.0,10,2021,32,1,47,2014,500,0
520,5,2023,1,49,7,3008,1.0,1,0,1,c,c,830.0,11,2019,38,1,51,2023,0,1
899,7,2023,5,39,15,765,1.0,1,0,0,a,c,859.0,2,2019,51,1,36,2022,55,1
905,5,2023,5,10,6,686,1.0,1,b,1,c,a,286.0,5,2003,240,1,44,2013,486,0
1042,5,2024,4,46,2,607,1.0,1,0,0,d,c,475.0,3,2010,169,0,38,2020,216,1
660,7,2024,10,20,10,3408,1.0,0,0,1,a,a,867.0,8,2014,122,1,14,2023,58,0
783,3,2024,10,37,4,3543,1.0,0,0,0,a,a,942.0,8,2014,122,0,8,2013,500,1
334,4,2023,1,48,15,2104,1.0,0,0,1,a,c,805.0,7,2011,138,1,44,2014,472,1
751,6,2024,11,51,14,2339,1.0,0,0,1,d,a,833.0,2,2021,45,1,1,2022,154,1
480,7,2024,4,35,14,1651,1.0,0,0,0,b,a,828.0,2,2005,230,1,32,2021,159,1
719,6,2023,3,39,28,2150,1.0,0,0,1,d,c,657.0,12,2019,39,1,2,2021,141,0
457,3,2024,4,2,24,1099,1.0,1,0,0,a,c,767.0,3,2010,169,0,10,2013,500,1
198,6,2024,1,50,13,1984,1.0,0,0,1,c,a,400.0,12,2014,109,1,17,2013,500,0
393,5,2023,2,50,6,262,1.0,0,c,0,d,a,645.0,7,2009,163,0,42,2010,500,1
374,4,2024,4,12,6,2170,1.0,1,0,1,a,a,807.0,1,2008,195,1,6,2020,214,1
271,4,2024,2,4,21,3640,1.0,0,0,0,a,b,1191.0,6,2013,128,0,6,2021,154,0
117,6,2023,3,50,24,2875,1.0,0,0,0,a,c,784.0,11,2012,124,0,13,2021,141,0
445,1,2023,3,28,26,2496,1.0,1,0,0,a,a,1438.0,7,2017,68,0,23,2016,369,1
563,7,2023,10,10,26,1101,1.0,1,0,0,c,a,1399.0,12,2001,262,0,16,2011,500,0
669,2,2024,3,13,2,2863,1.0,0,0,0,d,b,841.0,10,2002,257,0,40,2023,25,1
686,5,2023,12,35,24,3737,1.0,0,0,1,c,a,696.0,11,2008,181,1,26,2022,61,1
219,7,2023,12,33,22,3900,1.0,0,0,1,a,a,1500.0,10,2004,230,1,47,2014,454,1
163,2,2024,5,32,5,3806,1.0,1,a,1,d,a,1044.0,9,2016,92,0,47,2020,193,0
159,5,2023,1,15,8,1031,1.0,0,a,1,c,b,952.0,4,2014,105,1,15,2015,416,1
761,4,2023,4,40,28,1036,1.0,0,0,1,a,a,604.0,8,2003,236,0,39,2021,105,0
770,1,2024,2,43,13,438,1.0,0,0,1,c,b,692.0,4,2002,262,0,32,2017,375,1
574,5,2024,1,3,20,3650,1.0,1,0,1,a,c,520.0,8,2019,53,1,34,2023,21,0
587,7,2024,10,30,2,2041,1.0,1,0,1,a,a,1266.0,8,2015,110,1,44,2021,142,1
713,7,2023,2,37,18,2387,1.0,0,0,1,c,a,970.0,10,2020,28,0,10,2019,235,0
393,7,2023,10,17,9,1800,1.0,1,0,1,a,a,727.0,5,2015,101,1,46,2010,500,0
832,4,2024,9,37,22,2736,1.0,0,0,0,c,c,678.0,4,2009,185,1,30,2016,423,1
1013,5,2024,6,46,4,442,1.0,1,a,0,a,c,523.0,12,2007,198,1,1,2018,357,1
266,2,2024,4,47,28,1442,1.0,1,0,0,a,b,799.0,4,2019,60,0,21,2017,390,0
515,2,2023,5,41,7,1994,1.0,0,0,1,b,a,871.0,8,2022,9,1,5,2013,500,0
353,7,2024,4,37,12,774,1.0,1,0,1,a,c,137.0,11,2009,173,0,18,2018,331,1
370,3,2024,5,26,1,2257,1.0,1,0,0,a,a,531.0,4,2010,169,1,10,2013,500,1
435,6,2024,4,5,3,2837,1.0,0,0,0,a,a,617.0,5,2009,179,1,35,2023,22,0
242,7,2023,12,26,27,643,1.0,1,0,1,a,c,1146.0,2,2022,22,1,1,2011,500,0
389,5,2023,12,41,20,3344,1.0,0,0,1,a,b,654.0,3,2002,261,1,5,2013,500,1
361,1,2023,11,25,26,2841,1.0,1,0,1,b,a,282.0,9,2004,230,1,47,2010,500,1
908,7,2024,11,49,24,478,1.0,1,0,1,a,a,490.0,2,2018,81,0,22,2012,500,0
306,2,2024,4,29,19,1513,1.0,1,0,1,c,c,1337.0,4,2021,36,0,4,2014,500,1
109,7,2023,11,1,19,3037,1.0,1,0,1,c,a,708.0,2,2006,213,0,41,2023,0,0
967,2,2024,6,45,10,2344,1.0,0,0,1,a,a,508.0,3,2013,135,0,48,2019,257,0
1007,3,2024,2,24,20,287,1.0,0,0,1,a,a,318.0,10,2006,208,0,17,2012,500,0
995,6,2023,9,4,27,2620,1.0,0,0,1,a,b,827.0,4,2022,17,1,16,2015,404,0
205,1,2024,12,36,7,1314,1.0,0,0,0,c,c,859.0,6,2001,282,1,30,2012,500,1
461,3,2023,10,21,28,1561,1.0,0,0,0,a,a,952.0,9,2013,121,1,4,2011,500,1
325,7,2024,1,41,15,393,1.0,0,a,0,a,b,1638.0,12,2013,121,0,52,2018,301,1
291,7,2024,2,40,23,2994,1.0,0,0,1,d,a,449.0,8,2021,30,1,20,2016,436,0
1023,4,2024,2,50,10,1272,1.0,0,0,0,a,b,709.0,5,2013,129,0,14,2012,500,1
146,6,2023,12,51,20,2690,1.0,0,0,0,a,b,908.0,2,2008,190,1,38,2021,117,0
675,6,2023,7,40,16,1842,1.0,0,0,0,b,b,689.0,6,2011,145,1,21,2023,19,0
799,7,2023,10,8,10,418,1.0,1,0,0,a,c,200.0,8,2014,110,0,8,2021,104,1
77,4,2023,2,43,1,614,1.0,0,0,1,c,a,973.0,1,2019,49,1,25,2022,70,0
981,3,2024,7,3,25,709,1.0,1,0,0,d,a,631.0,8,2000,287,0,50,2018,265,1
252,7,2024,5,24,20,316,1.0,0,0,0,a,c,501.0,1,2016,100,1,26,2013,500,1
459,4,2023,7,42,14,370,1.0,0,0,1,d,a,552.0,10,2013,117,1,10,2017,344,0
604,5,2024,9,47,16,295,1.0,1,0,1,c,c,1285.0,12,2004,237,1,12,2012,500,0
976,5,2023,7,51,18,3504,1.0,1,0,0,a,a,1210.0,2,2008,185,1,47,2015,420,1
1102,6,2023,1,7,1,3720,1.0,0,0,0,c,a,493.0,12,2012,121,0,40,2015,383,0
276,7,2023,10,38,5,1526,1.0,1,0,1,a,a,300.0,4,2018,66,1,1,2016,401,1
456,3,2024,11,5,28,514,1.0,0,0,0,a,a,1090.0,1,2019,70,1,12,2021,149,1
679,3,2023,7,29,1,2216,1.0,1,0,1,c,c,1437.0,10,2011,141,0,39,2020,146,0
459,7,2023,3,19,4,2900,1.0,0,0,0,a,b,1520.0,4,2016,83,0,16,2019,211,0
91,3,2023,10,13,28,2207,1.0,0,0,1,d,a,395.0,6,2012,136,1,26,2016,351,0
870,5,2023,8,39,22,1756,1.0,0,0,1,a,c,1227.0,12,2015,92,0,46,2010,500,1
628,5,2023,11,50,18,1997,1.0,0,a,1,b,c,818.0,11,2022,12,0,40,2021,114,1
144,4,2023,8,19,26,579,1.0,0,0,0,c,a,241.0,7,2002,253,0,35,2012,500,0
713,5,2024,9,38,20,1718,1.0,1,a,1,c,a,562.0,9,2020,48,1,35,2018,315,0
1011,6,2023,10,40,3,616,1.0,1,0,0,a,c,584.0,4,2004,234,0,13,2012,500,1
719,2,2023,1,37,2,1512,1.0,0,0,0,a,a,963.0,1,2021,24,0,11,2015,442,1
532,2,2024,3,18,25,651,1.0,0,0,0,c,c,410.0,9,2009,174,1,43,2012,500,1
869,4,2023,6,46,12,1184,1.0,0,0,1,a,a,1103.0,6,2003,240,1,3,2022,95,0
303,7,2023,9,37,10,968,1.0,0,0,0,b,c,963.0,12,2001,261,1,34,2015,419,1
106,3,2024,4,46,8,1098,1.0,1,b,1,a,c,1126.0,4,2020,48,0,22,2022,128,1
547,4,2023,6,13,23,783,1.0,1,0,0,c,a,622.0,3,2016,87,1,2,2016,375,0
311,3,2024,1,5,24,2654,1.0,1,0,0,a,a,939.0,10,2009,171,1,31,2015,442,1
547,6,2024,8,36,18,1252,1.0,0,0,0,c,b,509.0,7,2021,37,1,7,2015,497,1
773,1,2024,8,2,14,2869,1.0,0,0,1,c,a,1023.0,2,2019,66,0,45,2020,165,1
944,5,2023,7,11,17,2128,1.0,0,0,0,b,a,749.0,8,2004,227,0,13,2020,154,1
661,5,2024,7,12,11,1125,1.0,1,0,1,a,a,778.0,11,2011,152,0,13,2023,51,1
679,2,2024,12,11,11,959,1.0,0,0,0,a,c,810.0,8,2014,124,0,36,2010,500,1
1059,2,2024,1,48,5,719,1.0,1,0,0,a,a,298.0,9,2015,100,0,16,2018,344,1
1013,5,2023,9,46,14,3496,1.0,0,0,0,a,a,1177.0,2,2011,151,1,20,2013,500,1
875,1,2024,8,28,11,3133,1.0,1,0,1,a,a,845.0,8,2005,228,0,18,2023,62,1
1014,2,2024,6,36,8,2382,1.0,1,0,1,a,a,1178.0,9,2005,225,0,27,2013,500,0
526,4,2023,3,34,11,480,1.0,1,0,0,d,c,1156.0,7,2004,224,1,38,2011,500,1
856,1,2023,12,46,20,2366,1.0,1,0,0,c,a,576.0,12,2011,144,1,41,2015,421,0
596,1,2024,12,18,23,2296,1.0,1,0,1,a,b,739.0,12,2012,144,1,7,2023,63,1
686,5,2024,5,37,23,3848,1.0,0,0,0,c,a,355.0,7,2021,34,0,25,2018,324,1
736,5,2024,9,23,24,2045,1.0,0,0,1,a,c,1188.0,11,2003,250,1,28,2019,255,0
88,7,2024,2,27,28,592,1.0,0,0,1,a,c,917.0,1,2010,169,0,50,2018,289,0
12,5,2023,1,16,11,2846,1.0,0,0,1,a,c,880.0,12,2014,97,1,31,2012,500,1
1063,1,2023,12,40,26,1934,1.0,1,0,1,c,a,737.0,2,2009,178,1,44,2022,48,1
407,4,2024,11,49,12,3225,1.0,0,0,1,a,a,529.0,10,2000,289,0,28,2011,500,1
57,1,2024,1,52,24,3951,1.0,1,0,0,a,a,1205.0,6,2015,103,0,27,2014,500,0
136,1,2024,1,22,28,3703,1.0,0,0,1,a,c,1422.0,5,2004,236,0,29,2020,201,1
44,2,2023,2,5,22,2441,1.0,1,0,0,c,c,1216.0,11,2016,75,0,6,2022,51,1
267,1,2024,1,44,11,1240,1.0,0,0,1,c,a,770.0,3,2006,214,0,23,2013,500,0
814,7,2024,5,2,11,2301,1.0,1,0,1,b,a,937.0,7,2015,106,0,50,2023,4,1
925,5,2023,5,9,18,346,1.0,1,0,0,d,a,1141.0,4,2003,241,0,52,2010,500,1
70,5,2024,8,47,28,2678,1.0,1,0,1,a,a,848.0,4,2014,124,1,10,2017,401,1
612,1,2023,2,17,4,2363,1.0,0,0,1,b,a,1403.0,12,2002,242,0,24,2012,500,1
738,1,2023,11,29,8,3446,1.0,0,0,1,d,b,1195.0,2,2006,213,1,43,2022,38,0
960,1,2024,10,10,13,1655,1.0,0,0,0,a,c,1656.0,12,2017,82,0,44,2011,500,1
1010,5,2023,9,14,23,3059,1.0,0,a,0,a,a,878.0,1,2006,212,0,34,2018,240,0
992,6,2024,12,16,7,1887,1.0,0,b,1,a,a,96.0,3,2009,189,0,29,2012,500,1
800,5,2024,3,12,13,2343,1.0,0,0,1,c,a,842.0,5,2009,178,1,46,2011,500,1
899,2,2023,10,35,7,3394,1.0,0,0,0,a,a,706.0,3,2005,223,0,32,2017,315,1
831,2,2024,6,36,20,1478,1.0,0,0,1,a,b,872.0,4,2013,134,0,42,2013,500,0
850,4,2023,5,8,7,1571,1.0,0,0,0,c,a,1355.0,8,2007,189,0,43,2017,277,0
1006,4,2023,9,51,3,1876,1.0,1,0,1,a,a,657.0,1,2012,140,0,14,2014,500,0
186,1,2023,4,28,14,2249,1.0,0,0,0,c,a,571.0,7,2018,57,0,52,2016,340,1
97,4,2024,1,38,1,395,1.0,0,0,1,c,c,626.0,5,2017,80,0,20,2012,500,1
301,2,2023,5,1,9,715,1.0,0,0,0,c,c,1466.0,7,2005,214,0,8,2020,149,1
1061,2,2023,10,21,28,2219,1.0,1,0,1,a,a,682.0,5,2015,101,0,13,2022,60,1
786,7,2024,2,52,23,3211,1.0,0,0,1,a,a,898.0,11,2017,75,0,31,2010,500,1
525,1,2024,11,45,18,438,1.0,0,b,0,d,c,1374.0,4,2012,151,0,48,2015,465,0
336,6,2024,11,2,13,2061,1.0,0,0,0,a,a,1019.0,7,2016,100,0,10,2022,96,0
223,1,2023,6,36,23,3331,1.0,1,0,0,c,c,144.0,6,2009,168,1,36,2023,0,0
419,2,2024,3,40,2,1438,1.0,0,0,1,a,a,675.0,7,2001,272,1,3,2023,89,0
1061,7,2024,10,8,13,3862,1.0,1,0,0,d,a,624.0,5,2013,137,1,27,2011,500,0
1045,2,2023,4,46,13,1861,1.0,1,0,0,a,a,297.0,8,2020,32,1,47,2023,0,1
1085,1,2023,3,10,1,2829,1.0,0,0,1,c,c,677.0,3,2011,144,0,34,2011,500,1
788,4,2023,9,52,3,1111,1.0,1,0,0,a,a,50.0,7,2012,134,0,52,2013,500,1
654,2,2024,4,1,13,3587,1.0,1,0,1,a,a,918.0,11,2015,101,0,50,2016,367,0
119,5,2024,8,34,5,2337,1.0,0,0,0,a,a,822.0,7,2019,61,0,36,2022,102,0
661,4,2023,3,13,28,1968,1.0,0,0,0,a,c,608.0,3,2011,144,0,1,2016,376,0
805,5,2023,12,32,4,1057,1.0,0,0,1,a,c,277.0,9,2007,195,0,22,2020,166,0
469,1,2024,3,40,1,3157,1.0,1,0,1,a,a,1238.0,4,2014,119,0,7,2017,397,0
886,2,2024,12,29,23,1562,1.0,1,0,0,d,b,649.0,11,2015,109,0,40,2016,405,0
658,1,2024,10,39,12,3804,1.0,1,0,0,c,a,1149.0,10,2015,108,0,9,2011,500,1
1019,7,2023,6,40,13,529,1.0,1,0,1,c,a,782.0,12,2013,114,0,52,2023,0,0
120,1,2024,9,18,8,3978,1.0,0,0,1,a,a,1258.0,11,2022,22,0,33,2011,500,1
764,6,2023,12,46,1,1340,1.0,0,0,0,a,a,995.0,9,2006,207,0,48,2013,500,0
384,7,2023,8,5,21,234,1.0,1,0,1,a,a,853.0,8,2007,192,0,43,2021,66,1
107,5,2024,12,28,15,1650,1.0,0,0,0,a,c,568.0,4,2019,68,0,45,2018,295,1
340,6,2023,12,40,12,1458,1.0,0,0,1,d,a,1210.0,5,2004,235,0,3,2014,500,1
854,7,2024,11,38,6,3157,1.0,1,0,1,a,b,758.0,11,2018,72,0,27,2012,500,0
207,7,2023,12,17,4,3906,1.0,1,0,0,a,c,576.0,8,2005,220,1,47,2012,500,0
732,3,2024,12,51,21,2664,1.0,0,c,0,d,a,773.0,9,2015,111,1,12,2013,500,0
225,6,2023,1,52,2,2529,1.0,1,0,0,c,a,806.0,3,2019,46,1,20,2021,136,1
509,3,2023,8,6,27,648,1.0,0,0,1,a,c,1082.0,5,2019,51,0,7,2021,103,1
163,1,2023,9,6,16,1127,1.0,0,0,1,a,a,255.0,4,2013,125,1,27,2019,187,1
848,3,2024,2,31,5,2487,1.0,1,0,0,a,c,1535.0,8,2005,222,0,4,2018,339,1
973,7,2024,8,10,25,2769,1.0,1,0,0,a,a,959.0,7,2007,205,0,5,2014,500,0
586,2,2024,11,4,8,1881,1.0,0,0,1,c,c,815.0,6,2016,101,1,18,2019,246,1
438,5,2024,9,43,9,3356,1.0,0,0,0,b,a,953.0,10,2014,119,1,42,2023,53,0
1040,1,2024,4,23,20,1779,1.0,0,0,0,c,a,361.0,11,2006,209,0,3,2015,488,0
1056,4,2023,6,45,4,3514,1.0,1,0,0,a,c,857.0,12,2013,114,0,44,2017,313,1
1039,7,2023,12,38,18,595,1.0,0,0,1,c,a,1015.0,5,2021,31,0,36,2022,54,0
874,7,2024,4,35,8,3482,1.0,0,0,0,a,a,732.0,6,2001,274,1,50,2012,500,1
252,7,2024,7,20,24,2421,1.0,0,0,0,c,a,977.0,6,2012,145,0,43,2016,393,1
179,6,2023,11,39,14,3833,1.0,0,0,1,c,a,1058.0,12,2012,131,1,39,2019,208,0
492,4,2023,6,6,19,863,1.0,0,0,1,a,a,601.0,10,2019,44,1,42,2014,432,1
634,1,2024,2,17,13,643,1.0,0,0,0,a,a,1195.0,12,2005,218,0,38,2011,500,1
222,5,2023,10,44,6,1260,1.0,1,0,0,c,a,802.0,3,2004,235,1,5,2012,500,0
163,4,2023,5,36,10,2374,1.0,0,0,0,b,a,1392.0,7,2010,154,1,34,2022,54,0
369,2,2024,5,13,24,3314,1.0,0,0,1,b,a,1213.0,7,2007,202,1,11,2013,500,1
392,5,2024,11,45,15,3197,1.0,0,0,0,d,a,942.0,6,2020,53,1,9,2022,140,1
249,1,2023,2,27,5,417,1.0,0,a,1,a,a,576.0,6,2017,68,1,51,2021,80,0
515,2,2024,9,39,2,1909,1.0,0,0,1,a,b,787.0,11,2009,178,1,48,2018,303,1
571,4,2023,10,8,3,3162,1.0,1,0,0,a,c,1122.0,5,2008,185,1,52,2014,424,1
109,2,2023,11,8,23,3060,1.0,1,0,1,a,a,652.0,6,2000,281,1,1,2015,423,0
1,5,2024,4,52,27,1680,1.0,1,0,1,b,c,950.0,2,2002,266,0,51,2014,500,1
41,6,2024,1,48,15,1740,1.0,0,0,1,a,c,984.0,8,2012,137,0,1,2015,500,0
883,5,2024,11,20,17,1281,1.0,1,0,0,a,a,786.0,1,2015,118,1,49,2015,439,0
900,1,2023,2,49,15,1252,1.0,0,0,0,a,a,573.0,9,2018,53,0,7,2015,458,0
178,5,2023,11,43,10,2116,1.0,0,0,0,a,a,1299.0,8,2002,255,1,8,2014,500,0
1051,7,2023,9,15,22,1954,1.0,0,0,0,d,a,963.0,12,2003,237,1,3,2015,428,0
306,7,2023,5,20,8,1209,1.0,0,a,1,c,c,729.0,7,2012,130,0,42,2017,290,1
999,2,2023,5,28,21,376,1.0,0,0,0,c,a,583.0,9,2002,248,1,42,2017,298,0
196,2,2023,9,19,3,3403,1.0,0,0,1,a,c,1090.0,12,2019,45,0,12,2023,7,0
912,2,2023,11,15,17,3271,1.0,1,0,0,a,a,799.0,3,2010,164,0,42,2012,500,1
395,2,2024,1,13,16,370,1.0,0,0,0,c,b,1113.0,4,2013,129,0,14,2023,51,1
872,7,2023,1,34,4,2455,1.0,1,0,1,a,a,543.0,7,2017,66,0,46,2021,92,1
86,1,2023,10,22,25,2748,1.0,1,0,1,c,a,911.0,1,2011,153,0,26,2023,0,0
639,4,2023,5,51,6,2324,1.0,1,0,1,a,a,676.0,3,2001,266,0,30,2021,125,1
958,7,2024,6,46,20,3261,1.0,1,0,0,a,a,1342.0,6,2005,228,1,42,2018,316,1
142,6,2023,1,6,14,2605,1.0,0,0,0,a,a,930.0,3,2007,190,1,25,2015,397,0
463,4,2023,4,35,22,1015,1.0,0,0,1,a,a,521.0,1,2003,243,1,24,2023,11,0
995,4,2023,8,33,13,1596,1.0,0,0,1,c,a,1100.0,9,2011,143,0,31,2021,106,1
1031,3,2023,11,3,17,3129,1.0,0,0,1,a,c,1190.0,4,2000,283,0,12,2015,407,1
558,5,2024,2,42,21,3970,1.0,0,0,1,a,a,719.0,1,2003,253,1,24,2013,500,1
53,7,2023,5,29,1,1914,1.0,0,0,0,a,c,577.0,9,2018,56,0,48,2012,500,1
1052,5,2024,9,44,6,1707,1.0,0,0,0,c,a,159.0,3,2002,270,1,34,2019,270,1
193,3,2024,10,26,13,3958,1.0,0,0,1,a,a,1150.0,6,2000,292,0,15,2022,115,0
458,7,2024,6,22,11,1090,1.0,0,0,1,d,c,294.0,10,2010,164,1,48,2022,78,1
932,3,2024,6,36,2,1631,1.0,1,0,0,a,c,805.0,4,2019,62,0,41,2021,151,0
123,1,2023,11,40,18,3342,1.0,1,0,0,a,b,302.0,8,2005,219,0,51,2021,93,1
518,2,2023,12,40,3,1423,1.0,0,0,1,c,a,1360.0,10,2009,170,0,40,2015,416,0
695,5,2023,10,26,22,2686,1.0,1,0,0,a,a,1220.0,9,2017,73,0,1,2021,129,0
67,4,2023,9,30,5,3593,1.0,1,0,0,a,c,910.0,5,2020,40,1,5,2013,500,1
540,7,2023,9,52,17,3973,1.0,1,0,0,c,a,1134.0,5,2006,208,1,1,2017,363,0
53,5,2023,9,46,25,2706,1.0,1,0,0,a,a,780.0,2,2003,247,1,24,2015,438,1
721,5,2023,7,21,11,606,1.0,1,0,1,b,c,573.0,2,2005,221,0,24,2013,500,0
998,7,2024,2,34,7,3133,1.0,1,0,0,a,a,317.0,4,2018,70,1,7,2016,443,1
227,6,2023,11,9,7,3644,1.0,0,0,1,c,c,1058.0,12,2007,191,0,6,2020,159,0
292,2,2023,9,18,13,1780,1.0,0,0,0,b,c,517.0,12,2019,45,0,38,2021,84,1
145,5,2024,5,28,9,3065,1.0,1,0,1,a,a,1578.0,11,2011,150,1,38,2018,302,1
459,5,2024,7,20,25,2070,1.0,1,0,0,a,c,486.0,4,2009,183,1,39,2015,449,1
5,7,2023,1,49,24,3948,1.0,0,0,0,a,c,1124.0,8,2016,77,1,32,2018,277,0
1001,1,2024,9,45,19,3932,1.0,0,0,1,a,b,1203.0,5,2022,28,1,16,2016,445,1
107,2,2023,5,2,10,2502,1.0,0,0,1,d,a,418.0,4,2017,73,1,30,2014,440,1
745,6,2024,11,14,4,2253,1.0,0,0,1,a,a,685.0,3,2004,248,1,36,2012,500,0
358,7,2024,3,9,7,2934,1.0,1,0,1,a,a,751.0,12,2007,195,0,39,2016,386,0
860,2,2023,9,8,13,3037,1.0,1,0,0,a,a,1865.0,8,2002,253,0,22,2020,142,1
58,7,2024,5,29,23,882,1.0,0,0,0,a,a,746.0,9,2013,128,1,11,2018,330,1
526,1,2023,6,40,22,3921,1.0,0,0,0,a,b,479.0,4,2022,14,0,30,2018,270,0
104,5,2023,4,38,28,2676,1.0,0,0,1,a,c,968.0,12,2007,184,0,46,2020,148,0
776,3,2023,11,23,13,2960,1.0,1,0,0,a,a,506.0,3,2005,224,0,36,2012,500,0
215,5,2024,3,22,16,721,1.0,1,0,1,c,a,802.0,3,2021,36,1,37,2021,141,0
652,7,2024,9,12,7,2915,1.0,0,0,1,a,a,684.0,8,2000,289,0,44,2013,500,0
454,4,2023,1,45,20,993,1.0,0,0,1,a,c,975.0,12,2004,217,1,35,2013,500,1
190,2,2024,10,44,19,639,1.0,1,0,1,c,a,652.0,10,2009,180,0,26,2014,500,1
215,7,2024,6,20,2,3344,1.0,1,0,1,a,a,611.0,12,2021,30,1,35,2020,193,0
639,3,2023,11,10,12,1004,1.0,0,c,1,a,c,1144.0,8,2022,15,1,37,2018,233,1
241,4,2024,5,25,27,1291,1.0,1,b,0,a,a,907.0,3,2020,50,0,24,2010,500,1
1033,2,2024,2,39,15,3171,1.0,0,a,0,b,a,828.0,6,2019,56,1,15,2010,500,1
852,7,2024,9,15,13,1711,1.0,1,0,0,a,b,243.0,6,2000,291,0,20,2019,255,1
385,7,2023,6,18,4,3934,1.0,1,0,1,c,c,1007.0,12,2002,246,1,25,2018,253,0
437,3,2024,1,8,23,2173,1.0,0,0,0,c,a,679.0,4,2020,45,1,35,2014,493,0
551,4,2024,2,38,26,1848,1.0,0,0,0,a,b,904.0,4,2008,190,0,5,2013,500,0
895,4,2023,6,46,26,2756,1.0,0,0,0,a,a,267.0,5,2003,241,1,35,2020,167,1
464,7,2023,9,41,26,3093,1.0,0,0,1,a,a,903.0,6,2012,135,0,26,2022,67,0
458,5,2024,12,42,27,2395,1.0,1,0,0,a,a,878.0,8,2021,40,0,6,2022,140,1
768,1,2023,6,9,9,242,1.0,0,0,1,a,a,751.0,3,2018,63,0,20,2021,93,0
287,6,2024,12,46,22,920,1.0,1,a,0,a,c,554.0,10,2009,182,0,40,2010,500,0
700,4,2023,9,43,9,671,1.0,1,0,0,a,b,1170.0,7,2004,230,0,48,2017,307,1
429,1,2023,7,17,11,2308,1.0,1,0,0,a,a,596.0,6,2017,73,0,42,2013,495,0
532,4,2024,2,33,5,499,1.0,1,0,1,a,a,1093.0,6,2002,260,0,14,2014,500,0
864,1,2023,11,4,2,3459,1.0,1,0,1,b,b,1134.0,12,2002,251,1,30,2022,26,1
53,2,2023,8,45,17,603,1.0,0,0,1,b,a,570.0,10,2016,82,0,52,2013,500,1
727,6,2023,10,1,3,2497,1.0,1,0,1,c,c,1044.0,7,2004,231,1,26,2019,183,0
295,4,2024,2,2,6,419,1.0,0,0,0,a,c,691.0,6,2000,284,0,11,2010,500,0
11,4,2023,12,33,6,3510,1.0,1,0,1,a,c,1012.0,3,2022,21,0,27,2020,162,1
351,3,2024,5,40,18,294,1.0,0,0,0,a,a,539.0,2,2011,159,0,32,2015,476,0
869,7,2024,5,43,14,2818,1.0,0,0,1,a,c,785.0,12,2018,65,1,12,2011,500,1
817,2,2024,7,52,27,2748,1.0,1,0,0,a,a,843.0,12,2016,91,1,18,2012,500,0
287,7,2023,1,2,19,2159,1.0,0,0,0,a,b,811.0,4,2018,57,1,51,2015,367,0
442,3,2023,9,37,6,1871,1.0,0,0,0,a,a,934.0,4,2015,101,1,47,2018,250,0
971,3,2024,4,17,8,3702,1.0,0,0,0,a,c,577.0,11,2016,89,0,46,2021,127,1
422,5,2023,7,48,7,2260,1.0,0,0,0,a,a,654.0,3,2011,148,1,26,2022,74,1
284,6,2024,7,16,13,780,1.0,1,0,0,c,a,1034.0,9,2003,250,0,44,2021,128,0
498,4,2024,9,22,3,1494,1.0,0,0,0,b,c,696.0,11,2017,82,1,14,2011,500,1
874,5,2024,10,16,12,2409,1.0,0,0,0,a,a,671.0,12,2011,154,1,17,2021,155,0
482,3,2024,3,37,9,1723,1.0,0,0,0,c,c,567.0,8,2013,127,0,9,2022,132,1
575,6,2024,10,47,3,1604,1.0,0,0,1,a,c,682.0,2,2006,224,0,37,2018,322,1
801,6,2023,8,30,25,807,1.0,0,0,1,b,a,512.0,11,2018,57,0,39,2015,407,0
960,7,2023,11,19,10,1085,1.0,0,0,1,b,a,1039.0,3,2017,80,1,33,2021,90,0
748,5,2024,5,18,1,2640,1.0,1,0,1,a,a,685.0,4,2013,133,1,47,2010,500,1
453,2,2024,7,36,21,3413,1.0,0,a,0,a,a,495.0,3,2004,244,1,11,2010,500,1
851,5,2023,2,33,18,706,1.0,0,0,0,a,c,759.0,1,2009,169,0,40,2011,500,0
870,5,2023,5,13,10,1056,1.0,1,0,1,b,a,401.0,3,2005,218,0,51,2019,170,0
232,2,2024,11,19,11,3548,1.0,0,0,1,a,a,563.0,6,2013,137,1,27,2010,500,0
776,6,2023,10,50,6,1595,1.0,1,0,1,d,a,1226.0,1,2001,273,0,27,2011,500,1
827,6,2023,12,50,9,1273,1.0,0,0,0,b,a,494.0,3,2009,177,0,48,2018,262,1
337,4,2023,11,21,5,2255,1.0,1,0,0,a,a,777.0,2,2022,21,1,7,2018,274,0
331,1,2023,3,42,5,1191,1.0,1,0,0,a,b,1482.0,9,2004,222,1,27,2013,500,0
752,6,2023,4,4,11,3540,1.0,0,0,1,a,c,895.0,9,2011,139,0,27,2021,81,1
1,2,2023,2,46,24,948,1.0,0,0,1,b,a,667.0,3,2010,155,0,12,2016,398,0
324,6,2023,7,17,5,2513,1.0,0,0,0,d,a,224.0,11,2019,44,1,6,2018,271,0
714,3,2024,10,34,24,608,1.0,0,0,0,c,b,870.0,1,2021,45,0,13,2020,229,1
507,6,2024,10,33,24,3627,1.0,0,0,1,a,a,590.0,2,2019,68,0,41,2019,252,1
14,7,2023,12,44,2,1153,1.0,1,a,0,a,a,987.0,6,2013,126,1,34,2015,426,1
142,1,2023,5,50,8,3167,1.0,1,0,1,c,c,617.0,11,2009,162,0,42,2017,320,0
110,1,2023,6,20,17,3991,1.0,0,0,0,a,a,903.0,4,2016,86,0,43,2012,500,1
592,5,2024,7,29,5,2337,1.0,0,0,1,c,c,1254.0,12,2001,271,1,43,2019,246,1
46,4,2023,10,35,12,291,1.0,0,0,1,a,c,1021.0,4,2015,102,1,37,2021,102,1
851,5,2024,12,31,20,1597,1.0,0,0,1,a,a,424.0,8,2007,208,0,4,2019,287,0
677,1,2024,2,18,1,2073,1.0,0,0,0,a,a,847.0,4,2010,166,1,7,2012,500,0
563,7,2024,5,20,18,555,1.0,1,0,1,a,a,1109.0,8,2014,117,1,8,2023,64,0
232,2,2023,3,31,9,1546,1.0,1,0,0,a,a,364.0,4,2009,167,1,25,2020,162,0
208,1,2024,3,49,23,2351,1.0,0,c,0,a,c,1326.0,3,2006,216,0,6,2023,95,1
903,3,2023,2,4,6,3157,1.0,1,0,0,a,c,862.0,6,2004,224,0,4,2019,208,0
687,6,2024,8,12,20,952,1.0,0,0,0,a,a,993.0,4,2009,184,0,34,2019,238,1
398,1,2024,8,42,22,2538,1.0,0,0,1,a,a,717.0,7,2000,289,1,48,2021,150,1
234,4,2024,6,31,13,2853,1.0,1,0,1,c,a,834.0,6,2019,60,1,15,2021,172,0
374,6,2024,8,22,13,313,1.0,1,0,1,a,a,552.0,7,2019,61,0,6,2016,432,1
336,4,2024,9,19,12,1832,1.0,1,0,1,c,a,1284.0,2,2015,115,0,9,2018,322,0
574,1,2023,8,52,23,505,1.0,0,0,0,a,a,1358.0,8,2006,204,0,48,2023,4,1
295,2,2024,12,46,12,3351,1.0,0,0,0,a,c,1464.0,9,2017,87,1,51,2020,203,0
865,5,2023,3,45,28,2700,1.0,1,0,1,c,a,290.0,2,2013,121,1,19,2011,500,1
65,5,2023,12,15,5,2368,1.0,1,0,1,b,a,919.0,3,2006,213,1,26,2022,41,1
777,2,2023,1,32,12,2822,1.0,0,0,1,b,a,950.0,1,2010,156,0,31,2017,313,1
8,3,2023,1,50,16,3753,1.0,0,0,1,a,a,608.0,3,2001,262,1,26,2012,500,0
231,1,2023,7,14,16,2622,1.0,0,b,0,a,a,932.0,12,2002,247,1,37,2019,185,0
1046,5,2023,6,11,13,1218,1.0,0,0,1,a,c,389.0,2,2008,184,0,31,2023,0,1
852,4,2023,7,33,28,2689,1.0,0,0,1,a,c,1261.0,3,2000,280,1,44,2022,41,1
1096,5,2024,12,11,14,3238,1.0,0,0,1,c,a,360.0,2,2019,70,0,26,2012,500,0
566,3,2023,6,40,5,3374,1.0,1,0,0,c,a,895.0,10,2021,20,1,38,2019,210,0
154,7,2024,11,45,11,2214,1.0,0,0,0,a,c,1057.0,7,2007,208,0,14,2012,500,0
1101,1,2023,9,25,2,1654,1.0,0,0,0,c,a,640.0,1,2008,188,0,27,2019,206,0
848,2,2023,1,52,9,1901,1.0,1,0,1,c,a,1232.0,3,2017,70,1,36,2016,380,0
577,1,2024,6,31,14,1410,1.0,0,0,0,a,a,273.0,9,2007,201,0,14,2023,69,1
857,6,2024,2,22,3,1001,1.0,0,a,1,d,a,811.0,10,2018,64,1,31,2010,500,1
320,3,2023,11,46,14,3318,1.0,0,0,1,a,a,314.0,8,2001,267,1,11,2015,451,0
880,1,2023,5,33,7,3814,1.0,0,0,1,a,a,588.0,7,2012,130,1,44,2020,145,1
849,6,2024,10,8,27,1467,1.0,0,0,0,a,c,672.0,6,2000,292,0,36,2017,336,1
155,7,2024,1,45,4,2429,1.0,0,0,1,a,a,654.0,11,2016,86,0,21,2016,440,1
33,6,2024,5,26,13,3843,1.0,0,0,1,c,c,1201.0,5,2016,96,0,21,2019,265,0
944,2,2023,10,18,6,1606,1.0,0,0,0,b,a,468.0,12,2010,154,1,41,2014,445,0
808,1,2023,11,46,13,2938,1.0,1,0,0,a,a,354.0,11,2020,36,0,38,2013,500,0
328,3,2023,1,41,14,3293,1.0,0,0,1,c,c,691.0,12,2015,85,0,51,2014,458,1
606,2,2024,6,21,14,2868,1.0,0,0,0,a,c,854.0,9,2005,225,0,41,2015,448,1
33,6,2023,11,52,14,2115,1.0,0,0,1,a,a,971.0,5,2013,126,0,21,2013,500,1
196,3,2023,6,46,13,3647,1.0,0,0,1,d,c,1166.0,8,2010,154,0,14,2019,240,0
99,4,2024,4,10,9,1500,1.0,1,0,0,a,c,175.0,6,2016,94,1,37,2014,493,0
27,5,2023,9,30,26,3113,1.0,0,0,1,c,a,1327.0,12,2014,105,1,2,2015,444,0
154,4,2023,10,34,19,1147,1.0,1,0,1,a,a,574.0,11,2017,71,1,2,2012,500,0
52,2,2024,12,21,18,363,1.0,0,0,0,a,a,736.0,1,2003,263,1,26,2022,99,0
1053,2,2024,11,28,12,3336,1.0,1,0,0,a,a,827.0,10,2000,289,0,48,2011,500,1
92,2,2024,1,52,23,1940,1.0,0,0,1,c,a,169.0,9,2008,184,0,17,2017,399,1
147,1,2023,10,30,20,2760,1.0,0,0,1,a,a,690.0,8,2001,266,0,38,2023,0,1
544,5,2024,3,9,5,1636,1.0,0,0,1,a,c,1118.0,12,2011,147,0,6,2019,263,1
671,2,2024,11,45,13,1976,1.0,0,0,0,a,a,1009.0,1,2008,202,0,33,2023,64,1
789,5,2024,10,19,25,1816,1.0,1,0,1,a,c,670.0,12,2014,118,0,23,2012,500,0
109,3,2023,3,9,25,2415,1.0,0,0,0,a,c,884.0,1,2015,98,1,6,2016,367,1
150,4,2024,6,12,28,1269,1.0,0,0,1,a,a,958.0,3,2022,27,1,21,2023,43,1
19,6,2024,10,44,22,990,1.0,1,0,0,a,c,742.0,8,2000,290,1,51,2010,500,0
178,5,2023,11,52,27,1041,1.0,1,0,1,a,a,968.0,10,2011,145,0,12,2023,40,1
214,3,2023,11,10,8,2527,1.0,0,0,1,a,a,580.0,11,2018,60,1,48,2011,500,1
908,1,2023,5,8,28,2263,1.0,1,0,0,d,c,536.0,1,2005,220,0,18,2019,198,1
659,6,2024,1,51,27,3884,1.0,1,0,0,a,b,731.0,10,2019,51,1,16,2021,191,1
255,3,2023,12,7,20,3023,1.0,0,0,0,c,b,96.0,9,2015,99,1,3,2012,500,1
132,1,2023,11,30,20,1166,1.0,1,0,1,a,a,1028.0,5,2011,150,0,4,2021,130,1
924,5,2023,3,14,19,899,1.0,0,0,0,a,a,845.0,8,2002,247,1,51,2017,275,1
796,6,2024,7,11,4,950,1.0,1,a,1,c,a,753.0,5,2013,134,0,22,2018,301,0
106,5,2024,12,32,2,1248,1.0,1,0,0,a,c,1059.0,6,2000,294,0,38,2011,500,0
624,6,2024,4,10,7,3060,1.0,0,0,0,d,c,936.0,3,2007,205,1,2,2010,500,0
934,2,2024,10,14,8,2726,1.0,0,0,1,c,a,1139.0,5,2008,197,1,10,2010,500,0
302,6,2024,6,34,2,1270,1.0,1,0,0,c,c,1294.0,8,2001,274,0,29,2014,500,0
817,3,2024,12,18,23,2739,1.0,0,0,0,d,a,919.0,3,2001,285,0,30,2014,500,1
432,4,2024,5,52,1,993,1.0,0,0,1,d,c,604.0,10,2020,43,0,39,2018,325,0
165,2,2023,2,28,11,527,1.0,0,0,0,a,a,1037.0,5,2010,153,1,35,2013,500,0
316,5,2023,12,6,3,1726,1.0,1,0,1,c,a,605.0,12,2002,252,1,23,2016,347,0
377,7,2024,5,34,18,494,1.0,0,0,1,c,a,591.0,2,2007,207,1,28,2023,58,0
45,7,2024,4,32,27,3270,1.0,1,0,0,a,c,732.0,5,2013,131,0,45,2023,39,1
372,3,2024,3,31,17,2089,1.0,1,0,0,a,a,1167.0,4,2020,47,0,32,2020,207,1
1078,3,2023,5,50,16,2561,1.0,0,0,0,b,c,1045.0,7,2010,154,0,47,2018,263,1
150,7,2024,10,32,17,3379,1.0,0,a,0,a,a,1086.0,7,2004,243,1,46,2019,246,1
13,3,2024,5,40,8,2917,1.0,0,0,1,a,a,857.0,1,2011,160,0,51,2020,197,1
421,7,2023,4,35,11,1043,1.0,1,0,0,b,a,991.0,7,2015,93,1,47,2020,144,0
1073,4,2024,6,14,9,1661,1.0,0,0,1,c,a,1000.0,7,2002,263,0,27,2015,455,0
756,4,2024,7,46,25,3993,1.0,0,0,1,d,a,614.0,7,2014,120,1,2,2015,500,0
573,7,2023,10,36,11,2051,1.0,0,0,0,c,a,996.0,7,2007,195,0,29,2017,319,0
815,7,2024,3,36,7,3996,1.0,0,0,0,d,a,819.0,9,2022,18,0,27,2023,61,0
12,7,2023,4,4,15,2317,1.0,0,0,1,d,c,699.0,9,2010,151,1,49,2019,163,0
227,1,2024,9,38,22,2491,1.0,0,0,0,c,c,713.0,2,2013,139,1,24,2018,326,0
940,1,2024,6,5,11,2458,1.0,0,0,0,a,a,654.0,8,2016,94,0,40,2023,17,0
805,1,2023,9,21,1,3850,1.0,1,0,0,a,c,736.0,11,2018,58,0,3,2012,500,0
515,4,2023,6,30,12,2463,1.0,0,0,0,d,a,818.0,6,2001,264,0,10,2020,176,1
298,3,2023,2,50,24,1692,1.0,1,0,1,a,a,1020.0,5,2008,177,0,48,2019,210,0
254,2,2023,11,10,25,1922,1.0,0,0,1,c,c,1273.0,7,2000,280,1,5,2013,500,1
48,5,2024,9,43,22,2106,1.0,0,0,1,d,c,991.0,3,2001,282,1,52,2017,355,1
984,2,2024,2,28,15,999,1.0,0,0,1,c,c,855.0,6,2010,164,1,31,2017,361,0
218,7,2024,2,31,28,2872,1.0,1,0,0,d,b,220.0,3,2009,179,1,37,2018,306,1
908,3,2024,5,48,3,1611,1.0,1,0,1,c,c,1546.0,5,2016,96,0,45,2023,55,0
382,4,2023,12,24,4,468,1.0,1,0,1,d,a,608.0,10,2015,98,1,15,2013,500,0
1014,1,2023,4,8,20,1668,1.0,1,0,0,d,a,617.0,12,2021,16,0,22,2015,402,0
41,1,2024,11,1,23,3122,1.0,1,0,0,b,a,1199.0,6,2005,233,0,4,2018,309,0
577,2,2023,6,19,6,3105,1.0,1,0,1,b,a,490.0,12,2012,126,0,31,2011,500,0
107,2,2023,3,52,9,3759,1.0,0,0,0,c,a,932.0,4,2003,239,0,15,2011,500,0
2,1,2024,2,12,7,3790,1.0,0,0,1,c,b,681.0,4,2009,178,0,35,2015,445,0
398,4,2024,5,8,7,2366,1.0,0,0,0,b,a,744.0,12,2002,257,0,32,2021,132,1
711,5,2023,3,2,1,2318,1.0,0,0,0,c,c,835.0,8,2021,19,0,18,2015,400,1
1031,5,2023,8,27,6,1032,1.0,1,0,0,a,a,462.0,8,2012,132,1,15,2018,272,1
169,6,2024,12,19,20,3770,1.0,0,0,0,d,a,783.0,5,2001,283,1,21,2020,206,1
709,5,2024,10,18,21,694,1.0,0,0,0,a,c,1128.0,8,2007,206,1,39,2019,239,1
895,1,2024,4,32,25,3947,1.0,1,0,0,a,c,798.0,12,2017,76,1,1,2018,343,0
1042,7,2024,12,17,27,1027,1.0,0,0,1,a,c,1870.0,3,2017,93,0,52,2018,277,1
311,6,2024,12,3,6,3594,1.0,0,0,1,a,a,847.0,10,2017,86,1,24,2017,343,1
42,2,2024,6,22,19,965,1.0,1,0,0,d,a,461.0,5,2014,121,0,12,2023,62,0
1067,7,2024,6,39,12,2981,1.0,1,0,1,b,a,664.0,5,2022,25,1,12,2015,495,0
968,4,2024,6,30,8,3468,1.0,0,0,1,a,c,240.0,4,2021,38,1,52,2011,500,0
283,3,2024,5,49,20,2955,1.0,1,0,0,a,c,1143.0,11,2009,174,0,30,2022,123,1
152,2,2023,2,1,12,720,1.0,0,0,1,a,a,1302.0,3,2022,11,0,26,2016,339,0
596,7,2024,11,4,17,3806,1.0,1,0,1,c,a,1073.0,6,2015,113,1,27,2023,29,1
265,5,2024,5,9,7,3886,1.0,1,0,1,a,b,568.0,11,2000,282,0,22,2019,247,0
629,4,2023,2,2,12,2676,1.0,0,0,1,d,a,558.0,6,2017,68,0,13,2018,249,0
112,6,2023,12,32,2,3159,1.0,0,0,1,a,a,1041.0,2,2005,226,1,11,2018,281,0
1034,6,2023,2,33,2,1840,1.0,0,0,1,a,c,664.0,12,2019,38,0,7,2015,442,1
459,4,2024,12,39,22,2983,1.0,0,0,0,d,c,562.0,2,2005,238,0,4,2020,243,0
157,2,2024,2,11,25,3959,1.0,1,0,1,a,a,528.0,11,2011,147,0,35,2014,496,0
226,4,2024,5,36,3,2545,1.0,1,0,1,a,c,1381.0,5,2020,48,1,39,2023,49,1
742,5,2023,7,10,19,1247,1.0,1,0,1,a,c,681.0,8,2018,59,0,22,2018,248,0
825,2,2024,3,52,19,370,1.0,1,0,1,c,a,1070.0,8,2003,247,1,35,2016,433,0
119,1,2023,7,14,8,2749,1.0,0,0,1,d,a,985.0,4,2022,15,0,20,2013,500,1
842,7,2024,7,3,12,2931,1.0,0,0,0,a,a,565.0,4,2009,183,0,40,2021,119,0
1043,5,2023,11,10,9,3246,1.0,1,0,1,d,c,832.0,2,2012,141,1,43,2016,331,0
324,5,2023,6,27,3,1653,1.0,0,0,0,a,a,520.0,3,2001,267,1,12,2016,379,0
688,4,2023,11,38,24,3001,1.0,0,0,0,c,c,1254.0,1,2000,286,1,34,2012,500,1
892,6,2024,10,22,9,669,1.0,1,0,1,a,a,547.0,1,2010,177,1,39,2020,191,0
1051,3,2024,10,17,15,3163,1.0,0,0,1,a,a,930.0,5,2008,197,0,32,2010,500,1
183,1,2024,8,11,3,3361,1.0,0,0,0,b,c,672.0,10,2000,286,1,33,2016,394,0
991,6,2024,3,7,2,1278,1.0,0,0,0,a,a,543.0,5,2002,262,0,11,2020,204,0
45,2,2023,8,47,18,1467,1.0,0,0,1,b,a,1143.0,9,2016,83,1,21,2016,390,0
618,6,2023,9,39,12,3352,1.0,0,0,1,c,c,664.0,4,2013,125,1,3,2012,500,1
185,4,2023,5,8,19,2489,1.0,0,0,1,a,a,271.0,8,2011,141,0,9,2023,0,1
127,3,2024,8,9,25,2104,1.0,0,0,0,a,a,947.0,7,2013,133,1,31,2010,500,0
275,4,2023,8,27,26,794,1.0,1,0,0,c,c,608.0,9,2022,11,1,35,2019,200,0
175,4,2023,8,19,3,3279,1.0,0,0,1,c,c,867.0,9,2010,155,0,21,2010,500,0
57,3,2024,9,10,9,686,1.0,1,0,0,a,a,1077.0,11,2022,22,1,48,2019,222,1
335,2,2023,9,23,6,1834,1.0,0,0,1,b,a,927.0,7,2006,206,1,25,2023,0,1
123,3,2024,8,23,5,1896,1.0,0,0,1,a,a,1087.0,4,2018,76,0,42,2017,345,1
428,3,2023,4,31,13,2938,1.0,1,0,1,b,a,431.0,2,2014,110,0,22,2010,500,0
338,4,2023,9,42,14,363,1.0,0,0,1,a,a,1180.0,10,2006,203,1,52,2010,500,1
581,7,2024,2,15,28,249,1.0,1,0,1,c,a,731.0,3,2002,263,1,46,2013,500,0
951,3,2024,11,37,23,2534,1.0,1,0,0,c,c,392.0,2,2002,273,1,8,2015,497,0
157,5,2023,10,38,2,1571,1.0,0,a,0,c,a,84.0,6,2015,100,1,49,2022,41,1
954,1,2023,4,37,16,499,1.0,0,0,0,d,c,727.0,12,2003,232,0,34,2010,500,0
602,1,2023,1,49,7,3144,1.0,1,0,0,a,a,584.0,4,2014,105,0,41,2017,320,1
1108,5,2024,2,12,27,2186,1.0,0,0,0,d,a,589.0,7,2015,103,1,19,2020,201,0
455,5,2023,9,39,8,2548,1.0,0,0,1,a,a,920.0,6,2016,87,1,5,2019,242,1
110,6,2024,1,2,3,1570,1.0,0,0,1,d,a,1336.0,10,2003,243,0,18,2021,140,1
235,4,2024,2,18,27,1033,1.0,0,0,0,b,a,550.0,10,2002,256,0,11,2019,267,1
3,3,2024,9,38,21,1429,1.0,0,0,0,b,b,848.0,6,2006,219,0,18,2010,500,0
966,1,2023,6,49,20,3638,1.0,0,0,0,c,a,650.0,6,2011,144,1,23,2022,78,0
631,7,2023,5,6,19,3122,1.0,0,0,0,d,c,524.0,5,2002,252,1,35,2016,335,0
984,2,2024,4,39,21,3457,1.0,0,0,1,a,a,515.0,9,2011,151,0,12,2016,443,1
673,7,2023,7,21,7,2002,1.0,0,0,0,a,a,1313.0,9,2001,262,1,41,2022,32,1
1042,2,2024,4,28,19,3556,1.0,0,0,1,c,a,824.0,4,2003,252,0,8,2020,228,0
264,4,2024,1,44,6,935,1.0,0,0,0,a,c,763.0,4,2008,189,1,29,2011,500,0
371,1,2023,6,45,26,2732,1.0,1,0,0,a,b,614.0,9,2013,117,1,45,2014,468,0
889,6,2024,12,22,11,1671,1.0,0,0,0,a,a,840.0,8,2009,184,1,37,2015,453,0
917,3,2023,7,46,27,922,1.0,0,0,0,a,c,629.0,9,2016,82,1,25,2023,21,1
1066,4,2023,8,25,10,1667,1.0,1,0,0,c,c,1399.0,1,2004,235,0,19,2011,500,1
989,1,2023,4,12,6,2746,1.0,0,0,0,a,c,896.0,11,2002,245,0,34,2016,342,1
370,2,2024,2,50,10,2210,1.0,0,0,0,a,a,862.0,11,2021,27,1,26,2016,440,1
754,3,2023,9,19,16,3589,1.0,0,0,1,a,c,855.0,11,2010,154,1,46,2012,500,0
1055,1,2023,5,48,21,2656,1.0,0,0,0,c,b,1212.0,3,2013,122,0,9,2017,351,1
296,6,2024,1,48,1,2305,1.0,0,0,0,d,c,813.0,7,2016,90,0,41,2013,500,1
117,3,2023,4,5,3,1364,1.0,0,0,0,a,b,677.0,8,2006,200,0,3,2015,418,0
562,6,2023,1,38,8,3251,1.0,1,0,0,d,a,868.0,4,2001,261,1,50,2021,92,1
531,2,2023,11,46,21,1394,1.0,1,0,1,c,a,1057.0,11,2019,48,0,24,2021,126,0
775,1,2023,12,11,9,753,1.0,0,0,0,a,a,1175.0,1,2015,107,1,1,2010,500,1
220,7,2023,11,26,14,3218,1.0,1,a,0,a,a,885.0,9,2012,134,1,51,2015,391,0
501,2,2023,10,52,28,2914,1.0,0,c,0,a,a,889.0,7,2019,51,1,11,2010,500,1
652,7,2024,10,42,5,885,1.0,0,0,1,d,c,1118.0,6,2010,172,0,48,2011,500,1
650,5,2024,6,18,6,3940,1.0,1,0,1,a,c,50.0,10,2001,272,0,38,2010,500,1
80,4,2024,5,19,19,2686,1.0,0,0,1,a,c,846.0,7,2017,82,1,47,2021,128,1
114,5,2024,1,6,22,2258,1.0,0,0,1,a,a,645.0,1,2018,72,1,33,2017,337,1
563,4,2024,12,50,11,3954,1.0,1,0,1,a,c,837.0,6,2008,198,1,19,2012,500,1
414,3,2023,1,46,6,2994,1.0,1,c,0,d,c,927.0,12,2004,217,0,25,2016,385,1
194,7,2023,4,42,4,3172,1.0,0,0,0,d,b,1194.0,1,2018,63,0,39,2020,159,1
899,1,2023,6,22,28,2369,1.0,0,0,0,a,b,405.0,1,2001,269,1,25,2013,500,0
466,6,2023,8,24,17,1214,1.0,1,0,1,c,a,604.0,10,2000,274,0,49,2016,339,1
646,5,2024,12,20,11,461,1.0,1,0,0,c,a,553.0,2,2019,70,1,29,2011,500,0
768,2,2024,7,19,9,328,1.0,0,0,0,a,b,638.0,12,2005,223,0,4,2013,500,0
809,5,2024,10,4,5,1121,1.0,0,0,1,c,c,409.0,7,2018,75,0,4,2013,500,0
373,7,2023,6,11,8,1297,1.0,0,a,0,c,b,1461.0,9,2012,129,0,24,2011,500,0
28,3,2024,12,32,22,1402,1.0,0,c,1,c,a,1081.0,9,2021,39,1,2,2021,186,0
603,4,2024,3,15,14,212,1.0,0,0,0,b,c,587.0,11,2019,52,0,20,2021,151,0
268,3,2023,5,8,26,1359,1.0,0,0,0,b,a,825.0,12,2011,137,1,14,2017,306,1
1084,1,2024,3,23,15,2424,1.0,0,0,0,c,a,690.0,11,2017,76,0,44,2013,500,1
998,1,2024,4,42,17,2172,1.0,0,0,1,c,a,867.0,9,2003,247,0,46,2010,500,0
976,2,2023,10,19,20,1943,1.0,0,0,0,d,c,590.0,5,2021,29,1,31,2023,0,1
873,5,2023,9,40,6,3599,1.0,1,0,0,c,c,363.0,4,2021,29,0,42,2016,362,1
1112,6,2024,9,34,14,2484,1.0,0,0,1,a,a,648.0,5,2005,232,0,52,2017,346,1
1066,1,2024,2,17,25,2393,1.0,1,0,1,c,a,1234.0,12,2011,146,1,50,2017,331,0
198,1,2023,12,34,15,3206,1.0,0,0,1,a,a,375.0,6,2021,30,0,3,2020,187,0
686,7,2024,12,27,8,3649,1.0,0,b,0,c,c,1149.0,1,2007,215,0,23,2016,420,0
551,6,2023,9,11,16,1080,1.0,1,0,1,a,a,988.0,2,2002,259,0,17,2017,306,0
36,4,2023,5,23,19,3516,1.0,0,0,0,a,a,700.0,7,2022,10,0,14,2020,165,1
875,6,2023,1,14,26,1614,1.0,0,0,1,a,a,1045.0,1,2004,228,0,29,2023,0,0
123,2,2023,6,29,22,3646,1.0,0,0,0,d,a,883.0,9,2003,237,1,3,2019,234,0
1036,1,2023,2,3,3,1952,1.0,0,0,0,d,a,179.0,1,2010,157,0,12,2013,500,0
776,7,2024,8,5,17,2837,1.0,0,0,0,a,a,699.0,9,2010,167,1,11,2012,500,0
269,3,2024,9,20,19,3122,1.0,1,0,1,a,a,707.0,7,2004,242,0,51,2015,437,1
41,3,2024,1,27,21,1703,1.0,0,0,0,a,a,1253.0,9,2020,40,1,48,2021,135,1
1102,4,2023,4,25,2,1930,1.0,0,0,0,b,b,700.0,7,2000,273,1,37,2022,40,1
902,5,2024,8,5,8,1520,1.0,0,0,0,a,a,757.0,5,2021,39,1,23,2016,398,1
493,1,2024,3,6,8,1002,1.0,0,0,1,a,b,472.0,1,2014,122,1,32,2012,500,0
897,5,2024,11,6,6,3943,1.0,0,0,0,b,a,801.0,8,2006,219,1,35,2019,231,0
861,5,2023,5,5,23,3604,1.0,0,0,1,a,c,463.0,3,2009,170,1,8,2018,257,0
682,6,2023,9,44,13,504,1.0,1,0,1,b,a,1146.0,11,2001,262,0,11,2011,500,1
578,7,2023,9,14,11,438,1.0,0,0,0,d,c,694.0,9,2021,24,1,42,2022,24,0
49,6,2024,8,42,16,3251,1.0,1,a,0,c,b,463.0,12,2016,92,1,48,2023,46,0
332,5,2023,8,26,1,2629,1.0,1,0,1,a,a,1188.0,7,2022,13,0,51,2023,0,0
346,7,2023,7,52,7,2974,1.0,1,0,0,a,c,428.0,12,2001,259,0,14,2017,350,0
122,4,2024,3,52,15,1360,1.0,0,0,1,a,a,897.0,10,2021,29,1,42,2021,166,0
791,1,2024,4,32,6,2439,1.0,0,0,1,a,a,374.0,10,2019,54,1,36,2010,500,1
181,7,2023,11,48,13,2053,1.0,0,0,1,a,a,908.0,3,2011,152,0,30,2010,500,0
289,7,2024,5,21,9,323,1.0,0,0,0,d,a,1140.0,10,2014,115,0,9,2010,500,0
722,7,2023,12,21,26,3873,1.0,1,b,1,d,c,626.0,7,2007,197,0,36,2017,297,0
580,7,2023,7,7,25,3874,1.0,0,0,0,b,a,466.0,10,2011,141,1,6,2016,365,1
618,7,2024,10,29,27,2457,1.0,0,0,1,b,a,475.0,3,2021,43,0,28,2019,261,0
953,5,2024,3,35,11,682,1.0,0,0,0,a,a,803.0,4,2018,71,1,18,2013,500,0
483,1,2023,3,30,8,2755,1.0,1,0,0,a,c,1398.0,12,2008,171,1,2,2014,496,0
690,6,2023,5,12,15,1095,1.0,0,0,0,a,c,1140.0,5,2012,132,1,20,2014,460,0
699,1,2024,10,18,23,2676,1.0,0,0,0,d,a,1171.0,12,2008,190,1,46,2019,232,0
140,2,2024,9,14,23,956,1.0,0,0,0,c,a,499.0,3,2008,198,1,41,2014,493,0
566,5,2024,7,45,15,2931,1.0,1,0,0,a,a,1149.0,4,2014,123,1,13,2022,136,0
612,7,2023,3,8,16,1922,1.0,0,a,0,a,c,1116.0,5,2009,166,1,39,2013,489,0
158,2,2023,1,16,16,1887,1.0,0,0,1,a,c,912.0,2,2014,107,1,17,2019,207,1
143,2,2023,2,18,14,3961,1.0,0,0,1,a,a,631.0,6,2022,8,1,22,2013,500,0
292,4,2023,9,23,4,265,1.0,1,0,1,a,c,1112.0,2,2002,259,0,48,2016,339,1
475,3,2024,12,17,10,3658,1.0,1,0,1,a,a,617.0,2,2009,190,0,27,2018,302,1
482,6,2023,12,48,24,3581,1.0,0,0,1,d,a,1017.0,3,2004,237,1,39,2020,165,0
255,2,2023,10,27,25,3790,1.0,0,0,0,a,a,706.0,5,2001,269,1,52,2023,0,1
444,7,2024,6,18,17,2333,1.0,0,0,1,b,c,524.0,8,2000,286,0,29,2014,500,1
325,2,2023,9,18,28,213,1.0,0,0,1,a,a,698.0,5,2008,184,0,26,2020,148,0
1007,3,2023,1,27,27,3670,1.0,1,0,1,a,a,1410.0,3,2002,250,0,14,2019,221,1
732,5,2024,5,19,15,2761,1.0,0,0,0,a,c,470.0,12,2016,89,0,32,2020,195,0
1051,6,2023,3,46,22,2998,1.0,1,0,1,c,a,1117.0,3,2007,192,0,43,2017,315,1
724,4,2024,12,7,6,1172,1.0,0,0,0,a,b,1072.0,8,2005,232,0,50,2013,500,0
596,4,2023,7,18,14,3062,1.0,1,0,0,c,c,765.0,5,2021,26,0,28,2018,250,0
547,5,2023,12,23,12,821,1.0,0,a,1,a,a,654.0,1,2014,119,1,14,2015,425,0
297,5,2023,10,51,25,2679,1.0,0,0,1,d,a,445.0,10,2018,60,1,29,2016,386,1
199,6,2024,9,16,12,2869,1.0,0,0,0,a,a,1207.0,2,2017,91,0,52,2012,500,1
891,1,2023,3,11,9,3854,1.0,1,0,0,c,c,463.0,2,2005,217,1,10,2015,417,1
435,7,2024,1,21,11,3536,1.0,0,0,1,c,a,50.0,1,2014,120,0,32,2018,301,1
203,1,2024,3,36,25,3218,1.0,1,0,1,c,a,912.0,2,2002,265,1,23,2010,500,1
466,2,2023,10,52,18,2908,1.0,0,0,0,d,c,415.0,4,2012,138,0,39,2014,481,0
549,6,2023,12,4,4,1854,1.0,0,a,1,b,c,787.0,1,2022,23,1,19,2018,245,1
749,2,2023,9,34,1,2539,1.0,1,0,1,c,a,417.0,3,2004,234,1,25,2016,373,0
1109,5,2024,11,28,10,1238,1.0,0,0,1,b,a,646.0,1,2016,106,0,16,2023,64,1
1087,2,2023,1,18,23,3147,1.0,1,0,1,c,a,841.0,3,2001,262,0,50,2022,20,1
976,6,2023,11,9,25,1701,1.0,0,0,1,b,a,901.0,2,2012,141,1,25,2014,452,1
923,3,2023,2,35,5,3453,1.0,0,0,1,c,a,1222.0,4,2002,250,0,48,2023,0,0
1037,1,2023,3,33,1,890,1.0,0,0,0,a,a,820.0,10,2022,5,0,44,2018,249,1
799,1,2023,10,7,8,566,1.0,0,0,1,a,a,852.0,2,2010,164,0,27,2014,448,1
110,2,2023,12,33,25,1105,1.0,0,0,0,a,a,748.0,12,2021,24,0,17,2020,172,0
267,6,2024,2,27,12,1889,1.0,1,0,0,c,c,1097.0,7,2020,43,0,30,2011,500,1
516,1,2023,5,22,2,817,1.0,0,0,1,c,a,481.0,3,2002,254,1,13,2018,269,1
876,5,2024,10,28,15,2263,1.0,0,0,1,a,a,689.0,2,2011,164,1,26,2022,106,0
858,5,2023,7,49,19,416,1.0,1,0,0,b,a,820.0,3,2014,112,1,46,2022,55,1
979,3,2023,5,23,3,3215,1.0,1,0,0,a,b,548.0,10,2009,163,1,35,2011,500,1
174,5,2024,6,47,18,1693,1.0,1,0,0,c,a,1239.0,2,2015,112,1,41,2023,58,0
666,3,2024,4,2,23,3316,1.0,0,0,0,a,a,916.0,7,2010,165,1,29,2015,441,0
858,3,2024,12,39,2,3085,1.0,0,a,0,a,a,452.0,1,2019,71,0,30,2022,113,0
440,1,2023,7,39,2,3628,1.0,0,0,1,c,a,943.0,6,2014,109,1,32,2017,319,1
382,1,2024,4,38,24,463,1.0,0,0,1,a,a,1213.0,11,2011,149,1,36,2015,470,1
737,1,2024,11,20,14,2201,1.0,1,0,1,c,a,604.0,10,2019,61,0,15,2016,421,1
990,1,2024,12,4,3,2638,1.0,0,0,0,a,c,1228.0,7,2015,113,1,5,2011,500,0
508,3,2024,1,3,4,1026,1.0,0,0,0,a,c,897.0,4,2006,213,0,12,2019,251,0
466,2,2023,12,17,24,3923,1.0,1,c,1,a,b,881.0,4,2008,188,0,39,2015,394,1
86,2,2024,12,7,24,3546,1.0,0,0,1,a,a,1180.0,4,2002,272,1,50,2014,477,1
280,1,2023,12,11,28,1926,1.0,0,0,0,d,a,881.0,3,2009,177,0,47,2017,276,0
89,6,2023,2,1,20,3852,1.0,0,0,0,a,a,937.0,8,2013,114,1,50,2014,419,1
1023,7,2024,5,21,19,1251,1.0,0,0,1,a,a,848.0,3,2012,146,0,25,2010,500,1
941,6,2023,11,48,26,3859,1.0,0,0,0,c,a,294.0,12,2018,59,1,16,2020,188,0
795,2,2023,5,6,27,2564,1.0,0,0,1,a,a,943.0,2,2004,231,0,44,2021,66,1
240,6,2023,6,19,1,279,1.0,0,0,1,b,a,896.0,8,2009,166,1,21,2022,50,0
517,2,2023,3,17,18,2798,1.0,1,0,0,c,c,706.0,8,2018,55,0,30,2022,39,1
14,3,2024,6,23,22,3298,1.0,1,0,0,c,a,55.0,8,2016,94,0,49,2010,500,0
1072,6,2024,6,30,28,1314,1.0,0,0,0,a,a,1007.0,8,2011,154,0,2,2018,340,1
60,2,2024,5,48,2,2638,1.0,0,0,1,c,a,562.0,6,2018,71,1,41,2012,500,1
672,7,2024,3,9,23,1716,1.0,0,0,1,a,a,482.0,2,2019,61,0,1,2018,320,0
554,6,2023,2,16,16,3943,1.0,0,0,0,a,c,453.0,8,2009,162,1,32,2023,0,0
655,5,2024,8,6,20,3769,1.0,0,0,0,a,a,232.0,3,2018,77,0,7,2015,467,0
93,4,2023,1,3,28,2357,1.0,1,0,1,c,b,959.0,3,2005,214,1,40,2017,275,1
403,2,2024,11,37,28,2201,1.0,0,0,0,c,c,1527.0,10,2012,145,1,51,2023,38,0
924,5,2024,1,16,6,513,1.0,0,0,0,c,c,646.0,2,2005,227,0,29,2018,299,1
931,4,2024,12,13,14,3950,1.0,1,0,1,a,c,1066.0,7,2015,113,1,50,2016,379,0
450,5,2024,7,24,12,2692,1.0,0,0,0,a,a,792.0,5,2008,194,0,37,2023,39,0
653,1,2023,6,25,14,2133,1.0,1,0,1,a,c,903.0,3,2019,51,0,3,2012,500,0
893,3,2024,11,23,12,1534,1.0,1,0,0,a,a,800.0,12,2020,47,1,19,2016,420,1
694,1,2023,6,44,24,822,1.0,1,0,1,a,c,1055.0,8,2007,190,1,20,2023,24,0
467,3,2024,2,36,25,1044,1.0,0,0,0,a,c,458.0,6,2000,284,0,50,2019,246,1
1044,5,2023,7,20,19,3235,1.0,0,a,0,a,a,850.0,11,2016,80,0,50,2021,74,0
1109,1,2023,6,11,19,1268,1.0,1,0,0,c,a,1160.0,5,2021,25,0,41,2013,490,1
301,6,2024,11,6,5,3463,1.0,0,0,0,c,c,1030.0,4,2021,43,1,29,2014,497,0
55,6,2023,7,37,10,3996,1.0,1,0,0,c,a,918.0,1,2005,222,1,4,2016,397,1
882,2,2023,1,41,9,315,1.0,1,a,1,c,c,849.0,10,2000,267,1,42,2017,311,1
120,2,2023,5,37,4,3269,1.0,1,0,0,a,c,712.0,12,2001,257,0,22,2018,275,1
905,6,2023,4,39,17,1087,1.0,0,0,1,d,a,714.0,11,2011,137,1,11,2018,288,1
870,6,2023,3,34,18,2114,1.0,1,0,1,c,a,354.0,1,2006,206,0,45,2012,500,1
71,5,2024,3,32,1,1911,1.0,1,0,0,c,c,971.0,5,2003,250,0,6,2022,130,0
612,2,2024,1,51,13,1497,1.0,1,0,1,d,b,1229.0,12,2004,229,1,33,2021,174,1
806,4,2024,10,28,15,3697,1.0,0,0,0,c,c,908.0,12,2008,190,1,18,2017,374,0
91,2,2023,5,47,13,1015,1.0,1,0,1,b,a,825.0,3,2001,266,0,43,2011,500,1
926,3,2024,5,40,7,3560,1.0,0,0,0,a,a,1000.0,5,2019,60,0,37,2015,471,0
122,5,2024,6,23,1,3499,1.0,1,0,1,a,a,184.0,7,2021,35,1,10,2014,500,0
599,7,2023,12,19,7,2683,1.0,0,0,0,c,a,668.0,2,2004,238,0,49,2018,230,0
23,2,2023,9,9,28,2971,1.0,1,0,1,a,a,798.0,5,2013,124,1,4,2015,421,1
124,2,2023,12,18,26,3101,1.0,0,0,0,a,c,308.0,10,2000,278,0,41,2023,0,1
819,2,2023,8,28,20,2794,1.0,1,0,0,a,c,868.0,10,2001,262,0,27,2018,261,0
89,2,2023,11,33,8,749,1.0,0,0,0,a,c,265.0,3,2006,212,0,22,2010,500,1
1002,7,2024,12,44,1,1613,1.0,1,0,0,b,a,1027.0,7,2019,65,1,26,2013,500,0
27,1,2023,7,9,26,2356,1.0,1,0,0,c,a,888.0,3,2017,76,0,20,2019,197,1
700,2,2024,6,9,12,2040,1.0,0,0,0,a,a,763.0,9,2016,93,1,41,2012,500,0
409,5,2023,12,33,15,3173,1.0,0,0,1,a,a,1048.0,8,2002,256,0,46,2011,500,1
676,3,2023,9,1,28,3801,1.0,0,0,0,a,a,864.0,9,2004,228,0,45,2017,268,1
693,7,2024,5,46,26,1094,1.0,0,0,0,c,c,963.0,7,2013,130,0,27,2013,500,0
718,5,2023,4,12,16,3289,1.0,0,0,0,a,a,905.0,5,2008,179,0,49,2010,500,0
636,1,2023,5,27,21,676,1.0,0,0,1,a,a,562.0,1,2017,76,1,24,2019,211,1
1066,4,2024,4,4,16,3872,1.0,0,0,1,a,c,1290.0,10,2012,138,1,25,2020,187,0
569,1,2024,6,5,12,2479,1.0,1,0,1,a,a,1194.0,10,2013,128,1,15,2019,250,1
951,3,2024,9,47,7,3850,1.0,1,0,1,a,a,949.0,6,2013,135,1,42,2011,500,0
466,7,2024,9,35,1,3695,1.0,1,0,0,c,c,865.0,1,2021,44,1,36,2021,155,1
682,4,2023,1,49,27,283,1.0,0,0,1,c,b,1045.0,7,2012,126,1,31,2011,500,1
760,5,2023,1,46,25,3899,1.0,0,0,0,a,a,1198.0,3,2017,70,1,8,2017,350,1
432,3,2023,8,52,12,3936,1.0,1,a,1,a,b,1391.0,12,2011,140,1,19,2023,33,0
985,7,2023,7,11,20,1819,1.0,0,0,0,c,a,658.0,8,2002,251,0,21,2021,94,1
303,5,2023,1,39,3,1913,1.0,0,0,0,c,c,1134.0,12,2012,121,1,30,2023,9,0
922,5,2023,12,32,4,1975,1.0,0,0,0,c,c,794.0,10,2019,50,0,40,2017,304,0
212,6,2024,12,12,25,2289,1.0,1,0,1,a,a,337.0,11,2017,85,1,9,2015,471,1
798,6,2024,1,11,27,2579,1.0,0,0,0,a,c,1071.0,6,2012,139,1,36,2012,500,1
928,7,2023,1,21,18,504,1.0,1,0,0,d,a,1260.0,12,2021,13,0,30,2023,0,0
326,4,2024,2,43,14,342,1.0,1,a,1,a,b,1112.0,6,2022,20,0,7,2016,452,1
286,2,2024,8,25,19,438,1.0,0,0,1,a,a,769.0,5,2021,39,0,12,2018,325,1
1049,2,2023,12,14,1,2261,1.0,1,0,0,a,a,936.0,12,2022,12,1,19,2012,500,0
707,2,2023,5,31,9,2322,1.0,0,0,1,a,a,1030.0,5,2007,192,0,30,2014,469,1
961,4,2023,10,33,9,2585,1.0,1,0,0,a,c,992.0,4,2003,246,1,21,2017,324,0
1058,1,2023,3,33,15,1140,1.0,0,0,1,b,a,1189.0,7,2010,152,0,39,2021,98,1
1057,3,2023,1,31,25,675,1.0,0,0,0,a,a,1103.0,7,2005,210,1,13,2017,330,1
915,6,2024,6,20,3,1245,1.0,0,0,0,a,c,646.0,7,2003,251,0,23,2012,500,1
691,4,2024,6,20,12,3350,1.0,1,0,0,a,c,828.0,8,2015,106,0,11,2013,500,0
1057,3,2024,12,20,22,1905,1.0,1,0,1,c,c,669.0,6,2002,270,0,12,2018,320,0
372,4,2023,4,47,23,2234,1.0,1,0,0,c,c,868.0,12,2001,256,0,27,2016,384,1
608,1,2024,6,23,25,609,1.0,1,0,0,a,a,259.0,11,2004,235,0,11,2013,500,0
505,1,2023,3,47,12,3500,1.0,1,0,1,a,a,1398.0,10,2009,161,1,18,2018,289,0
380,6,2023,5,17,27,866,1.0,0,0,0,d,a,586.0,5,2015,96,0,35,2019,190,1
366,5,2023,1,18,4,2306,1.0,0,0,0,a,a,666.0,2,2022,11,0,32,2016,350,0
1084,5,2023,5,19,23,3978,1.0,0,0,1,a,a,845.0,1,2014,112,0,38,2022,33,0
392,3,2024,3,19,6,1371,1.0,0,c,1,a,a,407.0,10,2012,137,0,34,2013,500,0
119,2,2023,5,17,19,1980,1.0,1,0,1,a,b,719.0,2,2006,207,1,50,2015,383,0
475,6,2023,8,35,25,1623,1.0,0,a,0,c,c,871.0,8,2007,192,0,50,2023,0,1
418,6,2024,10,51,20,1306,1.0,0,c,0,a,a,1315.0,6,2014,124,0,22,2011,500,1
1043,1,2023,4,15,6,3829,1.0,1,0,1,a,c,863.0,10,2004,222,1,31,2021,88,1
870,7,2024,11,16,25,2982,1.0,1,0,1,b,c,698.0,11,2001,276,0,6,2012,500,0
555,4,2024,4,16,27,1914,1.0,1,0,1,a,c,482.0,2,2017,86,1,43,2012,500,1
924,3,2023,1,13,14,2486,1.0,0,0,1,c,a,1461.0,6,2022,7,1,31,2012,500,1
451,3,2023,4,2,9,2131,1.0,1,0,0,a,b,843.0,12,2021,16,0,48,2016,318,1
249,4,2023,3,1,18,3810,1.0,1,0,1,a,a,845.0,5,2015,94,1,7,2013,500,0
713,1,2024,2,5,28,3082,1.0,1,0,0,c,c,409.0,10,2021,28,0,23,2015,450,1
694,1,2024,8,8,28,1403,1.0,1,0,0,a,a,977.0,9,2017,83,1,27,2012,500,1
320,3,2024,8,35,3,3297,1.0,0,0,1,a,c,644.0,11,2001,273,1,10,2023,77,0
191,7,2024,4,7,4,1767,1.0,1,0,1,c,a,1262.0,1,2008,195,1,16,2018,303,1
10,3,2023,9,17,16,3696,1.0,1,0,0,a,a,959.0,11,2001,262,0,15,2020,158,1
429,7,2024,3,25,25,279,1.0,0,0,1,a,c,858.0,1,2005,230,0,35,2010,500,0
814,6,2024,12,5,1,2832,1.0,0,0,0,a,c,423.0,2,2022,34,0,36,2019,229,0
897,6,2023,5,25,20,2606,1.0,0,0,1,b,a,791.0,3,2018,62,0,34,2020,147,0
371,2,2024,3,49,8,1332,1.0,1,0,0,c,a,756.0,10,2021,29,1,17,2012,500,0
740,7,2024,9,1,9,2542,1.0,0,0,1,a,b,857.0,2,2011,163,0,7,2023,46,0
265,6,2024,2,16,24,767,1.0,1,0,0,b,c,229.0,9,2005,221,1,7,2012,500,1
210,7,2024,12,5,9,808,1.0,0,c,0,d,a,547.0,4,2008,200,0,42,2022,67,0
597,1,2024,9,11,6,1944,1.0,0,0,0,d,a,671.0,9,2004,240,1,8,2023,55,0
348,2,2024,3,44,27,3409,1.0,1,0,0,b,a,970.0,9,2022,18,1,45,2013,500,0
180,4,2023,4,28,25,558,1.0,0,0,1,a,a,241.0,5,2013,119,0,18,2016,374,1
268,5,2024,12,18,26,1159,1.0,1,0,0,c,a,1235.0,12,2001,276,0,33,2012,500,0
310,5,2024,7,44,17,3673,1.0,1,0,0,d,a,1193.0,4,2007,207,0,8,2010,500,1
351,7,2024,7,48,8,1878,1.0,0,0,0,a,a,522.0,1,2011,162,0,43,2016,421,0
572,1,2024,9,46,21,3923,1.0,1,0,1,a,c,1561.0,8,2016,97,0,48,2016,414,0
973,2,2023,4,27,22,984,1.0,0,a,0,a,c,892.0,1,2020,39,1,50,2012,500,0
1087,1,2023,6,16,11,2180,1.0,0,0,0,d,c,787.0,4,2004,230,1,1,2018,275,0
641,4,2023,6,27,17,1556,1.0,0,0,1,c,c,998.0,7,2016,83,1,48,2022,31,0
272,2,2023,5,39,28,347,1.0,1,0,0,a,a,945.0,12,2018,53,0,13,2014,494,1
217,5,2024,4,23,17,3596,1.0,1,0,1,c,a,855.0,9,2017,79,1,31,2020,200,0
521,3,2023,6,28,24,1324,1.0,1,0,0,c,a,495.0,8,2006,202,0,49,2015,395,1
753,2,2023,10,41,1,474,1.0,0,0,1,c,c,689.0,7,2007,195,1,34,2016,371,0
589,3,2024,6,31,26,1675,1.0,0,0,1,c,a,927.0,5,2003,253,1,42,2013,500,1
148,5,2024,2,40,28,2207,1.0,0,a,0,a,c,1070.0,10,2013,124,0,13,2023,79,0
795,7,2023,1,23,5,1684,1.0,0,0,0,a,c,1252.0,1,2007,192,1,49,2016,338,1
347,2,2023,1,42,13,1385,1.0,0,0,1,a,c,683.0,2,2009,167,1,34,2022,60,0
583,2,2024,3,10,8,2871,1.0,0,0,1,c,b,844.0,2,2000,289,0,46,2023,16,1
959,7,2023,10,37,16,2868,1.0,0,0,0,c,c,622.0,8,2021,26,1,1,2012,500,0
818,7,2024,8,43,24,3929,1.0,0,0,1,a,c,1148.0,4,2014,124,1,22,2016,437,1
588,7,2024,5,22,6,702,1.0,1,0,0,a,a,727.0,1,2005,232,1,43,2011,500,1
964,7,2024,1,29,19,293,1.0,0,0,0,a,c,644.0,2,2001,275,1,5,2021,180,0
225,2,2023,4,32,4,3459,1.0,0,0,1,a,c,839.0,8,2008,176,1,12,2015,436,1
316,2,2024,4,21,11,3869,1.0,0,0,0,c,c,318.0,7,2003,249,1,44,2011,500,1
300,5,2023,6,26,16,2696,1.0,1,0,0,b,c,982.0,7,2004,227,0,50,2013,496,0
932,6,2024,6,36,14,3684,1.0,1,0,1,c,c,727.0,9,2018,69,1,20,2021,172,1
936,6,2023,3,39,4,2505,1.0,1,0,0,a,b,1650.0,7,2001,260,0,9,2011,500,0
293,7,2023,6,23,13,3453,1.0,0,0,0,a,a,635.0,11,2011,139,0,6,2017,329,1
214,7,2024,2,46,10,2034,1.0,0,0,1,a,a,740.0,7,2017,79,0,43,2023,55,0
903,2,2023,1,45,16,1857,1.0,0,0,1,a,a,1125.0,8,2013,113,1,41,2015,420,0
503,3,2023,12,38,10,2326,1.0,1,0,0,b,a,1055.0,4,2003,248,0,35,2012,500,1
710,4,2023,11,8,14,1687,1.0,1,0,1,c,a,1131.0,7,2006,208,0,2,2018,266,1
221,3,2024,12,20,27,1656,1.0,0,0,1,a,a,736.0,3,2003,261,1,19,2018,313,0
634,6,2023,2,2,13,2022,1.0,0,0,1,a,a,476.0,3,2022,11,0,12,2014,458,0
764,6,2023,9,49,21,2627,1.0,0,0,0,b,a,1620.0,12,2015,93,1,30,2020,175,1
518,6,2023,11,30,10,2683,1.0,1,0,1,d,c,975.0,11,2022,12,1,35,2021,99,1
915,1,2024,5,18,19,268,1.0,1,0,1,a,c,888.0,5,2003,252,1,46,2019,232,0
609,6,2024,12,14,13,1199,1.0,0,0,0,b,b,1062.0,4,2008,200,1,13,2021,157,0
601,3,2023,12,36,18,1173,1.0,0,0,0,a,a,429.0,8,2008,184,0,30,2014,474,0
262,3,2023,3,7,5,1720,1.0,0,0,1,b,c,683.0,9,2018,54,1,4,2013,500,1
745,4,2024,11,19,24,2622,1.0,0,0,0,b,a,507.0,1,2001,286,0,10,2022,113,0
556,1,2023,1,2,6,3846,1.0,0,0,1,b,b,870.0,9,2018,52,0,36,2016,330,0
724,6,2024,2,39,5,2933,1.0,1,0,1,a,c,407.0,1,2010,169,0,29,2011,500,0
679,5,2023,2,41,20,479,1.0,1,0,1,a,c,1022.0,1,2021,25,1,16,2011,500,0
411,4,2023,12,39,9,2783,1.0,0,0,0,c,c,1175.0,6,2007,198,1,25,2023,14,0
426,3,2023,11,50,28,969,1.0,0,0,0,a,a,1164.0,8,2019,51,1,48,2010,500,0
348,2,2024,4,26,20,2903,1.0,0,0,1,a,c,952.0,5,2020,47,1,17,2022,113,1
426,5,2023,12,33,6,357,1.0,0,0,1,a,a,878.0,12,2010,156,0,4,2014,497,0
943,7,2023,2,45,28,1542,1.0,1,0,0,c,a,695.0,5,2020,33,0,6,2023,39,0
388,4,2023,8,41,26,2454,1.0,1,0,1,a,a,955.0,9,2008,179,1,19,2017,334,0
136,7,2023,11,24,9,987,1.0,1,0,1,a,a,787.0,7,2015,100,0,29,2020,151,0
912,4,2023,12,44,18,2174,1.0,1,0,0,a,a,259.0,6,2021,30,1,47,2020,153,0
243,1,2023,3,41,13,1837,1.0,0,0,0,a,c,635.0,4,2004,227,1,29,2016,376,1
429,7,2024,10,42,27,448,1.0,0,a,0,b,a,1058.0,5,2009,185,1,5,2023,89,0
226,3,2023,9,26,27,1585,1.0,0,0,0,a,c,482.0,5,2001,268,1,10,2020,172,1
648,5,2023,7,17,12,1955,1.0,1,0,1,a,a,476.0,2,2011,149,1,46,2015,387,1
297,4,2024,10,41,26,2356,1.0,0,0,1,a,a,760.0,9,2006,217,1,8,2014,500,0
1085,5,2024,11,1,20,942,1.0,0,a,1,d,a,169.0,3,2002,272,1,44,2010,500,1
477,6,2024,2,46,3,3287,1.0,1,0,1,b,c,1039.0,1,2020,49,0,41,2013,500,0
34,7,2023,6,33,16,2655,1.0,0,0,1,c,c,1012.0,11,2006,199,0,7,2019,234,0
617,7,2023,3,44,11,3129,1.0,0,0,1,a,b,1104.0,9,2016,78,1,29,2019,223,0
246,2,2023,5,50,28,3271,1.0,0,0,1,a,c,886.0,5,2003,240,0,30,2012,500,1
391,1,2024,5,38,6,3090,1.0,0,0,0,a,b,564.0,9,2006,212,1,6,2016,448,1
1032,5,2024,9,47,2,606,1.0,0,0,1,a,b,451.0,2,2001,283,1,7,2018,352,1
201,2,2024,8,34,4,1647,1.0,0,0,0,a,c,985.0,5,2016,99,0,11,2012,500,1
800,3,2023,9,1,2,3068,1.0,0,0,1,a,a,1035.0,5,2008,184,0,49,2016,316,1
769,6,2024,9,20,14,1662,1.0,0,0,1,c,b,485.0,6,2020,51,1,4,2021,172,1
420,5,2024,5,48,25,1875,1.0,1,0,1,a,b,445.0,6,2011,155,1,52,2013,500,1
495,5,2024,8,12,14,1735,1.0,1,0,1,a,a,814.0,6,2004,242,0,32,2020,188,1
101,6,2024,6,1,2,2149,1.0,0,0,0,a,a,861.0,5,2017,85,0,19,2014,500,1
533,5,2024,7,22,25,317,1.0,1,0,1,c,a,1100.0,5,2019,62,0,17,2011,500,1
574,7,2023,3,28,26,1907,1.0,0,b,0,d,c,1019.0,1,2013,122,1,50,2014,446,1
668,2,2024,4,26,22,2617,1.0,1,0,0,a,a,796.0,1,2015,111,0,23,2015,471,0
875,3,2023,2,45,3,2923,1.0,0,0,0,d,a,1131.0,5,2018,57,1,15,2012,500,1
1037,4,2024,2,10,7,2480,1.0,1,0,1,a,c,715.0,9,2002,257,1,49,2020,169,1
472,6,2023,5,22,4,2906,1.0,0,0,1,c,a,727.0,11,2005,210,1,32,2019,198,0
985,6,2024,3,31,19,448,1.0,0,0,0,c,b,1074.0,11,2017,76,1,39,2017,356,0
942,3,2023,6,36,10,2430,1.0,0,0,1,d,c,1107.0,4,2018,62,1,13,2015,439,0
343,7,2023,9,44,2,2708,1.0,1,0,1,a,a,1115.0,7,2004,230,1,51,2010,500,1
324,5,2024,2,13,21,1059,1.0,0,a,1,c,a,766.0,5,2001,273,0,2,2020,219,1
599,2,2024,3,46,21,1693,1.0,1,0,0,c,c,841.0,1,2012,146,1,50,2014,500,1
553,7,2024,2,51,17,1644,1.0,1,0,1,a,a,560.0,9,2006,209,1,19,2018,344,1
416,2,2024,10,52,5,389,1.0,1,0,1,c,c,1090.0,1,2003,261,0,1,2014,500,0
101,5,2023,2,3,26,3293,1.0,0,0,1,c,a,643.0,2,2010,156,1,23,2013,500,1
886,7,2023,12,20,12,2396,1.0,1,0,0,b,c,221.0,11,2006,205,1,22,2018,258,1
587,5,2023,11,33,18,1389,1.0,1,0,1,c,c,688.0,11,2022,12,1,11,2014,490,1
197,4,2023,5,16,1,3839,1.0,1,0,0,b,a,563.0,8,2018,57,1,45,2015,387,0
961,6,2023,9,2,17,3688,1.0,0,0,1,c,c,50.0,7,2002,254,1,27,2022,27,1
1032,2,2023,3,14,25,455,1.0,1,c,1,b,a,648.0,9,2022,6,1,2,2013,500,1
170,2,2024,2,3,16,1294,1.0,1,0,0,c,a,1055.0,7,2006,211,0,49,2015,422,0
587,5,2023,8,39,8,3788,1.0,1,0,1,a,a,944.0,9,2003,239,0,25,2014,482,0
680,6,2024,8,15,12,2291,1.0,1,0,0,a,c,944.0,2,2003,258,1,43,2011,500,1
264,2,2024,4,35,8,1736,1.0,0,0,1,a,a,1248.0,12,2008,184,0,6,2015,497,1
351,5,2024,6,1,18,2523,1.0,0,0,1,c,c,646.0,1,2009,185,0,22,2019,239,1
431,6,2024,7,42,15,3164,1.0,0,0,0,a,a,476.0,9,2020,46,1,37,2014,500,1
395,4,2024,7,11,28,841,1.0,0,0,1,a,a,968.0,11,2007,200,0,22,2014,500,0
754,2,2024,4,13,1,1089,1.0,1,0,1,a,a,927.0,1,2015,111,1,1,2019,272,1
10,7,2023,10,9,28,2071,1.0,1,0,0,c,a,440.0,3,2002,259,0,46,2016,327,1
726,3,2023,8,5,8,917,1.0,0,0,1,c,a,767.0,4,2018,64,0,32,2018,233,1
595,3,2024,6,48,4,1192,1.0,0,0,0,a,a,982.0,6,2011,156,1,30,2012,500,1
846,5,2023,7,49,8,717,1.0,0,0,0,c,a,902.0,3,2013,124,0,10,2016,403,0
1099,2,2024,4,3,13,1108,1.0,0,0,1,c,c,1040.0,7,2011,153,0,22,2010,500,1
482,1,2023,5,15,21,2467,1.0,0,0,1,a,b,618.0,12,2017,65,0,46,2017,281,1
164,6,2024,10,32,17,2053,1.0,1,0,1,a,a,394.0,1,2014,129,1,15,2018,329,1
487,6,2023,2,30,7,2438,1.0,0,0,0,a,c,546.0,11,2008,171,0,9,2012,500,0
262,2,2023,2,35,21,1332,1.0,1,0,1,a,a,1079.0,9,2019,41,1,49,2016,350,1
568,4,2024,3,48,2,3045,1.0,1,0,0,a,b,1131.0,6,2002,261,1,19,2019,289,0
253,6,2023,12,43,9,2453,1.0,0,0,0,a,a,770.0,7,2022,17,0,26,2015,433,1
12,7,2023,10,17,27,288,1.0,0,0,1,d,c,1274.0,2,2014,116,0,1,2023,16,1
627,7,2024,12,20,28,2893,1.0,1,0,1,a,a,771.0,11,2002,265,0,17,2022,107,1
359,1,2023,4,18,9,2702,1.0,0,0,1,a,a,666.0,1,2011,147,1,49,2012,500,1
212,6,2023,5,10,12,2967,1.0,0,0,1,a,a,397.0,2,2007,195,1,47,2013,483,0
3,1,2024,4,30,10,2424,1.0,1,0,0,a,a,797.0,9,2001,271,0,52,2014,498,0
1062,5,2023,10,7,8,994,1.0,0,0,1,a,a,1138.0,3,2022,19,1,36,2018,231,1
936,5,2023,10,6,6,3224,1.0,1,0,1,a,c,1201.0,1,2020,45,1,39,2018,227,1
777,7,2024,12,8,22,1479,1.0,1,c,1,a,c,1141.0,4,2013,140,0,47,2021,117,1
414,5,2023,4,39,19,1045,1.0,1,0,1,a,a,970.0,7,2002,249,0,5,2015,450,0
698,4,2023,12,28,17,3885,1.0,0,0,0,c,a,1299.0,4,2009,176,1,16,2016,376,0
599,5,2024,12,16,22,2411,1.0,1,0,0,c,a,529.0,11,2016,97,0,6,2016,426,0
5,1,2024,2,32,26,3679,1.0,0,0,0,a,a,1176.0,12,2010,158,0,51,2020,189,1
1018,1,2023,5,38,24,1577,1.0,0,0,0,a,a,904.0,6,2012,131,1,32,2016,370,0
525,6,2023,3,41,3,3697,1.0,1,0,0,a,a,883.0,7,2019,44,1,46,2017,307,1
519,4,2024,12,24,22,3894,1.0,0,0,0,a,c,393.0,8,2004,244,0,32,2011,500,0
903,6,2024,6,42,2,2511,1.0,1,0,0,a,a,922.0,4,2019,62,1,34,2014,500,0
795,4,2024,1,17,20,1371,1.0,0,0,1,a,c,1166.0,6,2022,19,0,36,2016,397,0
566,7,2023,7,44,27,2325,1.0,0,a,0,d,c,181.0,3,2006,208,0,51,2022,45,1
950,3,2024,3,10,27,2443,1.0,0,0,0,b,b,1059.0,12,2021,27,0,46,2011,500,0
824,3,2024,5,9,13,2222,1.0,0,0,1,c,b,134.0,7,2007,202,0,23,2015,454,1
642,2,2023,7,40,28,1412,1.0,0,0,1,a,c,395.0,6,2016,85,0,33,2018,267,1
761,2,2024,1,39,7,2974,1.0,1,0,0,c,a,792.0,3,2016,94,0,27,2016,428,0
183,1,2023,11,46,26,2932,1.0,0,0,1,a,c,1295.0,2,2021,33,1,10,2014,500,0
1037,1,2023,6,4,21,376,1.0,0,0,1,a,b,782.0,1,2001,269,0,32,2019,180,1
984,1,2024,8,47,23,2599,1.0,0,0,0,a,c,961.0,4,2013,136,1,20,2010,500,0
409,3,2023,4,46,28,810,1.0,0,0,1,d,a,547.0,8,2019,44,0,41,2018,265,0
45,4,2024,10,30,22,3845,1.0,1,0,1,c,a,762.0,12,2002,262,1,46,2022,88,1
921,6,2024,6,28,28,1228,1.0,0,0,0,a,c,804.0,9,2000,285,0,37,2017,355,0
563,6,2024,7,8,13,2505,1.0,0,0,0,d,a,1309.0,2,2001,281,0,10,2021,154,0
291,4,2023,4,34,27,2646,1.0,0,0,1,a,c,596.0,1,2010,159,1,48,2019,194,0
1112,5,2024,3,40,23,3190,1.0,1,0,1,a,c,622.0,7,2012,140,0,18,2018,334,1
622,2,2024,6,33,5,1204,1.0,1,0,0,a,a,1143.0,7,2018,71,1,25,2019,268,1
229,2,2023,4,12,11,3318,1.0,0,0,0,b,c,746.0,1,2009,171,0,33,2023,0,1
690,2,2024,8,30,24,733,1.0,0,0,1,b,c,854.0,7,2021,37,1,30,2017,364,1
849,4,2023,8,9,18,239,1.0,0,0,0,c,a,951.0,2,2002,258,1,41,2013,488,0
494,3,2024,5,28,4,569,1.0,0,0,1,d,c,629.0,8,2014,117,0,22,2017,370,1
764,2,2024,2,46,17,371,1.0,0,0,0,c,b,204.0,12,2010,158,0,35,2016,427,0
115,4,2024,3,48,10,3605,1.0,1,0,0,a,a,1143.0,1,2012,146,1,42,2012,500,0
308,1,2023,4,38,4,504,1.0,0,0,0,a,a,855.0,4,2011,144,0,27,2023,11,0
485,6,2024,5,19,5,2767,1.0,0,0,1,a,c,437.0,10,2016,91,1,38,2019,241,0
128,6,2023,10,18,6,2214,1.0,1,0,1,a,b,1053.0,9,2016,85,1,45,2015,389,1
220,7,2024,4,41,10,1800,1.0,0,0,1,b,b,1423.0,7,2019,57,1,50,2023,43,0
602,2,2024,9,1,26,839,1.0,0,0,0,a,c,1178.0,12,2008,189,1,28,2014,493,0
544,5,2024,1,19,7,573,1.0,1,0,1,a,c,1444.0,5,2000,284,1,51,2014,488,0
403,6,2024,8,29,5,2086,1.0,1,0,0,a,a,452.0,8,2003,252,0,24,2012,500,1
23,3,2024,8,3,26,2616,1.0,0,0,1,c,c,895.0,6,2013,134,1,30,2012,500,1
444,7,2024,10,42,14,2632,1.0,0,0,1,b,a,926.0,12,2003,250,0,8,2018,346,1
540,2,2024,8,20,28,2558,1.0,0,0,1,a,c,785.0,6,2017,86,0,2,2023,70,1
1100,2,2023,4,44,9,1720,1.0,0,0,0,a,a,722.0,2,2000,278,0,24,2017,332,0
421,4,2024,4,8,5,227,1.0,0,0,1,a,a,50.0,11,2021,29,1,31,2015,445,1
574,3,2024,10,2,25,3256,1.0,1,0,0,c,a,1328.0,5,2022,29,0,26,2021,132,0
16,5,2024,12,23,4,1420,1.0,0,0,1,a,b,335.0,9,2009,183,0,34,2019,249,0
201,6,2023,7,51,21,2724,1.0,1,0,0,a,a,1091.0,5,2019,50,0,15,2012,500,1
695,3,2023,10,5,5,3111,1.0,0,0,1,a,c,823.0,4,2020,42,1,4,2016,365,0
540,6,2023,12,7,24,3975,1.0,0,0,1,a,c,811.0,3,2018,69,0,38,2018,229,0
349,3,2024,11,41,16,3485,1.0,0,0,1,a,a,758.0,1,2014,130,1,10,2017,395,1
441,1,2023,1,6,4,3509,1.0,1,0,0,c,c,880.0,2,2004,227,1,17,2010,500,1
650,6,2024,6,31,25,1164,1.0,0,0,0,c,c,1012.0,5,2007,205,1,46,2014,500,1
480,4,2023,8,3,8,2600,1.0,1,0,0,a,a,1106.0,10,2008,178,0,1,2023,2,0
988,5,2024,7,2,21,1896,1.0,0,0,1,a,a,782.0,3,2022,28,1,23,2020,187,0
245,3,2023,8,21,6,2072,1.0,1,0,0,a,b,458.0,9,2014,107,0,34,2020,143,1
964,4,2024,9,34,12,3137,1.0,0,0,1,a,a,448.0,8,2001,277,1,49,2017,349,1
1030,6,2024,3,31,8,3801,1.0,1,0,0,a,a,1132.0,9,2003,246,0,18,2017,377,0
562,4,2024,8,50,27,2466,1.0,1,0,1,a,a,739.0,8,2020,48,1,17,2016,449,1
194,2,2023,9,3,4,681,1.0,0,0,0,a,c,513.0,11,2011,142,1,11,2013,500,1
526,4,2024,9,4,16,1542,1.0,0,b,1,a,c,597.0,4,2012,149,0,51,2017,317,1
1010,1,2024,8,41,8,1016,1.0,0,0,0,a,a,792.0,9,2021,35,1,12,2021,185,0
595,2,2023,6,19,22,3892,1.0,0,0,1,c,c,435.0,11,2013,115,0,36,2023,0,1
700,7,2023,5,12,16,3873,1.0,0,0,0,c,a,811.0,8,2009,165,1,46,2014,434,0
436,7,2024,2,47,14,2139,1.0,0,0,1,a,c,1196.0,12,2019,50,1,39,2021,164,0
649,7,2024,10,17,23,946,1.0,1,0,1,a,b,784.0,10,2007,204,0,27,2014,500,0
330,1,2024,10,2,19,2579,1.0,0,0,1,a,a,290.0,6,2021,40,1,32,2010,500,1
295,7,2024,12,1,19,3767,1.0,0,0,1,a,c,1080.0,10,2001,278,0,18,2014,500,1
176,2,2023,5,48,11,2113,1.0,0,0,0,b,a,1153.0,6,2020,35,1,29,2015,435,1
780,2,2023,3,9,7,1073,1.0,1,a,1,a,a,1169.0,11,2002,244,0,40,2023,0,0
1021,4,2024,8,52,2,688,1.0,0,0,1,b,a,838.0,1,2010,175,0,38,2012,500,1
400,3,2023,8,11,16,2487,1.0,0,0,0,a,a,1519.0,12,2004,224,1,9,2016,366,1
69,4,2024,5,21,18,2274,1.0,1,0,1,a,a,1041.0,11,2016,90,0,11,2022,114,0
450,7,2024,5,4,7,1501,1.0,0,0,0,b,c,1717.0,4,2010,169,0,38,2013,500,0
385,5,2023,6,25,9,1264,1.0,0,0,1,b,a,1225.0,2,2017,76,1,26,2013,500,0
693,3,2023,6,51,2,3099,1.0,1,0,0,c,c,1180.0,7,2012,131,1,24,2018,287,0
186,7,2023,8,52,16,291,1.0,0,0,1,a,a,633.0,8,2007,192,0,50,2020,158,1
875,5,2023,9,20,27,2923,1.0,0,0,0,d,a,536.0,5,2016,88,1,9,2013,500,0
68,3,2023,7,4,19,815,1.0,0,0,0,a,a,855.0,8,2006,203,0,47,2018,217,0
429,1,2023,9,36,2,3922,1.0,1,0,0,d,c,762.0,7,2005,218,1,29,2018,267,0
193,2,2023,2,17,13,3719,1.0,1,0,1,a,b,659.0,5,2018,57,1,49,2020,124,1
973,2,2023,4,46,26,528,1.0,1,0,0,d,a,781.0,6,2022,10,1,26,2018,280,0
509,1,2024,3,4,5,3242,1.0,1,0,0,d,a,761.0,2,2012,145,0,42,2019,222,1
1016,7,2024,10,6,8,2446,1.0,1,0,0,a,a,628.0,7,2022,27,0,12,2015,462,1
624,1,2023,3,39,23,284,1.0,0,0,1,a,b,1017.0,8,2005,211,1,41,2014,466,0
845,7,2024,11,34,19,1453,1.0,0,0,1,b,a,594.0,12,2000,287,0,11,2015,491,1
998,6,2024,7,34,5,2516,1.0,0,a,1,a,b,807.0,5,2020,50,0,49,2016,401,0
919,1,2024,3,29,1,739,1.0,0,0,1,a,c,456.0,2,2019,61,1,31,2017,362,0
763,4,2024,5,45,4,2436,1.0,1,0,1,d,a,850.0,2,2011,159,0,40,2012,500,1
886,1,2024,1,36,16,1416,1.0,0,0,0,c,a,880.0,11,2019,50,1,48,2021,144,1
895,2,2024,3,10,9,1989,1.0,0,0,0,c,a,532.0,11,2020,40,1,5,2013,500,1
748,2,2024,8,42,5,764,1.0,1,0,0,c,c,841.0,10,2008,190,0,18,2013,500,1
617,5,2024,1,29,2,747,1.0,1,0,1,c,a,791.0,6,2003,247,0,30,2011,500,1
569,2,2023,7,10,3,3770,1.0,0,0,1,c,a,682.0,12,2014,103,0,1,2013,500,1
225,6,2024,10,38,10,3755,1.0,0,c,1,c,c,685.0,9,2020,49,1,2,2022,140,1
643,5,2023,3,36,7,3278,1.0,0,0,1,a,a,954.0,3,2013,120,1,35,2022,53,1
948,7,2024,1,15,22,2176,1.0,1,0,1,a,c,829.0,4,2009,177,1,10,2013,500,1
950,4,2024,8,10,22,3722,1.0,0,0,1,b,a,1107.0,12,2005,224,0,26,2013,500,0
530,3,2024,5,47,23,2984,1.0,0,0,1,c,c,509.0,2,2006,219,1,36,2011,500,0
542,6,2023,5,45,20,2261,1.0,0,0,1,a,a,764.0,9,2017,68,1,41,2014,472,0
860,5,2024,6,11,13,3428,1.0,1,0,0,a,c,636.0,1,2008,197,0,48,2013,500,0
1093,2,2024,8,36,6,3485,1.0,0,0,1,d,a,838.0,9,2011,155,0,2,2011,500,1
8,2,2023,6,7,6,3858,1.0,0,0,1,a,a,901.0,5,2013,121,1,1,2013,500,1
782,5,2024,4,48,18,3979,1.0,1,0,1,a,a,465.0,1,2006,219,1,3,2013,500,0
497,7,2023,2,15,28,615,1.0,0,0,0,c,c,998.0,1,2006,205,0,40,2011,500,0
258,4,2024,12,9,21,3922,1.0,1,0,0,a,b,1469.0,3,2016,105,0,5,2014,500,1
378,7,2023,9,42,24,1660,1.0,1,0,1,b,a,871.0,12,2014,105,0,24,2019,226,0
1109,4,2024,8,50,24,2696,1.0,1,0,1,c,c,560.0,12,2017,80,0,1,2023,101,1
332,5,2024,3,38,1,2196,1.0,0,0,0,a,a,732.0,3,2011,156,0,43,2019,255,0
562,3,2024,1,47,26,1384,1.0,1,b,0,a,a,723.0,4,2000,285,0,43,2020,212,0
753,5,2023,8,47,17,2397,1.0,0,0,1,a,a,620.0,2,2015,102,1,33,2018,274,1
295,1,2024,11,16,25,2414,1.0,0,0,0,b,a,1037.0,7,2000,292,1,51,2018,277,0
920,5,2023,5,33,27,3659,1.0,0,0,0,a,a,273.0,10,2007,187,0,31,2022,54,1
81,3,2024,2,36,4,3938,1.0,1,0,1,c,a,902.0,7,2017,79,1,36,2022,104,0
964,5,2023,7,48,27,2029,1.0,0,0,0,c,a,1207.0,10,2005,213,1,23,2010,500,1
776,7,2024,12,29,16,404,1.0,0,0,1,c,a,1188.0,12,2020,48,0,51,2017,342,1
893,4,2024,6,29,12,3112,1.0,0,0,1,a,a,1127.0,12,2015,102,1,19,2018,322,1
103,5,2024,5,43,28,3550,1.0,0,0,0,c,a,622.0,4,2020,49,0,13,2023,82,0
906,6,2023,12,48,18,1909,1.0,0,0,0,c,b,1257.0,3,2012,141,1,27,2018,281,0
314,2,2023,3,4,19,1390,1.0,1,0,1,d,a,930.0,6,2010,153,0,10,2013,500,0
932,7,2023,5,46,18,1659,1.0,1,0,1,c,a,1247.0,1,2003,244,0,35,2020,167,0
391,4,2024,3,21,18,1780,1.0,0,0,0,a,a,1144.0,6,2020,45,0,31,2023,42,0
774,6,2024,2,25,21,1187,1.0,1,0,1,a,c,914.0,9,2015,101,0,20,2014,500,0
1108,1,2024,11,23,10,1518,1.0,0,0,0,a,c,747.0,3,2018,80,1,1,2014,500,0
848,3,2024,5,1,27,1353,1.0,1,a,0,c,c,1529.0,10,2006,211,0,26,2015,443,1
91,7,2023,10,30,19,677,1.0,1,0,1,c,b,286.0,11,2004,227,1,28,2018,262,1
247,4,2024,6,52,14,2617,1.0,1,0,1,a,a,768.0,5,2008,193,0,31,2014,500,1
143,1,2023,9,38,15,1667,1.0,0,0,1,a,a,398.0,4,2010,161,1,3,2019,243,1
1068,5,2023,1,26,2,410,1.0,1,0,0,a,c,855.0,12,2019,37,0,1,2015,441,0
361,6,2023,7,2,3,2566,1.0,0,0,1,c,a,927.0,10,2006,201,1,41,2016,325,1
562,1,2023,12,39,21,1386,1.0,0,0,1,b,c,627.0,10,2004,230,0,12,2018,287,0
644,2,2024,12,35,11,729,1.0,0,0,0,c,c,650.0,5,2002,271,1,47,2013,500,1
293,4,2023,3,24,27,2764,1.0,1,0,1,c,a,424.0,5,2009,166,1,10,2013,500,1
412,3,2023,10,19,12,2841,1.0,1,0,0,a,a,956.0,9,2002,253,0,19,2013,500,0
507,1,2024,12,19,25,540,1.0,1,0,1,a,c,680.0,9,2001,279,1,46,2022,77,0
16,2,2024,9,12,21,3075,1.0,1,0,1,b,c,947.0,3,2008,198,0,7,2018,317,1
918,4,2023,5,19,1,2253,1.0,0,0,0,a,a,663.0,1,2010,160,0,47,2023,0,1
1010,5,2023,2,9,10,787,1.0,0,c,0,b,a,894.0,1,2009,169,1,1,2013,500,0
773,1,2024,7,19,25,1944,1.0,1,0,1,a,b,1042.0,5,2021,38,0,10,2015,477,1
487,6,2024,1,49,23,3973,1.0,0,0,0,a,a,964.0,6,2021,31,1,16,2015,500,0
171,3,2023,9,31,5,447,1.0,0,0,0,a,a,883.0,3,2012,138,1,37,2023,0,1
366,7,2024,5,31,7,2058,1.0,0,0,1,a,a,789.0,1,2021,40,1,31,2019,260,0
490,7,2023,1,43,28,490,1.0,0,0,0,d,b,963.0,4,2019,45,1,22,2016,385,0
222,5,2023,9,46,14,966,1.0,0,0,1,b,a,639.0,11,2001,262,1,30,2017,328,1
842,1,2024,5,30,21,2483,1.0,0,0,0,a,a,761.0,3,2012,146,1,29,2010,500,1
503,1,2024,7,19,14,2430,1.0,1,0,1,c,a,924.0,8,2008,191,1,42,2014,497,0
774,2,2024,4,28,4,2206,1.0,1,0,0,a,a,1281.0,9,2001,271,1,22,2022,110,1
575,4,2023,6,46,16,2413,1.0,0,0,0,a,a,636.0,8,2015,94,0,49,2013,500,1
212,3,2024,3,16,3,2938,1.0,1,0,1,a,a,554.0,10,2011,149,1,25,2014,500,1
728,6,2023,3,52,26,1981,1.0,0,0,1,a,a,906.0,4,2014,107,1,44,2015,424,1
829,5,2024,9,25,8,2572,1.0,1,0,1,b,a,1182.0,3,2005,234,1,36,2010,500,1
474,3,2024,10,38,24,3589,1.0,0,0,0,c,a,1064.0,2,2019,68,0,22,2016,432,1
753,7,2024,2,10,7,2070,1.0,0,0,0,b,c,827.0,6,2009,176,1,16,2012,500,0
1097,7,2023,2,52,3,651,1.0,1,0,1,a,a,1188.0,7,2005,211,1,27,2019,233,0
273,5,2023,7,39,1,1840,1.0,0,0,1,c,c,277.0,8,2005,215,1,2,2020,193,0
992,2,2023,7,47,4,2844,1.0,1,a,0,a,a,1123.0,11,2006,200,0,18,2016,393,1
343,7,2023,5,41,25,1409,1.0,0,0,1,c,b,726.0,2,2002,255,1,27,2013,500,1
49,6,2023,12,23,3,1506,1.0,0,0,0,a,a,1009.0,8,2019,52,0,20,2020,159,0
468,2,2023,12,13,4,352,1.0,0,0,1,a,c,1122.0,5,2004,235,0,6,2020,163,0
915,2,2024,8,42,7,3741,1.0,1,0,0,c,b,878.0,9,2017,83,1,31,2014,500,0
752,3,2024,11,30,28,497,1.0,0,0,1,a,a,841.0,3,2009,188,1,50,2021,136,1
371,5,2023,6,13,23,3480,1.0,0,0,1,a,a,703.0,1,2002,257,0,23,2017,302,1
1061,7,2024,1,15,8,2396,1.0,0,0,1,d,c,1327.0,7,2018,66,1,18,2022,101,0
1098,1,2023,2,10,13,3017,1.0,0,0,0,a,c,923.0,4,2018,58,1,37,2019,181,1
1110,1,2024,10,51,17,2402,1.0,0,0,1,c,a,887.0,11,2017,83,1,2,2022,153,1
618,5,2024,2,37,8,540,1.0,0,0,0,b,a,1273.0,9,2008,185,1,47,2013,500,1
769,4,2024,3,16,20,371,1.0,1,0,1,d,c,669.0,6,2000,285,0,25,2012,500,1
592,1,2023,9,12,8,1234,1.0,1,a,1,a,c,745.0,5,2018,64,0,40,2020,128,1
460,4,2023,6,45,9,1852,1.0,1,0,0,c,a,1101.0,9,2017,69,0,17,2017,340,1
586,1,2023,3,38,26,3850,1.0,1,0,1,a,a,1352.0,6,2020,33,1,11,2020,183,1
77,7,2024,10,37,13,3808,1.0,0,0,1,a,c,833.0,9,2000,289,0,36,2022,105,1
182,7,2023,9,4,26,792,1.0,1,0,0,a,c,936.0,9,2019,48,0,16,2015,404,0
662,4,2024,4,51,22,914,1.0,1,0,0,d,a,343.0,12,2001,268,1,37,2013,500,1
468,6,2023,3,23,9,3807,1.0,1,0,1,a,a,1205.0,4,2000,275,1,37,2012,500,1
538,7,2023,9,38,2,3118,1.0,1,0,0,a,a,495.0,8,2017,73,1,37,2023,1,1
1021,1,2023,3,10,5,1615,1.0,1,0,1,a,c,658.0,6,2017,69,1,41,2017,281,1
748,5,2023,3,32,11,2130,1.0,1,0,0,a,c,877.0,3,2009,168,1,21,2020,167,0
81,2,2023,11,5,22,326,1.0,0,0,0,a,b,625.0,3,2016,92,0,51,2023,0,0
1076,3,2023,11,24,23,3155,1.0,1,b,0,a,a,238.0,1,2007,202,0,45,2023,0,1
963,5,2023,12,13,12,3313,1.0,1,0,1,a,a,449.0,4,2002,260,0,25,2023,0,0
186,2,2023,6,25,10,1232,1.0,0,0,0,c,b,850.0,2,2008,184,0,3,2014,490,1
950,7,2024,9,46,21,479,1.0,1,a,1,c,c,1269.0,3,2020,54,0,3,2019,303,0
414,4,2023,3,1,2,3940,1.0,1,0,1,a,b,1245.0,2,2012,133,1,25,2012,500,0
416,7,2023,12,24,12,2031,1.0,0,0,1,a,b,935.0,1,2016,95,1,2,2016,386,0
643,1,2023,1,52,6,1567,1.0,1,0,0,a,c,867.0,7,2013,114,0,50,2023,2,0
1010,6,2024,11,51,19,294,1.0,0,0,0,b,a,1059.0,12,2015,107,0,22,2013,500,0
392,3,2023,8,30,19,2581,1.0,0,0,1,a,c,1218.0,6,2015,98,0,22,2013,500,1
642,5,2024,12,35,24,3890,1.0,0,0,1,c,c,855.0,7,2002,269,1,28,2017,371,0
197,4,2023,9,31,28,2797,1.0,0,0,1,c,a,865.0,8,2002,253,1,52,2022,31,0
96,5,2023,3,24,6,3862,1.0,0,0,1,d,a,881.0,7,2002,248,0,32,2018,252,0
668,4,2023,9,10,7,2710,1.0,1,0,0,c,a,1123.0,1,2003,248,0,37,2012,500,0
263,4,2023,9,43,12,2869,1.0,1,0,1,a,c,409.0,6,2015,99,0,30,2023,13,0
44,4,2023,6,23,15,2212,1.0,0,0,0,a,a,825.0,10,2009,164,0,22,2015,417,0
10,7,2023,8,46,21,3283,1.0,0,0,0,a,b,940.0,3,2008,185,0,5,2016,405,0
421,7,2024,5,12,7,2770,1.0,0,0,1,a,b,252.0,2,2019,63,0,36,2018,288,1
278,5,2024,4,11,16,2455,1.0,1,0,1,a,a,1095.0,8,2010,164,0,26,2019,245,1
1085,2,2024,8,12,26,2781,1.0,1,0,0,a,a,1143.0,9,2017,83,0,50,2022,66,0
534,1,2024,7,34,2,3668,1.0,0,0,1,a,a,236.0,9,2014,118,1,8,2013,500,0
534,7,2023,1,29,26,3003,1.0,0,0,1,a,a,696.0,9,2004,220,1,45,2016,348,0
174,2,2024,10,35,5,1783,1.0,1,0,0,a,c,706.0,4,2008,198,1,35,2014,500,0
114,5,2023,3,13,11,2959,1.0,1,0,0,a,c,553.0,7,2006,200,1,11,2018,262,0
334,5,2024,1,19,5,3609,1.0,0,a,1,a,a,595.0,11,2016,86,1,27,2013,500,1
931,6,2024,4,35,2,2758,1.0,0,0,0,d,a,663.0,3,2008,193,0,43,2014,500,1
693,3,2024,11,27,8,2205,1.0,1,0,1,a,a,1003.0,9,2013,134,0,37,2019,250,0
200,5,2024,10,20,18,3660,1.0,0,0,1,c,b,1194.0,8,2019,62,0,12,2012,500,0
42,4,2023,6,17,11,1642,1.0,1,c,0,c,a,986.0,4,2008,182,0,36,2016,345,0
280,2,2024,6,20,18,3613,1.0,0,0,0,a,a,546.0,12,2022,18,0,6,2020,222,0
305,6,2023,6,15,21,2254,1.0,0,0,1,a,b,1057.0,2,2004,232,1,8,2016,371,1
1074,6,2023,1,37,18,361,1.0,0,0,0,a,b,1001.0,10,2001,255,0,21,2020,172,0
191,4,2023,5,9,19,415,1.0,1,0,0,a,a,50.0,7,2004,226,0,4,2016,369,0
865,6,2024,11,35,9,3927,1.0,0,0,0,a,a,1192.0,2,2011,165,1,31,2022,108,1
431,5,2023,8,4,23,1223,1.0,0,0,1,c,a,860.0,6,2000,278,1,10,2021,98,0
359,6,2024,5,21,1,3217,1.0,1,0,0,a,b,871.0,4,2008,193,0,17,2012,500,0
234,6,2024,12,26,24,2665,1.0,0,a,1,c,a,297.0,6,2007,210,1,31,2022,99,0
722,7,2024,1,49,1,2455,1.0,1,0,1,a,a,1304.0,10,2007,195,0,45,2010,500,1
771,5,2023,11,35,18,2151,1.0,0,0,1,b,a,921.0,8,2004,231,1,8,2022,79,0
544,1,2023,6,18,22,2511,1.0,0,0,1,a,c,1053.0,3,2011,147,0,17,2018,261,1
1057,7,2024,7,20,26,3167,1.0,0,0,0,c,a,423.0,9,2006,214,1,23,2012,500,0
996,7,2023,12,38,15,1677,1.0,0,0,1,a,a,974.0,9,2016,87,0,7,2016,395,1
880,6,2023,12,46,23,2651,1.0,1,0,0,a,a,980.0,2,2013,130,1,11,2023,35,1
625,7,2024,10,42,8,1835,1.0,1,0,1,a,c,773.0,12,2013,130,0,26,2018,328,0
581,2,2024,7,47,9,2772,1.0,0,0,1,c,c,432.0,1,2017,90,1,21,2017,390,0
737,7,2024,8,12,26,1640,1.0,0,0,1,b,a,802.0,4,2009,184,1,33,2013,500,0
650,1,2024,11,26,16,957,1.0,0,0,0,a,a,533.0,4,2003,259,0,46,2015,448,0
167,5,2023,10,25,25,3806,1.0,0,0,0,a,b,611.0,2,2016,92,1,15,2021,114,1
730,4,2024,4,22,15,3850,1.0,1,0,0,a,c,1168.0,8,2021,32,0,9,2021,169,0
279,6,2024,7,2,23,2472,1.0,0,0,1,a,c,846.0,6,2009,181,1,47,2016,371,0
825,4,2023,10,12,5,2654,1.0,1,0,0,a,a,796.0,10,2016,84,0,19,2017,305,0
30,5,2023,10,18,18,803,1.0,0,0,1,a,a,467.0,4,2014,114,0,4,2019,222,1
55,3,2023,4,22,6,3006,1.0,0,0,1,c,a,806.0,11,2001,257,0,48,2023,0,0
656,4,2024,11,15,18,3127,1.0,0,0,1,a,a,775.0,7,2003,256,0,31,2012,500,0
876,3,2023,7,19,10,655,1.0,0,0,0,a,b,526.0,1,2015,102,0,51,2010,500,1
628,7,2023,5,41,15,2838,1.0,1,a,1,a,c,1146.0,4,2007,193,1,44,2010,500,1
190,4,2023,6,17,26,815,1.0,0,0,0,c,a,1131.0,5,2006,205,1,33,2017,296,1
344,2,2024,6,12,6,2606,1.0,1,0,0,a,a,588.0,7,2013,131,0,43,2015,437,0
495,1,2023,1,25,21,3178,1.0,0,0,1,d,a,939.0,9,2012,124,0,8,2011,500,0
259,6,2024,3,2,21,1203,1.0,1,0,0,a,c,264.0,2,2021,37,1,34,2015,436,1
1074,5,2024,2,12,9,3488,1.0,1,0,1,c,a,915.0,10,2022,16,0,9,2018,315,0
506,4,2024,9,2,15,2550,1.0,0,0,0,d,a,1054.0,3,2000,294,1,3,2016,415,0
995,2,2023,6,4,26,3955,1.0,1,0,1,c,c,483.0,12,2010,150,0,43,2019,169,1
116,3,2023,2,40,16,3302,1.0,0,a,0,a,a,825.0,5,2016,81,1,5,2013,500,1
520,5,2023,8,2,4,2591,1.0,0,0,0,d,a,858.0,12,2007,188,0,1,2023,1,1
952,4,2023,6,8,20,835,1.0,0,0,0,a,c,1687.0,2,2011,148,0,26,2016,346,0
313,4,2023,9,10,4,3816,1.0,0,0,1,b,b,1594.0,3,2015,102,1,20,2016,354,1
928,5,2023,12,34,11,2279,1.0,0,0,0,c,c,917.0,12,2017,72,0,50,2017,296,0
844,7,2023,12,18,24,1785,1.0,0,0,1,a,b,621.0,3,2021,33,0,36,2023,0,1
665,2,2024,6,11,20,994,1.0,1,0,0,c,c,893.0,4,2002,266,0,5,2014,500,0
50,5,2023,1,39,19,2150,1.0,1,0,1,a,c,1158.0,7,2010,150,0,8,2016,395,1
1006,6,2024,1,12,7,2299,1.0,0,0,0,c,b,318.0,3,2013,130,1,45,2014,487,1
533,4,2023,2,49,1,369,1.0,1,0,1,a,c,193.0,5,2020,33,1,42,2018,267,0
685,3,2023,1,42,25,2639,1.0,1,0,1,c,a,476.0,9,2009,160,0,43,2017,311,1
768,4,2024,8,46,7,357,1.0,1,0,0,a,a,1049.0,6,2001,278,1,15,2022,135,0
548,5,2024,12,36,28,3281,1.0,0,0,1,a,a,1066.0,6,2007,210,0,50,2010,500,0
178,3,2023,10,15,9,2148,1.0,0,0,1,a,a,953.0,9,2021,25,1,25,2020,146,0
669,2,2024,9,35,17,2094,1.0,1,0,0,a,a,1153.0,12,2000,285,0,8,2010,500,0
669,1,2024,4,40,20,1731,1.0,1,0,1,a,a,766.0,11,2021,29,0,46,2017,358,0
96,1,2023,9,49,11,3735,1.0,1,0,1,a,b,739.0,1,2012,140,0,6,2016,407,1
222,7,2024,7,3,23,3042,1.0,0,0,0,b,c,936.0,8,2004,239,0,7,2011,500,1
243,2,2023,5,46,9,3663,1.0,1,0,1,c,a,1333.0,6,2007,191,1,20,2010,500,0
404,5,2023,1,43,13,3338,1.0,1,0,1,a,a,943.0,6,2008,175,0,43,2021,104,1
623,2,2023,7,45,25,3304,1.0,1,0,0,d,c,791.0,3,2021,28,1,27,2020,174,0
684,4,2023,6,11,9,3368,1.0,1,0,1,a,a,941.0,4,2018,62,1,8,2018,263,1
126,6,2024,7,8,10,2309,1.0,0,0,1,c,a,1247.0,9,2017,82,1,45,2018,275,0
958,2,2023,6,35,3,1413,1.0,1,0,0,c,c,712.0,12,2000,270,1,27,2011,500,1
903,4,2023,10,9,23,919,1.0,0,0,0,a,a,686.0,7,2002,255,1,48,2010,500,0
104,3,2023,11,10,2,1237,1.0,1,0,1,a,c,678.0,3,2020,44,1,32,2021,82,0
190,6,2024,7,52,12,2673,1.0,0,0,0,a,a,1065.0,3,2007,208,0,17,2014,500,1
937,4,2024,5,48,8,1799,1.0,1,0,0,a,a,586.0,3,2004,242,1,7,2021,197,0
467,6,2024,4,30,25,2882,1.0,1,0,0,d,c,1012.0,7,2005,225,1,43,2011,500,1
495,5,2024,11,34,14,2373,1.0,0,0,1,a,c,379.0,9,2015,110,0,6,2019,288,1
541,2,2024,7,29,13,2079,1.0,0,0,1,c,a,742.0,10,2015,105,1,44,2022,89,0
1106,4,2023,12,39,15,1090,1.0,1,0,0,c,a,803.0,8,2006,208,0,40,2015,415,1
177,7,2023,9,27,17,3874,1.0,0,0,0,c,a,1356.0,12,2013,117,0,22,2014,473,1
1050,3,2024,7,32,7,2240,1.0,0,0,0,a,a,1111.0,11,2018,68,1,30,2020,210,1
271,6,2023,1,39,4,568,1.0,0,0,0,c,a,713.0,3,2008,178,1,24,2015,431,1
1002,5,2023,9,42,5,1686,1.0,0,0,0,a,a,664.0,11,2003,238,0,3,2014,500,0
541,1,2024,6,31,28,3445,1.0,0,0,1,a,b,618.0,1,2005,233,1,46,2021,141,0
846,1,2023,2,39,2,1409,1.0,0,0,0,c,c,483.0,9,2022,5,0,40,2019,207,0
120,5,2023,5,8,16,3634,1.0,0,0,1,a,c,1305.0,7,2010,154,0,46,2013,482,0
408,2,2024,6,3,21,1171,1.0,0,0,1,d,a,593.0,1,2016,101,0,31,2016,388,0
209,3,2024,11,6,18,2586,1.0,1,0,1,a,c,1336.0,4,2005,235,1,50,2012,500,0
640,4,2024,8,39,23,2155,1.0,0,0,1,a,a,850.0,11,2019,57,1,4,2016,451,0
26,4,2024,5,16,4,3573,1.0,0,0,0,c,c,795.0,9,2004,236,0,32,2021,140,0
425,6,2023,12,42,11,1263,1.0,0,0,1,c,c,849.0,7,2002,257,0,48,2019,202,0
565,3,2024,8,46,20,1005,1.0,0,0,1,d,a,1183.0,10,2018,70,1,26,2017,384,0
533,1,2023,12,37,2,1098,1.0,0,0,0,c,c,564.0,3,2014,117,1,25,2014,480,1
917,4,2024,6,21,12,1511,1.0,0,0,0,c,a,972.0,3,2022,27,1,43,2013,500,0
677,7,2023,11,6,23,1218,1.0,0,0,1,a,c,808.0,8,2012,135,1,19,2018,247,0
905,3,2023,10,46,12,889,1.0,1,0,1,c,b,941.0,6,2017,76,0,5,2012,500,0
558,6,2024,9,18,23,2398,1.0,0,0,1,b,a,759.0,3,2012,150,1,15,2022,107,0
396,4,2024,12,30,14,1391,1.0,1,0,0,a,a,712.0,1,2001,287,1,46,2021,140,1
327,2,2023,7,38,3,793,1.0,0,0,0,d,a,978.0,6,2008,181,0,16,2020,178,0
767,4,2023,2,49,16,828,1.0,0,c,1,a,a,406.0,9,2021,17,0,12,2012,500,0
1028,4,2023,5,28,12,636,1.0,0,c,1,c,c,1238.0,5,2021,24,0,23,2014,473,0
1104,6,2024,1,46,23,822,1.0,1,0,0,c,a,852.0,7,2010,162,1,25,2016,437,1
259,5,2024,4,38,24,3777,1.0,1,0,0,a,a,655.0,3,2019,61,0,50,2021,144,1
473,2,2023,9,20,10,317,1.0,0,b,0,a,a,931.0,12,2006,201,0,36,2012,500,1
693,1,2024,2,19,26,3823,1.0,1,0,0,b,a,612.0,10,2007,196,1,41,2021,134,1
1019,1,2023,8,29,25,3029,1.0,0,0,1,d,a,844.0,5,2017,75,0,2,2015,443,1
346,5,2024,8,38,14,1275,1.0,0,0,1,a,a,846.0,6,2001,278,0,45,2022,97,1
869,4,2024,7,37,4,1348,1.0,0,0,1,c,c,1197.0,8,2000,287,0,21,2011,500,0
938,3,2024,9,39,20,548,1.0,0,a,0,a,a,904.0,2,2005,235,1,5,2020,242,1
198,4,2023,6,3,15,2522,1.0,0,0,1,a,a,484.0,7,2000,275,0,16,2010,500,0
350,1,2024,8,22,19,480,1.0,1,0,0,a,c,994.0,3,2012,149,0,34,2014,500,1
496,4,2024,9,9,19,2839,1.0,0,0,1,a,c,1036.0,7,2017,86,1,4,2018,317,0
947,2,2024,8,2,22,1939,1.0,1,0,0,a,a,336.0,6,2014,122,0,40,2020,170,1
1038,5,2024,9,38,28,2750,1.0,0,0,1,a,c,464.0,6,2003,255,1,9,2017,393,0
186,2,2024,10,52,10,3823,1.0,0,0,1,a,c,1423.0,8,2019,62,1,44,2014,500,1
187,2,2024,5,48,12,3736,1.0,1,0,0,a,a,720.0,5,2010,168,0,9,2012,500,0
429,7,2024,11,46,5,925,1.0,1,0,1,d,a,728.0,10,2007,205,0,47,2015,467,1
65,5,2024,4,16,19,2935,1.0,0,0,0,c,a,810.0,3,2012,145,0,40,2012,500,0
575,7,2023,1,9,20,2303,1.0,0,0,0,d,c,628.0,1,2003,240,0,11,2010,500,0
299,4,2023,12,21,23,2540,1.0,0,0,1,c,c,288.0,9,2022,15,1,22,2020,155,1
432,6,2024,11,23,5,494,1.0,1,0,1,a,a,483.0,8,2010,171,1,5,2023,70,1
6,4,2024,5,46,24,702,1.0,0,0,0,b,a,628.0,9,2007,200,0,3,2016,459,1
259,5,2023,3,17,17,834,1.0,0,0,0,a,a,669.0,5,2015,94,1,19,2014,466,1
142,5,2023,3,14,26,280,1.0,1,0,0,a,c,589.0,9,2006,198,1,12,2018,262,0
250,1,2023,7,51,1,574,1.0,0,0,1,a,a,372.0,1,2017,78,1,41,2010,500,1
476,5,2024,12,49,10,2955,1.0,0,0,0,a,a,654.0,12,2010,168,1,38,2013,500,1
262,1,2024,4,38,27,1427,1.0,0,0,0,c,b,1155.0,11,2020,41,1,16,2016,438,0
853,5,2023,9,8,24,3496,1.0,0,0,1,a,b,618.0,4,2011,149,1,12,2018,256,0
504,1,2023,5,30,19,3174,1.0,0,0,1,a,a,765.0,4,2014,109,0,47,2014,451,1
239,6,2024,7,14,27,2475,1.0,0,0,0,b,c,1253.0,2,2012,149,0,23,2015,459,1
697,5,2023,8,9,18,1595,1.0,0,0,1,b,a,614.0,12,2022,8,0,34,2013,495,1
948,4,2024,10,2,14,3964,1.0,0,0,0,a,c,1737.0,1,2020,57,0,35,2013,500,1
556,7,2024,9,17,8,2602,1.0,0,0,1,a,a,1088.0,10,2010,167,1,36,2014,500,0
1102,7,2024,3,5,20,3574,1.0,1,0,0,b,a,843.0,2,2016,97,1,50,2017,319,0
398,2,2023,2,5,15,1226,1.0,1,0,0,c,c,746.0,12,2004,218,0,37,2022,20,1
518,7,2024,7,14,10,3767,1.0,0,0,1,a,b,1223.0,4,2019,63,0,4,2010,500,0
473,3,2024,5,25,5,1262,1.0,1,0,0,c,a,612.0,6,2014,119,0,21,2012,500,1
1107,3,2023,4,35,8,2977,1.0,0,0,0,c,a,690.0,1,2008,183,1,12,2011,500,1
805,7,2024,3,46,15,3989,1.0,1,0,0,c,b,1302.0,4,2020,47,0,13,2012,500,1
645,7,2024,11,11,8,3861,1.0,0,0,0,a,c,707.0,12,2017,83,1,12,2016,415,0
408,6,2023,2,41,17,1574,1.0,1,0,0,d,c,680.0,8,2003,234,0,45,2023,0,1
68,3,2023,2,49,2,2481,1.0,0,0,1,c,c,621.0,4,2022,10,1,46,2014,471,0
1006,5,2023,5,40,10,2952,1.0,1,0,1,a,a,240.0,11,2006,198,1,11,2019,237,1
124,7,2023,3,19,17,1981,1.0,0,0,0,c,a,1124.0,12,2001,255,1,29,2021,94,0
811,1,2023,1,17,21,2111,1.0,0,0,0,b,a,807.0,5,2008,176,0,24,2012,500,0
572,7,2023,3,27,25,373,1.0,0,0,1,a,a,1141.0,5,2010,154,0,40,2012,500,1
781,7,2024,5,44,4,520,1.0,1,0,1,c,c,769.0,11,2001,270,1,46,2019,258,1
1028,4,2024,6,35,9,3702,1.0,0,b,1,c,a,693.0,7,2013,131,1,24,2011,500,0
218,1,2024,7,24,18,490,1.0,1,0,0,a,a,621.0,4,2009,183,0,22,2021,158,0
110,3,2024,2,8,1,1700,1.0,0,0,0,a,a,1025.0,8,2013,126,1,25,2010,500,0
414,1,2024,12,35,16,3119,1.0,0,0,1,a,a,579.0,5,2011,163,0,26,2018,321,1
638,5,2023,7,36,8,568,1.0,0,0,0,a,a,935.0,5,2011,146,1,51,2021,89,0
75,3,2023,5,27,15,3506,1.0,0,0,1,a,a,831.0,8,2003,237,0,7,2023,20,1
905,3,2024,9,7,22,2906,1.0,0,0,0,a,a,507.0,5,2018,76,0,9,2022,102,0
676,4,2024,12,24,5,1848,1.0,0,0,0,a,c,686.0,7,2014,125,0,21,2018,315,0
1097,5,2023,1,43,13,1465,1.0,1,0,1,a,a,823.0,8,2004,221,1,21,2022,74,0
320,1,2024,7,50,21,552,1.0,1,0,0,a,a,727.0,11,2002,260,1,26,2017,388,0
1013,3,2024,11,26,22,2266,1.0,0,0,0,c,b,1389.0,11,2022,24,1,52,2022,78,0
428,1,2024,3,45,9,3115,1.0,0,0,1,a,c,891.0,11,2012,136,1,31,2023,66,0
119,4,2024,11,5,7,3986,1.0,0,0,0,a,c,761.0,9,2018,74,1,14,2022,95,1
936,3,2024,8,4,12,1232,1.0,0,0,0,a,a,711.0,6,2011,158,1,14,2019,250,1
86,3,2024,1,37,18,2688,1.0,0,a,1,c,a,751.0,6,2006,211,1,6,2023,83,0
795,2,2023,11,51,20,305,1.0,0,0,0,a,a,638.0,1,2006,214,0,1,2023,50,0
229,6,2024,1,4,21,295,1.0,0,0,1,b,a,573.0,10,2000,279,0,16,2015,456,1
748,2,2024,9,8,9,921,1.0,1,0,0,a,c,1000.0,12,2012,141,1,37,2014,491,0
313,5,2023,7,51,23,411,1.0,1,0,0,c,a,1282.0,8,2016,83,1,44,2019,215,0
90,5,2024,10,50,23,1348,1.0,1,0,0,d,a,685.0,12,2002,262,1,37,2016,429,0
966,5,2023,4,24,20,2402,1.0,1,0,0,c,a,949.0,7,2000,273,0,52,2010,500,0
393,1,2024,2,3,21,820,1.0,0,0,1,c,a,621.0,2,2003,252,1,13,2014,500,0
720,6,2024,6,20,26,393,1.0,0,0,1,a,a,851.0,11,2011,151,1,33,2022,91,0
45,5,2023,9,35,24,1646,1.0,0,0,0,a,b,427.0,5,2011,148,1,41,2022,46,0
1051,6,2024,7,17,4,223,1.0,1,0,1,a,a,564.0,7,2013,132,0,52,2012,500,1
693,6,2023,2,18,22,2574,1.0,0,0,0,c,a,553.0,8,2019,42,0,16,2019,210,1
468,4,2024,8,24,16,1420,1.0,0,0,0,c,c,776.0,6,2022,26,0,10,2019,274,0
1004,6,2024,5,24,12,3146,1.0,1,0,0,a,c,469.0,6,2020,47,0,51,2020,181,0
458,2,2024,9,41,13,415,1.0,1,0,1,c,a,148.0,9,2007,204,1,33,2014,500,0
368,3,2024,12,26,5,1506,1.0,0,0,1,b,a,409.0,4,2010,176,0,41,2020,193,1
312,3,2023,11,28,28,3456,1.0,1,0,0,d,a,768.0,6,2016,89,0,31,2018,257,1
728,3,2024,12,22,2,1559,1.0,0,0,1,d,a,582.0,2,2006,226,0,8,2012,500,1
488,4,2024,8,34,16,1617,1.0,0,0,1,a,a,646.0,4,2021,40,0,7,2021,183,0
635,6,2023,9,37,26,322,1.0,1,0,0,c,c,899.0,9,2002,252,1,17,2023,20,1
882,2,2023,2,3,20,2023,1.0,1,0,1,a,a,574.0,7,2010,151,0,33,2017,282,1
731,3,2024,3,3,27,2881,1.0,0,0,1,a,a,796.0,5,2017,82,1,50,2011,500,0
777,6,2023,2,45,26,3083,1.0,1,a,1,a,b,1461.0,12,2002,242,0,28,2023,17,0
681,6,2023,9,3,1,799,1.0,0,0,0,a,c,706.0,3,2022,18,0,28,2012,500,0
881,2,2024,8,28,4,1457,1.0,1,c,1,c,a,758.0,7,2002,265,1,40,2014,500,0
806,1,2023,12,44,4,471,1.0,1,0,1,a,a,934.0,1,2005,227,0,36,2014,476,0
927,3,2023,9,28,10,1426,1.0,0,0,0,b,a,575.0,12,2008,177,0,44,2017,296,1
705,1,2023,11,5,11,3651,1.0,0,0,1,c,c,642.0,11,2014,108,1,16,2013,500,0
5,5,2023,10,14,10,1220,1.0,1,a,1,a,c,791.0,10,2007,192,0,12,2022,54,0
1014,6,2024,8,9,5,2094,1.0,1,0,0,a,c,878.0,4,2013,136,1,36,2014,493,1
265,5,2023,7,5,4,3910,1.0,1,0,0,a,a,541.0,6,2007,193,0,6,2017,311,0
803,3,2024,2,19,15,3809,1.0,1,0,1,a,a,987.0,6,2008,188,0,41,2012,500,1
730,3,2023,8,18,16,996,1.0,1,0,0,c,a,1284.0,5,2011,147,0,49,2017,281,1
737,4,2023,7,35,9,1795,1.0,0,0,0,a,a,246.0,1,2006,210,0,35,2013,500,0
498,6,2024,12,43,9,2799,1.0,0,0,1,a,a,937.0,8,2012,148,0,39,2015,472,1
504,7,2023,11,31,14,3957,1.0,0,0,1,a,a,793.0,1,2009,178,1,28,2017,315,0
131,7,2024,5,29,5,2650,1.0,0,0,0,c,c,731.0,12,2006,209,0,19,2020,218,0
274,3,2023,3,42,5,3113,1.0,0,0,1,c,c,918.0,2,2009,169,0,12,2021,134,1
73,2,2024,3,14,1,1953,1.0,0,0,1,a,a,1234.0,5,2010,166,0,28,2015,454,1
1012,1,2023,6,25,11,697,1.0,0,a,0,a,a,897.0,4,2011,146,0,48,2014,445,0
1052,7,2023,12,31,1,3096,1.0,0,0,1,a,c,1108.0,3,2014,117,1,43,2013,500,0
120,7,2024,11,42,11,1709,1.0,0,a,1,d,c,808.0,12,2006,215,0,20,2022,126,0
947,4,2023,12,19,11,885,1.0,1,0,1,a,a,930.0,2,2012,142,1,9,2011,500,0
759,1,2024,3,27,8,2105,1.0,0,0,1,a,c,657.0,10,2010,161,1,52,2011,500,0
356,4,2024,1,12,18,501,1.0,0,0,0,a,a,831.0,7,2017,78,0,1,2015,479,0
176,6,2024,9,17,5,2796,1.0,0,0,1,c,c,738.0,9,2014,120,0,10,2015,475,1
713,6,2023,5,39,6,2628,1.0,1,0,0,a,a,852.0,6,2006,203,0,29,2014,478,1
31,6,2024,6,44,27,1892,1.0,1,0,1,d,b,323.0,1,2004,245,1,44,2016,416,1
164,6,2023,9,9,26,1191,1.0,0,0,1,c,a,485.0,7,2008,182,1,5,2023,4,0
118,1,2023,12,52,4,2008,1.0,0,0,0,a,a,1176.0,1,2008,191,0,13,2013,500,1
151,5,2023,3,31,6,3522,1.0,0,0,0,c,a,1238.0,6,2012,129,1,51,2018,240,1
8,7,2023,8,52,17,1295,1.0,1,0,0,c,a,301.0,7,2005,217,1,4,2020,204,1
373,3,2023,1,39,8,2368,1.0,1,0,1,b,a,650.0,7,2020,30,1,11,2023,28,0
894,4,2024,7,7,5,2287,1.0,0,0,1,a,b,596.0,9,2019,58,0,2,2021,161,0
314,2,2024,1,4,9,900,1.0,1,0,0,c,a,896.0,4,2014,117,0,39,2019,225,0
277,6,2023,10,48,28,2225,1.0,0,c,1,c,a,795.0,12,2015,94,1,18,2021,134,0
1093,3,2023,7,37,5,1282,1.0,1,0,0,c,a,1024.0,6,2006,205,1,37,2021,104,1
538,7,2024,4,46,18,3405,1.0,1,0,1,a,b,415.0,9,2012,139,1,1,2021,201,1
28,5,2024,3,1,28,2468,1.0,1,0,0,d,a,925.0,6,2000,285,0,9,2011,500,0
656,3,2023,8,9,24,2334,1.0,1,0,1,a,a,720.0,5,2003,243,1,6,2014,471,0
611,4,2024,4,43,21,3740,1.0,0,0,0,a,a,599.0,7,2011,153,0,2,2019,301,0
474,1,2024,5,45,9,1640,1.0,1,0,1,c,a,953.0,11,2002,258,1,1,2022,148,0
953,7,2023,1,15,9,1650,1.0,0,0,1,c,c,746.0,6,2021,19,1,12,2011,500,0
761,4,2024,5,52,17,1106,1.0,0,0,1,a,a,790.0,1,2017,88,0,45,2023,59,1
29,4,2024,9,8,28,426,1.0,0,0,0,a,b,1221.0,8,2015,109,0,29,2012,500,0
417,3,2024,1,16,10,3288,1.0,0,0,1,a,c,841.0,5,2020,44,1,40,2012,500,0
618,5,2023,11,7,18,2820,1.0,1,0,1,c,a,1403.0,9,2009,170,1,7,2011,500,0
739,6,2023,4,30,28,2780,1.0,0,0,1,a,b,121.0,10,2019,42,0,47,2019,191,1
424,5,2024,9,23,22,2314,1.0,0,0,1,c,a,817.0,5,2001,280,1,49,2018,286,0
497,1,2023,2,32,27,2684,1.0,0,0,0,d,c,487.0,12,2018,50,0,32,2022,52,0
241,6,2023,2,15,10,3065,1.0,0,0,1,d,a,542.0,9,2002,245,1,41,2019,182,0
670,5,2023,11,28,20,502,1.0,0,c,1,a,a,623.0,9,2002,254,1,22,2011,500,1
263,7,2024,12,25,7,2105,1.0,1,0,0,b,a,1097.0,11,2017,85,0,12,2014,500,1
545,2,2023,4,15,2,3412,1.0,0,0,0,a,c,698.0,11,2016,77,0,46,2014,437,1
909,6,2023,12,44,13,1714,1.0,0,0,1,b,a,478.0,10,2007,194,0,6,2022,90,1
1022,7,2024,10,45,23,2336,1.0,1,0,0,a,c,1018.0,12,2003,250,1,21,2020,232,1
518,1,2023,4,6,12,1834,1.0,1,0,0,d,c,465.0,10,2006,198,1,4,2022,54,1
232,7,2023,10,16,8,3422,1.0,1,0,1,c,c,1322.0,11,2010,155,1,16,2021,104,1
52,6,2024,12,14,28,3285,1.0,0,0,1,a,a,433.0,9,2005,231,0,43,2021,127,0
942,6,2024,4,15,12,3214,1.0,0,0,0,d,b,734.0,6,2021,34,0,39,2016,392,0
456,7,2023,6,6,5,1681,1.0,1,0,1,d,a,1397.0,5,2020,37,1,46,2018,220,0
211,2,2023,4,21,6,3825,1.0,0,0,1,a,a,723.0,10,2009,162,0,43,2020,134,1
911,1,2024,1,34,4,1963,1.0,1,0,1,b,a,947.0,12,2007,193,0,28,2018,318,0
538,5,2024,12,20,28,3008,1.0,0,0,0,d,c,787.0,7,2004,245,1,51,2015,437,1
769,5,2024,7,33,18,1151,1.0,0,0,0,c,a,820.0,3,2004,244,0,30,2015,471,0
72,6,2023,3,4,1,889,1.0,0,0,1,c,c,574.0,10,2002,245,0,34,2022,22,0
1065,5,2024,7,45,16,253,1.0,1,0,0,b,a,956.0,4,2008,195,1,22,2016,439,0
351,1,2023,10,28,12,1261,1.0,0,0,1,a,c,1218.0,9,2020,37,0,16,2015,428,1
862,4,2024,11,38,16,1004,1.0,1,0,1,a,c,237.0,3,2016,104,0,42,2011,500,0
332,3,2023,10,26,25,3860,1.0,1,0,1,a,a,543.0,11,2001,263,1,48,2018,238,0
191,7,2023,5,37,12,3267,1.0,0,0,1,b,a,654.0,6,2009,167,1,46,2023,0,1
458,5,2024,12,30,9,3952,1.0,1,0,1,d,a,554.0,5,2007,211,0,39,2020,199,1
75,6,2024,10,9,11,3678,1.0,0,0,0,a,a,1013.0,9,2017,85,0,17,2018,304,0
567,6,2024,6,12,20,2370,1.0,0,0,0,b,b,638.0,9,2012,141,0,43,2014,489,0
516,2,2023,10,43,3,3018,1.0,1,0,0,a,c,844.0,4,2015,102,0,47,2015,412,1
87,7,2024,12,18,18,1008,1.0,0,0,0,a,c,1267.0,1,2001,287,1,24,2016,410,1
496,1,2024,1,1,23,1861,1.0,1,0,0,a,c,282.0,12,2008,181,1,13,2012,500,1
636,2,2024,8,28,28,3336,1.0,1,0,0,a,c,915.0,12,2008,188,1,35,2020,201,0
611,2,2024,9,38,13,2784,1.0,1,0,1,c,a,783.0,8,2020,49,0,12,2015,494,1
81,1,2023,11,45,14,3841,1.0,1,c,1,c,c,784.0,2,2017,81,0,51,2021,98,1
749,7,2024,6,43,26,670,1.0,0,b,1,a,c,548.0,12,2001,270,0,45,2012,500,0
370,1,2023,5,50,23,1973,1.0,1,0,1,d,a,706.0,6,2003,239,1,35,2010,500,1
284,1,2023,3,12,14,549,1.0,1,0,1,a,c,818.0,8,2016,79,0,28,2021,88,1
952,1,2023,5,38,11,808,1.0,0,c,0,c,c,765.0,9,2008,176,0,10,2011,500,0
1102,5,2023,6,17,26,913,1.0,1,0,1,a,c,1029.0,8,2011,142,1,3,2020,170,0
127,2,2023,10,46,12,2971,1.0,1,0,1,a,c,492.0,3,2008,187,0,1,2014,500,1
552,5,2023,11,13,26,2495,1.0,0,0,1,c,a,401.0,12,2007,191,0,6,2020,163,1
296,2,2024,7,38,13,2024,1.0,0,0,1,a,a,218.0,7,2002,264,0,23,2020,223,1
798,2,2023,9,43,16,1797,1.0,0,0,0,b,a,862.0,12,2009,165,1,15,2019,236,0
678,2,2024,9,31,15,3376,1.0,1,0,0,a,a,1047.0,2,2018,79,0,19,2015,480,1
456,2,2023,8,22,23,895,1.0,0,0,1,a,c,468.0,9,2013,119,1,10,2022,64,1
833,2,2023,10,25,22,1652,1.0,0,0,0,c,a,441.0,3,2003,247,0,38,2016,351,1
764,6,2023,1,19,3,2273,1.0,1,0,1,c,a,1387.0,2,2006,203,0,52,2012,500,0
1035,4,2024,6,7,24,1702,1.0,1,0,1,c,a,1203.0,11,2016,91,1,1,2018,318,1
1097,3,2024,9,27,4,3664,1.0,0,0,1,d,a,1220.0,2,2013,139,0,38,2017,353,1
462,7,2024,7,32,23,1691,1.0,0,0,1,c,c,925.0,1,2022,30,0,47,2010,500,0
172,4,2024,10,38,20,2294,1.0,1,0,1,a,c,1032.0,1,2012,153,0,23,2018,327,1
1029,7,2024,4,4,17,2450,1.0,0,0,1,b,a,734.0,5,2021,35,0,30,2011,500,0
487,3,2023,12,35,2,2166,1.0,1,0,0,a,a,393.0,2,2017,82,1,42,2023,0,1
991,7,2024,2,16,24,942,1.0,0,0,1,a,a,408.0,1,2020,49,1,34,2011,500,0
778,2,2024,10,37,20,1548,1.0,0,0,0,b,b,821.0,7,2004,243,1,16,2015,489,0
584,4,2024,9,26,17,3968,1.0,1,c,0,c,a,1098.0,3,2009,186,0,17,2015,477,0
956,4,2024,1,50,7,246,1.0,0,0,1,b,a,770.0,6,2008,187,1,2,2013,500,1
841,7,2024,3,6,22,3378,1.0,1,0,0,a,a,1003.0,2,2002,265,0,42,2016,380,0
711,2,2023,12,14,7,1134,1.0,0,0,0,b,c,793.0,9,2011,147,1,19,2010,500,1
578,3,2024,9,38,13,2538,1.0,0,0,1,a,a,911.0,6,2001,279,0,46,2023,44,0
258,3,2023,10,11,11,1454,1.0,1,0,1,a,b,1051.0,11,2016,83,0,19,2023,0,0
236,5,2023,11,14,12,804,1.0,0,c,0,c,a,1219.0,10,2006,205,1,27,2011,500,0
720,2,2024,1,34,26,1926,1.0,0,0,1,a,b,906.0,5,2007,200,0,8,2013,500,0
430,4,2023,11,27,22,1900,1.0,0,0,1,b,c,1402.0,4,2005,223,1,4,2016,387,1
695,5,2024,9,8,20,3704,1.0,0,0,1,a,a,750.0,11,2007,202,0,33,2011,500,1
799,2,2023,3,17,20,891,1.0,0,0,1,b,b,1217.0,5,2010,154,1,38,2014,447,1
49,3,2024,4,34,22,1342,1.0,0,0,1,a,a,995.0,11,2020,41,1,21,2022,117,1
97,1,2023,5,4,21,3398,1.0,1,0,0,a,a,271.0,2,2003,243,0,33,2018,231,0
677,2,2023,8,50,22,1389,1.0,0,a,1,d,c,1244.0,9,2002,251,0,16,2023,34,0
1089,7,2023,4,21,2,265,1.0,0,0,1,a,c,545.0,6,2007,190,1,36,2013,500,1
594,6,2024,4,24,24,1419,1.0,0,0,1,c,c,745.0,11,2016,89,1,32,2017,356,0
753,2,2023,7,35,9,1933,1.0,1,0,0,a,a,1082.0,2,2017,77,0,45,2023,0,1
323,5,2023,9,12,5,1013,1.0,0,0,1,a,c,597.0,12,2018,57,0,38,2013,494,0
242,1,2023,6,30,6,819,1.0,1,0,1,a,a,799.0,12,2015,90,1,46,2020,140,1
267,7,2023,3,52,27,1844,1.0,0,0,0,a,a,1017.0,6,2006,201,0,52,2016,364,1
1049,6,2024,2,50,24,323,1.0,0,0,1,a,a,573.0,8,2015,102,1,19,2014,500,0
857,6,2024,11,20,12,3041,1.0,0,0,0,a,c,749.0,7,2010,172,1,47,2011,500,1
397,3,2024,6,52,26,1703,1.0,0,0,0,d,a,714.0,8,2015,106,1,24,2023,80,0
73,3,2023,1,6,16,2992,1.0,1,0,1,a,a,1109.0,7,2011,138,0,1,2011,500,0
958,7,2024,5,47,24,2071,1.0,0,a,1,a,a,1290.0,8,2021,33,0,50,2011,500,1
318,4,2024,1,22,23,215,1.0,0,0,0,a,a,490.0,6,2017,79,1,8,2016,430,1
266,5,2023,3,17,7,3945,1.0,1,0,1,b,a,843.0,12,2022,3,1,7,2011,500,1
782,7,2024,2,5,24,3120,1.0,0,0,0,a,c,663.0,12,2020,38,1,29,2021,132,0
138,6,2023,12,33,28,472,1.0,0,a,1,c,a,829.0,10,2011,146,0,37,2020,152,0
234,3,2023,5,5,15,1693,1.0,0,0,1,c,b,1350.0,2,2009,171,1,25,2012,500,0
558,1,2024,3,38,10,2684,1.0,0,0,1,d,a,934.0,3,2006,216,0,32,2022,110,1
132,2,2024,8,3,16,274,1.0,1,0,0,a,a,651.0,5,2008,195,0,46,2019,217,0
1019,6,2024,12,28,24,955,1.0,1,0,0,c,a,410.0,2,2004,250,1,30,2019,258,1
1096,2,2024,6,24,12,3965,1.0,1,0,1,a,a,1120.0,11,2008,187,1,43,2014,500,1
927,3,2024,3,52,2,2965,1.0,1,0,1,a,c,682.0,4,2020,47,1,32,2021,176,0
631,7,2024,6,24,2,3520,1.0,0,0,0,c,a,587.0,10,2004,236,1,28,2010,500,0
608,4,2024,8,17,22,3612,1.0,0,0,1,c,c,911.0,11,2020,45,1,27,2023,42,1
300,2,2024,11,39,19,1558,1.0,1,0,0,a,a,994.0,4,2001,283,1,50,2013,500,1
167,4,2024,2,46,7,3265,1.0,0,0,0,b,a,709.0,9,2003,245,1,19,2012,500,0
172,7,2023,7,29,19,2791,1.0,0,0,1,c,a,536.0,8,2020,35,1,19,2010,500,1
167,2,2023,1,40,9,2545,1.0,1,0,1,a,a,1231.0,8,2012,125,1,41,2011,500,1
8,5,2024,7,45,14,2623,1.0,0,0,1,a,c,1025.0,1,2007,210,1,34,2012,500,1
829,6,2023,1,24,6,945,1.0,0,c,1,c,a,1116.0,7,2004,222,0,8,2017,328,0
836,5,2024,6,46,2,3944,1.0,0,0,1,a,b,713.0,7,2000,287,1,37,2014,500,1
813,7,2023,6,42,26,788,1.0,1,0,0,a,a,571.0,1,2004,233,0,2,2017,352,0
399,3,2023,12,9,16,889,1.0,0,0,1,a,a,660.0,12,2003,240,0,27,2012,500,1
115,6,2023,3,23,27,3590,1.0,0,0,0,c,b,363.0,10,2015,89,0,17,2021,110,0
217,3,2023,3,3,3,1009,1.0,0,0,1,a,a,720.0,8,2021,19,0,12,2015,407,0
915,1,2023,7,40,12,461,1.0,1,0,0,b,a,617.0,5,2005,218,0,33,2017,319,0
1008,3,2023,2,37,13,2746,1.0,1,0,1,a,a,797.0,11,2001,255,0,9,2010,500,0
64,2,2024,1,3,1,1380,1.0,1,0,0,a,b,835.0,6,2022,19,1,19,2014,500,0
777,6,2023,6,1,23,485,1.0,0,0,1,a,a,847.0,1,2015,101,0,9,2010,500,1
1000,3,2023,3,32,28,917,1.0,0,0,0,a,a,644.0,12,2009,159,0,7,2014,493,1
904,6,2023,9,21,7,3319,1.0,1,0,0,a,c,464.0,7,2017,74,0,21,2020,156,0
277,6,2023,2,3,25,773,1.0,0,0,0,a,a,387.0,8,2016,78,1,33,2016,334,1
732,4,2024,1,3,26,1013,1.0,0,0,0,c,a,879.0,9,2017,76,0,35,2020,176,0
914,7,2024,3,46,12,2675,1.0,0,0,0,a,c,861.0,2,2003,253,0,48,2011,500,1
1023,4,2023,11,24,20,3114,1.0,0,0,0,d,c,402.0,1,2007,202,1,17,2015,423,0
759,5,2023,7,40,13,2326,1.0,0,0,0,d,a,1248.0,6,2011,145,1,19,2010,500,1
385,5,2023,4,24,8,783,1.0,0,0,1,a,a,1070.0,11,2014,101,0,45,2023,0,1
746,5,2024,8,48,8,1338,1.0,1,0,1,c,a,514.0,12,2012,140,1,10,2023,90,1
175,4,2023,8,44,7,3013,1.0,1,0,1,a,a,900.0,4,2006,208,0,31,2013,500,0
99,3,2024,6,48,28,1966,1.0,1,0,1,a,a,779.0,12,2008,186,1,39,2020,217,1
8,6,2023,3,34,3,505,1.0,0,0,1,a,c,899.0,11,2009,160,0,24,2020,166,0
