Store,DayOfWeek,year,month,week,day,Customers,Open,Promo,StateHoliday,SchoolHoliday,StoreType,Assortment,CompetitionDistance,CompetitionOpenSinceMonth,CompetitionOpenSinceYear,competition_open,Promo2,Promo2SinceWeek,Promo2SinceYear,promo_2_open,IsPromo2Month
484,2,2024,5,34,5,694,1.0,0,0,1,a,b,497.0,11,2001,270,1,42,2023,44,1
1022,2,2024,3,4,3,1703,1.0,0,0,1,a,a,817.0,6,2000,285,0,42,2017,326,0
650,5,2023,12,32,25,1104,1.0,1,0,0,a,a,297.0,4,2015,104,1,26,2013,500,0
130,2,2024,5,25,24,2169,1.0,0,b,1,a,c,668.0,5,2013,132,0,19,2017,370,1
476,3,2023,7,4,19,2707,1.0,1,0,0,b,c,88.0,10,2015,93,0,11,2020,149,0
964,4,2024,3,21,23,1622,1.0,1,0,0,a,a,255.0,1,2016,98,1,18,2021,159,1
83,1,2023,7,48,25,2198,1.0,1,0,0,a,a,247.0,12,2011,139,0,4,2013,500,0
240,7,2023,10,13,1,1873,1.0,1,0,1,a,c,476.0,4,2005,222,1,21,2016,356,1
561,7,2023,4,21,11,2862,1.0,0,0,0,c,a,113.0,12,2015,88,1,22,2017,311,0
344,3,2024,11,34,21,2626,1.0,0,0,0,b,b,521.0,4,2007,211,0,51,2020,191,0
682,2,2024,6,7,2,3551,1.0,1,0,0,a,a,403.0,5,2011,157,0,24,2019,243,1
988,4,2024,11,11,19,2306,1.0,1,0,1,c,c,347.0,9,2016,98,1,4,2011,500,1
787,7,2023,2,17,18,2571,1.0,0,0,1,c,c,127.0,3,2013,119,1,8,2010,500,0
408,1,2024,8,5,11,1857,1.0,0,0,1,c,a,50.0,7,2021,37,0,20,2017,349,1
914,1,2023,10,25,25,427,1.0,0,0,0,a,a,162.0,5,2015,101,1,16,2021,113,0
19,6,2023,5,23,23,3510,1.0,0,a,0,a,a,522.0,11,2004,222,1,19,2016,368,1
838,5,2023,8,10,20,2117,1.0,0,0,1,c,a,50.0,4,2000,280,1,24,2013,500,1
58,6,2023,7,38,24,1503,1.0,1,0,1,a,a,50.0,1,2017,78,1,51,2022,39,1
204,5,2023,6,30,4,2545,1.0,0,0,0,b,b,209.0,10,2020,32,1,3,2013,500,0
377,3,2023,11,10,25,1219,1.0,0,0,0,d,a,50.0,7,2009,172,1,15,2020,151,0
151,1,2023,2,14,17,3112,1.0,0,0,0,c,a,1258.0,3,2016,83,0,18,2012,500,0
987,4,2023,9,31,3,1492,1.0,1,0,0,a,a,366.0,3,2007,198,0,50,2019,189,1
713,1,2023,1,16,16,3810,1.0,1,0,0,c,c,172.0,2,2002,251,0,34,2016,346,0
99,1,2024,10,5,11,2574,1.0,0,0,0,a,c,634.0,6,2006,220,0,21,2022,88,1
795,5,2023,6,41,17,2167,1.0,1,0,1,d,a,273.0,3,2020,39,0,2,2018,299,0
219,7,2024,2,14,1,232,1.0,0,0,0,a,a,267.0,3,2018,71,0,24,2013,500,1
830,6,2024,3,34,1,3185,1.0,1,0,0,c,a,840.0,3,2015,108,1,45,2017,353,1
1079,4,2024,7,44,21,1583,1.0,0,0,0,a,c,50.0,4,2001,279,0,36,2020,216,1
70,2,2024,8,4,23,432,1.0,0,0,1,b,a,50.0,6,2000,290,0,49,2015,423,1
459,1,2023,10,8,12,367,1.0,0,0,1,a,a,451.0,9,2017,73,1,25,2022,35,0
708,1,2024,11,14,10,1751,1.0,1,0,0,a,c,50.0,10,2000,289,0,15,2021,155,0
974,6,2023,7,35,21,3193,1.0,0,0,0,a,a,50.0,10,2005,213,1,12,2023,23,0
732,6,2023,3,1,9,1770,1.0,0,0,1,d,c,540.0,10,2007,185,0,32,2017,281,0
428,6,2024,4,1,23,1602,1.0,0,0,1,a,c,89.0,7,2007,201,1,44,2016,373,1
56,1,2024,9,43,17,1501,1.0,0,0,0,a,c,403.0,10,2009,179,1,31,2014,500,0
578,2,2023,5,29,2,820,1.0,1,0,1,a,a,216.0,4,2016,85,1,15,2019,222,1
493,4,2023,6,7,20,2034,1.0,1,0,0,c,a,397.0,3,2006,207,1,33,2017,286,0
1056,4,2023,1,13,27,2086,1.0,1,0,0,a,a,263.0,5,2011,140,0,45,2012,500,0
561,1,2023,8,29,22,1371,1.0,1,0,1,d,a,543.0,5,2011,147,0,31,2022,50,1
1067,4,2024,11,12,14,1586,1.0,1,0,1,a,c,577.0,7,2001,280,0,51,2017,325,1
628,5,2023,12,7,18,3059,1.0,0,0,1,a,a,82.0,11,2009,169,1,14,2015,409,1
185,3,2024,9,27,28,3722,1.0,1,0,0,d,a,50.0,7,2018,74,0,28,2016,415,0
93,4,2024,2,5,16,3365,1.0,1,0,0,a,a,250.0,11,2000,279,1,13,2014,500,1
755,7,2023,11,52,4,2742,1.0,0,c,1,a,a,116.0,10,2010,157,1,10,2011,500,0
210,2,2023,6,39,5,583,1.0,1,0,1,c,c,77.0,2,2017,76,1,7,2011,500,1
474,5,2023,2,13,10,2013,1.0,1,a,0,a,a,50.0,12,2009,158,0,9,2022,56,0
771,6,2024,1,50,24,2862,1.0,0,0,1,a,a,168.0,4,2016,93,0,17,2020,241,1
167,7,2023,3,29,13,3880,1.0,0,0,1,a,a,303.0,3,2012,132,0,45,2022,36,1
128,2,2023,1,14,20,2828,1.0,0,0,0,a,c,113.0,1,2015,96,1,11,2019,211,1
29,4,2023,7,20,27,2976,1.0,0,0,0,a,a,275.0,12,2015,91,1,15,2023,5,1
356,4,2023,8,41,19,3532,1.0,1,0,0,c,a,485.0,3,2007,197,0,39,2022,54,1
567,6,2023,2,37,3,939,1.0,0,0,0,a,b,716.0,7,2021,19,0,26,2012,500,0
448,2,2024,9,20,27,3893,1.0,0,0,1,d,a,751.0,4,2013,137,0,35,2017,349,0
105,2,2023,8,49,16,1965,1.0,0,0,0,c,a,95.0,5,2001,267,1,41,2010,500,1
628,2,2024,10,4,13,3680,1.0,0,0,1,c,c,65.0,7,2020,51,1,25,2010,500,1
1047,2,2023,4,22,4,2102,1.0,0,0,1,c,a,50.0,3,2015,97,1,3,2020,175,0
256,6,2024,1,15,13,3426,1.0,0,0,1,d,a,535.0,6,2000,283,1,25,2016,406,1
279,4,2023,3,48,7,3676,1.0,1,0,0,c,a,345.0,8,2003,235,1,23,2013,500,1
53,5,2024,4,10,11,1718,1.0,1,0,1,a,c,716.0,7,2000,285,1,49,2016,377,0
491,4,2023,5,48,18,2314,1.0,0,0,1,c,a,344.0,9,2000,272,0,35,2018,273,1
175,6,2024,6,39,4,1514,1.0,0,c,0,d,a,123.0,12,2018,66,1,33,2021,162,0
810,1,2023,12,46,8,2808,1.0,0,0,0,c,a,275.0,11,2019,49,1,30,2017,328,1
640,2,2024,8,20,16,2159,1.0,0,0,0,b,a,225.0,3,2007,209,1,20,2016,416,0
567,5,2023,8,13,9,821,1.0,0,0,0,d,a,74.0,4,2021,28,0,22,2018,251,0
99,2,2024,11,10,15,2268,1.0,0,0,0,b,a,316.0,1,2000,298,0,13,2011,500,0
421,1,2023,8,37,19,1740,1.0,1,a,1,a,a,50.0,7,2007,193,1,19,2016,382,0
625,6,2024,2,6,8,3516,1.0,0,0,0,a,c,707.0,8,2015,102,0,38,2014,488,1
703,2,2023,10,18,23,888,1.0,0,0,1,c,c,50.0,8,2010,158,0,5,2010,500,1
1083,7,2024,8,23,9,2085,1.0,0,0,1,a,c,651.0,1,2001,283,1,29,2019,254,1
221,3,2024,10,10,1,1908,1.0,1,0,1,a,a,139.0,10,2013,132,1,32,2013,500,0
1001,4,2024,9,24,25,2033,1.0,1,0,1,a,a,50.0,3,2008,198,0,8,2019,276,0
548,6,2024,7,24,7,3506,1.0,1,0,1,a,a,50.0,11,2013,128,0,4,2022,124,0
489,3,2023,1,9,12,2901,1.0,1,a,1,c,a,270.0,4,2011,141,0,23,2010,500,1
1074,2,2023,6,26,15,3447,1.0,0,0,1,a,c,163.0,9,2019,45,1,28,2015,414,1
313,3,2023,3,30,22,2746,1.0,0,0,1,c,a,412.0,2,2014,109,0,10,2014,488,1
876,3,2024,2,34,26,773,1.0,1,0,0,a,c,162.0,4,2007,202,1,7,2014,500,0
622,5,2023,9,14,12,605,1.0,1,0,1,a,c,463.0,5,2001,268,1,16,2023,0,1
374,5,2023,10,17,11,1775,1.0,1,a,0,c,b,293.0,7,2013,123,0,3,2010,500,1
282,7,2023,2,49,6,3763,1.0,0,0,0,c,c,485.0,7,2015,91,0,33,2017,328,1
1018,2,2023,3,5,9,3820,1.0,0,0,1,b,a,550.0,7,2002,248,0,26,2015,395,0
874,2,2024,10,16,16,754,1.0,0,0,0,a,c,442.0,9,2021,37,0,31,2011,500,0
976,1,2024,2,16,3,684,1.0,0,0,1,a,a,201.0,12,2018,62,0,16,2013,500,0
855,1,2023,9,13,25,1881,1.0,0,0,0,a,a,717.0,1,2003,248,1,32,2012,500,1
303,1,2023,12,43,6,800,1.0,0,0,1,c,c,270.0,7,2015,101,1,26,2017,329,1
995,3,2024,12,47,17,386,1.0,0,a,1,a,c,72.0,12,2019,60,0,50,2012,500,1
1042,7,2023,8,45,14,550,1.0,0,0,1,c,c,162.0,1,2013,127,0,9,2019,244,1
864,1,2024,12,11,5,1754,1.0,0,0,0,c,a,406.0,10,2002,266,1,24,2012,500,1
542,1,2024,8,4,9,2181,1.0,0,0,0,c,c,589.0,9,2001,275,0,51,2010,500,0
577,3,2023,11,46,15,1599,1.0,1,a,0,c,c,490.0,11,2004,228,0,50,2020,152,1
1041,5,2024,9,11,17,3989,1.0,0,0,0,a,a,491.0,5,2001,280,0,1,2019,270,0
377,5,2023,5,42,5,3213,1.0,0,0,0,a,a,179.0,8,2013,117,1,18,2013,500,1
613,1,2024,5,4,9,3574,1.0,0,0,1,a,a,616.0,7,2001,274,1,8,2010,500,1
1015,1,2023,9,32,14,3012,1.0,0,a,0,a,c,292.0,5,2000,280,1,36,2015,412,0
108,6,2024,11,26,7,1053,1.0,0,0,1,a,c,127.0,9,2005,230,1,37,2019,249,1
637,6,2023,5,46,4,3728,1.0,0,0,1,c,a,50.0,7,2017,70,0,30,2010,500,1
156,5,2023,6,10,19,3267,1.0,0,0,0,a,b,472.0,12,2009,162,1,49,2012,500,0
949,2,2024,3,5,6,3891,1.0,0,0,0,a,a,114.0,10,2001,269,0,2,2018,315,1
556,7,2024,7,41,21,304,1.0,0,b,1,d,a,50.0,10,2010,165,0,3,2014,500,1
623,6,2023,3,20,4,2759,1.0,0,0,1,a,a,50.0,8,2010,151,0,49,2022,23,1
28,7,2024,5,43,26,2483,1.0,0,c,0,b,a,558.0,4,2003,253,0,2,2011,500,0
35,5,2024,2,15,15,270,1.0,0,0,0,a,a,341.0,8,2019,54,1,51,2020,172,0
857,7,2024,12,26,16,3516,1.0,0,0,1,c,a,444.0,3,2010,177,0,30,2017,360,0
1071,1,2024,6,29,12,764,1.0,0,0,0,d,b,225.0,3,2001,279,1,33,2013,500,0
344,1,2023,6,25,27,1545,1.0,1,0,0,d,a,302.0,12,2011,138,1,23,2021,106,1
672,7,2023,5,33,3,655,1.0,1,0,0,a,a,277.0,4,2016,85,0,33,2013,500,1
35,5,2024,1,28,7,1672,1.0,0,0,1,d,c,50.0,3,2002,262,1,11,2017,381,1
126,5,2024,7,23,21,1815,1.0,1,0,1,c,a,535.0,7,2019,60,1,6,2016,433,0
724,6,2023,11,13,15,2680,1.0,0,0,1,a,a,50.0,2,2002,261,0,7,2022,58,0
269,7,2024,6,9,16,2916,1.0,0,0,0,b,a,127.0,11,2002,259,1,9,2011,500,0
676,1,2023,5,37,13,3520,1.0,0,0,1,a,c,401.0,11,2017,66,1,45,2010,500,1
802,2,2024,7,48,15,987,1.0,1,0,0,c,a,601.0,8,2006,215,0,24,2018,336,1
142,2,2024,8,36,20,2261,1.0,0,0,1,a,c,104.0,6,2022,26,1,7,2015,497,0
759,2,2024,8,8,15,2531,1.0,0,0,1,a,c,518.0,6,2009,182,1,14,2023,46,1
203,3,2023,4,8,7,3769,1.0,1,0,0,c,a,389.0,1,2004,231,1,37,2015,387,1
483,4,2023,3,22,24,2181,1.0,0,0,0,c,a,224.0,5,2016,82,0,19,2016,367,1
829,6,2023,1,16,4,2428,1.0,0,0,0,c,a,265.0,8,2010,149,1,44,2014,440,1
521,2,2024,1,12,26,480,1.0,0,0,1,b,a,261.0,8,2019,53,1,2,2017,374,1
169,6,2023,2,25,13,1507,1.0,0,0,1,a,a,359.0,5,2004,225,0,2,2015,439,1
829,5,2024,11,26,14,1063,1.0,1,0,1,c,a,635.0,9,2020,50,0,41,2010,500,0
8,6,2023,4,48,20,3406,1.0,0,0,1,a,c,378.0,6,2001,262,1,39,2018,269,0
1098,6,2023,10,41,24,538,1.0,0,0,1,c,a,208.0,6,2021,28,0,5,2016,400,0
1115,2,2024,10,9,21,3299,1.0,1,0,0,a,c,155.0,8,2004,242,0,36,2012,500,0
965,6,2024,11,31,5,3791,1.0,0,0,1,a,a,332.0,12,2005,227,1,11,2016,436,1
324,6,2023,12,4,19,2652,1.0,1,0,0,a,a,148.0,12,2008,180,1,29,2012,500,0
46,4,2024,6,52,22,881,1.0,1,0,1,c,a,50.0,8,2012,142,0,39,2011,500,0
994,1,2023,2,7,19,721,1.0,1,0,0,c,c,634.0,2,2012,132,0,5,2011,500,0
786,7,2024,11,50,11,1684,1.0,1,0,1,a,c,252.0,4,2022,31,0,52,2021,154,1
462,7,2024,8,13,5,209,1.0,1,0,1,a,b,236.0,3,2012,149,0,48,2014,485,0
259,3,2023,6,52,3,3552,1.0,0,0,1,c,a,695.0,11,2022,7,0,16,2016,400,1
1074,4,2024,12,32,23,397,1.0,0,0,1,a,a,136.0,11,2010,169,1,48,2019,244,0
445,3,2024,6,29,25,3106,1.0,1,0,0,d,c,418.0,4,2002,266,0,28,2018,313,0
480,6,2024,4,2,16,1157,1.0,1,0,1,c,a,289.0,2,2008,194,1,18,2017,348,1
887,3,2024,5,38,25,1362,1.0,1,0,0,a,c,393.0,5,2020,48,1,46,2014,500,1
836,7,2023,12,2,2,1104,1.0,1,0,1,c,c,111.0,12,2008,180,0,18,2014,452,1
446,1,2023,6,28,26,1555,1.0,1,0,0,a,c,561.0,1,2013,125,1,23,2016,369,0
1077,3,2023,6,47,8,2546,1.0,1,0,0,a,a,823.0,4,2000,278,1,29,2023,18,0
520,4,2023,9,40,11,3779,1.0,1,0,1,a,a,50.0,2,2009,175,1,12,2015,444,0
315,3,2023,5,7,8,1838,1.0,1,0,0,c,a,518.0,8,2005,213,1,46,2018,221,1
218,4,2023,2,9,11,2197,1.0,0,0,0,a,c,326.0,11,2018,51,1,46,2014,431,1
34,3,2024,10,18,4,298,1.0,1,0,1,a,a,400.0,3,2004,247,0,49,2013,500,0
89,3,2023,9,38,14,1545,1.0,0,0,1,c,a,429.0,5,2002,256,0,46,2018,252,1
501,1,2024,2,19,4,3489,1.0,1,0,1,a,c,50.0,4,2013,130,1,13,2010,500,1
1093,3,2023,3,32,5,258,1.0,0,0,1,a,c,53.0,2,2006,205,0,31,2014,469,0
849,5,2024,6,42,25,2456,1.0,1,0,0,d,a,217.0,7,2010,167,0,29,2013,500,0
202,7,2023,4,37,4,959,1.0,1,0,0,c,b,657.0,2,2012,134,1,42,2011,500,0
629,7,2024,3,48,13,1690,1.0,1,0,0,c,c,199.0,12,2005,219,1,19,2016,445,0
445,6,2023,12,46,15,2040,1.0,0,0,1,a,a,430.0,4,2002,260,1,28,2012,500,0
932,7,2023,6,41,12,1668,1.0,0,0,1,c,a,307.0,5,2003,241,1,12,2012,500,0
284,3,2024,1,13,14,2105,1.0,0,0,0,a,c,310.0,8,2021,29,1,28,2018,297,1
298,7,2023,7,27,23,601,1.0,0,0,0,a,c,336.0,11,2015,92,1,1,2014,494,0
769,7,2023,4,42,10,1966,1.0,0,0,1,a,c,50.0,2,2011,146,1,1,2019,249,1
76,2,2023,8,29,11,2142,1.0,0,0,1,c,a,244.0,3,2020,41,1,16,2023,13,0
314,6,2023,2,44,6,1567,1.0,0,0,1,b,c,167.0,12,2004,218,0,37,2016,371,0
247,1,2023,2,23,9,3964,1.0,1,0,0,a,a,273.0,1,2005,217,1,18,2023,5,0
476,3,2023,2,49,25,3185,1.0,0,0,0,d,a,86.0,3,2002,251,1,36,2014,481,1
256,2,2023,10,51,6,2181,1.0,0,a,1,a,a,835.0,11,2014,107,1,35,2017,328,1
928,6,2023,11,17,6,580,1.0,0,a,1,a,a,50.0,11,2021,24,0,16,2016,365,0
374,5,2024,12,50,3,256,1.0,0,0,1,a,a,50.0,9,2003,255,0,34,2021,172,0
398,3,2024,3,22,28,2406,1.0,1,0,1,a,c,418.0,8,2022,19,1,22,2014,500,1
348,6,2024,11,40,6,2554,1.0,0,0,0,a,a,537.0,2,2005,237,0,51,2013,500,0
474,1,2023,2,34,6,376,1.0,0,0,1,a,c,772.0,2,2020,36,0,1,2016,397,1
262,6,2024,7,46,23,228,1.0,0,0,0,a,a,212.0,1,2004,246,0,35,2020,219,1
818,7,2024,4,47,25,3503,1.0,1,0,1,c,a,291.0,3,2001,277,1,44,2022,107,1
136,1,2024,9,29,16,3665,1.0,0,0,1,a,a,440.0,10,2012,143,0,8,2022,125,0
97,6,2024,4,7,9,292,1.0,0,0,0,d,a,710.0,5,2019,59,0,51,2010,500,1
582,5,2023,11,30,17,2160,1.0,1,0,1,d,a,50.0,3,2000,284,0,31,2021,103,1
542,2,2024,7,33,23,2316,1.0,0,0,1,c,c,348.0,3,2018,76,1,30,2013,500,1
794,2,2023,2,39,11,2823,1.0,0,0,0,b,a,482.0,6,2010,152,1,9,2018,290,1
107,2,2023,6,37,23,1463,1.0,1,0,0,b,a,190.0,6,2017,72,0,32,2020,161,1
1013,2,2023,9,19,14,3523,1.0,0,0,0,c,a,420.0,11,2020,34,0,9,2021,114,1
652,3,2023,7,44,20,2760,1.0,0,0,0,a,b,106.0,11,2000,272,0,21,2013,500,0
308,6,2024,7,35,19,3183,1.0,1,0,1,a,c,656.0,7,2003,252,0,49,2010,500,1
853,2,2024,6,39,13,2090,1.0,0,0,0,a,a,50.0,12,2004,234,1,13,2022,130,0
737,7,2024,9,22,12,2270,1.0,0,0,0,c,a,212.0,11,2013,130,1,10,2015,480,1
1015,4,2024,10,18,23,3746,1.0,0,0,0,a,c,461.0,2,2013,140,1,1,2020,225,1
589,5,2023,3,48,10,1733,1.0,0,0,0,d,a,204.0,1,2000,278,0,25,2020,179,1
771,7,2024,11,36,19,1734,1.0,1,0,1,b,a,546.0,2,2005,237,0,39,2019,257,1
986,1,2023,4,19,8,3711,1.0,0,0,0,d,a,311.0,6,2012,130,0,48,2015,387,0
921,3,2023,2,20,19,1563,1.0,1,0,0,c,a,380.0,6,2009,164,1,6,2011,500,0
775,3,2023,12,34,6,287,1.0,0,0,1,a,c,459.0,3,2018,69,1,32,2012,500,0
424,6,2024,1,25,15,2430,1.0,0,0,0,a,a,274.0,9,2016,88,0,9,2018,328,0
204,7,2023,2,2,16,1743,1.0,0,0,0,a,a,50.0,5,2004,225,0,24,2020,134,1
36,7,2024,8,5,5,304,1.0,1,0,1,a,c,816.0,2,2001,282,1,14,2016,407,0
297,5,2023,12,31,3,2097,1.0,0,0,0,b,c,700.0,10,2008,182,0,18,2018,273,1
525,2,2023,5,9,7,2278,1.0,0,0,0,a,a,507.0,9,2013,116,0,28,2016,345,1
697,6,2024,9,41,5,3510,1.0,1,0,0,a,c,181.0,11,2009,178,1,7,2017,398,0
214,5,2024,10,18,9,1493,1.0,1,0,1,a,b,424.0,12,2005,226,1,46,2023,24,0
838,4,2024,4,44,17,828,1.0,1,0,1,a,a,50.0,2,2019,62,0,45,2014,500,1
968,4,2023,12,41,10,1728,1.0,1,0,0,a,a,50.0,3,2010,165,1,14,2022,79,1
88,4,2023,9,46,23,2857,1.0,1,0,0,d,a,1013.0,5,2000,280,0,42,2011,500,0
958,7,2023,10,33,14,2183,1.0,1,0,1,a,c,50.0,11,2000,275,0,34,2010,500,0
721,4,2023,11,27,8,2739,1.0,0,0,0,a,c,199.0,6,2007,197,1,48,2022,31,1
80,7,2024,1,36,1,556,1.0,0,0,0,a,a,333.0,11,2010,158,1,40,2017,360,1
191,6,2024,3,31,1,3846,1.0,0,0,1,c,c,393.0,3,2002,264,0,41,2012,500,0
834,2,2023,1,48,27,1340,1.0,0,0,1,b,a,290.0,4,2014,105,0,27,2010,500,1
1052,7,2024,9,17,19,3500,1.0,0,0,0,a,c,179.0,3,2015,114,1,26,2018,303,1
826,3,2023,8,6,24,2397,1.0,0,b,0,a,a,260.0,5,2006,207,1,12,2015,410,0
1075,4,2023,12,50,2,2040,1.0,1,0,1,b,c,631.0,10,2011,146,0,11,2014,500,0
406,7,2023,7,44,7,3903,1.0,0,0,1,a,c,482.0,4,2018,63,0,28,2023,16,0
959,7,2024,4,33,10,549,1.0,0,0,1,b,a,495.0,11,2012,137,0,46,2013,500,0
960,2,2024,9,8,3,3979,1.0,1,0,0,a,a,50.0,3,2003,258,0,27,2022,85,1
960,6,2024,11,14,13,3392,1.0,1,0,1,a,b,448.0,1,2004,250,1,11,2016,419,0
17,4,2023,2,17,26,1527,1.0,0,0,0,c,a,328.0,7,2011,139,1,31,2012,500,1
1072,6,2024,2,47,22,1140,1.0,0,c,0,b,a,99.0,12,2008,182,1,25,2020,230,0
583,7,2023,3,19,8,1600,1.0,0,0,1,a,a,842.0,4,2019,47,1,13,2021,110,0
319,7,2024,9,34,22,3066,1.0,1,0,0,a,a,50.0,10,2020,47,0,35,2013,500,1
840,1,2024,5,49,7,605,1.0,0,0,1,b,c,280.0,12,2019,53,1,18,2018,343,0
583,1,2023,1,36,12,2335,1.0,0,0,1,a,a,645.0,4,2014,105,1,45,2011,500,1
423,5,2023,12,30,22,578,1.0,0,0,0,a,c,337.0,2,2013,130,1,43,2019,195,0
150,1,2023,7,7,25,382,1.0,0,0,0,b,a,50.0,8,2019,47,1,44,2016,327,1
898,5,2023,3,14,21,2019,1.0,0,0,0,b,a,722.0,9,2011,138,1,49,2021,69,0
509,1,2023,1,2,11,210,1.0,0,0,0,a,c,50.0,6,2014,103,1,19,2017,295,1
683,5,2023,7,9,8,2906,1.0,1,0,0,c,a,50.0,8,2005,215,1,39,2013,490,1
117,4,2023,12,31,14,683,1.0,0,0,1,c,a,580.0,3,2013,129,0,7,2019,232,0
303,7,2023,4,36,23,3501,1.0,0,0,1,b,c,50.0,4,2007,192,1,38,2015,414,0
772,7,2024,11,9,12,1237,1.0,0,a,1,b,a,213.0,2,2020,57,1,26,2016,399,0
328,3,2024,3,18,13,3524,1.0,0,0,0,a,c,50.0,7,2012,140,0,19,2018,311,1
85,1,2024,11,36,18,1242,1.0,0,0,0,a,a,312.0,8,2011,159,0,46,2015,458,0
321,5,2024,9,4,17,1810,1.0,1,0,0,c,a,649.0,11,2016,94,0,19,2013,500,0
959,4,2023,12,32,12,1041,1.0,1,0,1,c,c,50.0,1,2016,95,1,16,2012,500,0
1069,3,2023,7,25,7,2948,1.0,0,0,0,c,a,363.0,10,2021,21,1,34,2023,0,0
950,5,2023,9,17,27,3505,1.0,1,0,1,c,c,50.0,10,2002,251,0,28,2014,457,0
418,5,2024,3,25,28,3868,1.0,0,0,1,c,a,920.0,10,2020,41,1,41,2021,140,0
1077,5,2024,4,23,24,2228,1.0,1,0,0,a,a,50.0,8,2004,236,1,9,2013,500,0
937,7,2024,12,46,6,888,1.0,1,0,0,a,a,459.0,9,2022,27,0,52,2020,202,1
31,3,2023,12,44,11,643,1.0,1,0,0,d,a,378.0,8,2010,160,0,39,2011,500,1
398,4,2023,8,49,11,1060,1.0,0,0,0,c,a,331.0,3,2022,17,0,18,2013,500,0
913,2,2023,5,36,1,595,1.0,1,0,1,a,a,158.0,7,2007,190,0,32,2023,4,0
202,5,2023,6,25,15,1649,1.0,0,0,0,a,a,50.0,4,2004,230,0,1,2022,76,1
327,1,2023,11,17,16,2446,1.0,0,0,1,c,b,732.0,8,2005,219,0,39,2012,500,0
1080,5,2024,10,31,21,3079,1.0,1,0,1,c,a,50.0,10,2002,264,0,3,2016,444,1
219,2,2024,10,27,7,2758,1.0,1,0,0,a,a,255.0,12,2007,202,1,16,2018,323,1
820,1,2023,7,45,13,1455,1.0,1,0,1,b,a,186.0,9,2014,106,1,42,2022,55,0
837,1,2024,8,24,9,2911,1.0,0,c,1,b,a,585.0,7,2015,109,0,36,2015,456,1
297,5,2023,10,36,5,324,1.0,0,0,1,a,c,972.0,3,2021,31,1,28,2022,60,1
134,4,2023,9,3,13,2683,1.0,1,0,0,a,a,86.0,4,2014,113,1,9,2017,306,0
116,5,2024,11,23,6,3714,1.0,0,0,0,a,a,332.0,2,2020,57,1,40,2014,500,0
977,5,2024,1,19,23,2608,1.0,1,0,0,a,a,613.0,9,2002,256,0,22,2018,309,0
268,2,2024,2,34,14,3357,1.0,0,0,1,a,a,689.0,6,2010,164,0,34,2011,500,0
976,5,2023,7,7,21,3171,1.0,0,c,1,b,a,243.0,5,2022,14,0,44,2017,275,0
563,4,2023,8,8,6,584,1.0,1,0,1,b,a,255.0,7,2008,181,0,52,2011,500,1
620,6,2024,2,9,16,497,1.0,0,0,0,a,c,675.0,11,2016,87,0,27,2014,500,1
739,4,2023,4,30,9,3045,1.0,1,0,0,d,a,50.0,5,2019,47,1,32,2019,206,0
472,1,2024,12,18,21,2673,1.0,0,0,0,a,b,563.0,6,2005,234,1,47,2014,491,1
1061,2,2023,11,5,26,333,1.0,0,0,1,a,c,50.0,5,2010,162,0,24,2023,0,0
992,4,2023,3,52,9,895,1.0,0,a,0,a,a,335.0,4,2002,251,1,43,2012,500,0
740,1,2024,1,33,14,1031,1.0,0,0,1,b,a,309.0,6,2004,235,0,39,2022,98,0
795,2,2023,11,31,14,944,1.0,0,0,1,d,c,108.0,1,2020,46,1,28,2015,419,1
799,7,2024,8,34,7,238,1.0,0,0,1,d,a,383.0,2,2001,282,0,51,2019,243,1
36,5,2023,10,17,2,3143,1.0,1,0,0,c,a,183.0,5,2008,185,1,18,2015,415,0
306,6,2024,1,2,22,1621,1.0,0,0,1,c,a,594.0,10,2014,111,0,50,2016,368,1
460,6,2024,9,9,2,3989,1.0,1,0,0,a,c,60.0,7,2005,230,0,39,2023,22,1
155,6,2024,4,43,1,1386,1.0,0,0,1,a,c,50.0,6,2003,250,1,30,2012,500,1
480,5,2024,7,20,5,1415,1.0,1,0,0,a,c,323.0,1,2006,222,0,40,2011,500,1
727,4,2023,10,51,13,2567,1.0,0,0,0,a,a,268.0,1,2022,21,1,15,2017,348,0
955,3,2024,6,15,22,2162,1.0,0,0,1,b,a,743.0,12,2006,210,0,27,2018,300,0
836,5,2024,10,25,26,798,1.0,1,0,1,a,a,282.0,7,2002,267,1,38,2022,91,1
985,3,2024,10,46,26,2865,1.0,0,0,0,a,c,290.0,8,2017,86,0,8,2023,90,1
750,5,2023,3,38,27,1560,1.0,0,0,0,c,c,50.0,5,2010,154,0,52,2018,246,0
607,4,2024,5,28,18,3803,1.0,1,0,1,d,a,348.0,10,2014,115,0,17,2022,115,1
674,3,2023,11,31,14,231,1.0,0,0,1,a,c,50.0,10,2018,61,1,39,2011,500,0
126,7,2024,10,49,2,2655,1.0,0,0,0,a,a,234.0,1,2007,213,0,25,2019,284,1
901,7,2024,7,26,13,609,1.0,0,0,0,c,a,50.0,7,2001,276,1,46,2017,344,0
680,5,2024,3,17,18,2882,1.0,1,0,1,a,a,444.0,5,2007,202,1,50,2015,435,1
808,3,2023,1,40,20,388,1.0,1,0,1,b,a,257.0,11,2007,182,0,6,2021,138,0
514,1,2023,10,7,8,1285,1.0,1,0,0,a,a,635.0,5,2022,17,1,41,2020,122,0
882,6,2023,11,3,9,3021,1.0,0,0,0,a,a,50.0,3,2011,152,1,30,2010,500,1
472,6,2024,10,45,25,1610,1.0,0,0,1,a,a,301.0,9,2014,121,1,41,2023,56,0
952,5,2023,7,48,24,1351,1.0,1,0,1,a,a,327.0,4,2008,183,0,47,2016,365,0
1098,1,2023,10,34,21,3612,1.0,1,0,1,a,c,244.0,6,2016,88,1,11,2017,335,0
191,7,2023,3,11,11,855,1.0,0,0,1,c,c,613.0,3,2001,264,0,45,2012,500,1
1111,3,2024,5,36,11,359,1.0,0,a,1,c,b,266.0,4,2006,217,1,9,2014,500,0
886,1,2023,5,50,15,968,1.0,0,0,1,b,a,50.0,12,2009,161,0,17,2019,241,1
457,3,2023,9,9,13,2311,1.0,1,0,1,a,c,407.0,9,2022,12,1,51,2010,500,0
602,4,2023,11,10,23,2166,1.0,1,0,0,a,a,823.0,4,2019,55,0,11,2015,415,1
1043,5,2024,7,17,21,718,1.0,1,0,1,c,a,82.0,9,2017,82,1,15,2017,366,1
573,7,2023,6,15,5,1074,1.0,0,0,1,c,a,265.0,7,2005,215,1,41,2022,26,0
273,6,2023,4,4,26,365,1.0,0,0,1,a,a,347.0,5,2005,215,0,35,2011,500,0
689,2,2024,3,5,13,2683,1.0,0,0,1,a,c,568.0,2,2020,49,0,43,2022,66,0
216,2,2023,6,15,9,739,1.0,1,0,0,d,a,511.0,11,2021,19,1,40,2014,443,1
434,7,2023,2,14,12,3549,1.0,0,c,1,c,a,323.0,1,2012,133,0,13,2013,500,1
733,5,2024,5,35,22,1975,1.0,0,0,0,a,c,161.0,2,2008,195,1,28,2018,319,1
653,6,2023,11,41,10,2233,1.0,1,0,0,a,a,146.0,6,2013,125,0,4,2016,401,0
559,5,2023,2,42,20,2526,1.0,1,0,0,a,a,431.0,7,2001,259,1,4,2013,500,0
157,3,2023,3,47,18,3625,1.0,0,0,0,a,a,73.0,8,2009,163,1,41,2013,500,0
832,5,2024,1,49,7,818,1.0,1,0,0,b,b,50.0,11,2008,182,1,18,2013,500,0
279,6,2023,5,39,16,1859,1.0,0,0,0,a,a,219.0,12,2010,149,1,26,2013,500,0
123,1,2024,8,18,7,2148,1.0,1,0,1,a,a,132.0,9,2018,71,1,49,2018,281,1
310,1,2023,12,13,23,3688,1.0,0,0,1,a,a,173.0,12,2018,60,1,37,2016,340,0
538,4,2024,9,14,6,3895,1.0,0,0,0,b,c,448.0,7,2009,182,0,30,2011,500,1
73,7,2023,4,38,10,1584,1.0,0,0,1,b,a,316.0,11,2017,65,0,29,2013,500,1
761,7,2023,4,45,5,2243,1.0,0,a,1,c,a,218.0,2,2011,146,0,50,2022,47,0
772,3,2023,5,3,9,550,1.0,0,0,1,a,a,50.0,8,2022,9,1,19,2021,88,1
559,2,2024,12,19,9,435,1.0,1,0,1,a,a,168.0,1,2011,167,1,9,2023,62,0
519,3,2023,5,25,11,3829,1.0,1,0,1,c,c,50.0,10,2000,271,0,49,2019,184,0
320,6,2023,3,22,4,1133,1.0,0,0,0,a,b,56.0,9,2021,18,0,4,2023,18,1
525,5,2024,11,29,20,1566,1.0,1,0,0,a,c,50.0,5,2012,150,0,45,2019,244,0
559,6,2023,8,12,8,348,1.0,0,0,1,d,c,292.0,6,2001,266,1,35,2010,500,0
662,5,2024,6,5,11,2242,1.0,1,0,1,a,a,306.0,12,2014,114,1,11,2017,358,0
653,7,2023,10,3,11,2432,1.0,0,0,1,a,b,214.0,6,2006,208,1,15,2010,500,0
279,7,2023,5,1,28,1313,1.0,0,0,1,c,a,50.0,12,2001,257,0,21,2011,500,0
614,3,2024,9,11,16,3533,1.0,0,0,0,a,a,50.0,5,2017,88,0,30,2011,500,0
425,6,2023,4,40,24,1659,1.0,1,0,0,a,a,694.0,12,2022,4,0,27,2010,500,1
631,6,2023,5,10,13,3146,1.0,0,0,1,d,c,50.0,3,2001,266,1,20,2022,42,1
746,7,2024,10,21,23,1444,1.0,0,0,1,a,a,203.0,2,2012,152,0,29,2012,500,1
494,2,2024,11,39,9,372,1.0,1,0,0,c,c,145.0,7,2007,208,0,13,2022,130,0
382,3,2023,9,52,15,3419,1.0,1,0,0,b,a,548.0,12,2022,9,1,1,2014,500,1
370,4,2024,9,34,4,3153,1.0,0,0,0,c,a,377.0,5,2019,64,0,5,2010,500,1
976,4,2023,4,7,8,3265,1.0,0,0,0,a,c,75.0,5,2017,71,1,18,2014,457,0
79,4,2023,4,4,16,2136,1.0,0,0,1,c,a,445.0,1,2002,255,0,29,2011,500,1
916,7,2024,7,8,11,1170,1.0,0,0,0,b,c,50.0,7,2005,228,1,6,2014,500,0
52,5,2024,9,1,24,3436,1.0,0,0,1,c,b,260.0,12,2003,249,0,3,2014,500,1
710,3,2023,10,11,15,2811,1.0,0,0,1,a,c,50.0,4,2021,30,1,40,2010,500,1
596,2,2024,4,25,18,1707,1.0,1,0,0,a,b,384.0,6,2007,202,1,38,2013,500,0
800,1,2024,3,44,5,2897,1.0,1,0,0,a,a,163.0,5,2000,286,0,26,2011,500,0
958,3,2023,4,30,16,1745,1.0,0,0,0,c,c,222.0,3,2016,85,1,14,2010,500,0
923,7,2023,5,45,3,2789,1.0,0,0,1,a,c,652.0,3,2017,74,1,33,2018,272,0
877,7,2024,5,35,11,3953,1.0,0,0,1,a,a,65.0,9,2008,188,0,8,2011,500,1
661,6,2023,12,5,3,439,1.0,0,0,0,a,a,78.0,7,2022,17,0,1,2019,212,1
598,5,2023,5,16,15,1507,1.0,0,0,0,a,a,50.0,11,2019,42,1,44,2019,180,1
770,1,2024,1,25,19,1277,1.0,0,0,1,a,a,304.0,3,2012,142,1,40,2021,141,0
714,4,2023,1,30,19,949,1.0,0,0,1,a,a,269.0,4,2000,273,0,47,2018,243,1
583,1,2024,3,40,26,3589,1.0,0,0,1,a,c,508.0,9,2020,42,0,44,2015,464,0
1089,1,2024,4,32,9,3904,1.0,0,0,0,d,c,279.0,12,2001,268,1,7,2014,500,0
345,3,2023,1,41,21,716,1.0,0,0,0,a,a,390.0,2,2009,167,0,3,2013,500,1
1079,7,2024,9,2,27,3635,1.0,1,0,1,a,a,446.0,8,2019,61,1,50,2013,500,0
803,4,2024,12,19,16,3044,1.0,0,0,0,a,a,398.0,2,2009,190,0,46,2012,500,0
1110,6,2023,5,52,1,619,1.0,0,0,0,a,a,251.0,4,2008,181,1,25,2016,391,1
276,6,2024,4,8,22,3946,1.0,0,0,1,b,b,451.0,1,2021,39,0,30,2018,290,0
19,7,2023,8,50,10,1019,1.0,0,0,1,c,a,484.0,9,2011,143,1,7,2018,303,0
420,7,2024,7,18,3,1368,1.0,0,0,1,a,a,591.0,9,2021,34,0,12,2020,214,0
710,3,2023,8,20,28,3453,1.0,1,0,1,a,a,974.0,8,2020,36,1,20,2014,468,0
1053,7,2023,11,6,12,2241,1.0,0,0,0,c,a,50.0,12,2017,71,0,13,2023,0,1
831,1,2023,12,31,23,1033,1.0,1,0,1,a,c,445.0,12,2003,240,0,29,2011,500,0
270,4,2023,4,13,9,1518,1.0,0,0,1,a,c,285.0,7,2005,213,1,21,2019,200,0
115,6,2024,6,20,2,1398,1.0,1,0,0,a,a,350.0,11,2014,115,0,14,2022,110,1
622,6,2024,2,39,15,1139,1.0,0,0,1,a,a,517.0,1,2008,193,1,13,2021,182,1
406,6,2024,8,44,11,1521,1.0,0,0,0,d,a,357.0,8,2017,84,0,41,2011,500,0
408,6,2023,4,38,19,2866,1.0,0,0,0,a,a,50.0,10,2018,54,0,34,2019,212,1
185,7,2024,9,5,20,1489,1.0,1,0,1,c,a,134.0,8,2010,169,1,7,2021,154,0
620,5,2023,6,33,25,3044,1.0,1,0,1,a,c,462.0,5,2012,133,1,40,2014,461,1
429,1,2024,9,10,16,1079,1.0,0,0,1,c,a,57.0,3,2005,234,1,46,2017,328,0
173,1,2023,6,48,20,2006,1.0,1,0,1,a,c,50.0,1,2016,89,0,14,2016,398,1
492,5,2024,7,38,27,881,1.0,1,0,1,a,a,199.0,9,2000,286,0,22,2016,432,1
111,5,2024,8,30,28,2927,1.0,0,0,1,c,c,50.0,1,2002,271,1,6,2019,284,1
199,1,2024,10,13,23,1576,1.0,0,0,0,b,c,61.0,10,2013,132,1,51,2013,500,1
695,1,2023,2,52,18,242,1.0,0,0,0,c,a,872.0,12,2000,266,0,38,2014,482,0
554,4,2023,8,52,19,2132,1.0,1,0,1,a,c,126.0,12,2004,224,0,24,2019,236,0
107,7,2023,6,32,25,1461,1.0,1,0,1,a,a,405.0,4,2006,206,1,5,2011,500,1
210,7,2024,9,44,17,288,1.0,0,b,0,a,a,50.0,3,2005,234,1,1,2016,459,1
50,2,2024,8,37,18,1736,1.0,0,0,0,c,a,479.0,9,2017,83,0,24,2020,221,0
1029,6,2024,4,44,28,357,1.0,1,0,0,b,a,211.0,7,2007,201,0,21,2011,500,0
482,6,2023,6,7,22,1729,1.0,0,0,1,a,a,527.0,3,2020,39,0,23,2013,500,1
189,2,2024,10,9,15,2293,1.0,0,0,1,a,a,193.0,12,2013,130,0,21,2021,144,0
382,6,2023,8,15,16,402,1.0,1,0,1,a,c,150.0,6,2017,74,1,50,2017,277,1
572,5,2023,7,11,1,873,1.0,0,0,1,a,c,244.0,9,2020,34,1,19,2019,200,0
61,7,2023,11,38,14,414,1.0,1,a,0,a,b,291.0,4,2010,163,1,22,2021,120,1
384,4,2024,11,43,21,815,1.0,0,0,1,a,b,359.0,4,2017,91,1,40,2020,211,1
517,2,2023,1,37,9,3294,1.0,1,0,1,c,c,82.0,12,2018,49,0,19,2014,486,0
472,4,2024,2,23,15,448,1.0,0,0,0,c,a,50.0,1,2012,145,0,31,2013,500,1
1101,3,2024,9,37,14,525,1.0,0,0,0,a,a,50.0,6,2013,135,0,39,2019,258,1
435,1,2024,5,39,24,3210,1.0,1,0,0,c,a,114.0,12,2002,257,1,48,2014,500,1
203,1,2024,12,5,9,862,1.0,0,0,0,d,a,50.0,12,2011,156,0,2,2013,500,1
1092,5,2024,9,33,13,1285,1.0,0,0,1,c,a,50.0,8,2004,241,1,33,2014,500,1
1083,5,2024,3,1,7,2253,1.0,0,0,0,a,a,217.0,1,2009,182,0,28,2016,389,0
740,5,2023,11,46,5,2122,1.0,1,0,0,c,a,465.0,10,2006,205,0,31,2012,500,1
914,2,2023,2,2,17,301,1.0,1,0,1,c,a,188.0,3,2016,83,1,52,2013,470,0
55,1,2023,11,42,19,2192,1.0,0,0,1,c,c,888.0,1,2013,130,0,15,2022,79,0
665,7,2023,10,4,17,3588,1.0,1,0,0,a,c,381.0,8,2022,14,0,43,2022,13,1
932,1,2023,8,35,26,1155,1.0,0,0,1,a,a,351.0,7,2015,97,1,35,2015,416,1
2,7,2024,1,4,20,1382,1.0,0,0,0,a,a,50.0,4,2020,45,0,22,2010,500,0
609,4,2024,9,34,3,3297,1.0,1,0,1,d,a,464.0,12,2006,213,0,37,2014,500,1
174,4,2024,6,13,17,1655,1.0,0,0,1,a,a,463.0,8,2016,94,0,41,2015,440,0
130,4,2023,5,42,6,3888,1.0,1,0,0,d,a,50.0,8,2012,129,0,3,2016,403,1
733,6,2023,8,51,3,3167,1.0,1,0,0,c,c,302.0,2,2019,54,1,29,2015,438,1
526,2,2024,3,26,7,1851,1.0,0,0,1,a,a,749.0,5,2016,94,1,3,2023,75,1
479,1,2024,8,11,22,2980,1.0,0,0,0,a,c,368.0,7,2017,85,1,2,2021,165,0
149,6,2024,6,28,4,3956,1.0,1,0,1,b,c,545.0,4,2013,134,0,11,2015,485,0
368,1,2023,7,7,28,2726,1.0,0,0,1,a,a,189.0,8,2018,59,1,11,2023,0,0
622,5,2023,12,49,16,981,1.0,0,0,1,b,a,50.0,2,2022,22,0,31,2023,18,1
467,1,2023,5,2,11,3759,1.0,1,0,1,a,a,434.0,9,2007,188,0,44,2014,426,0
414,2,2024,5,42,3,3095,1.0,1,0,1,a,b,243.0,1,2004,244,1,34,2023,60,0
1076,5,2023,11,39,9,2719,1.0,0,0,1,c,a,362.0,10,2003,241,0,44,2023,0,0
75,6,2023,7,46,28,2183,1.0,1,0,0,b,a,304.0,5,2015,98,0,19,2014,495,1
464,1,2024,12,41,13,2950,1.0,1,0,1,c,a,54.0,12,2010,168,1,48,2014,500,1
729,5,2023,12,36,5,2267,1.0,0,0,1,d,c,309.0,7,2001,269,0,13,2018,283,1
651,1,2023,3,11,27,2147,1.0,0,0,0,a,a,100.0,5,2011,142,1,39,2021,76,1
261,3,2024,2,20,2,3652,1.0,0,0,1,c,c,50.0,11,2001,267,1,9,2018,323,0
633,6,2023,3,30,14,1823,1.0,0,0,0,a,a,525.0,8,2010,151,1,31,2018,259,0
855,6,2024,1,49,10,3828,1.0,0,0,0,b,a,50.0,12,2000,277,1,16,2014,500,0
571,4,2023,10,32,12,468,1.0,1,0,1,a,a,246.0,2,2003,248,0,32,2019,208,0
1008,4,2024,8,14,14,209,1.0,1,0,1,a,c,50.0,2,2007,210,1,24,2023,42,1
759,2,2024,2,19,13,1141,1.0,0,0,0,c,c,724.0,12,2020,38,1,6,2021,169,1
271,4,2024,5,17,24,1103,1.0,1,b,1,a,a,437.0,4,2000,289,1,32,2018,297,1
724,1,2024,1,36,3,2056,1.0,1,0,1,a,c,50.0,9,2005,220,0,39,2011,500,0
342,1,2024,8,12,18,1316,1.0,1,0,0,c,c,292.0,1,2019,67,0,46,2020,174,0
283,2,2023,11,52,18,1084,1.0,0,0,0,a,a,297.0,2,2022,21,0,48,2017,316,0
52,6,2023,5,38,28,1988,1.0,0,0,1,a,a,322.0,5,2011,144,0,33,2019,213,0
837,3,2023,9,12,26,2227,1.0,1,0,1,a,b,104.0,10,2022,11,1,34,2019,186,1
537,2,2024,7,31,12,2449,1.0,1,0,1,a,a,88.0,8,2016,95,0,29,2013,500,0
916,1,2024,9,15,16,1775,1.0,0,0,0,a,a,734.0,1,2008,200,0,49,2017,330,1
937,3,2023,12,30,3,3435,1.0,1,0,1,a,c,50.0,5,2016,91,0,18,2018,272,1
305,4,2023,5,26,23,1340,1.0,0,0,1,a,c,50.0,5,2018,60,1,26,2017,312,1
123,6,2023,6,37,26,3955,1.0,1,0,1,b,a,50.0,10,2020,32,0,23,2022,66,1
812,2,2024,5,11,25,3073,1.0,0,0,0,a,a,214.0,2,2009,183,0,18,2018,305,1
188,1,2024,9,44,17,1942,1.0,0,0,1,a,a,50.0,1,2002,272,0,34,2020,218,1
761,1,2024,5,41,25,2666,1.0,0,0,0,a,b,949.0,4,2016,97,1,4,2019,297,0
831,7,2024,12,14,15,1396,1.0,0,0,1,c,a,50.0,8,2001,280,0,34,2016,396,1
783,7,2023,8,43,5,2949,1.0,0,0,0,c,a,59.0,10,2012,130,0,44,2019,207,0
712,3,2023,5,40,13,3089,1.0,0,0,1,d,a,942.0,12,2016,77,1,11,2017,341,0
248,3,2023,6,17,2,2604,1.0,0,0,0,a,a,614.0,11,2012,127,1,13,2018,264,1
223,3,2023,1,28,6,2878,1.0,1,0,1,a,b,50.0,3,2018,58,0,43,2018,245,1
735,1,2024,7,1,14,859,1.0,0,0,1,a,a,293.0,5,2018,74,1,16,2018,297,0
191,5,2024,9,47,11,655,1.0,0,0,0,b,a,361.0,12,2000,285,0,44,2015,471,0
529,7,2023,3,36,1,571,1.0,0,0,1,b,a,50.0,7,2016,80,0,33,2019,211,0
79,3,2024,8,3,10,2660,1.0,0,0,1,a,a,474.0,10,2012,142,0,52,2014,471,0
282,2,2024,7,40,13,2174,1.0,0,0,0,a,a,50.0,9,2008,190,1,25,2017,379,1
20,2,2024,5,13,11,3363,1.0,1,0,0,a,c,50.0,4,2009,181,0,47,2016,382,0
327,2,2023,10,27,13,1509,1.0,0,0,1,a,a,574.0,6,2019,52,0,48,2017,291,1
472,2,2023,9,10,8,469,1.0,1,0,1,d,a,460.0,6,2020,39,0,6,2023,4,0
109,6,2023,3,1,11,2704,1.0,0,0,1,a,a,840.0,12,2014,99,1,12,2018,249,0
121,3,2023,10,3,15,2269,1.0,1,0,1,a,a,256.0,2,2016,92,1,23,2019,188,0
841,4,2023,3,2,6,330,1.0,0,0,1,c,a,755.0,2,2011,145,1,15,2015,403,0
326,7,2024,3,35,22,262,1.0,1,0,1,a,b,119.0,9,2022,18,0,3,2011,500,1
492,3,2024,7,49,8,2786,1.0,0,0,0,a,a,632.0,8,2016,95,1,51,2023,50,0
975,1,2024,3,42,27,1272,1.0,1,0,0,a,a,847.0,7,2008,188,0,40,2011,500,0
58,2,2024,1,50,10,1792,1.0,1,0,0,b,a,50.0,7,2019,54,0,19,2018,343,0
56,7,2024,9,28,4,397,1.0,0,0,1,a,a,50.0,3,2003,258,0,46,2011,500,1
404,5,2024,10,19,16,3679,1.0,0,0,0,c,a,354.0,3,2001,283,1,49,2020,178,1
889,5,2024,6,44,25,3876,1.0,0,0,1,b,a,346.0,7,2017,83,1,26,2022,122,1
1079,1,2024,4,12,16,1834,1.0,0,0,1,b,a,240.0,1,2015,111,1,7,2010,500,1
426,5,2023,2,34,10,2492,1.0,1,0,0,c,c,577.0,12,2017,62,1,10,2012,500,0
331,1,2024,10,8,25,927,1.0,0,0,1,a,c,50.0,12,2002,262,0,43,2016,381,0
460,6,2023,2,34,15,3976,1.0,0,0,1,a,c,251.0,12,2009,158,0,24,2016,374,0
597,3,2023,7,14,13,3883,1.0,0,0,1,a,a,55.0,9,2015,94,0,27,2011,500,0
1085,1,2023,1,13,4,3556,1.0,0,0,0,c,a,776.0,10,2004,219,0,7,2019,214,1
256,7,2023,7,40,19,1226,1.0,0,0,0,a,a,520.0,3,2017,76,0,2,2013,500,1
634,7,2023,1,51,4,1731,1.0,0,0,1,a,a,75.0,2,2001,263,0,5,2021,150,1
987,5,2024,2,36,21,1863,1.0,1,0,0,c,a,301.0,8,2011,150,1,37,2014,500,1
41,6,2024,9,26,23,2170,1.0,0,0,0,b,c,236.0,5,2014,124,0,7,2014,500,1
704,4,2023,4,38,17,1093,1.0,0,0,1,c,a,50.0,11,2018,53,1,44,2019,202,0
886,6,2024,12,51,15,2914,1.0,1,0,1,a,a,764.0,8,2004,244,0,6,2013,500,0
389,2,2024,8,42,26,1533,1.0,0,0,1,a,c,159.0,3,2019,65,0,10,2013,500,0
619,3,2024,10,21,7,1035,1.0,1,a,0,a,b,1214.0,3,2001,283,0,47,2011,500,1
930,7,2023,2,29,3,1651,1.0,0,0,0,a,a,299.0,3,2010,155,1,28,2012,500,1
867,5,2023,6,24,26,434,1.0,0,0,1,a,a,663.0,11,2014,103,0,2,2011,500,1
704,5,2023,6,27,8,641,1.0,1,0,1,a,a,297.0,11,2009,163,1,11,2011,500,1
169,4,2024,9,37,25,3404,1.0,0,0,1,a,a,381.0,9,2014,120,0,15,2012,500,0
227,2,2023,1,12,5,1740,1.0,0,0,1,a,a,164.0,8,2003,233,0,14,2018,258,0
293,1,2023,8,42,11,2524,1.0,0,0,0,a,a,50.0,4,2012,136,0,11,2019,239,0
774,1,2024,11,27,23,901,1.0,0,0,1,a,c,790.0,4,2021,43,0,19,2017,372,1
1016,2,2023,3,13,6,3730,1.0,0,a,1,a,c,106.0,11,2017,64,0,24,2010,500,1
575,2,2024,4,47,6,1962,1.0,1,0,0,c,a,729.0,6,2020,46,0,5,2023,94,1
480,6,2024,5,52,10,2887,1.0,0,0,1,b,a,917.0,9,2008,188,0,14,2019,298,1
1079,5,2023,10,28,20,505,1.0,0,0,0,c,c,92.0,12,2004,226,0,52,2022,28,1
570,4,2024,6,3,20,1265,1.0,1,0,0,a,a,50.0,10,2011,152,0,14,2022,93,0
767,3,2023,10,31,20,3311,1.0,0,0,0,b,c,115.0,8,2001,266,1,9,2015,438,0
718,2,2024,4,3,10,1211,1.0,0,a,0,d,a,50.0,8,2021,32,1,47,2017,320,1
959,5,2024,12,46,22,859,1.0,1,0,0,a,a,393.0,9,2014,123,0,5,2011,500,0
590,7,2024,12,6,14,1471,1.0,0,0,0,d,c,678.0,12,2006,216,0,35,2023,23,1
408,5,2023,4,39,11,220,1.0,1,0,1,a,b,50.0,9,2008,175,0,4,2023,35,1
837,2,2023,4,30,27,907,1.0,0,0,0,a,a,430.0,11,2002,245,1,16,2016,378,1
63,4,2024,10,37,28,2775,1.0,0,c,0,c,c,222.0,12,2020,46,1,36,2019,261,1
249,7,2024,9,34,27,2048,1.0,0,0,0,d,a,224.0,12,2008,189,0,17,2016,433,1
125,6,2023,9,17,15,379,1.0,1,0,1,c,a,284.0,9,2021,24,0,33,2012,500,0
1027,6,2023,4,47,13,1183,1.0,0,0,1,a,a,389.0,12,2011,136,1,20,2012,500,1
979,2,2023,8,42,3,2968,1.0,0,0,1,a,a,98.0,6,2003,242,0,18,2022,76,0
60,6,2024,6,24,26,3472,1.0,1,0,1,c,b,293.0,8,2018,70,1,21,2018,315,0
270,6,2024,11,45,8,682,1.0,0,0,1,c,c,109.0,9,2004,242,1,3,2012,500,0
557,4,2023,9,41,11,3163,1.0,1,0,1,a,b,328.0,11,2011,142,1,10,2020,187,1
1077,7,2024,8,19,10,3091,1.0,0,0,1,c,c,50.0,3,2001,281,1,32,2023,39,0
1113,4,2023,10,32,14,1005,1.0,0,0,0,a,c,562.0,5,2015,101,0,19,2012,500,0
666,2,2024,6,10,11,2615,1.0,0,0,0,a,a,185.0,10,2019,56,0,51,2013,500,1
735,1,2023,3,22,6,2150,1.0,1,0,1,c,c,50.0,2,2013,121,1,46,2018,236,0
364,2,2023,7,21,10,3951,1.0,0,0,0,c,a,225.0,6,2014,109,0,39,2012,500,0
538,7,2023,7,30,7,3601,1.0,0,0,0,b,a,267.0,6,2010,157,0,38,2015,408,1
1040,4,2024,6,18,22,2631,1.0,1,c,0,a,a,143.0,5,2021,37,1,42,2018,288,1
1063,3,2023,8,12,20,669,1.0,1,0,1,a,c,50.0,2,2018,66,0,2,2023,10,0
606,2,2023,6,20,1,3007,1.0,0,0,0,c,b,251.0,8,2005,214,0,11,2022,61,1
87,4,2024,1,40,22,3210,1.0,0,a,0,a,b,338.0,3,2002,262,1,43,2011,500,1
358,7,2023,11,2,18,2469,1.0,1,0,1,b,a,416.0,2,2013,129,0,48,2018,214,0
471,1,2023,10,29,16,1126,1.0,1,0,0,b,c,594.0,8,2017,74,0,22,2015,423,0
341,6,2024,12,30,14,3287,1.0,0,0,0,b,a,440.0,1,2009,191,1,28,2013,500,1
1008,2,2023,8,43,18,1500,1.0,0,0,1,a,a,389.0,4,2014,112,1,38,2015,421,1
585,3,2023,11,11,2,3069,1.0,0,0,0,a,a,460.0,11,2012,132,0,24,2023,0,1
759,7,2024,8,20,9,2310,1.0,0,0,1,c,c,120.0,1,2021,43,1,21,2016,415,1
890,5,2024,12,2,17,1707,1.0,1,0,1,a,a,570.0,1,2006,227,1,52,2018,262,0
411,4,2024,3,10,26,3294,1.0,0,0,1,d,c,267.0,4,2006,215,0,41,2014,489,0
916,7,2023,4,39,7,1493,1.0,0,0,0,a,a,233.0,3,2015,97,0,49,2023,0,1
1090,3,2024,6,26,20,938,1.0,1,a,0,d,b,50.0,7,2003,251,0,35,2013,500,0
381,3,2023,3,38,27,3704,1.0,0,0,1,c,a,422.0,3,2017,72,1,5,2013,500,0
847,2,2024,7,26,25,3719,1.0,1,0,1,c,a,391.0,6,2006,217,1,35,2014,500,0
628,6,2024,5,38,21,338,1.0,0,0,1,c,a,513.0,1,2010,172,0,20,2013,500,1
1090,7,2024,5,17,22,1962,1.0,1,0,1,a,c,50.0,4,2005,229,1,46,2012,500,1
770,3,2023,5,31,18,2735,1.0,0,a,0,a,a,506.0,4,2016,85,0,48,2019,191,1
651,5,2023,9,32,14,1416,1.0,0,0,1,a,c,237.0,9,2019,48,1,43,2011,500,1
919,5,2023,2,35,25,706,1.0,0,0,0,c,c,50.0,2,2015,96,0,29,2012,500,0
10,4,2023,1,16,19,1014,1.0,0,0,0,b,a,151.0,4,2014,105,1,26,2022,42,0
983,4,2023,11,17,26,3644,1.0,0,0,0,c,c,50.0,10,2022,13,1,16,2011,500,1
1084,7,2023,7,31,4,1406,1.0,0,0,0,c,b,389.0,9,2011,142,0,35,2017,308,1
881,7,2023,10,47,3,499,1.0,1,0,1,a,a,159.0,5,2005,221,1,33,2023,14,0
919,5,2024,1,28,11,1396,1.0,0,0,0,c,a,265.0,3,2017,82,0,20,2020,216,1
396,4,2023,3,23,4,1320,1.0,1,0,0,a,a,150.0,11,2009,160,0,50,2022,25,0
614,7,2024,6,2,17,3283,1.0,0,c,0,d,c,252.0,1,2001,281,0,35,2014,487,1
176,2,2024,7,5,25,288,1.0,0,0,0,a,c,50.0,11,2013,128,1,15,2023,42,1
180,2,2023,11,35,5,1771,1.0,0,0,0,a,a,50.0,5,2008,186,1,14,2023,21,1
518,6,2023,2,8,25,3091,1.0,0,0,1,a,a,1088.0,4,2000,274,1,8,2015,416,1
983,3,2023,6,22,23,1430,1.0,1,0,0,d,a,301.0,11,2007,187,0,30,2021,96,0
652,1,2023,2,6,2,1706,1.0,1,0,1,c,b,1175.0,11,2016,75,1,23,2010,500,1
711,4,2023,12,42,11,781,1.0,0,0,1,a,b,267.0,9,2021,27,0,43,2023,0,1
1072,7,2023,8,13,14,3370,1.0,1,0,0,a,a,281.0,1,2021,31,0,5,2014,476,1
4,2,2023,10,38,26,2577,1.0,0,0,1,c,b,202.0,9,2007,193,1,27,2020,167,1
56,7,2023,8,25,15,2491,1.0,0,0,0,a,a,458.0,11,2020,33,0,6,2013,500,1
551,5,2023,12,42,24,1647,1.0,1,0,0,c,b,319.0,1,2006,215,0,36,2020,162,0
195,7,2024,12,25,12,959,1.0,0,0,1,c,c,50.0,12,2001,276,0,30,2021,151,0
1096,6,2024,11,14,8,3329,1.0,0,0,1,a,a,50.0,3,2021,44,1,15,2018,311,0
349,7,2023,3,51,22,1173,1.0,1,0,0,b,b,50.0,7,2009,164,0,52,2010,500,0
654,2,2023,11,39,1,761,1.0,0,0,1,c,a,320.0,8,2019,51,1,43,2021,100,0
2,4,2024,4,34,14,1189,1.0,0,0,0,a,a,334.0,4,2019,60,0,11,2023,75,0
793,3,2024,4,35,2,2430,1.0,0,0,0,d,a,320.0,9,2016,91,0,25,2014,500,1
1095,5,2023,1,46,2,1609,1.0,0,0,0,a,c,72.0,5,2008,176,0,36,2023,10,0
734,7,2023,10,48,3,434,1.0,1,0,0,c,a,50.0,5,2001,269,0,21,2010,500,1
516,5,2023,11,9,4,226,1.0,1,0,1,c,b,628.0,1,2019,58,0,25,2015,400,0
579,5,2024,5,34,9,678,1.0,0,0,1,a,c,347.0,11,2005,222,1,2,2015,500,0
491,6,2024,10,48,27,3742,1.0,0,0,0,a,c,459.0,3,2021,43,1,26,2018,334,1
772,5,2023,11,6,1,3925,1.0,0,0,1,c,c,572.0,12,2004,227,0,6,2020,156,0
156,1,2024,7,45,26,2601,1.0,1,0,0,a,a,50.0,4,2001,279,1,44,2021,157,1
219,6,2024,6,29,14,2854,1.0,1,0,0,c,a,304.0,2,2019,64,1,7,2011,500,0
632,4,2023,8,5,24,3315,1.0,0,0,1,a,b,620.0,5,2002,255,1,4,2022,53,0
377,2,2023,1,34,17,2191,1.0,1,0,0,c,c,50.0,3,2021,22,1,26,2022,60,1
972,2,2023,6,17,21,2759,1.0,0,0,1,c,a,50.0,10,2004,224,0,21,2015,412,1
992,6,2023,11,48,22,602,1.0,1,0,0,a,a,50.0,12,2015,95,0,5,2017,355,1
1049,6,2023,5,47,19,473,1.0,1,0,1,a,a,50.0,8,2007,189,0,31,2018,276,1
301,7,2023,9,15,25,250,1.0,0,0,1,a,a,457.0,10,2019,47,1,33,2021,86,0
339,2,2024,1,44,28,3468,1.0,0,0,1,a,c,340.0,11,2006,206,1,32,2015,480,0
465,7,2023,9,19,1,1183,1.0,0,b,1,a,a,50.0,3,2011,150,1,9,2017,322,1
878,2,2023,4,11,7,770,1.0,1,0,0,a,b,50.0,12,2014,100,0,2,2019,217,1
116,1,2024,11,43,28,2049,1.0,0,0,0,a,a,50.0,11,2003,252,0,33,2021,166,1
790,2,2024,9,25,22,456,1.0,0,0,0,a,a,603.0,12,2009,177,1,51,2014,494,0
1038,2,2024,12,32,17,485,1.0,1,0,1,b,a,50.0,8,2016,100,1,27,2023,57,0
982,1,2024,2,15,14,637,1.0,1,0,1,a,c,50.0,11,2022,15,0,39,2021,132,0
301,1,2023,10,24,19,1552,1.0,0,0,1,c,a,228.0,7,2020,39,1,15,2021,113,0
452,1,2023,4,43,21,991,1.0,0,0,0,a,a,50.0,9,2022,7,0,5,2018,298,0
648,3,2024,7,38,7,1186,1.0,0,a,1,a,a,772.0,9,2019,58,1,25,2022,117,0
346,1,2024,3,52,24,3991,1.0,0,0,0,a,c,306.0,11,2016,88,1,4,2020,256,0
445,3,2023,3,2,14,3706,1.0,1,0,1,b,a,146.0,3,2004,228,0,24,2021,82,1
400,4,2024,11,42,22,816,1.0,0,0,1,c,a,151.0,1,2004,250,0,18,2011,500,0
387,5,2023,9,21,10,2564,1.0,1,0,1,c,a,81.0,5,2022,16,0,7,2016,378,1
400,2,2023,7,38,24,1079,1.0,0,0,0,b,c,110.0,10,2002,249,0,49,2021,93,1
188,2,2024,7,22,12,2301,1.0,0,0,1,a,a,983.0,6,2010,169,1,25,2014,500,0
522,6,2024,7,9,14,1602,1.0,1,0,1,d,c,546.0,5,2004,242,1,34,2015,443,0
1111,5,2023,7,5,11,2053,1.0,1,a,0,a,c,192.0,5,2011,146,0,34,2017,283,1
281,3,2023,10,52,15,1434,1.0,1,0,1,a,a,322.0,8,2007,194,0,46,2020,162,1
323,7,2024,8,51,5,775,1.0,1,0,1,b,a,50.0,2,2011,162,0,37,2012,500,0
261,4,2023,11,18,6,451,1.0,1,0,0,c,a,558.0,11,2019,48,0,15,2019,211,1
443,1,2023,10,51,10,1642,1.0,1,0,0,d,c,50.0,5,2005,221,0,47,2016,368,1
71,1,2024,3,42,20,1369,1.0,0,0,0,a,a,74.0,8,2022,19,0,44,2023,50,1
215,2,2024,4,32,21,2518,1.0,0,0,1,a,c,50.0,2,2011,158,1,38,2011,500,1
320,3,2024,7,27,18,1474,1.0,1,0,1,c,a,509.0,12,2008,187,0,9,2010,500,1
700,2,2024,4,18,8,3400,1.0,1,a,0,d,a,235.0,8,2013,128,0,28,2014,500,1
385,6,2024,9,44,4,1925,1.0,1,0,1,b,a,50.0,3,2018,78,0,52,2023,44,0
97,7,2024,3,34,21,3831,1.0,0,0,1,a,a,196.0,11,2021,28,0,16,2019,278,0
595,4,2024,6,48,19,2053,1.0,0,0,0,a,a,223.0,7,2004,239,1,47,2015,469,0
740,5,2024,10,49,14,2743,1.0,0,0,1,a,b,669.0,9,2022,25,1,25,2011,500,0
709,7,2024,7,48,13,2465,1.0,0,0,1,a,c,308.0,10,2015,105,0,28,2018,332,1
561,3,2023,6,46,28,3061,1.0,0,0,0,a,a,210.0,6,2005,216,1,51,2022,47,0
244,5,2023,12,34,18,3281,1.0,1,c,0,c,a,238.0,4,2002,260,1,16,2020,174,1
722,3,2024,8,17,11,2153,1.0,1,0,1,d,a,50.0,6,2003,254,1,50,2010,500,0
942,7,2023,10,24,10,2468,1.0,0,0,1,c,c,50.0,11,2001,263,1,43,2022,33,1
6,6,2023,7,38,27,946,1.0,0,0,0,a,c,50.0,8,2004,227,1,39,2013,500,1
810,5,2024,8,29,14,1741,1.0,0,0,0,a,a,825.0,1,2017,91,1,3,2021,182,0
751,6,2024,11,9,2,2801,1.0,0,0,0,b,b,75.0,12,2007,203,0,2,2023,59,1
326,6,2024,3,39,6,3818,1.0,1,a,1,c,a,414.0,6,2007,201,1,18,2014,500,0
51,3,2024,7,35,3,2968,1.0,1,0,1,c,a,50.0,12,2012,139,1,4,2022,135,1
585,4,2024,4,14,4,2661,1.0,0,0,0,a,a,101.0,1,2004,243,1,18,2018,308,0
1024,2,2023,12,13,8,1105,1.0,0,0,0,d,a,118.0,9,2010,159,0,51,2011,500,0
857,2,2024,6,38,11,2074,1.0,1,0,1,d,c,375.0,1,2008,197,0,42,2015,464,0
885,7,2023,8,43,25,3588,1.0,0,0,0,c,a,171.0,6,2000,278,0,43,2022,52,0
447,2,2024,1,51,22,1389,1.0,0,0,1,c,c,50.0,10,2019,51,0,31,2015,488,0
139,6,2023,7,37,21,2137,1.0,0,0,1,b,a,50.0,3,2001,268,1,26,2021,115,1
621,5,2023,6,39,27,248,1.0,0,0,1,a,a,884.0,1,2017,77,0,21,2016,382,1
621,1,2024,1,1,8,2805,1.0,0,0,1,a,a,58.0,3,2016,94,0,21,2016,396,1
627,6,2023,1,26,28,1804,1.0,1,0,1,a,a,97.0,3,2008,178,1,22,2023,4,1
1067,4,2024,6,30,1,2180,1.0,0,0,1,a,a,50.0,1,2018,77,0,10,2022,124,1
855,2,2023,11,6,1,740,1.0,0,0,1,a,a,634.0,12,2012,131,1,3,2022,55,1
271,1,2023,5,24,23,2395,1.0,0,0,1,a,a,50.0,5,2018,60,1,27,2016,361,1
865,6,2023,11,4,13,2269,1.0,1,0,0,c,a,68.0,8,2018,63,0,28,2018,236,0
82,4,2024,7,49,24,2998,1.0,1,0,1,a,a,276.0,1,2000,294,1,34,2012,500,0
428,4,2023,8,8,4,3747,1.0,1,0,1,a,b,579.0,11,2015,93,0,10,2022,50,1
472,7,2024,5,29,8,1057,1.0,1,0,1,d,c,209.0,9,2010,164,0,7,2013,500,1
437,7,2024,10,39,24,3442,1.0,0,0,0,a,a,229.0,7,2003,255,0,50,2010,500,0
155,1,2024,4,6,1,3188,1.0,0,0,0,a,a,179.0,2,2021,38,1,25,2014,500,1
304,2,2024,9,20,26,1735,1.0,1,0,1,b,c,73.0,6,2007,207,0,15,2014,500,1
867,3,2023,12,42,28,1495,1.0,1,0,0,d,a,769.0,10,2022,14,1,19,2014,491,1
22,3,2023,7,27,9,3184,1.0,1,0,0,a,a,50.0,8,2012,131,0,3,2012,500,0
1018,4,2024,4,46,11,2319,1.0,0,0,0,a,a,334.0,4,2022,24,1,47,2020,207,0
923,6,2024,6,7,7,1991,1.0,1,a,0,a,b,50.0,2,2015,112,1,42,2012,500,1
502,2,2024,11,29,7,2505,1.0,0,0,1,a,c,394.0,11,2020,48,1,37,2013,500,1
222,3,2023,7,34,24,1885,1.0,1,0,0,a,b,198.0,11,2002,248,1,42,2020,148,0
1113,1,2024,10,46,28,3743,1.0,0,0,1,a,c,288.0,1,2014,129,1,47,2020,207,1
1069,1,2023,11,27,19,2892,1.0,1,0,1,d,c,241.0,3,2017,80,1,34,2023,0,1
212,2,2023,4,17,21,872,1.0,0,0,0,a,b,50.0,2,2020,38,1,19,2017,310,1
899,5,2024,2,12,1,2909,1.0,0,0,1,a,a,196.0,12,2022,14,1,5,2013,500,1
1024,3,2023,5,16,5,1813,1.0,1,0,1,a,c,50.0,10,2020,31,0,9,2018,267,1
930,2,2024,3,10,8,1471,1.0,1,0,0,b,a,281.0,7,2011,152,0,24,2011,500,1
361,3,2024,9,47,13,602,1.0,0,0,0,a,a,62.0,8,2013,133,1,44,2019,263,1
690,7,2024,7,11,7,1629,1.0,1,0,0,a,b,147.0,5,2022,26,0,18,2015,461,0
1006,7,2023,5,22,12,1826,1.0,0,0,1,c,c,222.0,2,2003,243,1,23,2021,103,0
681,5,2024,10,7,15,3884,1.0,0,0,1,a,c,258.0,11,2010,167,1,50,2014,477,1
1009,7,2024,1,52,11,2963,1.0,0,0,0,c,a,50.0,11,2004,230,0,30,2015,490,1
212,7,2023,2,23,20,2676,1.0,0,0,0,c,c,101.0,3,2012,131,0,47,2015,392,1
389,5,2023,7,49,19,1409,1.0,1,0,1,a,a,293.0,9,2015,94,0,38,2019,219,1
1077,6,2024,3,27,12,1975,1.0,0,0,0,d,a,687.0,12,2000,279,1,27,2019,260,0
23,1,2023,7,28,4,2608,1.0,0,0,0,a,b,991.0,7,2014,108,1,33,2010,500,0
937,2,2023,2,43,28,2430,1.0,0,0,0,a,a,812.0,1,2020,37,1,38,2022,57,0
338,1,2024,4,41,13,3014,1.0,0,0,0,a,a,50.0,9,2009,175,0,42,2020,207,1
162,6,2024,8,48,12,2685,1.0,0,0,1,b,c,381.0,6,2021,38,0,37,2021,167,0
487,5,2024,1,42,16,2286,1.0,1,0,0,a,c,555.0,8,2002,257,0,10,2020,240,0
455,4,2024,5,47,20,1704,1.0,0,0,0,d,a,421.0,9,2001,272,1,13,2015,500,1
1097,5,2024,6,19,18,3378,1.0,0,0,0,d,a,212.0,1,2005,233,1,5,2023,66,1
403,7,2023,10,2,25,578,1.0,0,0,1,a,a,313.0,11,2020,35,0,15,2020,143,0
770,2,2024,12,24,5,441,1.0,0,0,1,a,a,349.0,11,2022,25,0,18,2012,500,0
357,6,2024,2,9,20,2139,1.0,0,0,0,c,a,51.0,3,2004,239,1,7,2013,500,0
708,7,2023,12,47,24,2932,1.0,0,0,0,b,c,317.0,11,2000,277,1,28,2011,500,0
874,6,2024,12,39,20,3234,1.0,1,0,1,c,b,50.0,8,2015,112,0,49,2020,198,1
720,6,2024,11,27,16,3461,1.0,1,0,1,b,b,955.0,7,2019,64,0,40,2022,91,0
712,6,2024,8,32,10,3262,1.0,0,0,0,d,a,137.0,8,2009,180,0,45,2020,195,1
442,2,2023,5,16,27,3086,1.0,0,0,0,a,a,417.0,7,2014,106,0,42,2014,442,0
810,2,2023,2,41,21,3518,1.0,1,0,0,a,c,324.0,12,2019,38,1,46,2022,47,0
769,7,2023,3,7,11,1753,1.0,0,0,1,a,c,294.0,10,2000,269,0,30,2018,237,0
349,2,2023,12,40,28,1604,1.0,0,0,1,a,a,441.0,7,2020,41,0,26,2015,430,1
312,6,2024,12,23,26,1396,1.0,1,0,0,d,a,596.0,2,2009,190,1,41,2023,34,1
57,4,2024,9,24,12,1388,1.0,0,0,1,b,c,290.0,11,2021,34,0,32,2017,356,1
839,7,2023,11,24,3,867,1.0,1,c,1,a,a,505.0,12,2018,59,0,30,2019,202,0
19,2,2024,7,50,6,989,1.0,0,0,1,c,c,406.0,10,2003,249,0,45,2018,317,0
727,7,2023,3,26,28,1760,1.0,0,0,1,d,a,50.0,12,2014,99,0,13,2013,500,1
462,7,2024,9,2,27,2749,1.0,0,0,1,b,a,273.0,8,2006,217,1,4,2020,206,0
833,1,2023,6,40,22,1344,1.0,1,0,1,c,a,200.0,6,2021,24,1,39,2011,500,1
101,5,2023,7,49,4,2308,1.0,1,0,1,a,a,450.0,6,2022,13,0,37,2016,376,1
169,4,2024,8,51,13,2653,1.0,1,0,1,a,c,476.0,8,2022,24,1,32,2014,500,0
863,4,2024,10,15,17,452,1.0,1,0,0,a,c,304.0,1,2005,237,1,9,2021,162,1
616,1,2023,8,21,3,953,1.0,1,0,0,a,a,384.0,8,2019,48,1,30,2019,199,0
1024,5,2023,10,14,17,219,1.0,0,0,0,c,c,316.0,1,2002,261,0,26,2015,404,1
214,3,2024,8,43,23,220,1.0,1,0,1,b,a,98.0,10,2016,94,1,43,2023,52,0
25,4,2024,3,34,23,508,1.0,1,0,1,c,b,643.0,10,2002,257,0,13,2022,125,1
348,3,2024,12,33,12,3129,1.0,1,0,0,a,a,449.0,10,2002,266,0,2,2010,500,1
215,6,2023,3,52,21,3747,1.0,1,0,1,a,a,847.0,4,2021,23,1,36,2018,276,0
883,4,2024,2,45,18,3072,1.0,1,0,1,a,a,220.0,9,2017,77,1,13,2016,448,1
647,4,2023,10,8,12,233,1.0,0,0,1,a,b,103.0,4,2001,270,1,19,2010,500,0
466,6,2023,11,23,13,1126,1.0,0,0,0,c,c,50.0,10,2014,109,0,36,2021,91,0
1073,1,2024,3,48,22,3132,1.0,0,0,1,a,c,971.0,5,2017,82,1,19,2014,500,0
56,2,2024,4,25,7,2646,1.0,1,0,0,b,c,438.0,4,2008,192,0,12,2022,117,1
885,2,2023,3,19,24,1601,1.0,0,0,0,d,c,517.0,1,2018,62,0,2,2015,433,0
995,4,2023,7,16,3,3227,1.0,0,0,1,b,a,796.0,6,2018,61,1,11,2021,109,0
5,1,2024,6,37,7,517,1.0,0,0,1,b,a,328.0,2,2007,208,0,1,2019,296,0
120,6,2024,7,37,28,1555,1.0,0,0,1,d,c,72.0,11,2010,164,1,50,2020,195,1
201,5,2024,4,24,18,2237,1.0,0,0,1,a,a,557.0,8,2007,200,1,17,2018,319,1
555,4,2024,9,15,8,2220,1.0,1,0,0,d,a,217.0,9,2016,96,1,49,2012,500,1
467,3,2024,4,2,3,2321,1.0,0,0,0,c,a,50.0,12,2019,52,0,20,2016,398,0
531,2,2024,5,22,13,1263,1.0,0,0,0,b,a,741.0,10,2016,91,0,25,2014,500,1
870,7,2023,6,19,26,3703,1.0,0,0,1,a,c,50.0,4,2009,170,0,7,2012,500,1
446,4,2023,2,27,16,1301,1.0,0,0,0,a,a,64.0,6,2017,68,1,6,2018,281,0
1113,4,2024,5,1,2,2384,1.0,1,0,1,a,a,519.0,2,2020,51,0,13,2019,248,1
6,1,2024,11,43,22,1736,1.0,1,0,1,a,c,50.0,7,2007,208,0,41,2011,500,0
201,2,2024,4,14,14,2386,1.0,0,0,1,a,a,313.0,8,2020,44,0,50,2022,68,1
284,4,2023,3,34,8,2370,1.0,0,a,0,a,a,360.0,2,2004,229,0,41,2015,409,1
121,4,2023,9,26,15,2282,1.0,0,0,0,d,a,605.0,10,2020,35,0,16,2016,374,1
174,4,2023,3,28,22,3026,1.0,0,0,1,a,c,466.0,8,2016,79,1,19,2012,500,0
113,1,2024,9,47,22,2812,1.0,1,0,0,a,c,503.0,5,2013,136,0,13,2012,500,1
183,2,2023,1,5,4,1416,1.0,0,0,0,a,a,554.0,8,2009,161,1,40,2014,433,1
448,3,2024,3,18,6,3205,1.0,1,0,0,a,a,725.0,4,2017,83,0,44,2012,500,1
141,2,2024,7,4,23,1892,1.0,0,0,1,a,a,146.0,12,2022,19,0,5,2021,155,1
542,1,2023,11,41,9,555,1.0,0,0,0,a,a,50.0,8,2020,39,1,8,2013,500,0
919,1,2023,8,19,26,3858,1.0,1,0,1,c,a,50.0,7,2022,13,1,24,2019,203,0
552,7,2024,2,24,4,726,1.0,1,0,1,c,b,472.0,5,2022,21,1,49,2013,500,0
113,7,2024,7,2,26,3693,1.0,0,0,0,c,a,198.0,6,2021,37,0,3,2010,500,0
586,6,2023,1,32,14,434,1.0,0,0,1,a,c,103.0,7,2012,126,0,14,2016,382,0
372,1,2024,2,12,2,620,1.0,1,0,1,d,a,606.0,7,2010,163,1,46,2023,18,1
932,5,2024,3,4,4,3833,1.0,0,0,0,d,c,456.0,9,2009,174,1,25,2011,500,0
647,7,2024,11,50,14,3032,1.0,0,0,1,c,c,756.0,11,2021,36,1,19,2017,395,0
286,1,2024,11,27,3,2410,1.0,1,0,1,d,a,368.0,6,2009,185,1,43,2017,348,1
46,7,2024,1,12,25,2554,1.0,0,0,0,c,a,450.0,7,2000,282,1,9,2019,263,1
483,5,2024,5,19,1,3917,1.0,0,0,0,a,a,164.0,12,2004,233,1,10,2016,425,0
586,5,2024,12,42,23,2570,1.0,1,a,1,b,c,50.0,6,2014,126,1,8,2018,346,0
72,2,2023,6,25,25,775,1.0,0,0,1,a,a,125.0,6,2013,120,1,44,2012,500,0
518,7,2023,5,35,25,2604,1.0,1,0,1,a,a,66.0,4,2022,13,1,6,2010,500,0
832,7,2024,6,16,6,2985,1.0,0,0,1,c,a,50.0,8,2022,22,1,34,2012,500,1
957,4,2024,7,7,21,1859,1.0,1,0,0,b,b,339.0,12,2000,283,1,6,2022,105,0
804,4,2024,3,1,21,1387,1.0,1,0,1,b,c,564.0,9,2018,66,0,37,2014,484,1
130,1,2024,9,11,24,3324,1.0,0,0,0,d,c,148.0,9,2017,84,0,25,2019,246,0
303,1,2023,4,49,22,891,1.0,0,0,0,a,a,406.0,12,2019,40,1,14,2022,87,1
66,2,2024,7,2,2,2676,1.0,1,0,1,c,c,116.0,2,2013,137,0,9,2013,500,0
614,1,2023,9,1,19,3265,1.0,0,0,0,c,b,242.0,4,2014,113,1,36,2012,500,0
165,7,2023,11,2,6,2928,1.0,0,a,0,a,c,108.0,2,2001,273,0,40,2011,500,1
94,3,2023,9,39,2,830,1.0,0,0,0,a,a,379.0,12,2012,129,1,31,2019,216,0
532,6,2024,10,47,21,3348,1.0,0,0,1,a,c,464.0,7,2004,243,0,27,2023,72,1
763,3,2024,1,24,12,2478,1.0,0,0,0,a,a,803.0,9,2004,232,1,27,2016,413,0
118,7,2024,7,51,23,1842,1.0,1,0,0,c,a,118.0,8,2003,251,0,46,2023,57,0
214,4,2024,4,19,21,909,1.0,1,0,1,c,a,225.0,10,2012,138,0,20,2017,363,0
687,3,2023,1,49,6,645,1.0,1,0,1,c,a,627.0,4,2017,69,1,43,2020,162,1
606,1,2024,9,26,10,1481,1.0,0,0,1,a,a,188.0,4,2002,269,1,6,2013,500,0
885,2,2024,8,19,23,591,1.0,1,0,0,a,a,441.0,1,2017,91,1,39,2017,344,0
76,2,2023,11,46,16,531,1.0,0,0,0,a,c,138.0,12,2022,11,0,50,2011,500,0
620,2,2023,10,4,7,2645,1.0,0,0,1,a,a,408.0,8,2022,14,1,9,2018,255,0
534,3,2023,6,6,21,3759,1.0,1,0,0,c,a,469.0,7,2015,95,0,11,2013,500,0
400,6,2024,10,40,19,2091,1.0,1,0,1,a,a,681.0,2,2017,92,0,24,2016,432,0
730,5,2024,5,48,26,3911,1.0,0,0,0,d,a,61.0,8,2001,273,0,32,2014,500,1
499,2,2023,7,15,15,3268,1.0,1,0,0,a,a,437.0,7,2017,72,1,48,2022,19,0
1052,4,2024,2,32,23,770,1.0,1,0,1,a,a,247.0,12,2014,110,1,26,2020,214,0
271,5,2023,5,11,22,371,1.0,0,0,1,a,a,50.0,11,2010,150,0,40,2020,127,0
874,6,2024,7,9,7,1565,1.0,0,0,0,d,a,103.0,1,2019,66,1,20,2019,249,0
951,7,2024,5,24,13,410,1.0,0,0,1,a,a,65.0,6,2003,251,1,29,2010,500,0
1048,3,2024,4,50,14,676,1.0,1,0,0,c,a,418.0,9,2016,91,1,12,2015,500,1
361,6,2023,5,5,6,3117,1.0,0,0,1,a,a,50.0,2,2009,171,1,29,2014,444,0
426,2,2024,7,47,17,641,1.0,1,0,1,a,b,317.0,11,2018,68,1,47,2012,500,0
958,3,2024,9,2,24,3978,1.0,1,0,0,a,b,294.0,7,2002,266,0,18,2020,192,0
789,3,2023,2,52,2,1071,1.0,0,0,0,a,a,484.0,12,2003,230,0,46,2019,214,1
1077,3,2024,9,27,26,3420,1.0,0,0,1,a,a,147.0,2,2019,67,1,45,2023,34,1
379,2,2024,10,43,24,492,1.0,0,0,1,a,c,50.0,5,2014,125,0,32,2023,63,0
286,5,2024,8,33,18,1792,1.0,0,0,1,a,c,568.0,10,2010,166,1,47,2020,194,1
750,6,2023,2,44,25,696,1.0,0,a,0,a,a,122.0,5,2016,81,1,44,2021,104,1
957,4,2024,10,32,25,3528,1.0,0,0,0,a,a,620.0,7,2018,75,1,36,2016,412,0
1031,3,2024,4,9,27,465,1.0,1,0,0,b,a,284.0,2,2011,158,1,49,2012,500,0
933,2,2023,6,2,1,338,1.0,0,0,1,a,c,311.0,5,2021,25,0,52,2020,106,0
1087,4,2023,3,44,26,3940,1.0,0,0,0,a,a,473.0,2,2020,37,0,17,2015,443,1
682,1,2024,7,5,16,2984,1.0,0,0,0,d,a,483.0,7,2008,192,1,41,2020,172,0
4,2,2023,12,38,23,3314,1.0,1,0,0,b,a,267.0,10,2010,158,1,25,2019,221,1
930,3,2024,11,10,11,858,1.0,0,0,0,c,a,160.0,3,2004,248,1,43,2019,227,1
319,5,2024,5,35,13,2282,1.0,1,0,1,c,a,277.0,1,2004,244,0,8,2014,500,1
475,1,2024,7,18,20,1280,1.0,1,c,0,a,a,50.0,4,2005,231,0,27,2023,43,1
808,7,2023,4,46,12,280,1.0,0,0,0,a,a,584.0,11,2000,269,1,30,2022,68,0
673,1,2023,4,38,10,1525,1.0,1,0,1,a,a,50.0,5,2017,71,0,25,2018,273,0
726,6,2024,2,25,4,2433,1.0,0,0,1,a,a,136.0,4,2002,262,1,49,2023,28,0
453,7,2023,6,2,1,877,1.0,1,0,1,d,c,171.0,8,2005,214,0,20,2017,294,0
300,7,2024,4,17,25,3549,1.0,1,0,1,c,a,402.0,10,2009,174,0,32,2023,37,1
1114,5,2023,4,10,14,2111,1.0,1,0,1,a,c,251.0,8,2007,188,1,26,2020,140,1
759,6,2024,3,39,8,3936,1.0,1,0,1,a,a,490.0,4,2018,71,1,27,2015,480,1
594,7,2023,3,39,17,1818,1.0,0,0,0,c,a,445.0,2,2014,109,1,32,2022,59,0
347,3,2023,2,23,28,1423,1.0,0,0,0,b,a,50.0,8,2001,258,1,30,2023,0,0
265,6,2024,8,21,19,2218,1.0,1,0,1,a,a,50.0,11,2010,165,1,29,2018,304,0
718,1,2024,1,30,15,1062,1.0,0,0,1,a,a,209.0,10,2017,75,0,49,2014,500,0
748,6,2023,1,24,24,1600,1.0,0,0,1,a,a,505.0,4,2004,225,0,11,2010,500,0
879,6,2024,12,25,1,750,1.0,0,0,1,a,c,451.0,3,2002,273,1,8,2012,500,0
846,4,2023,4,6,28,551,1.0,0,0,0,a,a,480.0,11,2011,137,0,23,2011,500,1
585,1,2024,1,46,20,3950,1.0,0,0,0,a,b,213.0,10,2010,159,0,44,2021,158,0
961,5,2024,8,16,22,3261,1.0,0,0,0,b,a,591.0,5,2010,171,1,26,2021,146,1
681,1,2023,7,21,7,3079,1.0,1,0,1,a,a,394.0,8,2014,107,0,19,2017,314,1
15,1,2024,3,18,9,3267,1.0,0,0,0,c,a,113.0,7,2015,104,0,29,2017,353,0
125,4,2024,4,50,18,2902,1.0,1,0,1,b,c,211.0,2,2008,194,1,50,2020,208,0
834,5,2023,12,50,27,2948,1.0,0,0,0,a,a,534.0,6,2009,174,1,3,2023,47,0
987,3,2024,6,48,7,831,1.0,1,a,0,a,c,741.0,6,2019,60,1,33,2018,327,1
592,5,2024,8,29,19,2701,1.0,1,0,1,b,c,50.0,8,2018,72,0,38,2013,500,1
1062,5,2024,10,18,9,2058,1.0,0,0,0,c,c,370.0,5,2003,257,1,20,2017,362,0
811,4,2023,8,7,26,2012,1.0,1,0,0,d,c,50.0,4,2005,220,1,51,2019,164,1
895,5,2023,2,29,17,3181,1.0,1,a,1,a,a,65.0,7,2013,115,1,30,2019,207,0
589,5,2024,7,39,12,3016,1.0,1,0,0,a,c,430.0,8,2011,155,0,10,2015,497,1
769,5,2024,9,36,28,2376,1.0,1,0,1,a,a,325.0,3,2014,126,1,23,2012,500,0
368,6,2024,10,49,4,3500,1.0,1,0,1,a,a,50.0,6,2018,76,1,46,2010,500,0
1023,5,2023,12,51,12,233,1.0,1,0,0,a,c,158.0,12,2008,180,0,46,2019,213,1
40,3,2024,9,2,20,3077,1.0,1,0,0,a,a,569.0,9,2006,216,1,11,2015,459,0
26,2,2024,5,22,12,3395,1.0,0,0,0,b,a,314.0,6,2000,287,1,19,2023,55,0
358,3,2024,11,28,4,1169,1.0,1,0,1,c,c,290.0,7,2005,232,0,3,2012,500,1
234,4,2023,4,31,9,1606,1.0,0,0,1,a,c,596.0,12,2022,4,1,6,2016,389,0
732,3,2024,4,22,25,970,1.0,0,0,0,a,a,523.0,10,2013,126,0,39,2017,347,1
804,1,2023,9,35,6,1177,1.0,0,0,1,b,c,175.0,9,2020,36,0,28,2010,500,1
11,7,2023,6,33,18,2350,1.0,0,0,0,a,a,474.0,11,2012,127,0,45,2022,40,0
239,5,2024,5,28,4,2897,1.0,0,0,0,a,b,214.0,2,2021,39,1,1,2014,500,0
1028,7,2024,7,6,13,1700,1.0,0,0,1,a,c,319.0,6,2021,37,1,44,2023,14,1
718,7,2024,4,15,12,1909,1.0,0,0,1,a,a,50.0,10,2007,198,0,33,2013,500,1
446,6,2023,5,8,4,1517,1.0,1,0,1,a,a,119.0,3,2018,62,1,5,2017,315,0
427,7,2023,6,19,22,583,1.0,1,0,0,c,c,336.0,3,2002,255,1,35,2021,88,1
71,5,2023,4,29,8,3757,1.0,1,0,1,c,a,50.0,1,2007,195,1,1,2023,28,1
482,7,2023,7,20,17,1295,1.0,1,0,1,c,c,191.0,12,2009,163,1,50,2012,500,0
984,6,2023,1,26,8,3003,1.0,0,0,1,b,b,50.0,5,2003,236,1,47,2022,31,1
606,4,2024,11,16,12,3329,1.0,0,a,0,a,a,501.0,2,2001,285,1,18,2019,258,1
202,6,2023,5,37,2,2104,1.0,0,b,0,a,a,708.0,7,2005,214,0,14,2012,500,0
1093,4,2023,12,27,7,1939,1.0,0,0,1,a,c,50.0,11,2007,193,0,3,2015,440,0
65,3,2024,6,38,5,1506,1.0,0,0,1,b,a,50.0,9,2009,177,1,12,2010,500,0
19,1,2024,8,4,19,3091,1.0,1,0,0,a,c,452.0,1,2013,139,0,30,2023,26,0
88,2,2024,10,43,18,1201,1.0,0,0,1,a,c,364.0,8,2002,266,1,44,2022,103,0
113,6,2024,10,41,7,776,1.0,1,0,1,c,a,424.0,5,2015,113,1,9,2013,500,1
589,7,2024,9,40,2,3988,1.0,1,0,1,d,c,500.0,3,2006,222,0,16,2018,336,0
921,7,2024,5,1,10,2263,1.0,0,0,0,a,a,332.0,11,2018,66,0,14,2018,299,1
319,7,2023,5,50,14,1328,1.0,0,0,1,c,a,700.0,6,2018,59,0,26,2020,180,0
746,1,2024,9,34,2,266,1.0,1,0,0,a,c,734.0,11,2013,130,0,2,2016,448,1
939,2,2023,9,32,17,3415,1.0,0,0,1,a,a,864.0,10,2013,119,0,49,2019,191,1
690,5,2024,7,4,13,971,1.0,0,a,0,a,a,908.0,5,2008,194,0,10,2018,306,1
609,2,2023,2,41,7,701,1.0,1,0,1,c,a,76.0,10,2000,268,1,37,2013,500,0
60,2,2024,7,50,12,579,1.0,1,0,0,a,c,611.0,4,2013,135,0,27,2020,231,0
311,7,2024,4,48,28,3109,1.0,1,0,1,b,a,347.0,8,2000,284,1,23,2016,441,1
1006,6,2023,7,31,27,3395,1.0,0,0,1,c,a,50.0,9,2019,46,0,13,2013,500,0
652,5,2024,4,25,13,2070,1.0,1,0,1,b,a,445.0,2,2008,194,0,27,2014,500,1
509,1,2024,9,22,26,2726,1.0,1,0,1,a,a,76.0,11,2012,142,1,27,2021,151,0
1053,6,2024,1,7,22,1919,1.0,1,0,0,b,a,290.0,6,2000,283,0,18,2019,249,0
741,5,2024,7,20,8,1465,1.0,0,b,1,a,a,50.0,12,2007,199,1,24,2023,48,0
962,1,2023,11,44,7,3274,1.0,1,0,1,a,a,681.0,1,2007,202,1,45,2010,500,0
140,6,2023,2,49,3,3936,1.0,1,0,0,c,b,50.0,11,2012,123,0,29,2016,384,0
153,4,2023,6,7,1,406,1.0,0,0,0,c,a,69.0,9,2005,213,1,29,2016,342,1
986,5,2024,11,10,13,2505,1.0,0,0,1,a,a,632.0,12,2006,215,0,24,2017,350,1
973,3,2023,4,18,3,233,1.0,1,0,1,b,c,372.0,5,2011,143,0,43,2013,495,1
357,4,2023,8,25,20,562,1.0,0,a,0,c,a,828.0,2,2013,126,0,28,2018,257,0
409,2,2024,9,41,9,600,1.0,0,0,0,a,c,556.0,3,2012,150,1,52,2019,249,0
277,3,2023,8,30,7,1545,1.0,1,0,1,b,b,620.0,10,2007,190,0,12,2010,500,1
429,3,2024,7,11,9,375,1.0,0,0,1,a,a,50.0,3,2015,112,0,25,2016,402,1
25,2,2023,2,7,15,1020,1.0,0,0,1,a,a,395.0,2,2002,252,0,52,2022,7,1
563,6,2023,11,12,6,3737,1.0,1,0,1,a,c,838.0,1,2009,178,1,2,2019,218,1
839,3,2024,8,10,9,1359,1.0,1,0,1,a,a,50.0,1,2022,31,0,46,2016,380,1
857,1,2023,9,44,10,650,1.0,1,b,1,a,c,293.0,11,2013,118,0,47,2021,101,1
575,4,2023,1,6,27,1691,1.0,0,0,0,c,b,260.0,6,2003,235,1,23,2021,87,0
472,5,2023,11,18,4,3191,1.0,0,0,0,a,c,372.0,1,2014,118,1,13,2020,161,1
142,6,2023,10,45,5,2948,1.0,0,c,1,c,a,519.0,12,2018,58,1,48,2023,0,0
738,4,2023,9,27,25,3072,1.0,0,0,1,a,c,331.0,5,2007,196,0,14,2022,65,1
509,1,2024,3,3,21,903,1.0,1,0,1,c,a,898.0,11,2004,232,0,35,2012,500,1
190,3,2024,10,14,9,204,1.0,0,0,0,d,a,50.0,8,2006,218,0,18,2011,500,0
552,5,2023,4,10,3,1213,1.0,0,0,1,c,b,50.0,5,2017,71,1,1,2012,500,0
330,7,2023,6,19,21,1261,1.0,0,c,1,d,a,215.0,10,2015,92,1,51,2011,500,1
94,5,2024,6,27,18,3488,1.0,0,0,0,a,a,673.0,4,2014,122,0,20,2018,319,1
1057,6,2023,2,41,26,3268,1.0,0,0,0,a,a,243.0,12,2005,206,1,34,2013,500,1
950,7,2024,2,50,2,3369,1.0,1,0,0,d,c,164.0,2,2001,276,1,26,2018,336,1
469,5,2023,6,45,27,2674,1.0,1,0,0,a,a,50.0,4,2001,266,1,39,2016,370,0
1013,4,2024,8,27,16,2591,1.0,1,0,1,c,a,198.0,12,2011,152,1,3,2013,500,1
810,3,2024,7,25,16,3145,1.0,1,0,0,b,a,131.0,1,2001,282,0,8,2016,433,1
456,3,2024,6,20,22,3615,1.0,0,0,0,a,a,239.0,1,2021,41,1,48,2020,180,1
89,7,2024,4,27,10,3352,1.0,0,0,1,a,c,248.0,9,2007,199,0,20,2022,111,1
1100,1,2024,11,8,16,1292,1.0,0,0,0,d,c,497.0,4,2012,151,1,17,2021,147,0
34,7,2024,3,36,26,319,1.0,0,0,1,a,b,159.0,7,2022,20,0,13,2023,75,1
1033,5,2023,3,7,16,2288,1.0,1,0,0,b,c,50.0,5,2011,142,1,38,2015,385,1
59,6,2024,5,15,28,2752,1.0,1,0,0,a,a,295.0,6,2011,155,1,1,2014,500,0
917,5,2023,5,43,2,365,1.0,1,0,0,c,c,284.0,12,2001,257,0,40,2020,159,1
783,3,2023,6,40,22,330,1.0,0,0,1,c,a,50.0,9,2007,189,0,35,2023,5,1
859,6,2024,3,19,28,3560,1.0,1,0,1,c,b,402.0,4,2001,275,0,33,2011,500,1
64,7,2024,8,50,17,3728,1.0,1,0,1,c,c,50.0,12,2015,104,0,1,2013,500,0
1016,3,2024,7,25,1,3101,1.0,0,0,0,d,a,486.0,4,2011,159,1,9,2010,500,1
672,1,2024,4,9,5,1823,1.0,0,0,1,c,a,132.0,3,2003,253,1,46,2012,500,1
958,3,2024,11,49,8,436,1.0,0,0,0,b,c,50.0,9,2022,26,0,48,2015,469,0
280,6,2023,1,20,18,1413,1.0,0,0,0,a,a,1122.0,8,2019,41,1,35,2019,193,1
546,1,2023,4,21,23,3686,1.0,0,0,1,a,c,322.0,1,2000,279,0,4,2018,277,0
157,3,2024,4,7,7,858,1.0,0,0,1,a,a,607.0,8,2022,20,0,28,2015,447,1
763,6,2023,4,12,4,1880,1.0,1,0,1,c,a,268.0,7,2014,105,0,30,2014,450,0
773,4,2024,3,6,5,2774,1.0,0,0,1,a,a,684.0,8,2014,115,1,24,2021,138,1
134,4,2024,10,26,7,3760,1.0,0,0,1,a,c,511.0,3,2020,55,0,42,2021,140,1
607,1,2023,8,31,12,3315,1.0,1,0,1,a,b,207.0,7,2002,253,0,23,2022,60,0
676,6,2023,10,28,22,698,1.0,0,a,0,a,a,582.0,2,2021,32,1,34,2017,306,1
994,4,2023,5,15,12,612,1.0,0,a,1,d,c,647.0,12,2021,17,1,17,2017,310,1
118,4,2023,7,1,23,2145,1.0,0,a,1,c,b,165.0,12,2016,79,0,38,2013,483,1
811,2,2023,8,14,15,3932,1.0,0,0,1,a,c,286.0,4,2002,256,1,35,2022,31,1
689,1,2023,9,50,20,1743,1.0,0,0,1,c,c,917.0,5,2012,136,1,40,2022,62,1
360,3,2024,5,21,11,506,1.0,1,0,1,b,a,349.0,11,2003,246,1,32,2014,500,1
216,2,2023,7,13,24,3871,1.0,0,0,1,a,a,624.0,5,2006,206,0,43,2014,438,1
142,4,2024,7,36,2,3179,1.0,1,0,0,c,c,538.0,8,2016,95,1,17,2010,500,0
113,3,2024,2,25,11,2010,1.0,0,0,1,d,a,618.0,12,2008,182,1,6,2020,227,0
711,7,2024,1,16,14,461,1.0,0,0,1,c,c,589.0,11,2016,86,0,50,2017,330,0
798,2,2023,12,15,23,1125,1.0,0,0,1,c,b,50.0,8,2010,160,1,44,2014,439,0
388,2,2023,8,28,9,990,1.0,0,0,1,c,c,131.0,10,2005,214,0,20,2023,8,0
1035,3,2023,8,52,6,629,1.0,0,0,1,a,b,200.0,11,2009,165,1,37,2012,500,1
185,3,2024,1,42,17,799,1.0,1,0,0,c,a,378.0,8,2015,101,0,38,2018,316,0
160,6,2024,12,29,15,1414,1.0,0,0,0,a,c,50.0,5,2018,79,0,13,2011,500,1
639,2,2023,10,4,12,843,1.0,1,0,0,c,a,258.0,1,2021,33,0,24,2020,136,0
816,6,2023,4,36,16,898,1.0,1,0,1,c,c,50.0,11,2021,17,0,5,2010,500,1
738,4,2023,11,10,12,3458,1.0,1,0,0,a,a,50.0,8,2019,51,1,6,2022,56,1
1096,6,2023,9,46,4,2214,1.0,1,0,0,a,a,1096.0,2,2008,187,1,44,2016,366,1
319,2,2024,7,28,24,2719,1.0,0,0,1,c,b,161.0,3,2006,220,1,48,2020,188,0
416,4,2024,1,8,5,1988,1.0,1,0,0,a,a,672.0,1,2010,168,1,15,2012,500,0
805,2,2023,1,15,21,3892,1.0,1,0,0,a,a,560.0,5,2007,188,0,42,2018,233,0
281,3,2023,4,22,6,3128,1.0,0,0,0,a,c,165.0,3,2016,85,0,27,2011,500,0
76,5,2023,4,49,23,1045,1.0,1,0,0,c,a,748.0,5,2022,11,0,10,2021,143,0
812,4,2024,9,33,6,832,1.0,1,0,1,a,a,50.0,12,2022,21,0,14,2010,500,1
814,2,2024,2,4,18,922,1.0,0,0,1,c,a,267.0,11,2010,159,0,23,2014,500,1
229,5,2024,3,27,28,2324,1.0,0,0,0,a,a,473.0,11,2010,160,1,50,2023,29,0
118,4,2024,1,18,25,827,1.0,1,0,1,a,a,300.0,12,2019,49,1,45,2018,285,0
97,4,2024,7,42,7,1194,1.0,1,0,0,d,a,243.0,2,2015,113,0,29,2015,481,1
771,1,2024,8,1,18,3370,1.0,0,0,0,b,a,50.0,10,2000,286,0,39,2022,66,0
70,3,2024,11,47,9,2928,1.0,0,0,1,a,b,521.0,10,2005,229,1,37,2011,500,1
486,6,2024,9,1,1,1460,1.0,0,0,1,c,a,564.0,2,2000,295,1,35,2015,434,0
22,3,2023,2,29,28,3357,1.0,0,0,0,c,c,146.0,5,2001,261,0,51,2020,134,1
170,1,2023,8,4,15,2474,1.0,1,0,1,c,c,570.0,5,2003,243,0,43,2021,65,0
980,2,2024,3,20,13,3260,1.0,0,0,1,b,c,365.0,8,2010,163,1,3,2019,277,0
24,5,2023,2,22,17,1518,1.0,0,0,0,b,a,622.0,1,2006,205,1,17,2020,161,1
1007,2,2023,3,32,5,2340,1.0,0,0,1,c,a,525.0,1,2013,122,1,4,2011,500,0
943,2,2024,3,18,25,2253,1.0,1,0,1,b,a,201.0,11,2020,40,0,45,2014,493,0
736,6,2024,11,48,12,1225,1.0,1,0,0,a,b,919.0,6,2002,269,1,4,2020,252,1
981,5,2023,4,23,15,2820,1.0,0,0,0,c,c,50.0,2,2003,242,0,48,2019,183,0
884,5,2024,4,47,27,1445,1.0,1,b,1,d,a,50.0,4,2013,132,0,13,2023,86,0
413,1,2023,5,20,7,650,1.0,0,0,1,a,c,50.0,8,2018,57,0,4,2016,380,0
509,3,2023,2,36,25,2823,1.0,0,0,0,a,a,424.0,2,2014,108,1,17,2023,19,0
736,3,2024,3,4,13,3633,1.0,0,0,0,d,b,50.0,7,2015,104,1,48,2014,476,1
910,3,2023,10,18,3,3515,1.0,1,0,0,a,a,100.0,10,2021,24,0,19,2012,500,1
970,5,2023,11,32,12,1372,1.0,0,c,0,a,a,626.0,4,2010,163,1,51,2019,189,1
321,7,2023,11,18,14,2241,1.0,1,0,0,c,a,50.0,4,2006,211,0,45,2022,25,1
100,5,2024,1,18,16,825,1.0,1,b,1,c,a,218.0,7,2012,138,0,21,2012,500,1
567,1,2023,8,25,16,2295,1.0,1,0,1,a,a,267.0,9,2018,59,1,20,2022,57,0
565,3,2023,6,28,8,3192,1.0,0,0,0,a,a,50.0,4,2013,122,0,47,2019,189,1
982,1,2023,11,24,26,3396,1.0,0,0,0,c,a,366.0,12,2022,11,1,31,2016,357,1
474,4,2023,12,42,10,3986,1.0,1,0,0,a,a,232.0,4,2007,200,0,3,2012,500,1
355,2,2023,5,30,19,2883,1.0,0,0,1,a,a,474.0,7,2015,94,1,33,2012,500,1
241,3,2023,12,48,27,1460,1.0,1,0,1,a,a,275.0,2,2018,70,0,37,2016,375,0
85,4,2023,4,11,4,810,1.0,1,0,1,d,a,143.0,9,2011,139,0,12,2015,415,0
280,1,2024,4,46,14,1764,1.0,0,0,0,c,c,399.0,7,2003,249,1,25,2020,229,1
413,5,2023,7,18,3,2051,1.0,0,a,0,c,a,671.0,8,2021,23,0,18,2014,468,1
1024,4,2024,8,20,24,912,1.0,0,0,1,b,a,704.0,11,2003,249,0,26,2019,254,0
850,4,2024,12,42,24,2579,1.0,1,0,0,a,a,470.0,4,2012,152,1,38,2016,420,1
775,7,2024,10,10,27,289,1.0,1,0,0,a,c,536.0,5,2014,125,0,48,2015,430,0
24,3,2024,11,47,26,901,1.0,1,0,1,c,b,93.0,4,2004,247,0,49,2021,154,0
697,4,2024,3,30,23,709,1.0,1,0,0,d,b,211.0,7,2007,200,0,33,2016,413,1
86,4,2023,12,31,10,1078,1.0,0,0,0,c,c,431.0,4,2014,116,0,21,2016,374,1
722,3,2023,7,46,12,3833,1.0,1,0,0,a,a,364.0,5,2000,278,1,47,2013,500,0
453,7,2023,10,30,2,3893,1.0,0,0,0,a,c,473.0,4,2017,78,0,27,2019,211,1
461,4,2024,12,42,6,3558,1.0,1,c,0,c,b,723.0,4,2014,128,1,10,2015,500,0
415,7,2023,6,14,13,3878,1.0,0,0,1,c,c,255.0,2,2017,76,0,11,2010,500,1
879,6,2024,11,24,23,3231,1.0,0,0,0,a,a,50.0,6,2018,77,0,38,2022,90,0
35,7,2024,2,12,25,1202,1.0,1,0,0,c,c,50.0,10,2018,64,1,28,2016,400,1
832,1,2023,11,41,18,3773,1.0,1,0,1,d,a,353.0,4,2015,103,1,13,2021,132,1
323,5,2024,12,47,6,3870,1.0,0,0,0,c,a,178.0,10,2010,170,0,24,2010,500,0
487,4,2024,8,10,9,2602,1.0,1,0,1,a,c,50.0,9,2010,167,1,9,2011,500,1
750,4,2024,7,49,6,1884,1.0,1,0,1,a,a,277.0,1,2016,102,1,47,2015,470,1
164,2,2023,8,2,23,1696,1.0,0,0,0,c,a,68.0,11,2015,93,0,46,2012,500,1
176,6,2023,10,42,24,681,1.0,0,0,0,a,c,466.0,3,2002,259,1,50,2010,500,0
109,5,2024,3,48,17,1191,1.0,0,0,0,c,a,746.0,6,2010,165,1,31,2010,500,1
250,4,2024,6,42,11,866,1.0,0,0,0,a,a,640.0,2,2017,88,0,20,2019,282,1
887,7,2024,10,50,22,3080,1.0,1,c,0,c,c,50.0,9,2014,121,0,8,2015,500,0
144,4,2024,10,46,23,420,1.0,0,0,0,d,a,103.0,5,2001,281,1,30,2012,500,1
784,2,2023,10,38,15,2820,1.0,1,0,1,a,a,50.0,3,2009,175,0,29,2021,113,1
576,4,2024,5,10,22,2595,1.0,1,0,1,d,c,626.0,7,2018,70,1,24,2015,454,1
502,3,2024,6,18,18,2056,1.0,0,0,1,a,c,331.0,7,2016,95,1,34,2018,296,1
909,4,2023,8,11,26,949,1.0,0,0,0,a,a,770.0,4,2002,256,0,21,2013,500,1
152,2,2024,11,5,11,2566,1.0,1,0,0,a,a,473.0,8,2021,39,1,47,2013,500,0
50,5,2023,9,25,6,2252,1.0,0,0,1,a,a,156.0,9,2004,228,1,48,2023,0,1
863,3,2024,3,2,10,2643,1.0,0,0,0,a,a,50.0,11,2017,76,0,10,2015,460,0
145,7,2024,1,10,6,1261,1.0,1,0,0,a,a,382.0,11,2019,50,0,2,2021,164,0
401,4,2024,11,2,21,1877,1.0,1,0,1,c,c,922.0,9,2013,134,1,10,2011,500,0
784,1,2023,2,41,5,2407,1.0,0,0,1,d,a,546.0,10,2002,244,1,15,2013,500,1
867,6,2024,8,16,11,980,1.0,0,a,0,a,a,252.0,4,2003,256,0,38,2015,446,1
774,4,2024,9,44,1,3957,1.0,0,0,0,c,a,543.0,10,2004,239,1,12,2015,500,0
780,4,2024,1,15,12,1029,1.0,1,0,1,a,a,510.0,10,2002,255,0,21,2015,462,1
423,1,2023,5,31,20,674,1.0,0,0,0,d,a,671.0,8,2000,273,0,23,2016,372,0
1038,4,2024,5,14,9,685,1.0,1,0,0,c,a,50.0,11,2000,282,1,38,2013,500,1
256,6,2024,1,31,24,368,1.0,0,0,0,c,b,421.0,9,2010,160,0,25,2019,266,0
76,1,2024,9,47,23,695,1.0,0,0,0,a,b,50.0,7,2011,158,0,11,2012,500,1
946,4,2024,4,20,3,3459,1.0,0,0,0,a,a,50.0,7,2008,189,1,44,2020,184,0
718,1,2024,9,10,24,1708,1.0,1,0,0,a,c,501.0,7,2006,218,0,34,2013,500,0
586,1,2023,9,14,13,2108,1.0,0,0,1,c,c,664.0,5,2003,244,0,42,2017,284,1
884,7,2024,5,7,5,1037,1.0,0,0,1,c,a,291.0,9,2003,248,0,11,2012,500,0
813,5,2024,6,38,21,2453,1.0,1,0,1,a,a,263.0,10,2010,164,0,50,2018,300,0
325,6,2023,3,22,20,378,1.0,1,0,1,a,a,395.0,6,2005,213,1,22,2011,500,0
35,3,2024,1,25,5,1328,1.0,0,0,1,c,a,637.0,10,2012,135,0,26,2014,500,1
822,1,2023,3,41,7,1499,1.0,1,0,0,a,a,559.0,7,2022,8,0,48,2023,0,0
798,1,2024,2,30,13,2028,1.0,0,0,0,a,a,389.0,9,2022,17,1,34,2012,500,0
333,7,2024,12,25,7,697,1.0,1,0,1,b,a,496.0,9,2005,231,1,12,2019,273,0
373,7,2024,3,7,16,2064,1.0,1,0,0,b,a,536.0,1,2010,170,1,37,2023,22,1
708,7,2023,5,35,6,2876,1.0,1,0,1,a,c,50.0,4,2012,133,0,12,2018,283,0
71,4,2024,7,21,22,3891,1.0,1,a,0,b,a,451.0,9,2006,214,1,21,2016,416,1
759,6,2023,5,34,7,2117,1.0,0,a,0,a,c,50.0,1,2022,16,1,37,2015,413,0
187,2,2023,12,2,3,3136,1.0,0,0,1,b,b,613.0,3,2004,237,1,37,2015,381,0
999,4,2023,3,8,12,335,1.0,1,0,0,a,b,544.0,4,2003,239,1,13,2012,500,0
162,4,2024,10,48,7,679,1.0,1,0,1,a,a,308.0,10,2003,252,0,3,2015,500,0
1061,2,2023,5,39,9,816,1.0,1,0,0,c,a,235.0,5,2005,216,1,29,2016,374,0
499,2,2023,9,32,12,742,1.0,0,0,1,a,a,635.0,11,2000,274,0,2,2016,394,1
1112,7,2024,12,7,6,286,1.0,1,0,0,c,b,372.0,11,2013,133,1,31,2015,444,1
876,3,2024,2,30,3,3374,1.0,0,0,0,a,a,367.0,8,2021,30,1,22,2023,60,1
774,3,2023,7,38,18,1172,1.0,0,a,0,d,c,390.0,11,2016,80,0,45,2013,500,0
214,4,2023,6,41,19,758,1.0,0,0,0,b,a,413.0,1,2017,77,1,50,2021,95,0
646,2,2023,9,49,23,821,1.0,1,a,1,a,c,641.0,8,2019,49,1,3,2020,202,0
232,1,2024,9,45,15,3821,1.0,0,0,1,c,a,50.0,8,2013,133,0,46,2020,207,0
762,5,2024,12,7,13,589,1.0,0,0,0,b,a,256.0,2,2015,118,0,49,2013,500,1
416,7,2023,6,18,4,353,1.0,1,0,1,a,a,50.0,8,2018,58,1,32,2023,0,0
834,7,2024,12,7,1,960,1.0,0,a,0,a,b,410.0,2,2000,298,0,36,2020,179,0
347,2,2023,12,9,3,2804,1.0,1,0,1,c,a,98.0,1,2006,215,1,10,2010,500,0
910,7,2023,11,52,17,2811,1.0,1,0,1,a,c,333.0,1,2004,238,1,45,2011,500,1
545,3,2023,5,22,14,892,1.0,1,0,0,c,b,58.0,10,2013,115,0,1,2019,229,1
325,6,2024,11,51,24,283,1.0,1,0,1,a,a,50.0,6,2012,149,1,24,2016,443,0
1105,3,2024,2,51,26,2308,1.0,0,0,1,c,a,160.0,5,2004,237,0,51,2017,364,0
791,3,2023,8,26,18,868,1.0,0,b,0,a,a,315.0,9,2002,251,1,8,2019,226,0
247,4,2024,2,31,6,1598,1.0,1,0,0,a,a,496.0,2,2019,60,1,22,2017,373,0
215,6,2024,11,8,24,2247,1.0,1,0,1,a,b,69.0,12,2003,251,0,45,2019,223,0
914,3,2024,5,12,24,3476,1.0,1,0,1,a,a,331.0,1,2018,76,0,51,2012,500,0
115,7,2023,10,34,1,1381,1.0,0,0,1,b,c,412.0,3,2018,67,1,22,2023,12,0
129,7,2023,9,46,22,517,1.0,1,0,0,a,c,143.0,9,2018,60,1,8,2016,402,0
885,6,2023,12,28,7,1989,1.0,0,0,0,c,a,404.0,2,2017,82,0,29,2016,363,1
149,2,2024,3,11,8,1458,1.0,0,0,0,c,c,50.0,4,2018,71,1,37,2023,26,1
647,5,2024,11,21,19,3952,1.0,0,0,1,a,c,50.0,4,2004,247,0,21,2015,468,0
1008,2,2023,3,31,13,1286,1.0,0,0,1,a,b,608.0,1,2008,182,1,39,2019,200,0
531,4,2024,7,39,11,1224,1.0,0,0,1,c,b,50.0,7,2011,156,1,4,2020,243,1
1083,1,2023,1,6,12,1011,1.0,0,0,0,d,a,188.0,10,2020,27,0,8,2017,310,0
445,6,2023,1,13,6,3487,1.0,1,a,1,a,a,311.0,1,2022,12,1,12,2010,500,1
828,3,2023,6,10,7,312,1.0,0,0,1,a,a,363.0,4,2008,182,1,15,2013,500,1
286,4,2023,12,41,26,227,1.0,0,0,1,a,a,375.0,10,2013,122,0,50,2016,355,1
410,3,2024,5,15,25,417,1.0,1,0,0,a,a,223.0,9,2021,32,1,32,2019,243,0
654,2,2023,7,34,12,1584,1.0,0,0,0,a,a,176.0,8,2016,83,1,31,2022,55,1
410,2,2024,5,7,27,2425,1.0,1,0,1,d,a,50.0,1,2011,160,0,42,2012,500,0
95,4,2024,12,7,24,1266,1.0,1,0,0,a,a,754.0,10,2015,110,1,27,2013,500,0
402,6,2024,4,6,27,2718,1.0,1,0,0,a,a,521.0,8,2020,44,1,29,2017,341,1
777,6,2023,6,23,28,2687,1.0,1,0,0,a,a,378.0,12,2009,162,0,3,2017,332,1
516,2,2023,5,2,20,202,1.0,1,0,0,c,a,269.0,6,2015,95,1,42,2011,500,1
544,1,2024,8,27,1,3918,1.0,0,a,0,a,c,111.0,9,2018,71,0,46,2012,500,0
201,2,2024,7,15,24,719,1.0,0,0,0,a,a,275.0,7,2010,168,0,32,2016,399,1
704,3,2024,11,25,27,2473,1.0,0,0,0,a,c,50.0,10,2001,277,0,52,2023,25,1
533,5,2023,1,33,28,1053,1.0,0,0,1,b,a,701.0,7,2001,258,1,39,2011,500,1
36,7,2023,2,25,21,2158,1.0,1,0,0,c,c,50.0,8,2013,114,0,4,2021,125,0
740,4,2023,5,42,28,1415,1.0,0,0,0,a,a,50.0,6,2000,275,0,7,2021,139,1
418,4,2023,5,42,22,2928,1.0,0,0,1,a,c,1182.0,4,2009,169,0,39,2020,159,1
107,3,2023,7,32,8,3642,1.0,1,0,1,c,c,247.0,3,2000,280,1,38,2012,500,1
446,3,2024,11,29,6,219,1.0,0,0,0,c,c,50.0,3,2020,56,0,50,2012,500,0
569,6,2024,12,30,17,3336,1.0,1,0,0,d,c,520.0,8,2018,76,0,20,2014,500,1
645,5,2024,6,12,5,3085,1.0,0,0,0,a,c,50.0,12,2014,114,0,49,2017,327,1
630,5,2024,8,26,19,2310,1.0,1,0,0,c,c,82.0,4,2020,52,0,35,2019,251,0
1006,5,2024,8,31,14,585,1.0,1,0,1,a,a,531.0,5,2006,219,0,35,2012,500,0
540,6,2023,8,49,16,2855,1.0,1,0,0,a,a,933.0,5,2021,27,0,34,2021,119,1
800,4,2024,7,16,5,3715,1.0,0,0,1,a,b,597.0,7,2017,84,1,29,2022,91,0
765,7,2023,12,37,10,2768,1.0,0,0,1,a,a,508.0,10,2020,38,1,3,2022,86,0
899,2,2023,6,11,21,3630,1.0,1,0,1,b,a,708.0,3,2009,171,0,4,2023,7,1
997,5,2023,8,5,20,3882,1.0,1,0,0,a,c,205.0,3,2005,221,0,27,2023,0,0
846,7,2024,5,52,26,1606,1.0,0,0,0,c,a,50.0,2,2017,87,1,29,2020,231,1
1099,2,2023,6,14,23,3846,1.0,0,0,1,a,a,80.0,1,2010,161,0,40,2011,500,0
219,1,2023,12,33,27,224,1.0,0,0,1,a,a,702.0,6,2002,258,1,46,2019,195,0
821,1,2024,2,14,7,3129,1.0,0,0,0,c,a,50.0,2,2022,24,0,25,2019,249,1
573,5,2024,9,18,9,1206,1.0,0,0,0,c,a,248.0,8,2008,193,1,8,2013,500,0
337,1,2024,2,40,15,1141,1.0,0,0,0,c,c,304.0,2,2004,240,1,34,2010,500,0
820,5,2023,12,15,15,3286,1.0,0,0,0,a,b,417.0,11,2013,121,0,8,2011,500,1
1089,4,2024,1,4,14,3622,1.0,0,0,1,a,a,472.0,3,2010,166,1,22,2021,138,0
598,1,2023,11,22,6,1498,1.0,0,0,1,a,a,486.0,4,2002,259,1,43,2021,83,0
862,3,2023,11,40,7,1267,1.0,0,0,1,a,a,1179.0,12,2009,167,0,43,2010,500,0
1059,1,2023,1,41,10,1744,1.0,0,0,1,a,c,521.0,5,2011,140,1,51,2013,500,1
28,3,2023,12,32,27,2081,1.0,0,0,1,c,a,725.0,10,2008,182,1,31,2018,261,1
578,3,2024,11,40,8,2718,1.0,0,0,0,c,a,309.0,11,2020,48,0,5,2013,500,0
1104,6,2024,4,42,16,2415,1.0,1,0,1,c,c,891.0,7,2014,117,1,47,2017,359,0
611,1,2024,2,30,15,1269,1.0,0,0,0,b,a,58.0,9,2001,269,1,8,2013,500,0
173,5,2024,1,24,12,2694,1.0,1,0,0,a,a,597.0,2,2012,143,1,22,2017,366,1
134,7,2024,12,43,8,2596,1.0,1,0,1,c,c,260.0,4,2010,176,1,21,2014,500,1
341,2,2024,12,36,15,2911,1.0,1,0,1,a,a,588.0,2,2020,58,0,34,2010,500,0
89,7,2023,7,28,1,1891,1.0,1,0,0,b,b,457.0,11,2018,56,1,49,2014,447,0
183,6,2023,11,6,27,2269,1.0,0,0,1,a,a,678.0,11,2007,192,0,33,2019,181,0
66,7,2024,4,42,8,3997,1.0,1,0,1,a,a,444.0,1,2002,267,0,5,2013,500,1
444,3,2023,1,3,22,2157,1.0,1,0,0,b,a,278.0,7,2015,90,0,8,2013,500,1
167,7,2023,8,42,4,3880,1.0,1,0,0,c,a,595.0,8,2001,264,1,2,2011,500,0
184,6,2023,4,30,23,1813,1.0,1,0,1,a,a,50.0,7,2005,213,0,18,2011,500,0
750,2,2024,11,30,2,2136,1.0,0,0,0,b,b,50.0,12,2011,155,1,49,2020,189,0
128,6,2023,11,50,12,459,1.0,1,0,1,a,a,50.0,1,2021,34,1,3,2010,500,1
199,6,2023,12,10,14,1779,1.0,0,0,0,b,c,838.0,1,2021,35,0,23,2023,0,0
528,1,2023,7,23,27,714,1.0,1,0,1,d,c,370.0,12,2001,259,1,37,2023,0,1
121,4,2023,3,39,18,279,1.0,0,0,0,a,c,437.0,7,2015,92,0,30,2012,500,0
19,7,2024,5,48,18,1676,1.0,0,0,1,a,b,187.0,8,2009,177,0,39,2020,217,0
684,1,2024,9,44,26,1472,1.0,1,0,1,a,c,388.0,5,2019,64,0,19,2018,337,1
868,7,2024,10,36,25,1474,1.0,0,0,1,a,c,81.0,3,2020,55,0,48,2022,92,0
958,4,2023,3,28,6,2964,1.0,0,0,0,a,a,286.0,5,2021,22,1,33,2016,359,0
13,3,2024,1,48,12,573,1.0,0,0,1,c,a,50.0,8,2016,89,0,5,2011,500,1
37,1,2024,1,37,3,3114,1.0,0,0,0,d,a,50.0,3,2011,154,1,28,2016,425,1
82,5,2023,6,29,22,1744,1.0,1,0,1,a,c,50.0,2,2002,256,0,29,2010,500,1
565,7,2023,2,26,21,820,1.0,0,0,0,c,c,50.0,11,2001,255,0,1,2020,181,1
859,3,2023,12,18,2,721,1.0,0,0,1,a,a,703.0,9,2010,159,1,15,2014,471,1
214,6,2023,10,1,15,3623,1.0,0,b,1,d,c,1052.0,2,2002,260,0,10,2020,147,0
984,3,2024,9,38,25,1379,1.0,1,0,0,a,c,636.0,2,2012,151,0,51,2020,195,0
1020,6,2024,2,41,26,820,1.0,1,0,1,a,a,50.0,1,2016,97,1,3,2010,500,1
933,7,2023,3,3,10,1619,1.0,0,0,1,a,a,823.0,11,2012,124,1,31,2018,232,0
467,1,2023,9,24,14,3503,1.0,0,0,1,c,a,177.0,2,2015,103,0,6,2022,70,1
347,2,2023,10,18,9,1586,1.0,0,0,0,c,a,50.0,1,2016,93,0,11,2020,163,1
722,1,2024,12,51,25,1787,1.0,1,0,0,d,a,863.0,1,2005,239,1,9,2010,500,0
1032,6,2023,6,43,9,3472,1.0,1,0,0,a,a,170.0,6,2010,156,1,50,2016,357,0
485,2,2024,9,2,2,1095,1.0,1,a,1,d,a,50.0,7,2017,86,0,48,2016,370,1
543,7,2024,3,22,23,3833,1.0,1,0,0,a,a,130.0,4,2013,131,0,48,2010,500,0
912,6,2024,4,46,28,2891,1.0,1,0,1,b,a,194.0,4,2005,228,0,11,2011,500,1
989,2,2024,9,34,5,381,1.0,0,0,0,b,b,474.0,12,2008,189,1,1,2019,293,0
550,5,2024,11,8,12,3463,1.0,0,0,1,a,c,354.0,11,2012,144,0,52,2019,216,0
1081,4,2024,2,23,22,2561,1.0,0,0,0,b,c,98.0,3,2002,263,1,20,2017,367,0
1055,5,2023,10,5,25,3861,1.0,1,a,0,a,c,50.0,10,2008,180,1,47,2015,374,0
691,5,2024,9,13,2,2324,1.0,1,0,1,c,c,56.0,7,2010,170,0,32,2013,500,0
401,1,2024,8,22,2,3109,1.0,1,0,0,a,a,365.0,8,2016,96,0,23,2011,500,1
993,5,2024,10,46,26,1843,1.0,1,0,1,a,c,72.0,10,2011,156,0,38,2020,216,1
805,4,2023,12,10,6,3850,1.0,0,0,0,b,b,334.0,4,2015,104,0,4,2014,474,0
391,3,2023,3,28,2,208,1.0,0,0,1,d,a,292.0,12,2019,39,1,48,2019,188,0
99,4,2024,3,35,17,1692,1.0,1,0,1,c,c,635.0,12,2018,63,0,51,2013,500,0
680,7,2023,11,41,9,861,1.0,0,0,1,c,a,376.0,8,2006,207,1,20,2016,385,1
181,7,2023,1,32,1,3638,1.0,1,0,0,d,c,553.0,3,2006,202,1,39,2019,201,0
363,3,2024,9,7,13,3629,1.0,0,0,1,c,b,224.0,6,2022,27,0,13,2020,202,1
591,6,2024,4,44,16,1993,1.0,1,0,0,a,a,783.0,12,2009,172,1,17,2019,287,1
941,6,2024,6,50,18,2890,1.0,0,0,1,a,c,154.0,10,2002,260,1,26,2019,284,1
290,1,2024,4,45,8,670,1.0,0,c,1,a,a,50.0,4,2005,228,0,15,2017,394,1
894,4,2023,6,10,28,2092,1.0,0,0,1,a,a,692.0,11,2004,223,1,35,2022,27,1
66,4,2024,3,16,15,3868,1.0,0,0,0,a,c,102.0,9,2012,138,1,47,2020,177,1
758,4,2023,7,4,3,835,1.0,1,0,1,c,a,50.0,10,2016,81,1,38,2010,500,0
277,6,2023,7,41,21,777,1.0,0,0,0,a,a,50.0,9,2001,262,1,41,2010,500,1
721,7,2024,3,12,11,3981,1.0,1,0,0,a,a,141.0,12,2016,87,0,49,2020,171,1
303,6,2024,2,49,18,560,1.0,1,0,1,d,a,210.0,7,2020,43,1,11,2019,298,0
513,1,2024,4,33,19,2280,1.0,1,0,0,c,c,415.0,1,2007,207,0,16,2012,500,0
695,4,2024,8,17,21,1380,1.0,1,a,1,a,a,522.0,5,2007,207,1,11,2019,266,1
76,7,2023,1,24,5,3979,1.0,0,0,0,a,a,299.0,7,2020,30,1,12,2012,500,1
186,6,2023,2,19,10,2315,1.0,0,a,0,a,c,575.0,4,2007,190,1,42,2016,341,0
969,7,2024,8,5,28,3850,1.0,1,0,1,a,c,535.0,7,2018,73,1,34,2011,500,0
1036,4,2023,5,8,21,1417,1.0,0,0,0,c,a,50.0,6,2009,167,0,46,2021,66,1
592,6,2023,1,28,2,2380,1.0,1,0,1,a,c,50.0,3,2002,250,0,52,2010,500,1
320,1,2023,6,52,16,2475,1.0,0,0,0,b,c,157.0,11,2007,187,1,28,2011,500,0
310,4,2023,11,10,22,2107,1.0,0,0,0,c,a,50.0,6,2022,17,0,19,2023,0,0
1075,6,2024,2,50,15,2472,1.0,1,0,0,a,a,315.0,4,2015,106,0,8,2020,250,1
842,4,2023,9,9,21,931,1.0,0,0,1,a,a,223.0,5,2016,88,1,33,2013,496,0
473,7,2023,12,37,18,3046,1.0,0,0,0,d,b,779.0,8,2021,28,1,13,2014,492,0
509,1,2024,7,48,23,1746,1.0,1,0,1,a,a,620.0,3,2009,184,1,33,2011,500,0
817,2,2024,2,2,15,3884,1.0,0,a,1,a,c,201.0,1,2011,157,0,34,2010,500,1
490,4,2024,12,16,27,1928,1.0,1,0,1,c,a,584.0,7,2017,89,1,52,2010,500,1
757,5,2024,3,27,13,2579,1.0,0,0,0,a,a,242.0,3,2018,72,1,9,2010,500,1
857,3,2023,10,29,19,916,1.0,0,0,0,c,c,432.0,12,2009,166,0,30,2021,103,1
314,3,2023,5,46,9,1138,1.0,0,0,0,a,b,50.0,1,2007,196,0,2,2013,500,0
839,4,2023,11,17,23,3904,1.0,1,0,1,d,a,123.0,11,2007,192,1,28,2016,353,0
495,3,2024,10,5,17,301,1.0,0,0,0,b,a,340.0,11,2009,179,0,16,2018,301,0
1092,4,2023,6,34,4,3121,1.0,0,0,0,a,a,211.0,8,2001,262,0,15,2019,227,1
256,7,2024,7,22,9,2566,1.0,0,0,1,a,b,679.0,8,2020,47,1,34,2018,300,0
446,5,2024,2,11,17,505,1.0,1,0,0,a,a,398.0,11,2010,159,0,2,2016,425,1
987,7,2024,5,5,1,1583,1.0,0,0,1,c,c,474.0,9,2001,272,1,26,2011,500,0
627,3,2024,11,18,27,422,1.0,1,0,1,a,a,355.0,1,2022,34,1,37,2016,397,1
989,1,2024,6,47,2,1578,1.0,0,0,1,b,c,296.0,9,2011,153,1,50,2014,500,0
125,6,2024,4,3,3,877,1.0,0,0,1,a,b,567.0,6,2021,34,0,51,2013,500,1
402,6,2023,11,34,25,1456,1.0,1,0,1,a,a,827.0,1,2019,58,1,7,2011,500,1
1026,2,2023,9,14,6,3994,1.0,1,0,0,a,a,50.0,3,2019,54,1,3,2012,500,1
456,2,2024,6,33,24,1812,1.0,0,0,0,a,b,50.0,6,2013,132,1,49,2021,140,0
335,1,2024,2,46,10,978,1.0,0,0,1,a,a,308.0,2,2014,120,1,43,2017,367,0
338,4,2024,3,17,27,2048,1.0,1,0,1,a,a,695.0,11,2002,256,0,25,2021,148,0
1016,3,2023,5,21,9,3245,1.0,0,0,0,c,c,526.0,4,2001,265,1,21,2020,156,0
334,6,2023,3,22,13,2752,1.0,1,a,0,b,a,50.0,9,2001,258,1,50,2012,500,0
133,7,2024,4,37,25,577,1.0,0,0,0,a,b,173.0,3,2013,133,0,25,2023,64,0
98,2,2023,11,40,8,3120,1.0,1,0,0,a,a,516.0,9,2020,38,1,10,2022,82,0
1087,4,2024,9,21,8,431,1.0,0,0,0,a,a,111.0,11,2009,178,0,13,2019,268,1
714,3,2023,3,5,28,1942,1.0,1,0,0,a,a,375.0,8,2009,163,0,14,2011,500,1
1060,2,2024,7,29,5,3881,1.0,0,0,0,a,c,86.0,12,2014,115,1,32,2020,205,1
857,7,2023,7,37,18,525,1.0,0,0,0,c,c,437.0,4,2010,159,1,19,2017,330,1
527,6,2023,11,25,11,3372,1.0,1,0,0,b,a,481.0,3,2018,68,0,16,2022,61,1
380,3,2024,9,26,26,1878,1.0,1,0,0,a,a,50.0,5,2004,244,0,7,2020,227,0
251,2,2024,10,35,15,3549,1.0,0,0,0,a,c,830.0,9,2018,73,0,9,2010,500,1
560,1,2024,2,22,11,3611,1.0,1,0,0,c,a,862.0,1,2010,169,0,10,2015,480,1
62,5,2024,6,38,10,3200,1.0,1,0,0,b,a,50.0,5,2003,253,0,7,2010,500,0
25,3,2024,1,33,22,3644,1.0,1,0,0,a,a,221.0,9,2009,172,0,22,2011,500,0
936,1,2024,9,6,3,3111,1.0,0,0,0,a,b,50.0,8,2016,97,1,34,2010,500,1
703,4,2024,12,1,22,3869,1.0,1,0,0,d,b,50.0,4,2017,92,0,30,2020,179,0
804,3,2024,9,51,3,1251,1.0,0,0,0,b,b,533.0,3,2018,78,1,7,2013,500,0
363,6,2023,10,28,19,3208,1.0,0,0,1,a,c,834.0,5,2002,257,1,30,2021,102,0
636,4,2024,2,41,11,2496,1.0,1,0,0,c,a,283.0,4,2004,238,1,25,2020,224,1
165,3,2023,12,30,7,2871,1.0,0,0,0,a,c,759.0,2,2014,118,0,1,2014,497,0
564,1,2023,9,14,8,319,1.0,0,0,1,a,b,91.0,4,2020,41,1,9,2019,213,0
13,1,2024,7,6,24,2273,1.0,1,0,1,d,c,50.0,11,2022,20,0,42,2010,500,1
596,5,2024,5,45,25,2336,1.0,0,0,0,a,a,173.0,8,2003,249,1,14,2012,500,1
477,6,2024,3,7,14,1471,1.0,1,0,0,a,c,55.0,3,2006,216,1,16,2022,95,0
414,2,2023,11,21,1,1738,1.0,0,0,0,d,a,419.0,12,2019,47,0,9,2010,500,1
747,3,2023,7,21,22,3290,1.0,0,0,0,c,a,616.0,6,2016,85,0,39,2011,500,0
675,1,2024,12,10,4,990,1.0,0,0,1,a,a,50.0,4,2007,212,1,21,2019,249,0
268,1,2024,10,48,16,878,1.0,1,0,0,c,a,50.0,5,2002,269,1,15,2013,500,0
9,6,2023,11,28,25,1484,1.0,0,0,1,a,c,554.0,11,2001,264,1,25,2013,500,0
188,6,2023,8,32,3,3000,1.0,0,0,0,b,a,185.0,3,2011,149,1,15,2016,381,1
977,6,2024,6,20,10,3604,1.0,0,0,0,c,a,524.0,12,2002,258,0,27,2023,45,0
684,7,2023,6,30,13,2264,1.0,0,0,1,a,a,50.0,11,2008,175,1,31,2016,363,0
746,5,2024,1,46,5,2675,1.0,0,0,0,d,a,93.0,2,2005,227,0,4,2015,500,1
662,7,2024,7,51,11,2423,1.0,0,0,0,a,b,598.0,4,2016,99,1,1,2017,414,0
913,2,2023,6,16,11,986,1.0,1,0,0,a,a,536.0,7,2015,95,1,41,2017,287,1
341,5,2024,3,29,26,1686,1.0,0,0,1,a,a,708.0,4,2021,35,1,7,2012,500,0
489,3,2023,9,19,2,2700,1.0,0,0,0,c,a,227.0,11,2007,190,1,6,2011,500,1
949,2,2024,5,2,24,2342,1.0,1,0,0,a,c,678.0,10,2017,79,0,51,2015,419,0
132,3,2023,1,35,24,3270,1.0,0,0,1,c,a,424.0,11,2001,254,1,47,2017,300,0
666,7,2023,6,44,9,3184,1.0,0,0,1,b,a,412.0,6,2004,228,1,24,2023,20,1
930,6,2024,4,25,24,1843,1.0,0,0,0,a,a,50.0,2,2016,98,1,4,2013,500,1
910,2,2023,10,50,18,2033,1.0,0,0,0,a,a,488.0,7,2018,63,1,43,2022,59,0
398,4,2024,4,40,27,1847,1.0,0,0,0,a,b,214.0,11,2014,113,1,49,2015,459,1
1031,6,2023,7,51,13,3263,1.0,0,0,0,a,a,848.0,10,2000,273,0,43,2011,500,1
297,6,2023,11,2,8,894,1.0,0,0,0,a,a,290.0,4,2000,283,1,50,2010,500,0
753,7,2024,6,11,19,288,1.0,0,0,0,a,a,235.0,5,2015,109,1,1,2020,218,1
225,6,2024,10,15,13,3851,1.0,0,0,0,c,c,673.0,8,2001,278,0,48,2017,331,1
326,7,2023,12,29,13,3247,1.0,0,0,0,c,b,315.0,6,2001,270,0,25,2017,316,1
580,6,2023,1,49,6,3515,1.0,0,0,0,c,a,50.0,9,2018,52,0,17,2020,188,0
756,4,2024,3,22,12,3585,1.0,0,0,1,a,a,50.0,4,2019,59,0,33,2010,500,0
311,1,2023,8,12,14,1641,1.0,1,0,1,a,b,50.0,4,2008,184,1,52,2011,500,0
470,7,2024,10,23,22,3728,1.0,0,0,1,a,a,50.0,2,2020,56,0,42,2021,137,0
427,4,2024,2,25,25,1058,1.0,0,0,1,d,a,262.0,10,2004,232,1,18,2015,475,0
203,1,2024,1,17,27,1951,1.0,0,0,1,a,a,548.0,9,2014,112,0,51,2012,500,1
646,4,2024,8,38,7,608,1.0,0,0,0,c,a,119.0,12,2013,128,0,14,2020,232,0
195,1,2024,5,2,2,1869,1.0,0,0,1,a,a,1050.0,5,2005,228,0,8,2013,500,0
568,2,2023,1,16,10,2289,1.0,0,0,1,a,a,50.0,9,2017,64,1,44,2017,284,1
172,6,2024,3,11,1,1622,1.0,0,0,1,c,b,449.0,1,2004,242,0,37,2011,500,0
624,6,2023,11,4,27,3521,1.0,0,0,1,a,c,421.0,12,2016,83,1,6,2013,500,0
519,7,2023,6,5,15,515,1.0,0,0,1,b,a,163.0,12,2005,210,1,23,2020,138,1
1094,2,2024,5,45,20,871,1.0,0,0,1,c,c,243.0,6,2004,239,1,6,2010,500,1
663,2,2023,6,26,21,3522,1.0,0,0,0,a,b,789.0,6,2007,192,1,21,2019,213,1
689,3,2023,8,51,5,2235,1.0,0,0,0,c,a,612.0,3,2009,173,1,30,2010,500,1
1087,3,2024,5,10,26,1161,1.0,0,0,0,a,c,571.0,1,2011,160,0,1,2021,165,1
330,2,2024,3,50,26,2926,1.0,0,0,1,a,c,50.0,3,2005,228,1,19,2022,135,0
751,7,2024,1,27,9,776,1.0,1,0,1,c,a,439.0,5,2001,272,1,52,2017,339,0
303,6,2023,12,6,17,3471,1.0,1,0,0,c,a,535.0,5,2005,223,1,18,2021,92,0
259,7,2023,3,11,14,3108,1.0,1,0,0,b,a,550.0,9,2017,66,1,33,2016,342,1
55,5,2023,11,26,8,1113,1.0,0,0,0,a,a,50.0,3,2005,224,0,19,2019,215,0
932,3,2024,4,36,24,726,1.0,1,0,0,a,a,392.0,4,2011,156,0,33,2017,367,1
563,2,2023,9,43,22,1150,1.0,0,0,1,c,a,389.0,12,2012,129,1,12,2017,343,1
1098,7,2024,6,48,10,3105,1.0,1,0,0,a,c,626.0,1,2012,149,0,49,2010,500,0
92,1,2024,4,47,25,2163,1.0,0,0,1,a,c,211.0,11,2004,233,0,17,2018,342,0
461,4,2024,6,31,2,3365,1.0,0,0,1,a,b,50.0,12,2014,114,0,13,2020,226,0
1104,1,2023,9,2,8,2991,1.0,0,0,1,a,a,50.0,4,2006,209,1,6,2023,0,1
982,3,2024,3,6,24,1179,1.0,1,0,0,a,a,399.0,8,2003,247,0,37,2021,125,0
856,7,2024,11,52,15,1437,1.0,0,0,0,c,a,639.0,2,2000,297,0,39,2015,481,0
830,5,2024,8,9,8,583,1.0,0,0,1,c,b,180.0,6,2013,134,0,24,2010,500,0
221,1,2024,4,5,19,3111,1.0,0,0,0,a,a,378.0,1,2002,267,0,6,2010,500,0
353,2,2024,6,43,28,1597,1.0,0,0,0,c,a,50.0,10,2009,176,1,26,2022,121,0
772,2,2023,9,29,10,1271,1.0,1,0,1,d,c,50.0,9,2004,228,1,32,2019,205,0
8,5,2023,3,22,8,709,1.0,1,0,1,c,a,433.0,4,2010,155,0,41,2015,397,1
1069,4,2024,10,24,4,3576,1.0,0,0,1,a,c,427.0,5,2018,77,1,5,2011,500,0
779,3,2023,1,36,18,2423,1.0,0,0,1,c,c,505.0,8,2013,113,0,14,2013,500,0
969,5,2024,10,52,13,482,1.0,0,0,0,a,a,50.0,11,2015,107,0,50,2012,500,0
1077,4,2024,2,36,27,3619,1.0,0,0,0,c,c,726.0,1,2005,229,0,49,2010,500,1
714,5,2024,10,30,5,2908,1.0,0,0,1,a,c,122.0,2,2006,224,0,21,2013,500,0
152,6,2023,1,12,8,2170,1.0,0,c,0,a,a,108.0,4,2001,261,0,26,2023,0,0
167,2,2024,10,18,24,3609,1.0,0,0,1,b,a,490.0,6,2018,76,1,24,2022,98,1
1021,7,2023,1,16,12,1089,1.0,1,0,0,b,a,315.0,1,2009,168,0,27,2019,197,1
515,1,2023,7,39,13,1141,1.0,0,0,0,b,c,798.0,11,2022,8,1,41,2013,500,0
231,1,2024,2,38,13,2465,1.0,1,0,1,c,b,506.0,3,2003,251,0,21,2018,329,1
150,1,2023,2,2,20,1490,1.0,1,0,1,a,a,753.0,6,2020,32,1,14,2012,500,0
604,6,2024,5,1,15,543,1.0,0,0,0,c,a,165.0,11,2001,270,1,4,2012,500,1
634,1,2023,11,50,3,2859,1.0,1,0,1,a,a,658.0,7,2010,160,1,25,2013,500,0
617,7,2024,7,26,11,1364,1.0,0,a,1,a,a,50.0,5,2016,98,0,29,2021,153,1
444,6,2024,3,49,19,3837,1.0,1,0,1,d,c,265.0,8,2014,115,0,36,2021,169,1
247,6,2023,6,8,15,3675,1.0,1,0,0,c,c,50.0,2,2014,112,0,35,2018,233,1
144,3,2023,1,20,18,1484,1.0,0,0,1,a,c,329.0,5,2017,68,1,19,2022,53,0
27,2,2023,11,27,18,3434,1.0,0,0,0,a,a,345.0,12,2003,239,1,3,2014,492,0
216,3,2024,10,11,4,2759,1.0,1,0,0,a,c,577.0,12,2007,202,0,24,2010,500,1
194,6,2023,11,26,9,3126,1.0,1,0,1,a,a,367.0,6,2011,149,1,16,2018,270,0
186,2,2024,3,14,3,3986,1.0,0,0,1,d,a,71.0,10,2011,149,1,12,2020,210,1
436,6,2024,3,29,18,2790,1.0,0,0,0,b,a,153.0,3,2021,36,1,44,2011,500,1
595,3,2024,2,23,10,3073,1.0,0,0,0,b,c,352.0,12,2019,50,1,24,2011,500,0
211,2,2024,11,19,6,2988,1.0,0,0,1,c,a,97.0,5,2020,54,0,26,2015,461,1
618,3,2024,8,39,20,3870,1.0,1,0,1,b,a,648.0,5,2005,231,1,33,2018,318,0
749,7,2023,7,12,8,2624,1.0,1,0,1,b,a,179.0,1,2010,162,1,32,2012,500,1
454,3,2024,7,15,5,2269,1.0,1,0,0,a,a,599.0,5,2017,86,0,49,2019,226,1
545,2,2024,9,25,3,2357,1.0,0,0,1,b,a,88.0,5,2021,40,0,20,2011,500,1
659,6,2024,12,15,9,2105,1.0,0,0,1,c,a,478.0,12,2008,192,1,33,2014,500,0
395,7,2024,10,25,25,394,1.0,1,0,0,a,a,228.0,5,2019,65,0,3,2023,74,1
388,2,2024,4,10,8,2024,1.0,0,0,0,a,a,640.0,11,2005,221,0,1,2010,500,0
260,4,2024,5,25,12,576,1.0,0,0,1,a,a,865.0,12,2002,257,1,30,2013,500,0
721,6,2024,12,26,14,1239,1.0,1,0,0,a,a,353.0,11,2014,121,0,5,2014,500,1
739,1,2024,6,28,9,1081,1.0,1,0,0,d,b,861.0,8,2006,214,1,14,2010,500,0
630,2,2024,10,28,21,3370,1.0,0,a,1,a,a,244.0,7,2011,159,1,37,2019,251,0
995,5,2024,10,26,19,2280,1.0,1,a,1,b,a,350.0,8,2006,218,0,37,2013,500,1
230,3,2023,12,20,1,1839,1.0,1,0,0,c,c,258.0,12,2007,192,1,19,2015,417,1
726,4,2024,10,18,11,1036,1.0,1,0,1,a,a,50.0,12,2000,286,1,21,2015,465,0
295,4,2024,8,28,23,3727,1.0,0,0,0,a,a,729.0,1,2015,115,0,48,2021,136,0
456,6,2023,6,15,14,1973,1.0,0,a,0,a,a,337.0,2,2012,136,1,27,2010,500,1
315,4,2024,1,18,4,3202,1.0,0,0,1,a,c,164.0,7,2009,174,1,19,2016,415,1
32,3,2024,3,39,11,2412,1.0,0,0,1,a,c,76.0,7,2014,116,0,30,2018,321,0
566,3,2023,6,41,11,2462,1.0,1,0,0,a,a,858.0,9,2009,165,1,22,2022,71,0
882,1,2024,9,29,8,3045,1.0,1,0,1,a,a,247.0,8,2001,277,1,38,2017,355,1
1095,1,2024,12,40,7,2589,1.0,0,0,0,a,a,244.0,5,2012,151,0,23,2012,500,1
586,2,2024,10,6,28,2321,1.0,0,a,0,a,a,598.0,6,2013,136,0,43,2014,483,0
801,7,2024,3,46,21,2142,1.0,0,0,0,a,a,754.0,10,2015,101,0,12,2014,500,0
73,4,2024,10,11,1,2769,1.0,0,0,1,c,a,136.0,3,2004,247,1,6,2022,109,1
31,7,2023,11,22,25,516,1.0,1,0,1,d,c,478.0,4,2007,199,0,37,2019,193,0
811,1,2023,5,25,10,1921,1.0,0,0,0,b,a,477.0,4,2006,205,0,5,2013,500,1
548,7,2023,3,21,8,1006,1.0,1,0,0,a,c,238.0,4,2012,131,0,29,2019,200,0
257,5,2024,3,2,19,3705,1.0,0,0,0,a,a,175.0,1,2000,290,0,9,2011,500,1
534,4,2023,2,40,27,3079,1.0,0,0,0,c,c,108.0,1,2000,277,1,10,2020,186,0
334,4,2024,7,7,13,3102,1.0,0,0,1,c,c,602.0,4,2000,291,0,35,2011,500,1
272,7,2023,12,46,26,1028,1.0,1,0,1,b,b,366.0,12,2019,48,0,50,2010,500,0
726,2,2024,4,8,14,1893,1.0,0,0,1,a,c,314.0,7,2015,105,1,14,2021,150,0
743,3,2024,1,33,15,473,1.0,0,0,0,a,c,76.0,10,2008,183,1,13,2017,384,0
211,6,2023,4,46,17,885,1.0,0,0,0,d,c,602.0,11,2004,221,0,41,2014,473,0
990,1,2023,1,35,27,2210,1.0,0,0,1,c,a,385.0,4,2018,57,1,22,2012,500,1
359,5,2023,9,20,22,2896,1.0,0,0,1,c,a,50.0,9,2022,12,0,20,2022,52,1
702,5,2024,2,33,19,3578,1.0,1,0,1,a,a,186.0,8,2019,54,1,18,2019,275,1
778,4,2024,4,45,3,1896,1.0,1,0,1,a,a,518.0,12,2020,40,0,22,2011,500,1
564,4,2024,9,33,6,2794,1.0,0,0,1,a,c,50.0,1,2003,260,0,24,2013,500,0
352,6,2024,10,20,2,1053,1.0,0,0,0,a,a,280.0,12,2000,286,0,30,2017,354,0
1034,7,2023,1,13,12,1656,1.0,1,0,1,a,a,541.0,5,2006,200,0,28,2018,245,1
103,5,2024,5,37,10,2483,1.0,1,0,1,c,a,365.0,4,2019,61,0,33,2014,500,1
396,6,2024,4,10,1,2171,1.0,1,0,0,a,a,512.0,7,2020,45,0,29,2011,500,0
112,1,2023,3,28,13,1671,1.0,0,0,0,a,a,50.0,8,2015,91,1,1,2023,27,1
664,2,2024,3,8,7,1840,1.0,1,0,1,a,a,50.0,6,2012,141,0,38,2022,74,1
604,4,2024,6,12,23,3153,1.0,0,0,1,d,a,559.0,9,2009,177,1,22,2016,406,0
510,6,2024,10,46,13,1848,1.0,0,0,1,a,a,411.0,5,2014,125,1,4,2013,500,0
1114,2,2023,5,47,1,1273,1.0,1,0,0,a,a,210.0,1,2005,220,0,43,2013,500,0
867,6,2023,4,43,21,502,1.0,1,0,1,d,c,373.0,7,2005,213,0,19,2012,500,0
584,6,2024,4,46,18,1983,1.0,0,0,1,c,a,471.0,7,2013,129,1,32,2010,500,1
861,5,2023,11,40,21,1434,1.0,0,0,0,c,a,144.0,5,2010,162,0,46,2023,0,1
1090,5,2023,3,39,10,1543,1.0,0,0,0,c,a,82.0,10,2020,29,0,15,2016,388,1
732,2,2023,10,41,27,1526,1.0,0,0,1,c,b,50.0,11,2003,239,0,6,2013,500,0
1011,5,2023,3,35,13,3425,1.0,0,0,0,a,a,727.0,6,2002,249,0,49,2012,500,0
563,2,2023,10,41,18,3559,1.0,1,0,1,a,c,312.0,3,2015,103,0,35,2016,370,1
979,4,2023,10,24,16,1816,1.0,0,0,1,a,c,747.0,5,2021,29,1,51,2011,500,0
340,7,2024,3,38,17,2142,1.0,1,0,0,a,a,50.0,9,2012,138,0,28,2021,166,1
499,2,2023,10,7,7,1094,1.0,0,0,1,c,c,329.0,7,2015,99,1,25,2012,500,0
816,6,2023,3,21,14,469,1.0,1,0,1,a,a,50.0,10,2002,245,0,35,2023,0,0
631,5,2024,6,22,6,3475,1.0,0,0,1,a,a,818.0,2,2001,280,1,19,2017,367,1
393,5,2023,5,31,7,1385,1.0,0,0,1,c,a,1108.0,12,2001,257,1,37,2016,358,1
709,6,2023,4,38,22,3723,1.0,0,0,1,a,b,666.0,1,2011,147,0,46,2013,500,1
151,5,2024,7,52,22,1253,1.0,0,0,1,c,a,50.0,9,2010,166,1,43,2018,321,1
10,3,2024,8,25,24,1603,1.0,1,0,1,d,b,50.0,1,2001,283,0,15,2015,478,0
605,2,2024,11,43,17,1864,1.0,0,a,1,a,a,261.0,5,2022,30,1,26,2014,500,0
49,3,2023,8,52,8,3536,1.0,1,a,0,a,a,332.0,5,2015,99,1,38,2017,326,1
23,5,2024,5,14,4,1400,1.0,0,0,0,a,a,446.0,6,2012,143,0,4,2010,500,1
1070,7,2023,7,33,18,2063,1.0,0,0,0,a,a,432.0,6,2001,265,1,36,2010,500,0
422,7,2023,6,7,25,3187,1.0,1,0,1,b,c,295.0,1,2000,281,0,26,2023,0,1
491,6,2023,10,9,15,2983,1.0,1,0,0,c,c,222.0,12,2009,166,0,33,2017,288,1
432,6,2024,8,27,8,1420,1.0,1,0,0,a,a,50.0,7,2006,217,1,18,2022,113,0
932,1,2024,6,5,17,1235,1.0,1,0,0,a,a,493.0,11,2002,259,0,9,2016,412,1
464,5,2024,7,28,5,1365,1.0,0,0,0,a,a,50.0,2,2007,209,0,9,2022,123,0
137,2,2024,8,12,25,807,1.0,1,0,0,c,a,320.0,5,2022,27,1,10,2017,366,0
851,3,2023,6,36,11,1970,1.0,1,0,1,a,c,358.0,4,2016,86,0,49,2018,247,1
288,6,2024,7,29,17,2173,1.0,0,a,0,c,c,224.0,12,2006,211,0,21,2019,268,0
356,2,2023,5,42,19,3669,1.0,1,0,0,a,a,534.0,6,2016,83,1,7,2013,500,1
59,6,2024,4,51,25,1730,1.0,1,0,0,c,a,585.0,2,2011,158,1,29,2019,282,0
982,1,2023,10,44,10,1249,1.0,0,c,0,a,a,351.0,6,2016,88,1,49,2010,500,1
851,2,2023,2,52,14,201,1.0,0,0,1,d,c,984.0,3,2005,215,0,19,2019,241,1
80,4,2024,4,28,11,3978,1.0,0,0,1,a,c,81.0,8,2000,284,1,17,2016,427,1
289,4,2024,3,40,2,373,1.0,0,0,1,c,b,151.0,7,2012,140,0,39,2011,500,0
1055,3,2023,3,49,9,238,1.0,0,0,0,b,a,165.0,10,2021,17,0,35,2013,500,0
882,2,2024,6,13,5,2583,1.0,1,0,1,c,a,629.0,5,2002,265,0,15,2022,102,0
402,4,2023,3,44,21,2543,1.0,0,0,0,c,a,399.0,3,2010,156,1,1,2016,407,1
869,5,2023,3,52,19,1512,1.0,0,a,1,a,b,50.0,7,2016,80,1,32,2021,124,0
394,4,2023,11,18,4,2151,1.0,0,0,0,a,c,191.0,5,2020,42,0,48,2020,126,1
115,1,2024,12,49,11,325,1.0,0,a,1,a,a,110.0,1,2003,263,1,13,2022,140,1
590,5,2024,6,22,1,2527,1.0,0,0,1,d,a,798.0,5,2019,61,0,23,2020,207,0
319,2,2023,5,34,14,1833,1.0,1,0,0,c,b,50.0,9,2021,20,1,23,2012,500,0
1098,5,2024,7,4,7,3732,1.0,0,0,0,a,b,285.0,9,2003,250,0,25,2018,291,0
598,1,2024,2,1,21,671,1.0,0,0,1,a,a,50.0,4,2013,130,0,23,2018,290,1
301,1,2024,4,41,27,3683,1.0,0,0,0,a,c,337.0,9,2008,187,0,23,2023,70,0
900,7,2023,12,14,18,772,1.0,0,0,1,a,a,855.0,4,2020,44,0,27,2023,0,1
965,2,2024,1,42,4,480,1.0,1,0,1,b,a,50.0,1,2016,96,1,50,2017,356,1
890,2,2024,11,26,21,3088,1.0,0,0,1,d,a,570.0,11,2001,276,1,40,2023,38,1
1095,2,2023,11,6,15,374,1.0,1,0,1,c,c,228.0,1,2021,34,0,10,2023,0,0
602,4,2024,4,16,2,494,1.0,0,0,1,a,b,284.0,11,2007,197,1,18,2015,466,0
403,3,2023,7,11,3,2521,1.0,1,0,1,a,c,476.0,2,2015,101,1,44,2014,435,0
776,2,2023,9,32,27,1948,1.0,1,0,1,c,a,50.0,5,2012,136,1,34,2021,102,0
119,5,2023,3,6,21,1596,1.0,1,0,1,c,a,60.0,8,2007,187,1,26,2019,188,1
1048,1,2024,9,30,11,1442,1.0,0,0,0,a,c,50.0,5,2013,136,1,47,2016,399,1
907,5,2024,12,43,1,3248,1.0,0,0,1,a,c,797.0,3,2020,57,1,25,2022,122,1
458,1,2024,6,52,20,3920,1.0,1,0,1,a,a,606.0,10,2018,68,0,17,2011,500,1
393,3,2024,11,36,13,3182,1.0,0,0,1,c,a,586.0,6,2022,29,0,38,2018,310,0
147,1,2024,8,23,12,282,1.0,0,0,0,b,a,593.0,9,2000,287,0,27,2023,48,0
510,2,2024,1,27,1,2288,1.0,0,0,1,a,a,533.0,1,2012,144,1,8,2021,175,1
152,4,2023,11,2,6,1929,1.0,0,0,1,b,c,50.0,2,2016,93,0,16,2014,454,1
160,1,2024,6,47,7,1501,1.0,0,0,0,c,a,111.0,7,2007,203,1,44,2021,159,1
418,4,2023,6,3,16,2856,1.0,0,0,0,a,a,225.0,5,2012,133,1,44,2014,427,0
770,3,2023,3,51,18,2093,1.0,1,0,1,d,a,330.0,11,2018,52,0,38,2010,500,1
130,2,2023,6,9,3,3783,1.0,0,0,1,c,c,50.0,6,2022,12,1,16,2022,45,0
185,3,2024,6,48,27,2366,1.0,0,0,0,b,c,50.0,11,2006,211,0,9,2022,143,1
983,7,2024,9,14,2,1398,1.0,0,0,1,a,c,50.0,6,2018,75,0,52,2020,170,0
1007,5,2023,7,3,19,3766,1.0,0,0,0,a,a,62.0,8,2010,155,1,27,2022,28,1
603,4,2024,12,35,8,2610,1.0,1,0,0,a,b,180.0,2,2006,226,1,4,2015,499,1
254,2,2024,4,50,28,2959,1.0,1,0,0,c,a,418.0,5,2009,179,1,46,2012,500,0
858,6,2024,12,36,12,1171,1.0,0,0,0,c,a,244.0,8,2000,292,0,47,2021,145,1
167,4,2024,9,18,17,1055,1.0,0,b,1,a,a,656.0,4,2005,233,1,25,2015,461,1
1108,4,2023,8,44,7,2592,1.0,1,0,1,a,a,476.0,8,2012,132,0,42,2010,500,1
68,7,2023,8,31,10,1269,1.0,0,0,0,c,c,197.0,7,2017,73,0,46,2015,401,0
451,2,2023,7,1,28,532,1.0,1,0,1,b,b,425.0,10,2011,141,0,9,2018,252,0
404,7,2023,2,10,24,1785,1.0,1,0,1,a,a,259.0,9,2017,65,0,31,2018,239,0
895,2,2023,8,36,1,1287,1.0,1,a,0,a,c,113.0,8,2020,36,0,35,2013,500,1
1108,5,2023,4,4,19,3729,1.0,1,0,0,a,b,308.0,2,2012,134,1,52,2014,420,0
819,2,2024,1,30,25,1888,1.0,1,0,0,a,a,415.0,1,2002,264,0,2,2017,392,0
198,1,2024,5,16,19,1603,1.0,0,0,0,a,a,591.0,8,2019,57,1,7,2021,165,1
284,5,2024,11,14,12,428,1.0,0,0,0,a,c,952.0,3,2013,140,1,3,2014,500,0
8,5,2023,1,28,12,2623,1.0,0,0,0,a,a,672.0,8,2009,161,0,49,2015,395,1
130,6,2024,1,32,22,942,1.0,1,0,1,d,a,50.0,7,2022,18,1,30,2020,210,1
265,1,2024,5,30,26,2888,1.0,1,0,1,a,c,50.0,4,2015,109,0,15,2012,500,1
12,2,2024,1,8,26,600,1.0,0,0,1,c,c,678.0,5,2000,284,1,31,2018,289,0
275,3,2024,1,36,17,2863,1.0,0,0,0,a,c,253.0,5,2021,32,1,14,2012,500,1
922,7,2024,1,2,17,3791,1.0,0,0,0,b,a,79.0,8,2001,269,0,17,2020,193,0
225,7,2024,10,23,21,3773,1.0,1,0,1,a,c,779.0,3,2020,55,0,7,2023,68,0
1093,7,2023,9,25,14,2145,1.0,1,0,1,a,c,234.0,1,2000,284,1,46,2019,187,0
252,6,2023,3,29,2,1351,1.0,0,0,0,a,c,257.0,5,2015,94,1,32,2018,257,1
432,2,2024,4,34,18,2431,1.0,0,0,1,a,a,98.0,4,2001,276,0,32,2020,210,1
711,6,2023,9,44,23,3151,1.0,1,c,1,a,a,50.0,6,2001,267,0,17,2018,287,1
596,3,2023,5,29,28,3309,1.0,0,c,0,a,c,50.0,3,2005,218,1,34,2023,0,1
196,3,2024,5,39,9,454,1.0,0,0,0,a,c,99.0,5,2005,228,0,45,2011,500,1
219,7,2023,3,42,3,1504,1.0,1,0,1,a,c,50.0,8,2015,91,1,32,2016,374,1
278,2,2024,6,23,17,2111,1.0,0,0,1,d,b,314.0,3,2002,267,1,45,2018,290,1
867,7,2023,12,13,16,580,1.0,1,0,0,c,a,370.0,2,2011,154,0,22,2020,147,1
764,6,2023,3,36,20,2440,1.0,0,0,1,a,a,563.0,12,2022,3,1,41,2014,463,0
24,3,2023,12,18,14,842,1.0,1,0,1,b,c,63.0,5,2001,271,0,4,2013,500,1
294,3,2023,3,8,19,745,1.0,0,0,1,a,b,50.0,6,2021,21,1,41,2013,487,1
151,6,2023,6,31,23,2813,1.0,0,0,0,a,a,192.0,11,2008,175,0,30,2023,1,0
834,7,2024,7,14,7,2729,1.0,1,b,0,a,b,50.0,7,2005,228,0,15,2018,311,1
1048,7,2024,10,21,3,3799,1.0,0,0,0,c,a,282.0,9,2009,181,0,43,2021,134,0
51,3,2023,9,25,22,3889,1.0,0,a,0,a,c,550.0,6,2004,231,0,32,2019,201,1
341,7,2024,4,41,18,1910,1.0,0,0,0,a,c,131.0,6,2014,118,1,48,2011,500,0
1055,3,2023,9,34,5,2835,1.0,0,0,1,c,b,268.0,7,2004,230,1,37,2019,205,0
603,5,2023,8,1,9,1371,1.0,0,0,0,d,a,50.0,7,2006,205,1,8,2021,97,0
520,5,2023,1,6,16,2145,1.0,0,0,1,a,c,173.0,1,2010,156,1,52,2022,6,0
497,3,2024,2,41,22,3549,1.0,1,0,1,a,c,771.0,1,2000,289,0,39,2018,314,0
207,3,2024,5,48,16,1335,1.0,0,0,0,a,a,457.0,1,2000,292,0,45,2014,500,1
198,4,2023,11,43,2,1709,1.0,0,0,1,a,c,56.0,10,2001,265,1,11,2015,448,0
431,1,2023,10,10,22,718,1.0,0,0,1,a,a,50.0,9,2001,265,0,35,2020,131,1
788,5,2024,6,37,24,690,1.0,1,c,0,c,a,282.0,4,2001,278,1,11,2011,500,1
806,1,2024,5,6,2,3199,1.0,0,0,1,b,c,443.0,11,2005,222,0,34,2021,128,1
1008,2,2024,9,29,1,1181,1.0,1,0,0,c,a,60.0,3,2018,78,0,4,2018,337,0
647,5,2023,1,16,4,2442,1.0,0,0,1,c,a,232.0,7,2013,114,0,4,2016,376,1
633,5,2024,8,13,25,3166,1.0,1,0,0,d,a,50.0,4,2000,292,1,51,2017,326,0
340,6,2023,8,18,27,1595,1.0,1,0,0,c,a,534.0,9,2000,275,1,7,2010,500,0
296,4,2024,10,8,14,3477,1.0,0,0,1,a,a,50.0,3,2006,223,0,39,2021,125,1
768,4,2023,12,49,12,3587,1.0,1,0,0,c,a,480.0,4,2000,284,1,37,2023,12,1
948,5,2023,5,47,26,3205,1.0,0,b,1,a,c,395.0,10,2008,175,0,18,2015,445,0
906,7,2023,12,47,7,2370,1.0,0,0,1,a,a,429.0,1,2015,107,0,3,2019,252,1
329,6,2024,8,52,1,3940,1.0,1,0,0,d,c,212.0,1,2018,79,1,45,2017,371,1
557,4,2023,5,45,24,3001,1.0,0,0,0,d,a,784.0,4,2012,133,1,32,2012,500,1
911,7,2023,8,9,26,707,1.0,0,0,0,a,a,95.0,6,2017,74,0,8,2016,365,1
276,2,2024,2,25,23,2712,1.0,1,0,1,a,a,788.0,7,2013,127,1,30,2021,151,1
956,3,2024,3,20,16,2066,1.0,1,a,1,d,c,366.0,8,2016,91,1,18,2011,500,0
292,1,2023,4,1,28,944,1.0,0,0,1,a,a,327.0,9,2005,211,0,32,2017,281,1
949,6,2024,3,12,2,2708,1.0,1,0,0,d,a,221.0,1,2014,122,1,3,2016,425,0
947,5,2024,10,37,25,3988,1.0,0,b,1,d,a,324.0,6,2021,40,1,13,2016,440,0
805,5,2024,9,11,28,3911,1.0,0,0,1,c,a,293.0,7,2013,134,0,23,2023,40,1
262,6,2024,10,32,16,2758,1.0,0,0,0,c,a,813.0,11,2020,47,1,48,2015,452,1
1070,3,2024,3,37,8,3804,1.0,0,0,0,b,c,50.0,5,2021,34,0,14,2010,500,1
878,2,2024,1,1,6,1728,1.0,0,0,1,d,a,232.0,10,2015,99,0,10,2017,355,1
998,5,2023,8,49,6,1557,1.0,0,0,1,a,a,50.0,9,2000,275,0,52,2020,153,0
694,1,2023,5,25,3,2599,1.0,0,0,1,a,a,117.0,6,2010,155,1,27,2021,102,1
1042,5,2024,12,21,2,3576,1.0,1,0,0,c,c,295.0,11,2011,157,0,10,2015,479,0
178,2,2023,3,1,15,845,1.0,1,0,1,a,c,741.0,2,2004,229,0,4,2015,413,0
479,6,2023,4,44,15,2157,1.0,1,0,0,b,c,435.0,1,2015,99,0,9,2012,500,0
59,2,2024,5,47,4,3518,1.0,0,0,1,b,c,50.0,8,2005,225,1,17,2013,500,1
271,3,2024,11,46,19,566,1.0,1,0,1,b,c,202.0,4,2014,127,1,3,2019,303,1
21,5,2023,12,31,15,738,1.0,0,0,0,a,a,636.0,4,2006,212,1,7,2018,284,0
1113,6,2023,7,36,9,420,1.0,1,0,0,d,c,115.0,8,2022,11,0,27,2015,425,0
186,6,2024,3,44,26,3100,1.0,1,0,1,c,c,331.0,7,2020,44,1,45,2022,103,0
156,2,2023,8,41,20,3996,1.0,0,0,1,a,c,413.0,12,2017,68,0,5,2023,36,1
93,7,2023,1,26,11,2146,1.0,1,0,1,b,a,224.0,5,2008,176,1,38,2019,196,1
650,4,2024,4,5,24,3779,1.0,0,0,0,a,a,50.0,12,2013,124,1,40,2017,329,0
1059,4,2024,5,21,28,3829,1.0,0,0,0,c,b,365.0,12,2019,53,1,47,2020,182,0
771,5,2023,12,42,13,2601,1.0,0,0,1,a,c,982.0,12,2006,204,0,22,2015,436,0
925,7,2024,2,51,18,3305,1.0,0,0,1,a,a,150.0,8,2006,210,1,41,2012,500,0
398,5,2023,9,8,28,2859,1.0,1,0,1,c,c,129.0,11,2020,34,1,52,2023,0,0
174,3,2024,4,45,13,1345,1.0,1,0,1,a,c,512.0,1,2010,171,1,35,2021,166,0
312,1,2023,9,38,3,2419,1.0,1,0,1,d,a,1005.0,2,2007,199,1,4,2013,500,1
807,7,2023,6,20,12,326,1.0,0,0,0,a,a,50.0,3,2012,135,0,21,2010,500,0
166,3,2023,11,50,21,3222,1.0,0,0,1,b,b,50.0,10,2016,85,0,24,2023,26,1
556,6,2023,2,3,28,216,1.0,0,0,1,a,a,529.0,12,2000,266,1,37,2023,0,1
46,3,2024,2,15,21,1274,1.0,0,0,1,a,b,536.0,2,2007,204,1,51,2020,172,0
124,1,2023,8,5,27,781,1.0,0,0,0,d,a,50.0,3,2018,65,0,4,2018,261,0
1090,7,2024,2,25,16,1147,1.0,1,0,1,a,c,201.0,7,2013,127,1,23,2017,366,0
448,1,2024,11,40,21,578,1.0,0,0,1,c,c,50.0,5,2013,138,1,43,2010,500,1
489,7,2023,1,25,4,2105,1.0,1,0,0,c,c,180.0,7,2009,162,0,19,2015,422,1
333,2,2023,4,21,24,591,1.0,0,0,1,c,b,203.0,12,2001,256,1,49,2014,440,0
324,3,2023,11,10,16,974,1.0,0,0,0,a,c,575.0,8,2010,159,1,8,2010,500,0
770,2,2024,6,18,1,1738,1.0,0,0,0,a,a,657.0,11,2000,283,0,18,2011,500,0
207,6,2023,11,1,5,2164,1.0,0,0,1,c,c,261.0,2,2009,177,0,32,2023,0,0
573,1,2024,9,31,21,3495,1.0,0,0,0,d,a,741.0,3,2002,270,0,33,2011,500,0
259,4,2024,6,40,3,3831,1.0,0,0,1,a,c,578.0,10,2018,68,0,17,2018,335,0
48,7,2024,11,38,18,2541,1.0,0,0,1,d,b,50.0,3,2017,92,1,44,2023,46,0
587,3,2024,8,47,16,1367,1.0,1,0,1,a,c,630.0,1,2013,139,1,30,2017,381,0
201,2,2023,8,25,13,467,1.0,0,0,0,a,b,533.0,8,2018,60,0,25,2013,500,0
273,6,2024,11,14,18,2492,1.0,1,0,0,a,c,867.0,12,2011,155,1,48,2019,226,1
927,5,2024,2,27,19,3186,1.0,0,0,1,a,c,370.0,10,2021,28,1,22,2012,500,1
304,7,2024,5,35,23,3611,1.0,1,0,0,a,a,822.0,7,2011,154,1,30,2022,109,0
718,4,2023,5,38,16,2016,1.0,0,0,0,c,a,50.0,9,2000,272,0,36,2013,500,0
1101,3,2023,4,32,6,2373,1.0,0,a,1,d,a,157.0,4,2010,156,1,4,2014,496,0
450,3,2023,4,9,25,2926,1.0,0,0,0,d,a,50.0,6,2002,250,0,9,2017,312,0
661,2,2023,12,17,27,596,1.0,1,0,0,a,a,198.0,3,2018,69,1,26,2017,303,0
118,4,2024,1,7,6,1971,1.0,1,0,1,a,c,340.0,8,2012,137,0,26,2022,85,1
115,7,2024,3,15,16,2561,1.0,1,0,1,a,c,282.0,12,2011,147,0,37,2021,134,0
835,5,2023,7,21,14,2608,1.0,0,0,0,c,a,569.0,4,2007,195,0,31,2013,500,1
841,5,2023,7,46,19,2486,1.0,0,b,0,a,a,1033.0,9,2011,142,1,32,2022,66,1
298,6,2024,11,20,2,1402,1.0,0,0,1,c,a,182.0,4,2022,31,0,35,2013,500,1
88,2,2023,8,21,5,1403,1.0,1,0,1,a,a,672.0,7,2003,241,1,8,2019,221,0
358,6,2023,12,33,5,3795,1.0,1,0,0,c,c,503.0,6,2006,210,0,26,2021,111,1
356,1,2023,5,52,23,2540,1.0,1,0,0,a,a,402.0,9,2005,212,0,23,2018,289,0
388,4,2023,12,15,18,234,1.0,0,0,0,d,a,547.0,1,2003,251,0,37,2013,498,1
379,5,2024,6,44,19,3115,1.0,0,a,0,a,c,188.0,11,2018,67,0,28,2015,484,0
1009,2,2024,2,49,9,2346,1.0,0,0,0,a,b,607.0,3,2018,71,0,25,2022,128,1
774,5,2023,10,44,6,3282,1.0,1,0,0,a,c,50.0,6,2018,64,0,21,2013,500,1
172,1,2024,3,9,3,1269,1.0,1,0,0,a,a,338.0,5,2010,166,0,46,2012,500,1
85,2,2024,9,12,15,3174,1.0,0,0,0,c,c,198.0,12,2008,189,1,49,2019,223,0
1053,6,2023,11,41,22,1068,1.0,0,0,1,a,c,1037.0,7,2006,208,0,38,2021,107,0
646,5,2024,10,22,11,2116,1.0,0,0,0,a,a,50.0,3,2004,247,1,52,2019,230,0
226,7,2023,4,25,28,3533,1.0,0,0,1,b,c,438.0,10,2008,174,0,2,2014,491,1
589,2,2023,4,7,28,3094,1.0,1,0,0,c,c,669.0,10,2018,54,1,40,2016,331,1
227,6,2024,2,9,2,2954,1.0,0,0,0,c,c,122.0,11,2001,267,1,27,2015,450,1
375,3,2024,4,20,28,411,1.0,0,0,0,a,b,302.0,8,2021,32,0,48,2023,24,1
410,6,2024,7,37,22,1567,1.0,1,0,0,a,c,138.0,6,2008,193,1,18,2018,331,1
537,3,2023,4,52,17,2972,1.0,0,a,0,a,a,160.0,12,2016,76,1,49,2012,500,0
776,6,2023,11,4,6,3272,1.0,1,c,0,a,a,797.0,10,2012,133,1,12,2010,500,1
520,7,2024,7,33,11,1164,1.0,1,0,0,a,c,50.0,11,2008,188,0,19,2017,378,0
174,6,2023,7,49,24,3625,1.0,0,0,1,a,c,373.0,12,2013,115,1,22,2016,391,0
1087,3,2023,2,18,14,526,1.0,0,0,0,d,c,50.0,12,2011,134,1,18,2019,208,1
328,6,2024,11,47,26,2077,1.0,0,c,0,a,a,577.0,2,2005,237,0,17,2017,394,1
749,2,2024,12,16,8,2005,1.0,0,0,0,d,c,176.0,9,2020,51,0,3,2023,65,1
457,1,2023,8,29,9,918,1.0,1,0,1,b,c,50.0,11,2012,129,1,15,2020,170,1
330,6,2024,10,12,22,899,1.0,0,0,0,a,c,247.0,7,2003,255,0,12,2013,500,1
668,2,2023,8,44,4,1913,1.0,0,a,1,c,c,50.0,12,2014,104,1,15,2021,133,0
888,1,2023,12,6,15,3919,1.0,1,0,1,c,a,589.0,6,2001,270,0,9,2013,500,0
529,1,2024,5,30,10,2683,1.0,0,0,1,c,c,603.0,11,2009,174,0,47,2019,243,0
502,6,2023,3,9,16,911,1.0,0,0,0,a,a,50.0,6,2020,33,0,9,2016,364,1
625,1,2024,7,11,5,2616,1.0,1,0,0,a,a,455.0,8,2009,179,1,2,2016,425,0
108,1,2023,8,20,2,3750,1.0,0,0,0,c,a,97.0,9,2013,119,0,9,2019,219,1
197,7,2023,10,5,22,1447,1.0,1,0,0,c,a,205.0,12,2001,262,1,4,2014,469,0
158,1,2024,11,23,3,3389,1.0,0,0,1,b,a,889.0,2,2014,129,0,18,2014,500,1
389,5,2023,1,17,11,2378,1.0,1,0,1,c,a,179.0,12,2012,121,0,39,2010,500,1
632,4,2024,6,20,7,3416,1.0,1,0,1,b,a,731.0,4,2003,254,0,34,2017,350,0
608,3,2024,8,9,20,2031,1.0,1,0,1,b,a,822.0,7,2017,85,0,34,2023,27,1
183,7,2024,6,8,13,1873,1.0,0,0,1,d,a,197.0,6,2016,96,1,45,2011,500,1
758,3,2023,2,39,28,454,1.0,1,0,0,a,c,378.0,1,2009,169,0,5,2020,190,1
929,2,2023,1,15,13,1207,1.0,0,0,0,a,a,152.0,11,2012,122,0,10,2023,5,0
899,3,2024,9,30,8,875,1.0,1,0,1,a,a,299.0,3,2009,186,1,43,2019,247,0
181,3,2024,12,24,24,2025,1.0,1,0,1,a,a,492.0,1,2007,215,1,34,2012,500,0
367,6,2024,8,17,24,2230,1.0,1,0,0,c,b,269.0,4,2001,280,0,50,2013,500,0
414,5,2023,9,5,22,3825,1.0,0,0,1,c,c,412.0,3,2015,102,0,27,2013,498,1
139,1,2023,7,27,13,1076,1.0,1,c,0,b,c,86.0,7,2004,228,1,22,2010,500,1
621,7,2023,12,3,18,1344,1.0,0,0,1,a,a,50.0,11,2021,25,0,34,2015,385,1
1013,7,2024,5,14,8,2099,1.0,0,0,0,a,a,185.0,4,2022,25,0,11,2017,367,1
1112,4,2023,3,42,1,709,1.0,0,0,1,b,b,338.0,7,2021,20,1,1,2011,500,1
530,3,2024,9,8,3,1923,1.0,1,0,0,a,a,683.0,4,2013,137,0,19,2022,93,0
53,4,2024,10,11,16,3092,1.0,0,0,0,a,a,240.0,5,2000,293,1,44,2023,19,1
907,4,2023,11,44,7,1471,1.0,0,0,0,a,a,419.0,3,2017,80,1,16,2011,500,1
706,3,2024,3,16,28,2015,1.0,1,0,0,c,c,50.0,1,2002,266,0,21,2019,255,0
913,4,2024,2,26,2,3779,1.0,0,0,1,b,a,553.0,3,2018,71,1,20,2020,214,0
555,3,2023,2,6,14,1125,1.0,0,0,0,c,a,179.0,8,2012,126,0,41,2019,173,1
714,7,2023,11,25,16,3671,1.0,0,0,1,a,a,229.0,5,2013,126,1,10,2020,171,1
505,1,2024,11,10,16,371,1.0,0,0,1,a,a,314.0,9,2014,122,0,18,2012,500,1
274,1,2023,8,21,15,2480,1.0,0,b,0,a,a,132.0,4,2017,76,0,50,2011,500,1
266,1,2023,2,44,2,3266,1.0,1,0,0,c,c,50.0,2,2021,24,0,51,2014,461,1
863,2,2023,9,28,19,626,1.0,0,0,0,a,a,432.0,5,2012,136,0,6,2020,178,0
9,6,2024,9,49,8,1177,1.0,0,0,1,a,c,568.0,8,2014,121,0,35,2012,500,0
953,3,2024,10,51,8,2356,1.0,0,0,1,c,c,50.0,3,2018,79,0,42,2019,269,0
901,4,2024,5,22,17,246,1.0,1,0,1,c,a,370.0,12,2018,65,1,49,2011,500,0
846,6,2023,1,15,22,1728,1.0,0,0,0,c,a,366.0,10,2010,147,1,25,2011,500,0
841,6,2023,12,12,25,3936,1.0,0,0,0,c,a,187.0,7,2016,89,0,22,2016,354,0
945,7,2024,6,33,24,1924,1.0,0,0,0,c,c,186.0,11,2002,259,1,46,2013,500,1
125,5,2024,7,37,22,3430,1.0,0,0,1,c,c,616.0,3,2009,184,0,16,2016,437,1
558,6,2023,11,41,13,404,1.0,1,0,0,a,c,946.0,11,2002,252,0,40,2013,500,0
610,1,2024,8,11,24,2561,1.0,0,0,1,a,c,685.0,10,2007,202,0,24,2019,247,0
557,3,2024,4,35,26,3909,1.0,1,0,0,a,a,457.0,10,2011,150,1,31,2011,500,0
375,4,2024,10,36,23,2443,1.0,0,0,0,a,c,649.0,2,2014,128,1,8,2016,444,0
971,7,2023,7,26,1,1541,1.0,0,0,0,c,c,436.0,9,2009,166,1,31,2018,255,1
121,4,2024,5,36,18,997,1.0,0,0,1,a,a,89.0,3,2014,122,1,12,2023,76,1
419,6,2023,6,26,26,660,1.0,0,0,1,a,b,403.0,9,2001,261,1,21,2020,161,0
513,1,2024,12,42,15,1808,1.0,0,0,1,d,c,50.0,9,2008,195,0,20,2016,438,0
199,6,2024,11,16,3,2713,1.0,0,0,0,a,c,71.0,5,2001,282,0,23,2020,201,1
5,7,2024,1,14,11,2564,1.0,0,0,0,a,b,576.0,11,2007,194,1,18,2016,412,0
923,3,2023,1,32,20,3764,1.0,0,0,0,a,a,236.0,1,2006,204,0,51,2011,500,1
524,6,2023,2,17,23,1341,1.0,0,0,0,a,b,50.0,4,2002,250,0,3,2013,500,1
37,2,2024,3,27,18,2138,1.0,0,0,0,a,a,112.0,9,2009,174,0,32,2011,500,0
159,7,2023,9,14,13,2791,1.0,1,0,1,a,c,50.0,7,2002,254,0,12,2018,262,0
310,5,2023,9,13,15,2707,1.0,0,b,0,d,c,389.0,10,2015,95,1,16,2011,500,1
394,5,2024,6,34,16,2636,1.0,1,0,0,a,a,163.0,7,2002,263,0,33,2021,157,1
318,5,2023,9,15,28,2539,1.0,1,0,0,b,a,218.0,8,2020,37,1,3,2010,500,0
420,6,2023,5,51,28,3623,1.0,1,0,0,a,a,415.0,9,2016,80,0,47,2023,4,1
269,2,2024,4,43,13,1459,1.0,0,0,1,a,c,393.0,12,2008,184,0,38,2021,161,0
81,2,2023,10,22,8,545,1.0,1,0,1,a,b,50.0,3,2012,139,1,11,2012,500,1
1100,5,2024,7,13,7,3872,1.0,0,0,1,a,c,50.0,9,2011,154,0,47,2015,434,0
689,6,2024,10,18,12,357,1.0,0,0,1,a,c,269.0,1,2020,57,1,12,2010,500,0
218,7,2024,5,24,5,3988,1.0,1,0,0,a,b,485.0,5,2004,240,0,40,2021,140,0
571,7,2023,11,31,3,202,1.0,0,0,1,a,b,90.0,9,2002,254,1,39,2023,0,1
448,2,2023,9,19,9,3165,1.0,1,0,1,a,c,131.0,8,2009,169,1,29,2017,302,1
736,1,2024,3,19,10,3923,1.0,1,a,0,d,a,332.0,12,2022,15,0,34,2015,453,1
571,2,2024,9,26,21,1529,1.0,1,0,1,a,a,327.0,9,2006,216,0,26,2019,260,0
919,5,2023,10,6,26,2504,1.0,0,0,1,a,c,275.0,12,2010,154,1,47,2019,167,0
159,3,2023,11,2,10,3935,1.0,0,0,1,a,a,405.0,10,2019,49,1,3,2015,415,1
362,1,2023,9,26,8,3066,1.0,0,0,1,c,a,50.0,10,2018,59,0,8,2023,18,0
645,3,2024,3,38,11,3207,1.0,1,0,0,a,c,744.0,12,2004,231,1,41,2023,49,1
565,5,2023,11,31,24,2659,1.0,1,0,0,d,c,200.0,12,2005,215,0,47,2010,500,0
420,1,2023,8,4,9,1475,1.0,0,0,0,c,c,794.0,1,2003,247,0,27,2021,81,1
866,7,2024,8,23,16,1075,1.0,1,0,1,a,c,50.0,3,2007,209,1,15,2012,500,1
425,3,2023,12,29,13,516,1.0,0,0,1,c,a,50.0,6,2005,222,0,32,2023,0,0
395,2,2023,11,40,16,2736,1.0,0,0,0,c,c,265.0,1,2002,262,1,15,2021,129,1
529,3,2023,2,36,15,1178,1.0,0,0,0,b,b,590.0,11,2001,255,1,16,2015,436,0
620,4,2024,10,36,28,2705,1.0,0,0,0,a,a,360.0,3,2008,199,1,22,2019,274,1
203,6,2023,10,1,4,2961,1.0,1,0,1,c,a,258.0,2,2006,212,0,6,2014,463,0
626,1,2024,12,24,14,3657,1.0,0,0,0,c,a,376.0,8,2008,196,1,51,2016,389,1
288,4,2023,9,49,19,3394,1.0,0,b,0,a,c,284.0,6,2006,207,0,30,2014,487,0
289,5,2023,8,50,9,1549,1.0,0,0,1,a,a,879.0,7,2007,193,0,6,2023,44,0
714,6,2023,3,41,14,397,1.0,0,0,0,a,a,136.0,1,2002,254,1,5,2023,36,1
595,1,2024,5,31,19,2601,1.0,0,0,0,d,a,672.0,12,2020,41,0,33,2019,258,1
1030,1,2024,3,43,23,2962,1.0,1,0,0,a,a,68.0,8,2005,223,0,1,2014,500,1
271,7,2023,5,19,15,1689,1.0,1,0,1,a,c,202.0,2,2019,51,0,45,2010,500,0
562,7,2023,8,24,20,2752,1.0,1,0,1,a,c,50.0,10,2016,82,0,37,2012,500,0
166,3,2023,5,20,14,862,1.0,0,a,1,b,c,546.0,3,2002,254,0,50,2011,500,0
407,4,2023,2,6,13,852,1.0,1,0,0,c,c,654.0,1,2010,157,1,28,2013,498,1
890,2,2023,9,2,25,3118,1.0,1,0,1,d,c,238.0,1,2009,176,1,41,2022,13,0
563,6,2023,5,18,11,784,1.0,1,0,0,b,c,454.0,1,2011,148,0,48,2018,230,1
962,7,2024,5,35,21,1968,1.0,0,0,0,b,b,328.0,3,2007,206,0,4,2023,83,1
727,4,2024,6,38,7,1204,1.0,0,0,0,b,a,468.0,4,2014,122,0,22,2013,500,0
895,5,2024,1,39,12,1739,1.0,0,0,0,c,a,645.0,5,2021,32,0,43,2013,500,1
144,5,2024,9,30,5,444,1.0,0,0,0,a,a,50.0,10,2007,203,0,7,2016,439,0
690,4,2023,2,12,6,1947,1.0,0,0,1,a,b,50.0,5,2013,117,1,41,2013,491,0
977,4,2024,10,45,9,3668,1.0,1,0,0,a,c,125.0,11,2007,203,1,38,2022,111,0
84,6,2023,10,40,3,3657,1.0,1,0,1,c,a,158.0,1,2020,45,1,50,2010,500,1
149,3,2024,3,11,18,1928,1.0,1,0,1,c,a,353.0,12,2007,195,0,23,2019,248,1
592,7,2024,12,36,7,2497,1.0,0,0,0,b,a,293.0,7,2009,185,1,10,2011,500,0
859,3,2023,7,13,18,560,1.0,0,0,1,c,c,230.0,7,2007,192,1,21,2019,200,0
1062,6,2023,1,3,28,1051,1.0,1,0,1,a,a,268.0,4,2014,105,0,27,2013,496,1
661,4,2023,3,3,26,2409,1.0,0,0,0,d,c,357.0,10,2021,17,0,35,2020,124,1
1011,3,2024,4,14,4,1819,1.0,1,0,1,a,c,60.0,1,2003,255,0,21,2022,97,0
533,1,2023,1,12,18,1350,1.0,1,0,1,a,a,50.0,8,2007,185,1,26,2013,500,1
900,3,2024,7,52,28,584,1.0,1,0,0,a,b,50.0,5,2002,266,1,37,2011,500,1
145,5,2024,3,50,20,1408,1.0,0,0,1,a,a,623.0,7,2012,140,0,17,2016,449,0
775,4,2023,10,1,18,1396,1.0,1,0,0,a,a,50.0,12,2014,106,1,9,2011,500,0
331,5,2023,7,52,23,955,1.0,0,0,1,a,a,630.0,8,2015,95,0,38,2021,118,1
564,5,2024,9,48,14,1505,1.0,1,0,0,d,a,120.0,11,2012,142,0,3,2023,97,1
972,4,2023,3,50,20,1965,1.0,0,c,0,a,c,545.0,2,2017,73,0,35,2023,15,1
490,3,2024,12,43,24,739,1.0,1,0,1,a,a,50.0,3,2020,57,1,17,2011,500,0
92,2,2024,9,7,17,358,1.0,0,0,0,a,b,50.0,6,2000,291,0,49,2023,10,1
660,1,2024,8,38,9,3518,1.0,1,0,0,b,a,50.0,3,2015,113,1,38,2012,500,0
58,6,2023,12,40,22,2335,1.0,1,0,1,c,c,250.0,11,2018,61,0,34,2012,500,0
528,4,2023,6,29,2,2573,1.0,1,0,0,a,a,406.0,8,2004,226,1,34,2017,307,1
204,1,2024,6,6,19,1050,1.0,1,0,0,c,c,50.0,7,2002,263,1,30,2017,340,0
461,6,2023,11,14,5,262,1.0,0,0,1,a,c,403.0,11,2011,144,0,16,2013,500,0
767,3,2024,11,27,1,3380,1.0,0,0,0,c,a,298.0,4,2011,163,1,28,2019,259,0
667,2,2023,4,9,23,581,1.0,1,0,0,c,a,105.0,7,2000,273,0,31,2015,394,0
252,4,2023,9,51,23,3317,1.0,1,0,1,a,a,325.0,8,2007,193,0,51,2021,104,1
1023,3,2023,3,3,17,3907,1.0,1,0,1,a,a,317.0,8,2015,91,1,28,2015,391,0
188,3,2024,1,28,1,508,1.0,0,0,0,c,b,448.0,7,2002,258,0,31,2018,309,1
244,2,2024,4,30,14,575,1.0,1,0,0,a,a,350.0,8,2002,260,0,17,2018,325,0
743,1,2023,2,25,13,214,1.0,0,0,1,a,c,322.0,11,2005,207,0,17,2021,112,0
152,5,2023,4,46,22,2814,1.0,1,0,1,a,c,883.0,8,2009,164,0,2,2010,500,1
1096,6,2024,4,7,25,1164,1.0,1,a,0,a,a,50.0,11,2010,161,0,52,2012,500,0
176,7,2023,6,8,14,3075,1.0,1,a,0,a,a,50.0,11,2000,271,0,27,2021,85,1
430,2,2024,12,4,20,2150,1.0,0,0,0,c,a,617.0,8,2007,208,0,12,2013,500,0
780,2,2024,4,13,14,3564,1.0,1,0,1,a,a,50.0,8,2015,104,1,1,2014,500,0
847,3,2023,5,2,26,3912,1.0,0,0,0,b,a,559.0,8,2010,153,1,30,2017,284,0
971,6,2024,11,8,26,3501,1.0,0,0,1,d,a,386.0,2,2015,117,1,37,2023,23,0
559,5,2023,5,33,21,1456,1.0,1,0,0,d,a,50.0,8,2012,129,1,1,2022,84,0
855,5,2024,12,33,17,2738,1.0,1,0,1,b,a,587.0,12,2003,252,0,12,2021,177,0
748,4,2024,9,39,14,1695,1.0,1,0,1,a,c,647.0,9,2005,228,0,33,2018,318,0
451,7,2024,12,40,19,2725,1.0,0,c,0,a,a,299.0,5,2004,247,0,17,2010,500,0
194,3,2023,10,40,11,3453,1.0,0,0,0,a,c,260.0,5,2014,113,1,25,2012,500,1
631,1,2024,9,44,18,2029,1.0,1,0,1,c,c,679.0,1,2007,212,1,6,2021,194,0
868,4,2023,9,40,1,2946,1.0,0,0,1,a,c,50.0,8,2011,145,1,34,2015,422,1
52,7,2024,9,13,8,424,1.0,0,0,1,a,c,498.0,8,2022,25,1,30,2012,500,0
646,4,2024,11,52,21,2954,1.0,0,0,1,a,a,50.0,8,2002,267,1,51,2012,500,1
519,6,2024,1,37,28,2487,1.0,1,0,1,a,c,464.0,11,2020,38,0,6,2010,500,1
1017,5,2023,2,7,6,3114,1.0,1,0,0,a,b,251.0,7,2013,115,0,43,2016,328,1
832,7,2024,6,24,2,1640,1.0,0,0,0,d,c,280.0,8,2010,166,0,23,2010,500,0
896,5,2023,5,48,10,3450,1.0,0,0,1,a,a,784.0,7,2015,94,1,49,2012,500,0
884,6,2023,8,52,9,2076,1.0,0,0,0,c,c,50.0,1,2018,67,1,35,2022,69,0
399,5,2023,4,51,28,1648,1.0,0,a,1,c,a,506.0,9,2015,91,1,32,2018,279,1
683,2,2023,11,37,10,2670,1.0,1,0,0,c,c,269.0,7,2000,280,0,51,2014,454,0
257,1,2023,3,31,26,1057,1.0,1,0,0,a,a,320.0,8,2020,31,0,39,2017,304,0
928,3,2023,2,6,28,2569,1.0,1,0,0,c,c,548.0,10,2002,244,1,27,2014,447,1
373,7,2023,10,31,1,2634,1.0,1,0,1,b,c,532.0,2,2010,164,1,18,2020,169,0
385,1,2024,7,16,17,3118,1.0,0,0,0,a,a,477.0,6,2016,97,0,12,2021,160,1
887,2,2023,11,15,8,870,1.0,0,0,1,c,c,50.0,6,2018,65,0,13,2017,314,1
98,1,2024,6,36,11,2800,1.0,0,b,1,a,a,475.0,3,2020,51,0,36,2023,52,0
921,3,2024,12,13,12,1296,1.0,0,0,0,a,b,518.0,4,2014,128,1,13,2010,500,0
576,7,2023,2,37,9,3420,1.0,0,0,1,a,c,441.0,12,2002,242,1,16,2022,73,1
14,4,2023,6,23,5,1369,1.0,0,0,0,b,c,480.0,5,2008,181,1,37,2018,246,0
1107,6,2024,12,21,3,3933,1.0,0,0,0,a,a,319.0,1,2018,83,1,15,2023,58,1
960,5,2024,2,15,5,707,1.0,0,0,1,c,a,50.0,9,2019,53,0,42,2017,337,0
993,1,2023,12,16,1,1644,1.0,1,0,1,c,a,169.0,1,2001,275,1,33,2011,500,1
979,3,2023,11,42,12,2614,1.0,1,0,1,b,a,150.0,6,2008,185,1,3,2019,247,1
977,4,2024,2,14,5,2131,1.0,0,0,0,b,a,299.0,8,2008,186,1,4,2015,478,0
72,3,2024,7,34,6,908,1.0,1,0,0,a,c,171.0,6,2019,61,1,36,2022,102,0
676,3,2024,3,17,13,282,1.0,1,0,0,b,a,832.0,4,2017,83,1,21,2013,500,1
602,5,2023,3,36,17,3553,1.0,1,b,1,a,a,427.0,12,2015,87,0,11,2010,500,0
1064,3,2023,7,5,9,1167,1.0,1,0,0,b,a,273.0,11,2011,140,0,20,2018,245,1
318,7,2023,5,48,14,1462,1.0,0,b,1,a,a,375.0,2,2001,267,1,7,2016,405,1
624,7,2024,4,19,28,2169,1.0,0,0,1,b,a,418.0,10,2017,78,0,8,2023,63,0
262,1,2024,11,10,25,990,1.0,1,0,0,c,a,941.0,9,2014,122,1,43,2018,279,1
487,7,2024,9,9,8,1613,1.0,0,0,0,c,c,426.0,6,2006,219,1,32,2023,29,1
199,4,2024,4,39,20,3075,1.0,0,0,1,a,a,170.0,4,2007,204,1,52,2021,143,1
735,3,2024,10,12,24,1859,1.0,1,0,1,c,c,50.0,6,2015,112,1,41,2019,231,0
129,4,2023,11,15,16,3888,1.0,1,0,1,b,c,359.0,4,2000,283,0,2,2021,117,0
618,6,2023,6,13,24,2163,1.0,1,0,1,a,a,906.0,10,2018,56,0,16,2020,153,1
737,1,2023,8,16,10,3125,1.0,1,0,0,a,a,244.0,10,2013,118,1,43,2018,233,1
779,2,2023,12,9,7,3340,1.0,0,0,1,c,b,50.0,10,2004,230,1,20,2022,41,0
161,1,2023,5,31,12,2905,1.0,1,0,1,a,c,588.0,9,2012,128,0,24,2015,423,1
422,6,2023,2,27,7,366,1.0,0,0,0,c,a,327.0,8,2004,222,0,20,2016,371,0
462,6,2023,1,5,17,1590,1.0,0,a,1,b,a,50.0,3,2006,202,1,15,2014,458,1
1086,1,2023,3,35,20,2575,1.0,1,0,0,a,a,353.0,9,2001,258,1,31,2017,316,1
285,6,2023,1,48,26,3332,1.0,0,0,1,a,a,632.0,6,2019,43,1,5,2018,303,1
1051,3,2023,9,46,27,2396,1.0,0,0,0,a,c,50.0,11,2008,178,0,40,2022,58,1
276,1,2024,12,18,14,3386,1.0,0,0,0,c,a,506.0,2,2015,118,0,5,2010,500,0
896,4,2024,7,28,15,1559,1.0,0,0,0,c,a,50.0,2,2000,293,0,8,2015,488,1
844,5,2024,12,23,1,3012,1.0,0,0,1,a,a,229.0,2,2019,70,1,37,2014,500,0
39,1,2024,8,3,11,3074,1.0,0,a,0,b,c,148.0,3,2012,149,0,1,2015,470,1
680,2,2023,12,29,9,700,1.0,0,0,0,c,c,624.0,11,2003,241,1,19,2017,322,1
294,1,2023,7,18,1,3967,1.0,0,0,1,c,c,589.0,4,2006,207,1,39,2021,83,1
41,2,2024,5,45,2,3117,1.0,0,0,0,a,c,50.0,7,2009,178,1,16,2014,500,0
1043,3,2023,11,28,23,2720,1.0,1,0,1,a,a,50.0,5,2022,18,0,18,2022,62,1
848,7,2023,10,19,4,1995,1.0,1,0,1,a,a,50.0,2,2020,44,0,50,2023,0,1
905,4,2024,5,38,8,2748,1.0,0,0,0,a,a,418.0,2,2020,51,1,28,2020,218,0
712,5,2023,6,10,18,3579,1.0,0,0,0,c,a,50.0,8,2004,226,0,21,2010,500,1
283,2,2024,1,12,6,1092,1.0,1,0,0,d,a,97.0,8,2012,137,0,35,2016,393,0
706,5,2024,5,32,17,3926,1.0,0,0,1,a,c,569.0,5,2000,288,1,29,2016,419,0
638,3,2024,9,40,6,3516,1.0,1,0,0,b,a,470.0,5,2020,52,0,52,2015,456,1
744,4,2023,4,43,11,1216,1.0,0,0,1,c,a,50.0,7,2001,261,1,14,2022,81,1
30,2,2023,7,39,19,627,1.0,1,0,0,a,a,349.0,3,2022,16,1,40,2011,500,0
557,5,2023,10,36,23,1729,1.0,0,0,1,a,c,50.0,1,2004,237,0,25,2011,500,1
925,1,2024,8,39,12,3169,1.0,0,0,1,a,a,96.0,11,2013,129,0,17,2014,500,1
472,3,2023,4,42,17,2901,1.0,0,0,0,a,b,118.0,2,2018,62,1,20,2013,500,1
552,3,2023,3,35,23,3596,1.0,1,0,0,c,c,154.0,7,2008,176,1,10,2013,500,0
1010,3,2023,8,27,23,2508,1.0,1,0,0,c,b,264.0,5,2006,207,0,41,2022,38,1
547,2,2024,10,13,3,2943,1.0,1,0,1,c,a,69.0,4,2020,54,1,28,2012,500,0
525,1,2024,11,40,2,3703,1.0,0,0,0,d,a,81.0,1,2015,118,1,37,2010,500,0
156,5,2024,1,31,20,1396,1.0,1,0,0,a,b,558.0,10,2006,207,1,27,2020,212,0
490,7,2024,4,10,14,2539,1.0,0,0,1,a,a,291.0,12,2000,280,1,47,2019,223,1
38,2,2024,3,15,25,2199,1.0,0,0,0,a,b,50.0,6,2007,201,1,7,2019,268,0
935,1,2023,8,51,17,2904,1.0,0,0,0,a,a,320.0,11,2005,213,1,21,2018,290,0
1053,2,2023,1,48,24,3491,1.0,0,0,1,c,c,50.0,6,2014,103,1,24,2010,500,0
578,3,2023,3,4,22,819,1.0,1,0,0,c,c,324.0,10,2008,173,0,50,2023,0,1
816,3,2023,9,3,5,481,1.0,0,0,1,a,a,458.0,9,2000,276,1,51,2012,500,1
662,3,2024,9,45,25,976,1.0,0,0,0,c,c,532.0,5,2015,112,0,32,2012,500,0
293,1,2023,10,36,17,1141,1.0,1,b,0,a,a,417.0,12,2002,250,0,29,2015,423,0
236,6,2024,1,27,3,600,1.0,0,0,0,a,a,50.0,7,2002,258,1,9,2012,500,1
28,1,2024,7,46,27,1004,1.0,1,0,0,a,a,120.0,9,2012,142,1,52,2016,410,0
818,3,2023,9,25,7,3974,1.0,1,0,1,a,a,632.0,3,2007,198,0,20,2015,421,1
710,6,2023,3,18,23,2615,1.0,1,0,1,c,a,196.0,11,2003,232,0,11,2021,111,1
206,5,2024,9,10,11,1954,1.0,1,0,0,c,c,264.0,7,2014,122,0,2,2010,500,1
969,2,2024,1,14,25,610,1.0,0,0,0,c,a,493.0,12,2019,49,0,30,2010,500,1
69,1,2024,11,15,3,2631,1.0,0,0,1,a,a,742.0,11,2003,252,1,7,2016,424,1
525,5,2023,4,6,26,1223,1.0,0,0,1,a,a,267.0,11,2020,29,0,6,2013,500,1
23,1,2024,11,23,14,3027,1.0,0,0,0,a,a,173.0,11,2001,276,1,12,2019,271,0
743,3,2023,5,27,4,3426,1.0,0,0,1,d,c,858.0,9,2011,140,1,39,2022,40,0
537,6,2023,10,38,13,1432,1.0,0,0,0,a,a,880.0,12,2016,82,1,34,2012,500,1
1064,3,2023,6,10,6,2549,1.0,0,0,1,a,c,301.0,6,2002,252,1,16,2015,410,0
700,3,2023,3,52,15,3636,1.0,0,0,1,c,a,296.0,3,2021,24,1,49,2011,500,0
540,2,2024,10,31,23,2210,1.0,0,0,0,a,a,562.0,5,2006,221,0,50,2013,500,0
481,4,2024,9,10,4,956,1.0,0,0,1,d,a,421.0,9,2017,84,0,7,2022,107,0
906,2,2023,12,30,23,579,1.0,0,a,1,d,c,299.0,9,2013,123,1,2,2018,288,1
926,1,2024,4,27,23,1223,1.0,1,0,0,c,a,511.0,10,2008,186,1,51,2010,500,1
388,5,2023,10,7,3,806,1.0,0,0,0,a,a,96.0,6,2001,268,0,30,2023,0,1
1050,1,2023,5,27,24,2016,1.0,0,b,1,c,a,624.0,6,2020,35,0,42,2019,193,1
14,5,2023,5,36,25,621,1.0,0,0,1,c,a,489.0,7,2008,178,0,37,2023,0,1
939,2,2023,3,2,18,380,1.0,0,0,1,c,a,426.0,11,2011,136,0,45,2016,321,0
951,3,2023,1,48,9,934,1.0,1,0,0,a,a,258.0,10,2004,219,0,23,2017,337,1
415,1,2024,7,50,5,663,1.0,1,0,1,a,c,104.0,8,2009,179,0,25,2010,500,0
1059,2,2024,12,49,26,1093,1.0,0,0,0,b,c,50.0,10,2013,134,1,51,2011,500,0
542,3,2024,8,51,23,2856,1.0,1,0,0,a,a,50.0,11,2022,21,0,35,2015,484,1
65,3,2023,9,8,2,1838,1.0,1,0,0,b,c,50.0,3,2020,42,0,16,2012,500,1
390,7,2023,9,10,8,1000,1.0,0,0,1,c,a,657.0,10,2021,23,1,24,2011,500,1
725,1,2024,4,43,17,1459,1.0,1,0,0,c,a,93.0,8,2020,44,1,2,2014,500,0
548,4,2024,12,7,17,1676,1.0,0,0,1,a,a,50.0,6,2005,234,1,52,2019,215,1
790,4,2024,12,39,28,318,1.0,0,0,0,a,a,263.0,12,2002,264,1,36,2022,107,1
953,7,2024,10,6,20,3185,1.0,1,0,1,c,a,50.0,5,2010,173,1,27,2013,500,0
966,6,2023,2,50,17,3332,1.0,1,0,1,a,c,172.0,11,2002,243,0,27,2021,127,0
716,5,2024,1,29,10,3287,1.0,1,0,0,a,a,457.0,12,2015,97,1,52,2010,500,0
752,5,2024,5,13,4,3335,1.0,1,0,1,a,a,191.0,1,2016,100,1,32,2023,33,0
214,7,2024,12,11,8,3520,1.0,1,0,0,a,a,191.0,8,2017,88,1,10,2016,417,1
917,1,2024,6,30,3,1608,1.0,0,0,0,a,a,284.0,11,2000,283,0,29,2017,365,1
647,6,2023,11,10,27,3169,1.0,0,0,1,a,a,50.0,3,2000,284,1,2,2012,500,0
819,2,2023,4,28,17,3616,1.0,0,0,0,d,a,377.0,11,2011,137,1,38,2018,250,0
496,5,2024,9,40,12,2103,1.0,1,0,0,d,a,718.0,6,2009,183,0,37,2020,211,1
427,4,2024,2,44,21,3877,1.0,0,0,0,a,a,180.0,4,2015,106,1,25,2014,500,1
813,4,2024,6,51,18,3754,1.0,0,0,0,c,a,320.0,8,2016,94,1,41,2010,500,0
150,7,2023,2,4,23,1642,1.0,1,0,0,c,c,50.0,12,2008,170,1,4,2017,312,0
245,7,2023,1,45,2,236,1.0,1,0,0,a,a,74.0,12,2018,49,0,5,2021,144,0
998,2,2023,8,28,17,2759,1.0,1,0,1,a,a,585.0,6,2009,170,1,4,2020,180,0
531,3,2023,3,43,1,2980,1.0,0,0,1,a,a,338.0,4,2015,95,1,27,2018,276,0
1062,1,2024,12,24,9,3464,1.0,0,0,1,c,c,489.0,9,2010,171,1,2,2010,500,1
593,2,2023,12,26,10,1762,1.0,0,0,1,a,a,370.0,12,2001,264,0,13,2013,500,1
27,4,2023,12,52,3,3184,1.0,1,0,1,a,a,243.0,1,2006,215,0,51,2022,53,1
743,2,2023,9,24,27,639,1.0,1,0,0,a,a,654.0,2,2022,19,0,11,2022,65,0
786,4,2023,6,43,19,1092,1.0,1,b,0,c,c,50.0,2,2009,172,1,50,2018,253,0
921,4,2024,3,44,23,3386,1.0,1,0,1,c,a,50.0,3,2013,132,1,41,2023,55,1
110,7,2023,10,50,16,2311,1.0,0,0,1,b,b,176.0,5,2018,65,0,21,2014,497,1
625,6,2024,9,9,14,727,1.0,0,0,0,a,a,304.0,8,2012,145,1,38,2022,75,0
790,4,2023,3,37,8,1825,1.0,0,0,1,b,a,201.0,2,2019,49,1,35,2014,470,0
74,1,2024,3,36,7,1015,1.0,0,0,0,b,a,353.0,12,2003,243,0,33,2010,500,0
239,1,2023,9,13,27,1283,1.0,1,a,0,b,c,701.0,8,2013,121,0,3,2023,10,1
970,6,2024,9,28,26,1132,1.0,1,0,0,a,c,50.0,8,2009,181,0,4,2017,388,0
1090,5,2024,6,35,16,2596,1.0,0,0,0,a,c,747.0,4,2006,218,0,37,2014,500,1
238,7,2024,2,18,25,2934,1.0,1,0,0,b,a,225.0,3,2008,191,1,20,2017,362,1
829,2,2024,8,44,22,230,1.0,0,0,0,a,b,348.0,4,2009,184,1,24,2017,384,1
681,4,2023,2,33,21,978,1.0,0,0,1,a,a,297.0,6,2009,164,0,35,2022,50,0
783,6,2023,1,16,17,821,1.0,1,a,1,c,a,374.0,9,2016,76,1,26,2015,406,1
721,3,2023,12,41,11,704,1.0,0,0,0,b,c,651.0,6,2020,42,1,19,2021,126,1
244,4,2023,10,31,5,584,1.0,0,0,0,c,a,50.0,7,2010,159,1,6,2017,337,1
18,6,2023,9,51,13,2603,1.0,1,0,1,a,b,74.0,2,2012,139,1,52,2021,103,1
266,7,2023,7,6,27,3977,1.0,1,0,1,a,a,478.0,3,2002,256,0,21,2015,401,1
359,4,2023,9,32,4,2127,1.0,1,0,1,a,a,50.0,8,2009,169,1,42,2010,500,0
620,2,2023,7,8,17,788,1.0,1,0,1,a,c,50.0,3,2015,100,0,10,2016,362,1
452,7,2024,12,44,14,3449,1.0,1,0,1,a,a,484.0,7,2018,77,1,18,2014,500,0
180,5,2024,3,21,19,3358,1.0,0,0,1,c,a,59.0,4,2002,263,1,1,2011,500,0
1110,4,2024,6,19,20,3789,1.0,1,0,1,d,c,554.0,10,2012,140,1,4,2017,379,1
355,5,2023,5,27,15,3479,1.0,0,0,0,a,c,155.0,4,2022,13,0,22,2010,500,0
505,3,2024,5,10,17,1329,1.0,0,0,0,a,a,632.0,3,2009,182,1,18,2017,356,1
1021,1,2023,1,23,22,2110,1.0,0,0,0,a,a,366.0,12,2007,181,0,6,2021,121,0
713,4,2023,11,30,6,3500,1.0,1,0,1,c,a,81.0,3,2016,92,0,12,2019,226,0
508,4,2023,5,2,27,407,1.0,0,0,0,c,a,50.0,9,2003,236,0,10,2021,96,1
144,7,2023,7,34,15,1849,1.0,0,0,1,d,b,220.0,8,2014,107,0,40,2023,0,0
381,5,2023,4,42,10,3090,1.0,1,0,0,d,b,307.0,4,2013,120,1,17,2023,25,1
1095,7,2024,2,41,25,2842,1.0,0,0,1,a,a,98.0,10,2008,184,0,17,2021,180,1
957,5,2024,10,16,24,2454,1.0,0,0,0,a,a,50.0,12,2017,82,0,24,2018,304,0
410,3,2024,6,38,5,3100,1.0,0,0,1,a,a,221.0,4,2006,218,1,10,2019,288,0
746,1,2023,2,48,4,2638,1.0,0,0,1,a,c,751.0,11,2016,75,0,13,2014,500,0
264,7,2024,8,16,24,2601,1.0,1,0,0,c,a,364.0,3,2012,149,1,11,2021,161,0
503,1,2023,2,13,12,2323,1.0,0,0,1,c,a,96.0,11,2006,195,1,50,2022,15,0
622,7,2024,11,51,28,2831,1.0,1,0,0,a,c,334.0,6,2022,29,1,32,2017,383,0
859,2,2023,10,35,26,1468,1.0,0,0,1,a,c,479.0,9,2012,133,0,48,2023,0,1
434,5,2023,9,5,4,1213,1.0,0,0,0,c,a,50.0,4,2016,89,0,45,2023,0,1
237,2,2023,8,24,17,3973,1.0,0,0,1,a,a,213.0,10,2015,94,1,13,2014,479,0
297,4,2024,12,48,16,1592,1.0,1,0,0,a,c,246.0,4,2021,44,0,3,2020,253,1
119,5,2024,8,2,2,2829,1.0,0,0,0,c,c,170.0,6,2018,74,0,24,2015,446,1
416,6,2024,1,45,10,1713,1.0,1,0,0,a,a,50.0,1,2004,240,1,19,2022,130,0
323,1,2023,2,32,11,2895,1.0,0,0,1,a,c,488.0,4,2011,142,0,32,2017,312,0
1110,7,2023,9,32,17,1248,1.0,0,0,1,c,c,50.0,5,2015,100,1,9,2021,127,0
353,2,2023,8,2,21,2292,1.0,0,0,0,d,a,92.0,7,2000,277,0,10,2016,356,1
743,5,2024,5,39,5,1885,1.0,0,b,1,c,a,72.0,5,2006,216,1,11,2018,340,1
1004,2,2023,8,3,10,425,1.0,1,0,1,a,a,122.0,10,2009,166,1,33,2018,230,1
140,7,2023,5,19,12,1836,1.0,0,0,1,c,a,728.0,9,2004,224,0,10,2019,217,1
1081,6,2023,6,35,7,2432,1.0,1,0,0,c,a,197.0,5,2014,109,0,22,2022,65,1
656,2,2023,3,50,25,1717,1.0,0,0,0,a,a,610.0,2,2006,205,0,14,2017,348,0
61,3,2024,12,26,23,2009,1.0,0,0,1,a,c,330.0,4,2003,260,0,2,2022,128,0
14,3,2023,8,36,4,2132,1.0,0,0,0,d,a,424.0,2,2011,150,1,10,2011,500,1
994,6,2023,4,46,7,1780,1.0,1,0,1,a,c,201.0,2,2021,26,1,14,2011,500,1
516,7,2023,9,46,8,1669,1.0,1,0,1,a,b,507.0,11,2003,238,0,43,2018,263,0
923,6,2023,7,24,6,1969,1.0,0,0,0,a,a,105.0,10,2004,225,1,10,2020,170,1
259,3,2023,4,45,5,736,1.0,1,0,1,a,a,157.0,2,2002,254,1,31,2016,378,0
211,5,2023,2,52,20,3439,1.0,0,0,0,a,a,134.0,8,2003,234,0,43,2011,500,0
952,7,2024,9,22,24,2348,1.0,0,0,1,a,a,50.0,7,2009,182,0,51,2022,75,1
529,1,2023,5,2,20,3479,1.0,0,0,1,a,c,284.0,7,2000,274,1,26,2014,444,1
104,2,2023,4,8,20,883,1.0,1,0,0,a,a,550.0,11,2002,245,0,2,2016,370,0
541,6,2023,4,48,1,3492,1.0,0,0,0,d,a,189.0,4,2005,216,1,10,2015,454,1
320,3,2024,2,38,3,3950,1.0,1,0,0,b,a,50.0,6,2000,284,1,29,2013,500,0
231,6,2023,9,12,16,2360,1.0,1,0,1,a,a,875.0,7,2019,50,0,30,2022,34,1
749,7,2023,12,37,18,2701,1.0,1,0,1,c,a,173.0,12,2006,204,0,51,2012,500,1
426,3,2023,10,10,2,3041,1.0,0,0,0,d,a,509.0,1,2016,93,1,23,2015,403,0
320,7,2024,3,46,21,1508,1.0,0,0,0,a,a,291.0,3,2015,108,1,23,2020,231,0
180,7,2023,11,26,26,1220,1.0,0,b,0,c,a,613.0,2,2003,249,0,23,2018,263,1
930,2,2023,6,45,19,1726,1.0,1,0,1,a,c,275.0,8,2003,238,1,15,2010,500,0
625,5,2024,3,34,21,788,1.0,0,0,1,b,a,275.0,4,2021,35,1,11,2018,335,0
1022,4,2024,6,12,21,1078,1.0,1,0,1,b,a,273.0,12,2011,150,0,49,2021,119,0
379,5,2024,8,33,21,2595,1.0,1,0,0,a,a,213.0,2,2014,126,0,34,2015,467,0
7,4,2023,8,35,15,2192,1.0,0,0,0,c,c,309.0,9,2016,83,0,45,2021,94,0
516,4,2024,7,19,21,3632,1.0,1,0,1,a,a,59.0,1,2011,162,0,43,2019,236,1
378,4,2023,6,29,1,1451,1.0,1,0,1,c,a,439.0,10,2014,104,0,46,2017,295,0
553,3,2024,7,32,6,2765,1.0,1,0,1,a,c,1104.0,3,2002,268,1,26,2017,370,0
541,4,2024,9,4,14,1632,1.0,0,0,0,a,a,50.0,12,2020,45,0,15,2018,301,1
586,3,2024,3,24,3,3716,1.0,0,b,1,c,b,385.0,11,2020,40,1,8,2014,500,0
886,6,2023,4,39,13,3166,1.0,0,0,0,a,a,295.0,1,2017,75,0,44,2012,500,0
206,6,2023,9,11,13,1870,1.0,0,0,0,b,a,50.0,1,2013,128,1,14,2016,361,1
1090,3,2023,9,9,14,2970,1.0,0,0,0,a,c,524.0,5,2009,172,0,44,2010,500,0
15,6,2023,8,2,20,1781,1.0,0,0,1,a,a,157.0,10,2003,238,0,17,2012,500,0
591,4,2024,10,37,10,3834,1.0,0,0,1,d,a,84.0,12,2008,190,1,8,2015,497,1
640,3,2023,11,34,28,3542,1.0,0,0,0,a,a,700.0,7,2011,148,0,46,2010,500,1
874,3,2024,5,2,2,1400,1.0,1,0,1,a,a,188.0,12,2017,77,1,19,2021,139,1
339,5,2024,8,32,8,2367,1.0,0,0,1,c,a,640.0,1,2000,295,1,33,2015,467,1
787,6,2024,11,21,25,629,1.0,0,0,1,b,c,452.0,6,2009,185,0,22,2015,467,1
73,6,2024,9,27,26,1102,1.0,1,0,1,a,a,319.0,6,2001,279,1,49,2022,82,1
489,5,2023,3,34,26,2603,1.0,0,0,0,a,c,481.0,10,2014,101,1,10,2021,128,0
419,2,2023,5,24,3,333,1.0,0,0,0,a,a,526.0,8,2004,225,0,17,2015,423,1
1073,3,2024,8,21,14,1174,1.0,0,0,1,a,a,237.0,6,2011,158,0,41,2013,500,1
1103,5,2024,3,27,9,1183,1.0,0,0,1,a,a,180.0,1,2009,182,1,46,2022,85,1
986,2,2023,10,49,3,3357,1.0,1,0,0,a,a,547.0,9,2012,133,0,31,2015,434,1
690,3,2023,12,6,12,217,1.0,0,0,0,a,b,1124.0,2,2018,70,0,42,2011,500,0
47,3,2024,7,19,1,3382,1.0,0,0,1,c,a,50.0,12,2004,235,1,32,2016,403,1
807,2,2023,8,36,10,3951,1.0,0,0,1,c,c,50.0,2,2015,102,0,50,2016,350,0
224,6,2023,9,25,17,2825,1.0,1,0,1,a,c,50.0,2,2008,187,1,50,2018,235,1
941,3,2023,6,45,24,799,1.0,0,0,0,a,a,193.0,10,2015,92,1,13,2014,500,0
425,3,2023,9,15,3,1116,1.0,0,0,1,b,c,50.0,3,2006,210,1,19,2021,100,0
755,3,2023,12,6,13,810,1.0,1,0,1,a,c,474.0,2,2001,274,1,50,2015,372,0
624,7,2024,4,11,12,3348,1.0,0,0,1,a,a,50.0,8,2007,200,0,15,2017,360,1
492,4,2024,4,41,22,2944,1.0,1,0,0,a,c,162.0,8,2004,236,0,35,2019,266,0
715,1,2024,6,32,8,620,1.0,0,0,1,d,c,141.0,7,2012,143,0,52,2021,136,1
968,3,2024,9,22,25,3793,1.0,0,b,1,a,a,588.0,4,2010,173,1,39,2014,500,1
818,6,2023,10,12,8,361,1.0,0,0,0,a,b,275.0,1,2020,45,1,34,2010,500,0
341,6,2024,3,41,15,833,1.0,0,0,1,a,a,50.0,8,2021,31,0,10,2011,500,1
204,2,2023,12,18,23,3883,1.0,0,0,0,a,a,379.0,2,2003,250,0,12,2017,318,1
284,7,2023,6,27,11,1035,1.0,1,0,0,b,a,50.0,1,2014,113,1,12,2010,500,1
586,4,2024,6,43,22,2959,1.0,0,0,0,a,a,50.0,12,2003,246,1,5,2016,454,1
290,6,2023,5,12,1,1520,1.0,1,0,1,c,c,623.0,7,2004,226,1,52,2014,428,1
889,3,2023,1,21,27,1777,1.0,1,0,1,d,c,161.0,11,2005,206,0,44,2014,445,0
390,4,2024,10,22,21,2072,1.0,1,0,1,d,c,437.0,10,2000,288,0,41,2020,189,1
223,5,2024,6,5,5,1988,1.0,1,0,0,b,a,147.0,2,2010,172,1,41,2018,276,0
867,5,2023,6,7,27,493,1.0,1,0,1,a,a,364.0,10,2001,260,1,47,2016,324,0
834,5,2023,7,13,24,751,1.0,0,0,0,c,c,710.0,2,2008,185,1,37,2010,500,1
121,7,2024,5,1,7,363,1.0,1,0,1,c,b,347.0,7,2004,238,1,14,2023,39,1
582,6,2024,2,23,11,3435,1.0,0,0,0,a,c,182.0,7,2022,19,0,13,2023,62,0
584,5,2024,4,2,27,210,1.0,0,0,0,b,c,50.0,3,2014,121,1,26,2013,500,0
424,3,2024,7,33,11,3323,1.0,0,0,0,a,a,557.0,6,2001,277,1,11,2019,282,0
670,1,2024,11,50,28,3985,1.0,0,0,1,c,a,434.0,10,2003,253,1,28,2022,126,1
580,2,2023,6,28,8,1352,1.0,0,0,0,c,a,387.0,9,2019,45,0,39,2018,249,1
1038,3,2023,3,52,19,2675,1.0,1,0,1,a,c,266.0,7,2000,272,0,14,2021,142,0
148,6,2024,4,28,6,2648,1.0,0,0,0,a,a,627.0,2,2013,134,1,12,2013,500,1
429,3,2023,6,3,18,3623,1.0,0,0,0,a,a,159.0,4,2013,122,0,8,2020,151,1
450,1,2023,11,22,24,209,1.0,1,0,0,a,a,455.0,2,2016,93,0,29,2015,409,1
533,7,2023,6,10,24,3122,1.0,0,0,1,a,a,835.0,12,2004,222,0,10,2019,208,1
812,4,2024,4,26,12,3525,1.0,0,0,0,d,a,314.0,3,2022,25,1,48,2013,500,1
768,6,2023,6,26,28,3643,1.0,0,0,1,a,c,189.0,7,2005,215,0,17,2010,500,0
1053,1,2023,11,38,12,342,1.0,1,0,1,a,b,123.0,3,2002,260,1,42,2011,500,1
185,3,2023,9,34,18,1719,1.0,1,b,0,a,a,120.0,11,2022,10,1,22,2020,168,1
287,7,2024,9,9,25,3203,1.0,1,0,0,a,a,301.0,5,2017,88,1,45,2023,16,1
455,3,2023,11,9,1,3268,1.0,1,0,0,a,a,786.0,6,2018,65,1,1,2012,500,1
816,4,2024,1,9,20,1403,1.0,0,0,0,c,c,420.0,12,2020,37,0,12,2010,500,0
36,7,2024,2,12,22,3903,1.0,1,0,1,a,b,351.0,6,2019,56,1,25,2014,500,0
253,1,2023,3,51,12,2021,1.0,0,0,1,a,a,334.0,7,2022,8,1,29,2021,126,1
3,6,2023,9,27,9,2155,1.0,0,0,0,c,a,50.0,5,2000,280,0,28,2013,500,1
69,3,2024,3,13,21,2455,1.0,0,0,0,c,c,261.0,9,2006,210,0,36,2015,445,1
474,2,2024,2,3,15,3272,1.0,0,0,0,b,c,50.0,5,2022,21,1,25,2016,394,0
292,2,2023,6,27,4,1418,1.0,1,0,1,a,c,742.0,6,2011,144,0,41,2022,38,1
911,4,2023,1,28,18,3860,1.0,0,0,1,d,a,50.0,5,2011,140,1,31,2013,500,0
124,4,2023,11,33,27,2271,1.0,1,0,1,a,a,50.0,9,2010,158,1,48,2022,37,0
429,2,2023,1,46,11,2991,1.0,0,0,1,a,a,50.0,10,2002,243,0,5,2021,145,1
81,1,2024,2,21,23,2762,1.0,0,0,0,d,c,58.0,10,2012,136,0,37,2011,500,1
617,7,2024,11,52,4,240,1.0,1,0,0,c,a,50.0,4,2007,211,0,46,2019,266,0
719,6,2023,12,26,2,3360,1.0,0,b,0,a,c,346.0,1,2007,203,1,4,2012,500,1
526,5,2023,11,29,16,3238,1.0,1,0,1,a,a,360.0,3,2002,260,0,13,2019,224,0
129,6,2024,6,50,8,3562,1.0,0,0,0,a,a,50.0,7,2017,83,1,13,2010,500,1
480,1,2023,4,20,14,610,1.0,0,0,0,c,a,549.0,11,2007,185,1,23,2020,153,0
950,7,2023,12,3,11,981,1.0,1,0,0,d,c,240.0,9,2011,147,0,27,2010,500,0
683,3,2023,8,40,28,3788,1.0,1,0,1,c,c,244.0,12,2002,248,0,45,2014,463,1
650,2,2024,1,33,11,3358,1.0,0,0,1,a,a,550.0,7,2002,258,1,20,2019,273,1
1059,4,2024,2,47,3,3525,1.0,1,0,0,d,a,629.0,7,2005,223,1,38,2017,373,0
231,7,2024,11,48,7,1925,1.0,1,b,0,a,a,50.0,1,2004,250,1,44,2012,500,0
615,4,2023,10,26,25,1425,1.0,1,0,0,a,a,50.0,2,2001,272,0,38,2019,196,1
346,2,2024,1,37,14,1022,1.0,0,a,0,c,a,176.0,7,2014,114,0,48,2022,93,0
947,2,2024,12,44,14,2611,1.0,1,0,0,d,a,755.0,2,2005,238,0,42,2017,366,1
862,3,2023,7,40,24,1186,1.0,0,0,0,d,b,58.0,4,2013,123,1,20,2010,500,0
374,5,2024,12,23,6,3886,1.0,0,0,1,a,a,580.0,8,2007,208,1,51,2018,284,1
943,5,2024,12,22,24,3880,1.0,0,0,0,d,c,50.0,6,2017,90,1,50,2010,500,1
311,2,2023,8,24,9,1445,1.0,0,0,0,b,a,244.0,10,2021,22,0,3,2010,500,1
489,5,2023,1,38,22,435,1.0,0,b,1,c,a,118.0,8,2021,17,0,51,2012,500,1
89,7,2023,6,31,1,3058,1.0,1,0,1,a,a,414.0,9,2004,225,0,52,2016,343,0
494,6,2024,11,7,12,2979,1.0,0,0,0,a,c,334.0,6,2014,125,0,45,2011,500,0
651,6,2024,5,23,16,1441,1.0,1,0,1,a,c,50.0,11,2019,54,1,49,2018,286,0
727,4,2024,4,18,14,422,1.0,0,0,0,b,c,145.0,3,2015,109,0,44,2013,500,0
822,4,2023,4,14,26,2136,1.0,1,0,0,c,a,50.0,5,2018,59,0,8,2011,500,1
834,6,2024,9,48,10,3849,1.0,0,0,1,b,c,359.0,7,2004,242,1,2,2019,306,0
701,3,2023,2,46,22,3767,1.0,0,0,0,b,a,50.0,12,2012,122,0,16,2012,500,0
441,4,2024,6,33,26,1285,1.0,1,b,0,a,a,319.0,5,2000,289,0,2,2012,500,0
949,2,2024,3,50,9,1954,1.0,0,0,1,a,a,409.0,9,2010,162,0,35,2017,379,1
351,4,2023,11,11,21,1621,1.0,0,0,1,d,c,488.0,5,2002,258,0,45,2018,226,0
236,1,2023,7,29,10,272,1.0,1,0,0,a,c,492.0,9,2009,166,0,46,2012,500,1
311,4,2023,4,36,13,2661,1.0,0,0,0,b,c,391.0,8,2015,92,0,6,2016,394,1
742,6,2024,4,42,9,2126,1.0,1,0,0,a,c,50.0,8,2020,44,1,29,2017,377,0
714,2,2023,9,21,10,1160,1.0,0,0,0,b,b,50.0,4,2004,233,1,28,2013,500,0
553,7,2024,9,12,4,1421,1.0,0,0,0,a,c,50.0,1,2021,44,1,27,2013,500,0
1009,5,2023,11,22,22,1142,1.0,1,0,0,a,a,270.0,7,2002,256,0,47,2023,0,0
353,4,2024,10,37,5,3450,1.0,1,0,1,a,a,617.0,11,2016,95,1,7,2012,500,1
135,3,2024,2,50,21,2048,1.0,1,0,1,c,c,81.0,9,2020,41,1,4,2023,98,1
544,7,2023,6,17,21,3258,1.0,0,0,0,a,a,197.0,4,2019,50,0,38,2021,83,0
322,7,2024,1,19,25,1030,1.0,0,0,1,d,a,650.0,5,2008,188,1,32,2010,500,1
805,7,2024,11,9,17,3138,1.0,0,a,1,a,a,50.0,2,2018,81,1,26,2021,139,0
576,5,2023,10,20,5,3032,1.0,0,0,1,d,a,746.0,3,2015,103,0,10,2015,426,0
994,5,2023,10,26,9,2850,1.0,1,0,0,a,c,477.0,11,2016,83,1,6,2014,488,0
839,3,2023,9,30,22,3021,1.0,1,0,1,c,c,80.0,9,2017,72,1,33,2018,257,0
670,2,2024,1,2,8,3949,1.0,0,a,1,a,a,188.0,4,2005,225,0,48,2014,474,1
468,7,2024,9,9,23,3165,1.0,1,0,1,a,b,799.0,6,2008,195,0,50,2017,323,0
740,6,2024,10,16,21,1286,1.0,0,0,1,b,a,140.0,12,2009,178,1,13,2015,471,0
399,3,2024,8,26,18,1450,1.0,1,0,0,d,a,505.0,6,2014,122,1,31,2017,359,0
1042,2,2023,10,12,3,523,1.0,0,0,1,d,a,902.0,11,2005,215,0,28,2012,500,1
664,4,2023,8,6,16,2853,1.0,0,0,0,c,a,277.0,3,2003,245,1,50,2022,8,1
826,7,2023,5,26,7,2834,1.0,0,0,1,c,a,287.0,8,2017,69,1,44,2017,294,1
241,7,2024,5,51,28,1234,1.0,1,0,1,d,a,953.0,5,2008,192,1,7,2021,200,1
247,2,2023,6,26,10,2616,1.0,1,0,0,c,b,50.0,11,2006,199,1,36,2023,0,0
533,5,2023,4,48,13,3890,1.0,0,0,1,a,a,284.0,11,2022,5,1,43,2019,213,1
855,3,2024,1,36,25,1596,1.0,0,0,1,a,a,418.0,10,2016,87,1,13,2020,231,1
1017,4,2024,6,42,1,3881,1.0,1,0,0,a,a,50.0,7,2016,95,0,19,2022,127,0
144,1,2024,4,7,23,273,1.0,0,a,0,d,a,50.0,8,2007,200,1,52,2013,500,1
109,1,2024,7,41,8,472,1.0,0,0,1,a,c,119.0,6,2002,265,1,20,2021,177,0
150,2,2024,12,23,3,1605,1.0,1,0,1,d,b,412.0,8,2001,280,1,5,2014,500,0
110,6,2023,9,43,6,2999,1.0,0,0,0,d,a,145.0,7,2017,74,1,51,2011,500,0
1061,4,2024,12,3,16,836,1.0,0,0,0,a,a,264.0,9,2020,51,0,42,2012,500,0
167,3,2024,10,15,7,1216,1.0,1,0,1,a,c,524.0,4,2019,66,0,4,2020,219,1
125,3,2023,9,42,24,773,1.0,0,0,0,b,b,470.0,3,2009,174,0,25,2019,225,0
353,1,2024,2,4,3,624,1.0,0,0,1,a,b,50.0,2,2008,192,0,40,2020,172,0
924,5,2024,1,47,16,3548,1.0,0,0,1,c,c,345.0,8,2005,221,1,4,2014,500,0
1020,3,2023,2,10,1,931,1.0,0,0,0,a,c,455.0,5,2020,33,0,23,2021,91,1
754,3,2023,1,52,13,2112,1.0,1,0,1,a,c,266.0,1,2012,132,1,13,2022,91,1
662,5,2023,6,44,21,2990,1.0,0,0,1,a,c,448.0,10,2002,248,1,7,2010,500,1
842,4,2024,8,28,25,2153,1.0,0,0,1,c,c,521.0,11,2003,249,1,5,2020,231,0
102,2,2024,7,3,24,1560,1.0,0,0,0,d,c,387.0,5,2001,278,1,30,2023,25,1
626,5,2023,3,45,21,745,1.0,0,0,0,a,c,261.0,9,2000,270,0,11,2015,450,0
65,1,2024,6,2,24,3686,1.0,0,0,1,a,a,365.0,3,2016,99,0,38,2020,172,0
846,7,2024,8,24,15,3752,1.0,0,0,0,c,a,50.0,2,2000,294,0,47,2015,445,1
552,4,2023,4,39,25,1929,1.0,1,0,1,d,c,713.0,5,2016,83,1,27,2021,116,1
1065,7,2023,2,11,5,1610,1.0,0,0,0,d,c,687.0,12,2022,2,1,16,2011,500,1
670,7,2023,2,3,13,2599,1.0,0,0,1,c,c,666.0,11,2019,39,1,11,2020,148,1
828,2,2023,12,44,5,2432,1.0,0,0,1,a,a,328.0,12,2018,60,1,32,2016,376,1
71,6,2024,3,44,5,367,1.0,1,0,1,a,b,461.0,3,2018,72,0,37,2023,59,0
357,4,2024,2,3,7,499,1.0,0,0,1,a,a,332.0,7,2019,55,1,11,2023,44,0
512,6,2024,11,7,21,598,1.0,1,0,0,a,a,387.0,4,2001,283,0,18,2020,197,0
997,1,2023,5,31,17,2239,1.0,0,0,0,a,a,700.0,1,2011,148,1,13,2018,278,1
757,2,2024,12,1,16,3160,1.0,1,0,1,a,a,50.0,6,2007,210,0,41,2014,480,0
534,2,2023,2,49,16,512,1.0,0,a,1,d,a,422.0,11,2012,123,0,19,2016,394,0
725,3,2023,1,22,12,2435,1.0,0,0,0,b,a,50.0,3,2008,178,1,33,2019,197,1
178,3,2023,5,15,18,1882,1.0,0,0,0,c,c,50.0,11,2004,222,0,50,2015,381,1
765,4,2024,11,13,5,858,1.0,1,0,1,d,a,252.0,7,2013,136,0,14,2022,103,1
1010,7,2023,5,14,6,3499,1.0,0,0,1,a,b,50.0,2,2011,147,0,11,2018,263,0
374,1,2023,9,40,9,1356,1.0,1,0,1,a,a,50.0,11,2004,226,1,19,2016,385,1
462,6,2023,8,6,15,377,1.0,1,0,0,a,a,50.0,6,2013,122,1,35,2022,23,1
1066,7,2023,1,30,18,1515,1.0,0,0,1,c,a,145.0,4,2003,237,0,21,2012,500,0
278,7,2023,11,27,18,1711,1.0,0,0,0,a,a,450.0,12,2018,59,1,20,2015,423,1
755,3,2023,2,12,4,442,1.0,0,0,0,b,a,538.0,3,2013,119,0,45,2010,500,1
714,3,2024,10,34,25,1163,1.0,0,0,1,a,a,883.0,11,2019,59,1,8,2018,338,1
234,2,2023,2,19,21,881,1.0,0,0,1,a,a,169.0,1,2010,157,1,31,2023,0,0
1110,7,2024,9,27,8,931,1.0,0,0,1,d,a,529.0,12,2018,69,1,29,2023,50,1
1061,6,2024,11,12,5,3759,1.0,0,0,0,a,c,344.0,11,2005,228,1,22,2020,198,1
941,6,2024,12,18,8,1716,1.0,0,0,1,b,c,335.0,9,2021,39,1,20,2018,310,1
733,6,2024,9,39,28,2092,1.0,1,0,0,a,a,402.0,9,2022,24,1,34,2010,500,0
280,2,2024,1,23,28,3703,1.0,0,0,0,a,a,530.0,4,2020,45,0,46,2019,237,0
17,7,2023,1,32,12,753,1.0,0,0,0,b,a,433.0,1,2017,72,0,4,2015,444,1
795,3,2024,10,44,2,1963,1.0,0,0,1,a,a,171.0,9,2006,217,1,49,2022,99,1
780,6,2023,6,35,10,1037,1.0,0,0,0,a,b,465.0,12,2014,102,1,1,2022,86,1
284,5,2023,2,50,14,2543,1.0,0,0,1,b,a,101.0,6,2004,224,1,30,2016,384,1
139,3,2023,4,16,27,224,1.0,1,0,1,d,a,466.0,9,2008,175,1,21,2023,0,0
572,3,2024,8,17,26,3381,1.0,0,0,0,a,a,325.0,9,2008,191,0,16,2010,500,0
1111,5,2023,2,13,20,2495,1.0,0,0,0,a,b,50.0,3,2003,239,0,42,2020,127,1
157,2,2023,10,34,16,645,1.0,0,0,0,c,c,248.0,6,2001,268,1,28,2016,370,0
348,5,2023,10,40,15,383,1.0,0,0,1,c,c,570.0,12,2005,214,1,12,2018,288,1
322,7,2023,8,43,17,1498,1.0,0,0,0,b,a,252.0,11,2019,45,0,47,2011,500,1
193,3,2024,7,18,3,2308,1.0,0,0,1,a,c,359.0,6,2012,145,1,18,2015,468,1
1105,4,2024,2,33,8,352,1.0,0,0,1,a,a,146.0,8,2010,162,1,36,2022,101,1
955,2,2024,5,13,17,3238,1.0,0,0,1,a,b,208.0,2,2021,39,1,8,2021,161,0
508,3,2023,3,47,21,557,1.0,1,0,1,d,a,575.0,5,2002,250,1,5,2021,146,0
413,1,2024,7,5,12,620,1.0,1,a,1,a,a,161.0,12,2003,247,1,32,2014,493,1
828,3,2023,11,35,27,1238,1.0,0,0,1,c,b,50.0,4,2010,163,0,4,2020,187,0
1096,4,2023,11,16,21,2262,1.0,1,0,0,b,c,50.0,6,2015,101,1,50,2012,500,0
489,5,2023,11,13,14,2511,1.0,0,0,1,c,c,62.0,9,2012,134,0,9,2015,420,1
970,3,2023,5,2,28,269,1.0,0,0,0,a,c,50.0,4,2019,49,1,27,2014,443,1
2,5,2024,9,32,25,1865,1.0,0,0,1,b,c,50.0,11,2008,190,1,30,2020,210,0
701,1,2024,6,13,15,3737,1.0,1,0,1,b,a,50.0,1,2015,113,1,45,2016,384,1
730,7,2023,4,30,1,930,1.0,0,0,0,c,c,50.0,12,2007,184,0,9,2018,281,1
473,2,2024,10,16,17,3856,1.0,0,0,0,d,a,50.0,3,2005,235,1,49,2011,500,1
468,5,2024,4,18,24,393,1.0,0,0,0,c,a,705.0,11,2010,161,0,14,2011,500,1
