Store,DayOfWeek,year,month,week,day,Customers,Open,Promo,StateHoliday,SchoolHoliday,StoreType,Assortment,CompetitionDistance,CompetitionOpenSinceMonth,CompetitionOpenSinceYear,competition_open,Promo2,Promo2SinceWeek,Promo2SinceYear,promo_2_open,IsPromo2Month
230,7,2023,7,28,2,441,1.0,0,0,0,a,a,933.0,12,2017,67,0,40,2011,500,0
661,5,2024,2,7,4,2198,1.0,0,0,0,c,a,861.0,11,2009,171,1,17,2016,406,0
370,7,2023,5,2,28,2531,1.0,0,0,0,a,a,1197.0,7,2015,94,1,32,2023,0,0
604,6,2023,9,27,28,2540,1.0,0,0,0,c,a,1152.0,4,2014,113,1,6,2017,333,1
46,6,2023,5,28,11,2435,1.0,0,a,0,c,a,734.0,5,2005,216,1,45,2014,451,0
576,1,2023,11,13,1,2297,1.0,0,0,0,a,a,728.0,10,2013,121,0,25,2022,40,0
185,1,2024,4,46,2,3653,1.0,0,c,1,c,a,954.0,3,2001,277,1,15,2014,500,1
923,6,2023,12,30,10,3172,1.0,0,0,0,b,a,448.0,2,2013,130,1,3,2021,131,1
143,5,2023,8,39,5,2284,1.0,1,0,0,a,a,960.0,3,2009,173,1,40,2023,0,1
334,1,2024,7,20,18,3049,1.0,1,0,1,a,c,831.0,9,2000,286,0,33,2023,39,1
529,7,2023,3,43,9,3904,1.0,0,0,1,a,a,497.0,2,2012,133,1,14,2013,500,1
868,4,2024,7,33,18,2282,1.0,0,0,0,a,b,702.0,7,2013,132,1,32,2023,53,1
715,2,2023,12,45,12,3561,1.0,1,0,0,a,a,971.0,3,2000,285,0,34,2013,500,1
369,7,2024,1,31,9,1439,1.0,0,0,0,d,a,761.0,5,2012,140,1,15,2020,224,1
1079,6,2024,9,25,20,2231,1.0,0,0,1,a,c,910.0,4,2006,221,0,32,2012,500,1
152,5,2023,10,1,4,2171,1.0,0,0,0,a,b,1034.0,8,2021,26,0,44,2014,425,1
1051,7,2024,5,28,12,430,1.0,1,0,1,c,c,1285.0,4,2014,121,0,13,2018,327,0
585,2,2023,3,24,2,1100,1.0,1,0,0,d,c,712.0,6,2011,141,0,36,2016,352,1
475,3,2023,12,48,7,3059,1.0,0,b,0,a,a,784.0,1,2009,179,1,51,2018,257,0
1022,2,2024,5,5,21,3685,1.0,1,0,1,a,a,871.0,8,2004,237,0,21,2021,140,1
981,5,2023,12,48,15,3535,1.0,1,c,1,d,a,1392.0,10,2013,122,1,52,2014,464,0
1094,6,2023,4,14,5,1361,1.0,0,0,0,a,a,1141.0,11,2015,89,0,46,2012,500,1
221,7,2023,4,7,9,206,1.0,0,a,1,a,c,558.0,6,2017,70,0,50,2016,321,1
821,4,2024,5,43,3,2622,1.0,0,0,0,a,a,384.0,11,2021,30,0,28,2021,171,0
606,1,2024,11,51,9,762,1.0,0,a,1,c,c,1206.0,8,2007,207,0,47,2019,264,0
272,7,2023,12,12,7,3474,1.0,0,0,1,a,a,882.0,11,2013,121,1,48,2016,328,1
514,1,2024,3,35,2,2488,1.0,0,0,0,b,a,1253.0,12,2013,123,0,41,2016,410,0
199,1,2023,8,32,1,3222,1.0,1,0,0,b,a,1278.0,1,2019,55,1,19,2020,169,0
419,7,2024,9,23,5,373,1.0,0,0,0,b,c,687.0,6,2022,27,0,2,2021,177,1
992,2,2024,5,2,21,2091,1.0,1,0,0,c,a,805.0,1,2003,256,0,51,2022,55,1
704,3,2023,5,3,4,2863,1.0,0,0,1,a,a,1050.0,9,2015,92,0,15,2014,456,0
168,3,2024,12,51,12,2354,1.0,0,0,0,a,a,583.0,11,2012,145,0,18,2023,85,1
564,3,2023,10,49,11,1239,1.0,1,0,1,a,a,858.0,5,2020,41,1,52,2010,500,1
448,1,2023,4,39,12,3503,1.0,0,0,0,d,c,768.0,10,2004,222,1,29,2021,114,0
509,1,2023,3,17,19,2706,1.0,0,0,1,c,a,688.0,12,2016,75,1,33,2011,500,1
65,3,2023,3,43,13,465,1.0,0,0,1,b,c,1030.0,5,2007,190,1,31,2020,168,0
473,3,2024,4,44,22,527,1.0,0,0,0,a,a,802.0,7,2021,33,0,36,2018,320,0
1050,5,2024,1,44,16,1461,1.0,0,0,0,a,c,585.0,4,2018,69,0,34,2023,62,1
900,4,2023,11,30,19,3119,1.0,0,0,0,a,c,1105.0,1,2014,118,1,17,2016,377,0
576,7,2024,3,49,10,1198,1.0,0,0,1,a,a,1172.0,6,2015,105,0,37,2011,500,1
220,1,2024,9,33,12,445,1.0,0,a,0,a,c,1116.0,2,2022,31,1,36,2023,49,0
835,2,2024,5,49,27,3055,1.0,0,0,0,a,c,657.0,2,2019,63,0,44,2021,161,0
540,3,2024,8,27,10,2302,1.0,1,0,1,a,c,950.0,2,2000,294,1,18,2012,500,0
1012,3,2024,1,44,27,3209,1.0,0,0,0,b,a,869.0,12,2001,265,0,22,2011,500,1
934,3,2024,7,9,15,2272,1.0,0,0,1,a,a,855.0,6,2022,25,0,38,2012,500,0
918,7,2023,2,5,11,3077,1.0,0,0,0,b,a,986.0,9,2016,77,1,12,2016,357,0
322,4,2024,10,6,7,1144,1.0,1,0,0,a,a,1017.0,10,2022,24,0,49,2018,269,1
278,5,2023,10,45,16,2165,1.0,1,0,1,c,c,1297.0,7,2014,111,0,41,2022,56,0
386,1,2023,8,11,11,1806,1.0,0,0,1,d,a,979.0,2,2003,246,0,24,2021,91,1
1096,4,2023,4,30,7,2182,1.0,0,0,0,a,a,943.0,9,2011,139,1,47,2023,0,1
353,2,2023,9,47,12,1447,1.0,0,0,0,a,a,953.0,10,2021,23,0,43,2017,316,0
951,7,2024,10,9,5,218,1.0,0,0,0,a,a,1332.0,7,2012,147,0,8,2017,365,0
482,4,2024,4,36,12,3914,1.0,0,0,1,c,a,421.0,10,2003,246,1,48,2015,456,0
341,5,2023,8,4,4,2583,1.0,0,0,1,a,a,1154.0,10,2016,82,1,37,2015,383,0
715,7,2023,11,33,27,3925,1.0,0,0,0,d,a,998.0,4,2022,19,0,11,2015,438,0
587,3,2024,6,27,4,559,1.0,1,0,1,a,c,845.0,11,2016,91,0,49,2020,186,0
752,1,2024,8,6,17,2359,1.0,1,0,0,a,a,936.0,11,2010,165,0,43,2016,379,0
329,6,2023,5,51,3,2663,1.0,0,0,1,a,c,1258.0,10,2004,223,1,34,2017,329,1
1078,5,2023,7,18,20,1209,1.0,0,0,1,a,a,988.0,2,2013,125,1,35,2023,0,1
72,2,2023,1,28,12,775,1.0,0,0,1,c,a,1003.0,12,2021,13,1,18,2020,166,0
720,3,2024,4,22,23,1389,1.0,1,0,1,c,a,826.0,9,2008,187,1,28,2013,500,0
465,7,2023,12,36,25,1824,1.0,1,0,1,a,c,1095.0,2,2015,106,1,33,2021,107,0
352,6,2023,3,20,27,2751,1.0,0,0,0,a,a,1105.0,11,2021,16,0,33,2011,500,0
645,4,2023,8,36,26,1470,1.0,0,0,0,c,b,234.0,12,2019,44,1,14,2016,386,0
371,4,2023,11,26,21,2045,1.0,1,0,0,a,a,932.0,6,2013,125,1,7,2017,331,0
693,3,2023,10,40,24,1890,1.0,1,0,0,a,c,1594.0,9,2009,169,0,43,2014,465,0
442,7,2023,12,17,15,1865,1.0,0,a,0,a,a,1337.0,3,2021,33,0,45,2018,232,0
662,5,2023,6,45,7,1788,1.0,0,0,0,c,a,1173.0,5,2018,61,1,32,2019,221,0
648,2,2023,10,50,22,3173,1.0,1,0,0,a,c,852.0,12,2004,226,0,17,2021,137,1
677,4,2024,11,9,12,1646,1.0,0,0,0,c,c,1200.0,1,2007,214,1,46,2014,483,1
944,1,2023,4,21,27,2343,1.0,1,0,0,a,a,930.0,11,2010,149,0,18,2021,107,0
377,1,2024,9,52,8,3494,1.0,0,0,0,b,a,334.0,10,2003,251,1,1,2018,363,0
41,3,2024,5,38,6,3492,1.0,1,0,0,a,a,807.0,6,2015,107,0,32,2014,500,1
1006,5,2024,10,50,21,2846,1.0,0,0,1,a,a,397.0,1,2005,237,0,2,2023,100,0
1110,3,2024,1,10,18,1501,1.0,1,0,1,c,c,827.0,7,2005,222,1,9,2019,261,1
739,1,2024,6,9,8,1063,1.0,1,0,0,a,a,1529.0,4,2018,74,0,30,2021,135,0
811,2,2023,2,22,21,2273,1.0,0,0,1,a,a,643.0,9,2016,77,1,50,2018,232,1
68,6,2023,4,29,23,2959,1.0,0,0,1,a,a,1105.0,8,2000,272,1,1,2019,236,0
890,3,2023,1,25,6,3167,1.0,0,0,1,d,b,420.0,1,2001,264,0,15,2023,10,1
910,3,2024,12,44,5,3471,1.0,1,0,0,a,b,903.0,3,2001,285,1,30,2022,118,1
560,4,2023,9,40,28,2352,1.0,0,0,1,a,a,353.0,4,2000,281,0,17,2014,491,0
905,7,2024,4,25,23,997,1.0,1,0,1,c,a,431.0,5,2016,95,0,16,2023,61,1
298,3,2023,8,16,9,867,1.0,0,0,1,a,c,1038.0,12,2000,272,1,33,2023,0,0
112,3,2023,10,38,6,1448,1.0,1,0,1,a,a,780.0,6,2003,244,0,38,2021,104,1
1034,2,2023,7,32,19,3389,1.0,0,0,1,a,c,799.0,8,2015,95,0,22,2014,478,0
696,4,2024,2,20,17,1927,1.0,1,0,1,a,a,825.0,12,2004,230,1,22,2010,500,0
539,7,2023,1,22,14,886,1.0,0,0,0,c,a,186.0,6,2015,91,1,33,2016,353,0
951,4,2024,7,48,16,325,1.0,0,0,0,c,c,692.0,4,2013,135,1,9,2023,91,0
677,2,2023,12,44,3,822,1.0,1,0,0,b,b,819.0,1,2000,287,1,40,2011,500,1
452,5,2023,9,51,9,1852,1.0,1,0,1,a,a,938.0,5,2015,100,1,6,2020,201,0
40,3,2023,12,42,10,2694,1.0,0,0,1,a,a,50.0,10,2009,170,0,10,2016,396,0
895,1,2024,8,52,15,3928,1.0,0,0,0,c,c,1133.0,9,2004,239,1,26,2021,182,0
334,5,2023,4,28,15,1516,1.0,0,0,0,a,a,506.0,7,2013,117,0,39,2010,500,1
871,4,2023,2,48,21,788,1.0,0,0,0,c,c,987.0,7,2018,55,0,45,2021,107,1
305,2,2023,10,9,19,946,1.0,0,0,1,b,c,844.0,10,2006,204,1,14,2016,359,1
648,3,2024,11,7,21,2333,1.0,0,0,1,a,a,1110.0,8,2017,87,1,31,2013,500,0
240,5,2023,6,52,25,3058,1.0,1,0,0,a,c,1289.0,2,2015,100,0,18,2011,500,0
533,4,2024,10,25,1,3212,1.0,0,0,1,b,c,847.0,8,2005,230,0,22,2021,159,0
401,1,2024,1,31,1,2273,1.0,1,0,0,b,c,903.0,4,2013,129,0,39,2015,460,0
1000,5,2024,8,2,8,2466,1.0,0,0,0,a,b,122.0,3,2005,233,1,15,2011,500,0
196,3,2024,2,14,21,2047,1.0,0,0,1,a,c,592.0,8,2003,246,1,33,2015,449,0
870,2,2024,11,24,11,3373,1.0,0,0,1,c,a,533.0,7,2016,100,0,40,2015,452,1
974,7,2024,2,9,10,1058,1.0,0,0,0,c,a,802.0,4,2012,142,1,30,2022,83,1
569,5,2024,3,38,1,1415,1.0,0,0,1,a,a,803.0,8,2010,163,1,17,2021,177,1
908,5,2024,12,35,9,1123,1.0,0,0,0,a,c,789.0,2,2018,82,1,18,2022,121,1
14,4,2024,12,34,24,782,1.0,0,0,0,a,c,916.0,9,2007,207,1,6,2015,496,1
1058,2,2023,1,33,26,3577,1.0,0,0,0,a,a,1470.0,2,2018,59,0,24,2010,500,0
515,5,2023,12,15,27,364,1.0,1,0,0,a,a,1060.0,4,2001,272,1,19,2023,0,0
269,2,2024,3,39,14,604,1.0,1,0,0,a,c,1013.0,10,2002,257,0,37,2015,470,1
752,6,2024,9,9,12,3420,1.0,0,0,0,a,a,834.0,10,2007,203,0,15,2016,410,0
994,7,2023,11,24,13,2244,1.0,0,0,0,a,a,838.0,8,2022,15,1,38,2016,350,1
759,5,2024,4,24,24,3077,1.0,1,0,0,c,b,957.0,5,2001,275,0,22,2023,54,1
355,6,2024,7,34,1,2621,1.0,1,0,0,a,c,830.0,8,2009,179,0,49,2022,89,0
147,7,2024,1,17,28,1636,1.0,1,0,1,c,a,1351.0,12,2001,265,0,21,2021,152,0
752,6,2024,4,42,10,1845,1.0,0,0,0,a,a,579.0,8,2007,200,0,35,2019,267,0
525,1,2023,3,47,1,3155,1.0,0,0,1,c,c,1037.0,6,2010,153,0,27,2017,332,0
88,6,2024,2,4,5,521,1.0,1,0,0,b,a,612.0,2,2016,96,0,37,2016,383,0
766,6,2024,5,32,26,241,1.0,0,a,1,a,b,949.0,10,2013,127,0,36,2020,204,1
1036,1,2023,8,16,10,3143,1.0,1,0,1,a,b,982.0,12,2016,80,1,27,2015,405,1
861,5,2024,1,34,11,3993,1.0,0,0,1,a,a,951.0,12,2021,25,0,41,2022,97,0
16,4,2024,1,14,3,3603,1.0,1,0,0,b,a,765.0,1,2018,72,0,28,2018,298,1
349,7,2023,4,22,9,1900,1.0,0,0,0,c,b,459.0,6,2018,58,0,16,2011,500,0
950,6,2024,8,15,23,3552,1.0,1,0,1,c,a,718.0,6,2012,146,1,40,2016,391,1
248,6,2023,9,29,11,1750,1.0,0,0,1,a,c,964.0,1,2013,128,1,17,2011,500,1
990,3,2023,7,40,25,500,1.0,0,0,1,a,c,168.0,11,2018,56,1,43,2016,361,0
604,4,2023,8,12,17,538,1.0,0,0,1,c,a,933.0,6,2016,86,1,43,2014,437,1
848,7,2023,2,3,7,1671,1.0,0,0,0,b,c,745.0,9,2012,125,0,11,2015,408,0
75,2,2024,10,11,14,1349,1.0,0,0,0,a,a,446.0,7,2022,27,1,50,2019,221,0
451,7,2023,4,32,20,1057,1.0,1,0,1,d,a,870.0,6,2004,226,0,4,2021,132,0
1040,7,2024,4,5,16,745,1.0,0,0,0,b,a,1292.0,4,2013,132,0,25,2023,32,0
268,3,2024,5,2,24,3751,1.0,0,0,0,d,a,1166.0,2,2004,243,1,49,2011,500,0
1058,4,2023,11,46,18,2552,1.0,0,0,1,c,a,567.0,12,2016,83,1,29,2012,500,1
237,7,2024,11,22,20,2351,1.0,1,0,1,a,a,1468.0,5,2000,294,1,4,2015,486,1
589,6,2024,10,36,23,2474,1.0,0,0,1,c,a,997.0,1,2000,297,0,35,2020,209,0
577,6,2024,10,32,7,3237,1.0,0,0,0,a,c,1070.0,2,2014,128,0,40,2022,96,0
897,7,2023,4,43,17,1794,1.0,0,0,0,a,c,847.0,2,2006,206,1,42,2014,469,1
810,3,2023,9,26,19,2737,1.0,1,0,1,a,c,729.0,4,2006,209,1,45,2023,0,0
26,1,2023,10,48,1,2545,1.0,0,0,1,a,b,337.0,3,2015,103,1,7,2011,500,1
1034,4,2023,6,21,23,3310,1.0,1,0,1,c,c,1296.0,6,2004,228,1,19,2020,158,1
287,3,2023,10,49,17,3487,1.0,0,0,0,a,c,940.0,6,2014,112,1,13,2014,500,1
205,6,2023,10,26,26,1627,1.0,1,0,0,a,a,762.0,6,2009,172,0,11,2012,500,1
566,3,2024,8,15,2,655,1.0,1,0,1,c,c,1167.0,7,2018,73,0,17,2010,500,0
1042,7,2024,9,19,26,3404,1.0,0,0,1,a,a,896.0,4,2006,221,0,2,2010,500,1
293,5,2024,5,31,17,1452,1.0,0,0,0,a,a,448.0,3,2008,194,1,11,2010,500,1
589,2,2024,10,19,15,3082,1.0,1,0,1,d,b,823.0,2,2007,212,0,43,2023,28,0
1102,2,2024,10,5,19,1176,1.0,1,0,1,c,a,678.0,1,2002,273,1,24,2011,500,1
581,5,2024,5,46,22,2780,1.0,0,0,0,a,c,693.0,4,2006,217,0,25,2018,333,1
518,7,2024,7,41,21,661,1.0,0,0,1,a,b,1284.0,4,2016,99,1,51,2018,302,0
618,6,2023,1,28,9,914,1.0,0,0,1,a,a,983.0,1,2021,24,1,13,2021,119,0
375,2,2023,5,39,14,3521,1.0,1,0,0,a,b,1057.0,12,2015,89,1,12,2010,500,1
29,5,2023,3,6,11,2996,1.0,1,0,0,a,a,1191.0,3,2011,144,1,49,2020,113,1
684,6,2023,9,25,16,718,1.0,1,0,0,a,c,1039.0,1,2021,32,1,35,2010,500,0
1056,6,2023,7,3,10,3778,1.0,0,0,1,a,a,1037.0,6,2009,169,1,24,2023,0,1
281,3,2024,2,52,26,3576,1.0,0,0,1,a,c,1013.0,6,2006,212,0,43,2019,269,1
525,5,2023,11,15,24,758,1.0,1,0,1,a,a,875.0,3,2016,92,0,14,2023,1,0
315,7,2024,2,52,21,3795,1.0,0,0,1,c,c,878.0,12,2004,230,0,11,2022,145,0
190,5,2024,3,43,11,3502,1.0,1,0,0,c,a,612.0,2,2005,229,1,15,2013,500,0
1078,6,2024,12,49,10,1464,1.0,1,0,1,c,c,730.0,12,2011,156,1,46,2013,500,1
682,6,2023,8,12,24,277,1.0,0,0,0,d,a,931.0,1,2013,127,1,26,2022,38,0
199,6,2023,10,21,21,2290,1.0,1,0,1,b,a,897.0,5,2003,245,1,17,2014,472,1
328,3,2023,12,31,22,1455,1.0,0,0,0,c,c,628.0,12,2013,120,0,33,2013,500,0
102,1,2023,2,36,27,479,1.0,1,a,0,b,a,780.0,11,2016,75,1,24,2012,500,0
561,4,2023,8,21,22,839,1.0,0,0,1,a,c,723.0,6,2013,122,0,51,2019,178,1
919,1,2024,1,4,21,3130,1.0,1,0,1,a,a,1188.0,2,2006,215,1,1,2012,500,0
582,4,2024,2,4,6,807,1.0,1,0,0,a,a,810.0,9,2000,281,1,20,2017,348,1
1067,4,2023,9,40,24,370,1.0,0,0,1,c,c,693.0,7,2001,266,1,18,2018,282,1
866,4,2024,10,34,5,1153,1.0,0,a,1,c,b,506.0,12,2010,166,0,34,2013,500,0
769,7,2024,8,13,22,981,1.0,1,0,0,a,a,486.0,9,2019,59,0,9,2012,500,0
439,2,2024,9,45,15,2410,1.0,0,0,1,b,a,384.0,7,2002,266,0,25,2010,500,1
467,3,2023,4,32,9,1284,1.0,1,0,1,c,c,992.0,10,2021,18,1,46,2021,90,0
468,4,2024,6,6,17,3901,1.0,0,0,0,c,c,480.0,8,2020,46,1,44,2014,482,1
755,6,2024,3,26,24,3352,1.0,1,0,0,a,a,512.0,12,2022,15,0,36,2020,198,1
424,4,2023,12,18,12,1813,1.0,0,0,1,c,c,163.0,1,2011,155,1,46,2018,232,1
450,6,2023,9,33,7,1026,1.0,1,a,1,a,a,627.0,4,2000,281,0,36,2015,413,0
687,2,2023,1,32,15,3055,1.0,1,0,0,a,c,309.0,10,2021,15,0,2,2017,342,1
1112,6,2024,1,33,13,624,1.0,0,a,0,c,a,340.0,5,2005,224,1,51,2010,500,1
998,1,2024,5,25,18,3520,1.0,0,0,1,a,a,1040.0,2,2022,27,1,5,2020,228,1
46,4,2023,1,49,25,3916,1.0,1,0,1,c,c,817.0,3,2006,202,0,39,2022,62,0
261,7,2023,1,1,19,3640,1.0,0,0,1,d,c,650.0,1,2012,132,1,11,2017,302,1
253,1,2024,6,43,16,3570,1.0,1,0,1,a,a,1094.0,6,2010,168,1,38,2021,161,0
254,2,2023,9,38,3,2984,1.0,1,0,0,c,a,729.0,6,2017,75,1,7,2015,447,0
531,1,2024,10,5,18,2856,1.0,0,b,1,b,a,437.0,4,2021,42,1,7,2019,258,1
619,4,2024,1,37,9,232,1.0,0,0,0,a,a,1046.0,10,2015,99,0,16,2022,125,1
886,7,2024,11,4,6,1865,1.0,0,0,0,a,a,1025.0,1,2012,154,1,11,2022,97,1
389,4,2023,7,47,6,3010,1.0,1,0,1,a,a,561.0,11,2010,152,1,51,2021,100,1
473,7,2024,8,36,6,895,1.0,0,0,1,c,c,643.0,8,2009,180,0,12,2016,440,0
111,2,2024,12,12,28,1513,1.0,0,0,0,a,c,665.0,7,2005,233,1,41,2016,387,0
89,1,2024,12,18,23,3164,1.0,1,0,0,a,c,1304.0,10,2017,86,1,49,2010,500,0
1045,4,2024,10,51,14,2538,1.0,1,0,1,c,a,659.0,8,2002,266,0,7,2020,252,0
920,4,2024,4,8,13,3590,1.0,1,0,1,b,a,698.0,5,2002,263,0,19,2013,500,1
323,1,2024,11,31,2,2871,1.0,0,0,0,a,c,589.0,5,2001,282,0,50,2018,293,1
407,2,2024,12,17,4,3516,1.0,1,0,0,a,a,574.0,9,2009,183,0,50,2015,435,1
544,1,2023,5,8,20,527,1.0,1,a,1,b,a,959.0,9,2009,164,1,40,2019,176,0
924,3,2024,7,4,22,350,1.0,0,0,1,a,a,1224.0,6,2021,37,1,20,2016,400,1
694,3,2024,3,51,16,3378,1.0,0,0,1,a,a,565.0,9,2013,126,0,9,2015,500,0
645,4,2024,5,15,18,3913,1.0,1,0,1,c,b,79.0,11,2000,282,0,36,2014,499,1
844,6,2023,3,32,6,654,1.0,0,0,0,b,b,845.0,5,2022,10,1,48,2020,140,0
199,2,2024,9,3,16,968,1.0,0,0,0,a,c,50.0,4,2007,209,0,4,2014,500,0
215,1,2023,4,41,3,267,1.0,0,0,0,b,a,732.0,6,2015,94,0,30,2017,323,0
766,2,2024,11,43,8,1616,1.0,1,a,1,b,b,809.0,7,2008,196,1,31,2016,428,1
1081,6,2023,3,49,28,1920,1.0,1,0,0,a,c,376.0,10,2016,77,0,52,2023,0,0
322,1,2024,9,42,28,3803,1.0,0,c,1,a,c,869.0,3,2002,270,0,12,2020,238,1
649,2,2024,3,23,27,608,1.0,1,0,1,b,c,764.0,10,2018,65,1,49,2012,500,1
954,1,2023,9,10,14,1019,1.0,0,0,0,a,a,268.0,9,2000,276,0,45,2010,500,0
68,7,2024,7,52,5,2921,1.0,0,0,0,c,b,542.0,4,2014,123,0,18,2010,500,1
815,1,2024,10,38,9,2294,1.0,1,0,0,a,a,796.0,9,2008,193,0,8,2010,500,1
447,4,2023,7,39,1,2896,1.0,0,0,0,d,c,1085.0,4,2012,135,1,48,2023,0,0
862,1,2024,12,10,2,1307,1.0,0,0,0,a,a,630.0,3,2017,93,0,37,2019,233,1
20,5,2024,5,52,19,837,1.0,0,0,1,a,a,699.0,1,2001,280,0,30,2020,230,0
629,1,2024,12,47,10,2013,1.0,0,0,0,a,a,499.0,5,2012,151,1,52,2015,463,0
252,4,2024,8,25,23,2855,1.0,1,0,0,c,c,869.0,5,2000,291,0,14,2022,115,0
306,6,2024,10,40,7,2541,1.0,1,0,0,c,a,770.0,11,2018,71,0,21,2015,487,1
474,3,2024,1,42,13,2623,1.0,0,0,1,a,a,959.0,10,2005,219,1,52,2012,500,1
1039,1,2023,1,43,2,1125,1.0,0,b,0,b,a,612.0,3,2016,82,1,36,2018,267,1
764,6,2024,2,42,13,2994,1.0,0,0,0,a,a,541.0,4,2010,166,0,3,2018,351,1
581,7,2024,2,48,28,2326,1.0,0,a,1,a,b,695.0,7,2000,283,1,32,2020,224,1
1112,7,2023,8,42,16,2689,1.0,1,0,0,a,a,753.0,12,2009,164,1,45,2022,49,0
786,2,2024,7,1,8,3465,1.0,0,0,1,d,a,897.0,11,2008,188,0,45,2017,320,0
178,4,2023,5,14,13,3856,1.0,1,0,0,a,c,972.0,6,2022,11,1,3,2019,219,0
1,7,2023,2,45,4,2967,1.0,0,0,0,d,c,928.0,5,2015,93,0,43,2022,54,0
542,6,2023,12,18,5,2298,1.0,1,0,1,a,c,686.0,4,2009,176,1,31,2023,0,0
659,1,2024,5,52,5,1798,1.0,0,0,0,d,a,1116.0,7,2016,94,0,19,2022,137,1
779,5,2024,1,31,2,2639,1.0,1,0,1,a,c,878.0,8,2008,185,0,30,2022,105,1
586,7,2024,8,28,9,2494,1.0,0,0,0,a,a,1273.0,1,2019,67,1,20,2023,60,0
455,6,2024,11,41,19,2493,1.0,1,0,0,b,a,993.0,7,2018,76,0,1,2023,92,1
573,7,2023,7,6,27,2959,1.0,1,0,0,b,c,227.0,3,2020,40,0,48,2015,374,0
691,1,2024,4,42,18,306,1.0,1,0,1,a,b,367.0,10,2010,162,1,2,2020,248,1
567,3,2024,4,25,20,971,1.0,0,0,0,c,b,1273.0,9,2019,55,1,41,2018,296,0
214,6,2023,8,29,20,2354,1.0,0,0,0,a,a,993.0,7,2015,97,1,26,2010,500,1
44,1,2024,9,30,15,1768,1.0,0,0,0,a,a,833.0,10,2020,47,0,12,2019,278,0
240,7,2023,5,29,15,1898,1.0,1,0,0,c,b,1439.0,4,2012,133,1,19,2013,500,0
205,2,2023,7,34,13,3993,1.0,1,0,0,d,a,159.0,2,2011,149,1,44,2010,500,0
753,3,2023,8,9,20,1052,1.0,1,0,1,d,c,539.0,10,2013,118,1,49,2018,220,0
740,4,2024,8,45,4,1899,1.0,1,0,1,a,a,890.0,5,2006,219,0,24,2015,489,0
707,5,2024,1,46,21,2249,1.0,1,0,0,a,c,733.0,7,2013,126,0,38,2015,476,1
540,6,2024,8,6,26,2733,1.0,0,0,1,d,a,1102.0,7,2013,133,1,49,2015,425,0
284,3,2023,2,37,24,3834,1.0,0,0,1,d,a,1422.0,3,2002,251,1,12,2019,233,0
730,3,2024,12,3,14,3908,1.0,0,0,0,c,a,1063.0,2,2001,286,1,37,2010,500,1
567,5,2023,7,24,4,3801,1.0,0,0,0,a,a,223.0,9,2006,202,1,15,2022,61,0
779,7,2024,7,24,14,1456,1.0,1,0,1,a,a,1322.0,5,2007,206,0,15,2022,113,0
644,4,2023,9,45,5,3097,1.0,1,0,0,a,a,805.0,9,2016,84,0,43,2010,500,1
848,5,2023,1,24,8,2114,1.0,0,0,1,a,a,619.0,11,2020,26,0,17,2018,267,1
831,2,2023,6,50,14,715,1.0,0,0,1,c,c,273.0,1,2002,257,0,52,2011,500,1
60,4,2023,11,48,20,1222,1.0,0,0,1,b,c,830.0,3,2008,188,0,8,2010,500,1
27,5,2023,12,14,8,1924,1.0,0,0,0,a,b,330.0,7,2003,245,1,24,2013,500,1
615,1,2024,1,9,3,3529,1.0,0,0,1,a,a,583.0,4,2015,105,1,29,2020,188,0
619,2,2024,7,14,1,2358,1.0,0,0,1,c,a,387.0,2,2007,209,1,13,2011,500,1
49,2,2023,4,9,6,344,1.0,1,0,0,a,c,709.0,6,2002,250,0,24,2019,193,0
130,6,2023,3,40,27,682,1.0,1,0,0,c,c,705.0,10,2002,245,0,35,2013,500,1
769,6,2024,5,7,19,2528,1.0,0,0,0,a,a,461.0,11,2007,198,1,18,2018,301,1
291,7,2023,8,34,24,1296,1.0,0,0,0,b,a,739.0,7,2019,49,0,6,2012,500,1
70,3,2023,2,24,5,945,1.0,0,0,0,c,a,972.0,3,2018,59,0,17,2023,7,1
63,3,2023,2,16,9,3028,1.0,0,0,1,a,c,774.0,11,2003,231,0,35,2019,189,0
121,3,2023,7,49,2,2689,1.0,1,a,0,a,a,1545.0,4,2006,207,0,4,2010,500,0
800,7,2023,10,19,14,3371,1.0,0,0,0,a,c,668.0,1,2002,261,1,1,2013,500,0
706,7,2023,9,3,18,1691,1.0,1,0,0,a,a,770.0,2,2004,235,1,30,2014,441,1
69,4,2024,3,16,18,394,1.0,0,0,1,c,a,1159.0,3,2013,132,0,50,2018,278,0
273,1,2024,12,8,22,2671,1.0,1,0,0,a,a,540.0,9,2007,207,1,11,2013,500,1
240,3,2023,11,27,6,2866,1.0,0,0,0,c,a,1009.0,11,2015,96,1,2,2020,181,1
396,1,2024,2,49,8,1641,1.0,0,0,1,a,b,497.0,11,2009,171,1,18,2016,447,1
61,6,2024,4,1,14,3805,1.0,0,0,0,a,a,610.0,2,2016,98,1,24,2014,497,0
906,3,2023,10,12,25,2593,1.0,0,0,0,c,a,899.0,5,2014,113,1,14,2022,50,1
1013,4,2023,8,29,1,3810,1.0,0,0,0,a,c,579.0,5,2006,207,0,31,2023,0,0
150,4,2023,1,15,24,985,1.0,0,0,0,a,a,670.0,4,2021,21,1,10,2010,500,0
370,3,2023,5,43,5,3470,1.0,1,0,0,a,a,213.0,10,2001,259,1,42,2013,500,1
168,2,2023,9,29,21,3619,1.0,0,0,1,a,c,1308.0,1,2000,284,1,20,2015,425,0
981,6,2024,3,1,10,3928,1.0,0,0,1,c,a,1023.0,1,2022,26,0,9,2015,460,1
295,5,2023,11,24,8,1421,1.0,1,0,1,d,a,924.0,1,2004,238,0,42,2015,398,0
590,6,2024,10,48,19,2792,1.0,1,0,1,d,a,632.0,9,2005,229,1,33,2019,275,1
611,3,2023,11,29,9,1245,1.0,0,0,1,a,a,252.0,6,2008,185,0,22,2021,111,0
594,2,2024,12,12,17,2391,1.0,0,0,0,a,a,930.0,6,2008,198,1,11,2012,500,0
558,5,2023,6,21,18,3002,1.0,0,0,1,a,a,924.0,2,2008,184,1,28,2021,97,0
105,1,2023,3,3,14,2115,1.0,1,0,1,a,a,237.0,8,2004,223,1,16,2014,455,0
806,6,2024,7,30,10,2060,1.0,0,a,0,a,a,371.0,6,2005,229,0,32,2012,500,0
18,5,2023,6,32,14,912,1.0,0,0,0,a,a,794.0,12,2002,246,1,34,2018,258,0
230,7,2023,9,48,1,518,1.0,0,a,0,c,c,904.0,8,2017,73,1,32,2011,500,1
666,5,2023,9,25,22,1712,1.0,1,a,1,a,a,769.0,2,2017,79,1,2,2021,127,1
535,5,2024,7,5,11,3433,1.0,0,0,0,a,b,50.0,2,2012,149,0,23,2021,138,0
245,7,2024,3,12,16,2804,1.0,0,0,0,c,a,860.0,9,2016,90,0,12,2022,104,1
799,2,2024,11,15,22,916,1.0,0,0,1,c,a,769.0,2,2001,285,0,4,2012,500,0
210,5,2023,9,7,16,3482,1.0,0,0,0,c,c,380.0,10,2020,35,1,7,2013,500,1
331,3,2023,1,9,15,3506,1.0,0,0,0,a,a,816.0,11,2013,110,0,29,2020,136,1
598,4,2023,7,24,28,3430,1.0,1,0,0,b,c,617.0,12,2008,175,0,6,2011,500,1
585,2,2024,3,22,25,1385,1.0,0,0,1,a,b,172.0,1,2005,230,0,5,2013,500,0
335,1,2023,11,37,17,1271,1.0,0,0,0,a,a,821.0,8,2011,147,1,48,2021,93,1
221,4,2024,3,12,8,2666,1.0,1,0,0,a,a,1092.0,5,2008,190,1,11,2023,53,1
578,3,2024,2,4,1,1562,1.0,1,0,1,d,a,1166.0,6,2008,188,0,38,2018,278,0
7,1,2024,5,26,19,3463,1.0,1,0,0,a,a,1057.0,11,2003,246,0,23,2011,500,1
655,6,2023,12,17,22,949,1.0,1,0,1,c,a,720.0,6,2020,42,1,7,2020,166,0
476,7,2023,8,39,22,1899,1.0,0,0,0,b,a,606.0,9,2010,155,0,2,2020,193,0
83,4,2023,10,24,8,2910,1.0,0,0,1,c,a,447.0,4,2002,258,1,49,2010,500,1
240,5,2024,10,39,11,3352,1.0,0,0,1,c,c,141.0,2,2014,128,0,47,2016,408,1
1109,6,2024,11,37,5,1591,1.0,0,0,1,a,c,843.0,7,2022,28,0,27,2020,218,1
308,2,2024,7,11,26,1341,1.0,1,0,1,b,c,852.0,3,2020,52,0,39,2014,492,1
25,1,2023,7,34,25,2476,1.0,0,0,0,d,a,678.0,9,2005,214,1,37,2023,0,0
74,5,2024,1,44,18,2324,1.0,0,0,1,a,c,1173.0,10,2008,183,1,51,2022,97,1
178,2,2023,1,13,20,987,1.0,0,0,0,a,a,1124.0,12,2002,241,0,29,2023,0,0
343,2,2024,7,45,15,2688,1.0,1,0,0,a,a,978.0,7,2021,36,0,13,2016,448,0
916,6,2024,2,33,20,2734,1.0,1,a,1,a,a,593.0,1,2000,289,0,51,2012,500,1
843,5,2024,12,13,6,391,1.0,0,0,0,c,a,1351.0,2,2020,58,0,37,2023,28,0
40,7,2024,7,46,7,3193,1.0,1,0,1,a,b,1222.0,2,2018,77,0,19,2023,79,1
426,1,2023,2,11,19,1045,1.0,0,0,0,a,a,397.0,10,2011,136,1,39,2011,500,1
768,3,2024,5,8,17,3808,1.0,0,0,1,b,c,888.0,2,2016,99,0,5,2015,471,0
627,1,2024,7,19,27,3406,1.0,0,0,0,c,a,988.0,3,2008,196,1,41,2014,498,1
978,2,2024,1,47,21,1382,1.0,0,0,1,a,c,491.0,12,2018,61,1,40,2020,215,0
712,7,2023,11,13,27,1093,1.0,1,0,1,a,c,1046.0,6,2011,149,1,13,2016,364,0
623,7,2023,7,24,10,3681,1.0,0,0,0,a,a,1170.0,12,2019,43,0,37,2019,195,0
815,3,2023,4,19,19,2063,1.0,0,a,0,a,a,597.0,6,2009,166,0,28,2018,251,1
693,1,2024,6,12,3,3164,1.0,0,0,1,c,c,720.0,6,2014,120,0,5,2014,500,0
81,4,2024,1,51,17,3863,1.0,0,0,0,c,c,983.0,3,2017,82,1,15,2015,500,1
933,6,2023,11,35,18,2546,1.0,0,0,1,c,a,1316.0,3,2000,284,0,7,2019,236,0
307,3,2024,9,22,4,2340,1.0,0,0,1,a,a,985.0,4,2010,173,1,10,2019,272,1
158,6,2024,10,17,15,2088,1.0,1,0,1,c,a,651.0,1,2001,285,1,47,2020,178,1
996,2,2024,6,11,9,3412,1.0,0,0,1,a,a,687.0,6,2000,288,0,19,2018,304,0
836,4,2024,9,18,25,3863,1.0,0,0,1,c,a,919.0,3,2021,42,0,3,2023,67,1
59,3,2023,4,35,14,2514,1.0,1,0,0,a,c,842.0,4,2003,240,0,40,2016,359,0
574,5,2023,9,18,9,356,1.0,1,0,1,d,a,816.0,3,2021,30,1,19,2012,500,0
1102,3,2024,3,30,1,321,1.0,1,0,0,a,a,432.0,11,2012,136,1,19,2022,115,1
201,7,2023,12,42,14,3367,1.0,1,0,0,b,c,882.0,11,2013,121,0,37,2023,5,1
367,7,2023,7,39,24,2920,1.0,1,0,0,d,c,972.0,2,2016,89,1,33,2012,500,1
820,5,2023,8,43,4,3731,1.0,0,0,1,b,c,640.0,5,2019,51,0,35,2020,164,0
978,2,2023,12,45,7,1609,1.0,0,0,1,b,a,977.0,6,2001,270,1,45,2014,468,0
294,3,2024,4,23,19,2550,1.0,0,0,1,a,c,1115.0,7,2020,45,1,6,2010,500,1
309,6,2024,9,48,25,440,1.0,0,a,1,d,c,1048.0,12,2002,261,0,1,2017,411,1
71,3,2024,1,49,13,2249,1.0,0,0,0,a,a,1227.0,4,2001,273,1,14,2018,347,0
718,4,2023,1,7,28,3697,1.0,0,c,0,a,c,479.0,9,2016,76,1,10,2014,465,1
904,5,2024,5,31,10,2109,1.0,0,0,1,a,c,981.0,6,2002,263,1,50,2018,293,1
953,4,2024,4,5,1,3238,1.0,1,0,1,c,a,1310.0,1,2021,39,0,2,2022,107,1
646,5,2023,12,42,3,1929,1.0,1,b,1,a,b,1234.0,5,2019,55,0,28,2012,500,0
1046,2,2023,10,1,20,2786,1.0,0,0,1,a,a,162.0,11,2013,119,1,40,2018,221,1
750,7,2024,8,17,16,3784,1.0,0,0,0,a,c,671.0,1,2000,295,0,32,2023,37,1
802,7,2023,6,23,2,3660,1.0,1,0,1,a,a,886.0,6,2007,192,1,43,2016,344,1
660,6,2024,2,28,22,1362,1.0,0,0,1,a,a,147.0,8,2005,222,1,30,2021,154,1
372,1,2023,12,14,24,237,1.0,1,0,0,c,c,924.0,3,2003,249,1,44,2015,386,1
37,6,2024,11,49,26,473,1.0,0,0,0,a,a,308.0,9,2005,230,0,7,2015,500,0
419,5,2023,12,49,16,1670,1.0,1,0,1,a,a,693.0,10,2020,38,1,19,2012,500,1
200,3,2023,6,38,28,2960,1.0,0,0,1,a,b,625.0,11,2004,223,1,18,2021,124,1
708,1,2024,10,3,14,3662,1.0,0,0,0,a,a,638.0,7,2002,267,0,14,2016,405,0
706,2,2024,1,52,1,2762,1.0,0,0,1,b,a,720.0,10,2015,99,0,47,2016,421,0
109,6,2024,7,43,3,589,1.0,1,a,0,a,a,193.0,7,2017,84,0,25,2017,382,0
787,7,2024,10,16,12,3021,1.0,0,0,1,a,c,957.0,3,2016,103,1,32,2014,500,0
380,1,2023,11,33,20,1680,1.0,0,0,0,a,c,883.0,9,2020,38,0,10,2022,75,1
328,1,2024,12,7,11,2622,1.0,0,0,0,d,a,941.0,11,2008,193,0,13,2010,500,1
829,5,2024,6,33,19,351,1.0,0,0,0,c,a,1152.0,12,2001,270,1,27,2023,58,1
224,2,2023,5,32,3,2577,1.0,0,0,1,b,b,1116.0,12,2002,245,0,23,2019,217,0
507,6,2023,2,18,15,1561,1.0,1,0,1,a,a,816.0,3,2019,47,1,38,2018,240,0
344,6,2024,9,47,25,3244,1.0,0,0,1,a,a,929.0,2,2017,91,1,6,2018,353,1
773,1,2023,9,15,8,3043,1.0,0,0,1,c,c,1133.0,1,2020,44,0,12,2016,367,1
343,1,2023,7,37,26,2923,1.0,1,0,0,a,a,498.0,1,2009,174,1,34,2022,55,0
767,5,2023,11,49,16,3434,1.0,0,0,1,a,a,934.0,6,2009,173,1,36,2016,377,1
641,3,2023,9,46,15,3398,1.0,0,0,0,b,b,493.0,8,2008,181,1,9,2015,453,1
935,4,2024,7,6,24,3921,1.0,0,0,0,d,c,449.0,1,2001,282,1,11,2013,500,1
829,7,2024,4,29,27,746,1.0,1,0,1,a,a,615.0,3,2004,241,0,2,2016,443,0
463,2,2024,5,4,12,779,1.0,1,0,1,a,c,797.0,9,2005,224,1,10,2020,202,1
790,7,2023,5,16,17,968,1.0,1,0,0,d,b,942.0,10,2007,187,1,31,2015,401,1
514,5,2023,5,33,23,3372,1.0,0,0,1,a,c,543.0,10,2021,19,1,42,2020,147,0
189,6,2024,1,32,18,3528,1.0,0,0,1,a,a,1210.0,11,2016,86,1,35,2018,309,0
1038,4,2023,7,31,8,2343,1.0,1,0,1,b,c,871.0,2,2016,89,1,44,2010,500,0
954,6,2023,5,5,6,2302,1.0,0,0,1,a,c,727.0,3,2008,182,0,5,2017,312,1
527,2,2024,7,17,13,3936,1.0,0,a,0,c,a,687.0,9,2007,202,1,8,2011,500,0
671,6,2023,8,37,28,3978,1.0,1,0,1,a,a,680.0,9,2016,83,1,16,2016,385,0
607,2,2024,3,33,5,2345,1.0,1,0,1,b,a,486.0,7,2017,80,0,27,2014,500,1
286,6,2023,3,26,6,1599,1.0,0,0,0,a,a,473.0,2,2014,109,1,48,2015,394,0
351,5,2023,11,17,25,1094,1.0,0,0,0,c,b,723.0,6,2005,221,0,15,2012,500,1
609,1,2024,5,10,26,1532,1.0,0,0,0,c,a,738.0,11,2002,258,1,48,2014,482,1
625,3,2024,12,44,23,3769,1.0,0,0,0,a,b,1016.0,9,2008,195,1,18,2022,130,1
229,1,2023,11,13,26,2197,1.0,0,0,1,c,a,1450.0,2,2020,45,0,46,2013,487,0
332,6,2024,3,46,9,3500,1.0,0,0,1,a,b,925.0,11,2018,64,0,5,2020,249,0
349,6,2024,11,12,21,2335,1.0,0,0,0,a,b,500.0,3,2015,116,1,47,2014,485,1
311,1,2023,5,35,17,3325,1.0,0,0,1,a,a,689.0,10,2021,19,0,45,2020,146,0
792,7,2024,3,4,5,2338,1.0,0,0,0,a,a,1393.0,1,2005,230,1,14,2019,250,0
553,1,2023,6,36,2,3448,1.0,1,0,1,a,a,1447.0,10,2001,260,0,23,2015,429,1
213,5,2023,8,2,21,3519,1.0,0,0,1,a,a,851.0,10,2022,10,1,24,2017,290,1
906,7,2023,6,26,10,3543,1.0,0,0,1,b,a,1316.0,3,2002,255,1,47,2010,500,1
710,4,2024,3,42,20,1175,1.0,0,0,1,a,a,1144.0,5,2010,166,0,51,2011,500,1
1111,6,2024,4,52,16,1631,1.0,1,0,1,b,b,948.0,3,2008,193,1,24,2012,500,0
745,6,2024,10,28,15,1812,1.0,1,0,1,a,c,901.0,2,2022,32,1,22,2023,58,0
294,6,2023,3,21,1,2457,1.0,1,a,1,a,c,1159.0,1,2003,242,0,43,2011,500,1
1080,5,2023,6,50,9,912,1.0,0,0,1,a,c,1130.0,3,2001,267,0,17,2019,241,0
999,3,2023,11,5,4,1006,1.0,0,0,1,b,b,456.0,11,2002,252,0,22,2012,500,1
1030,3,2024,6,34,11,3115,1.0,0,0,1,a,c,584.0,6,2008,192,1,41,2017,357,0
454,7,2023,1,27,24,850,1.0,1,0,0,b,c,861.0,2,2008,179,0,26,2021,105,1
666,4,2024,10,1,23,844,1.0,1,a,0,d,a,714.0,1,2003,261,0,32,2011,500,1
28,1,2023,7,42,4,3344,1.0,0,0,1,a,b,457.0,3,2011,148,0,16,2010,500,0
741,7,2024,9,27,14,527,1.0,1,0,1,b,a,304.0,7,2016,98,0,13,2022,118,0
441,2,2023,7,3,22,1913,1.0,1,a,0,a,a,665.0,6,2001,265,0,49,2019,162,0
1048,4,2024,7,48,8,1857,1.0,0,0,1,a,b,585.0,5,2016,98,1,28,2019,280,1
260,6,2024,10,49,14,3307,1.0,1,0,0,b,a,1087.0,9,2007,205,1,23,2011,500,1
436,1,2024,9,34,25,1953,1.0,0,0,1,b,a,1127.0,9,2000,288,1,20,2021,170,1
841,1,2023,3,45,23,3735,1.0,0,0,0,c,c,769.0,8,2022,7,1,39,2015,422,1
1091,2,2024,12,36,19,1748,1.0,0,c,0,a,a,1013.0,3,2014,129,1,13,2013,500,1
161,4,2024,11,8,27,426,1.0,1,0,0,a,a,683.0,5,2020,54,1,1,2010,500,1
153,3,2024,7,36,3,1649,1.0,1,0,0,c,a,1400.0,3,2003,256,0,47,2011,500,1
185,4,2024,9,24,25,274,1.0,0,0,1,b,c,963.0,3,2014,126,1,41,2013,500,0
575,3,2023,6,13,21,645,1.0,1,a,0,a,a,1096.0,6,2004,228,1,28,2021,89,0
432,1,2023,11,25,11,3431,1.0,0,0,1,b,a,869.0,5,2021,30,1,17,2018,268,1
1078,1,2023,5,27,8,382,1.0,0,0,0,c,a,1105.0,2,2015,99,0,38,2013,500,0
786,3,2023,11,41,13,533,1.0,1,0,0,b,c,1201.0,4,2015,103,1,27,2014,482,1
653,4,2023,4,11,1,3122,1.0,1,0,0,a,a,419.0,1,2020,39,0,24,2013,500,1
988,5,2023,7,29,14,3252,1.0,0,0,1,d,c,998.0,4,2016,87,0,1,2010,500,0
778,3,2024,11,38,9,3439,1.0,0,0,1,c,c,873.0,5,2002,270,0,16,2017,386,0
894,2,2024,8,50,2,685,1.0,1,0,1,d,b,441.0,9,2002,263,0,11,2019,299,0
129,1,2023,2,23,27,1054,1.0,0,0,1,a,c,784.0,7,2006,199,0,44,2018,239,1
660,5,2024,1,31,22,2140,1.0,1,0,1,a,a,577.0,10,2008,183,1,39,2022,96,1
1040,4,2023,10,3,18,1012,1.0,1,0,0,a,a,1088.0,6,2004,232,0,43,2018,220,0
996,1,2023,10,13,12,1091,1.0,0,0,1,c,a,604.0,12,2006,202,1,30,2019,191,1
935,2,2024,3,21,23,2827,1.0,0,0,0,c,c,1108.0,11,2000,280,0,10,2021,167,0
628,1,2023,8,30,11,3441,1.0,1,0,0,d,a,665.0,8,2002,252,0,47,2011,500,0
276,5,2024,11,5,19,1438,1.0,0,0,1,d,c,528.0,3,2017,92,1,6,2021,155,0
351,7,2024,8,50,3,2900,1.0,0,a,0,d,c,511.0,9,2017,83,0,25,2011,500,1
1101,5,2024,8,4,19,1553,1.0,0,0,1,a,a,1264.0,8,2008,192,1,29,2023,27,1
938,6,2024,6,35,27,1367,1.0,0,0,1,a,a,910.0,7,2008,191,0,18,2020,225,0
563,4,2024,7,33,22,847,1.0,0,0,1,b,a,736.0,9,2001,274,1,27,2018,318,0
854,6,2024,1,34,8,506,1.0,0,0,0,a,a,1205.0,1,2004,240,0,13,2014,500,0
824,5,2023,3,47,19,2699,1.0,1,0,1,a,a,1428.0,2,2003,241,1,7,2016,404,0
806,2,2024,1,14,7,284,1.0,1,0,1,d,a,629.0,7,2021,30,0,47,2018,279,0
762,4,2023,10,26,16,3951,1.0,0,0,1,c,a,1229.0,3,2003,247,1,32,2013,500,0
1111,2,2023,9,23,22,1878,1.0,0,0,0,a,c,758.0,5,2000,280,1,11,2010,500,0
705,4,2023,10,38,10,396,1.0,1,0,0,a,a,883.0,8,2012,134,1,46,2018,252,1
685,2,2023,8,13,3,2165,1.0,0,0,1,c,c,647.0,10,2007,190,0,38,2017,287,1
902,1,2023,11,34,1,2999,1.0,0,0,0,b,a,938.0,9,2022,14,0,43,2016,355,1
452,3,2023,4,36,21,3602,1.0,0,c,1,a,c,1042.0,6,2014,106,0,18,2013,500,1
100,4,2023,8,51,9,313,1.0,0,0,0,a,a,1051.0,5,2002,255,0,40,2010,500,0
75,5,2024,5,30,28,956,1.0,1,0,1,a,a,573.0,12,2009,173,1,32,2016,414,1
688,3,2024,12,4,2,2267,1.0,0,0,0,c,a,1272.0,8,2002,268,1,45,2011,500,0
580,1,2024,1,21,27,1776,1.0,0,0,1,a,a,1461.0,9,2013,124,1,30,2015,459,1
540,3,2023,5,16,9,704,1.0,1,0,0,b,a,1043.0,3,2009,170,1,7,2015,425,0
1083,2,2023,10,23,14,1505,1.0,0,0,1,c,b,1165.0,6,2019,52,0,32,2013,500,0
1072,3,2023,3,38,22,2974,1.0,0,0,0,c,c,365.0,8,2020,31,1,22,2020,172,0
457,6,2024,6,36,28,2763,1.0,1,0,0,a,a,587.0,1,2008,197,1,49,2022,91,1
114,2,2024,11,23,6,3669,1.0,0,0,1,d,a,1291.0,6,2017,89,0,11,2016,428,1
160,5,2023,12,2,23,1437,1.0,1,0,0,c,a,1202.0,3,2007,201,1,22,2018,240,1
669,7,2024,8,50,5,2545,1.0,0,0,1,a,c,902.0,3,2009,185,1,44,2011,500,0
1045,5,2023,11,29,4,1879,1.0,1,0,0,a,a,713.0,10,2008,181,0,14,2014,483,0
126,5,2023,7,5,19,3479,1.0,0,0,1,a,c,859.0,9,2021,22,0,7,2022,50,1
745,5,2024,7,21,25,776,1.0,0,0,1,d,c,988.0,9,2019,58,0,24,2011,500,1
1023,1,2024,10,7,9,2698,1.0,1,0,1,c,a,1154.0,9,2013,133,1,47,2021,116,0
895,2,2024,1,10,11,914,1.0,1,0,1,a,a,773.0,2,2009,179,0,4,2017,370,1
1087,6,2023,8,34,27,1204,1.0,0,0,1,a,b,368.0,3,2014,113,1,51,2020,139,0
573,4,2023,10,52,27,2112,1.0,1,0,1,a,a,921.0,6,2017,76,1,6,2020,202,1
1014,6,2024,8,14,1,3517,1.0,1,0,0,a,a,411.0,8,2008,192,1,31,2020,191,1
214,1,2024,7,2,14,3682,1.0,1,0,1,c,c,1316.0,5,2004,242,0,41,2014,481,0
823,4,2023,11,29,23,1757,1.0,0,0,0,a,a,1044.0,8,2018,63,0,38,2022,43,0
496,4,2024,11,13,16,2111,1.0,1,0,0,a,a,1246.0,2,2018,81,0,24,2014,500,0
914,5,2023,4,24,10,1240,1.0,1,0,1,d,a,1101.0,9,2021,19,1,4,2018,280,1
1038,5,2023,12,29,10,2937,1.0,0,0,1,c,c,1025.0,4,2017,80,0,38,2014,459,1
781,5,2024,5,37,21,2242,1.0,1,0,0,a,a,525.0,5,2017,84,0,15,2015,490,0
687,5,2024,11,41,23,3954,1.0,1,0,0,a,c,685.0,3,2017,92,1,33,2012,500,0
1017,7,2024,2,21,27,3284,1.0,1,0,0,a,c,599.0,2,2008,192,1,43,2022,82,0
948,5,2024,12,9,21,3080,1.0,0,0,1,a,b,699.0,12,2011,156,1,44,2012,500,0
493,6,2023,8,33,9,3946,1.0,1,0,0,a,a,827.0,6,2000,278,0,45,2014,456,1
933,5,2024,4,28,25,772,1.0,0,0,0,a,a,605.0,11,2000,281,1,22,2014,500,1
281,3,2023,8,18,28,1369,1.0,0,0,1,a,c,464.0,5,2002,255,1,33,2015,401,1
585,3,2024,1,4,3,738,1.0,0,0,1,a,b,291.0,11,2011,146,1,10,2014,500,0
655,1,2024,3,35,20,2165,1.0,0,0,0,c,a,501.0,9,2007,198,1,49,2020,194,1
966,6,2023,7,7,15,2274,1.0,1,0,1,a,a,976.0,12,2013,115,1,48,2013,479,1
635,3,2023,3,49,17,3985,1.0,1,c,1,b,a,840.0,6,2019,45,0,2,2019,255,1
303,2,2024,4,8,13,287,1.0,0,0,1,a,a,993.0,7,2008,189,1,6,2011,500,1
564,3,2023,4,1,12,2142,1.0,0,0,0,d,b,730.0,12,2019,40,0,46,2011,500,0
371,5,2023,5,38,11,1411,1.0,0,c,1,a,a,715.0,2,2003,243,0,36,2012,500,1
971,5,2023,7,24,17,297,1.0,1,b,1,a,a,954.0,8,2022,11,1,51,2014,441,0
304,3,2024,10,12,12,3672,1.0,1,0,0,b,a,897.0,2,2017,92,0,44,2011,500,0
545,6,2023,4,5,9,2783,1.0,0,0,1,a,a,907.0,12,2001,256,0,40,2021,69,1
49,2,2024,12,49,17,2101,1.0,1,0,1,a,a,798.0,8,2019,64,0,23,2020,234,1
913,1,2023,8,10,16,3007,1.0,0,0,0,d,a,946.0,6,2012,134,0,47,2017,275,1
957,7,2024,4,29,2,1464,1.0,1,0,0,b,a,401.0,10,2012,138,0,52,2022,81,0
301,4,2024,2,44,13,3395,1.0,0,0,1,c,b,917.0,5,2011,153,0,21,2013,500,0
168,1,2024,6,36,3,2414,1.0,1,0,0,c,c,659.0,5,2006,217,0,41,2010,500,1
806,3,2023,7,12,5,3442,1.0,0,0,0,c,a,861.0,11,2022,8,1,40,2019,180,1
1014,1,2024,6,44,17,3302,1.0,1,0,1,d,a,602.0,11,2000,283,1,44,2020,208,1
435,6,2023,11,15,24,2235,1.0,0,0,0,a,a,355.0,3,2008,188,1,17,2010,500,1
570,7,2023,8,22,24,957,1.0,0,0,0,b,a,514.0,8,2011,144,1,17,2023,5,0
24,4,2024,12,19,15,3098,1.0,0,0,1,a,c,1021.0,12,2020,48,1,29,2018,302,1
492,3,2023,9,26,20,655,1.0,1,0,1,c,c,713.0,4,2007,197,0,2,2014,492,0
391,3,2024,12,41,6,1099,1.0,0,0,0,b,a,825.0,2,2022,34,0,39,2015,470,1
33,2,2024,2,14,6,1953,1.0,0,0,0,a,a,888.0,4,2017,82,1,43,2015,439,1
991,2,2023,1,41,12,228,1.0,0,0,0,b,a,488.0,1,2011,144,0,6,2020,191,1
1050,7,2024,5,51,1,1461,1.0,0,0,0,a,a,276.0,8,2019,57,0,42,2013,500,1
317,1,2024,12,31,8,710,1.0,0,0,0,c,c,812.0,4,2020,56,0,17,2022,118,0
634,6,2024,3,21,5,301,1.0,0,0,1,a,a,686.0,7,2000,284,1,15,2020,214,0
263,7,2024,7,21,21,3677,1.0,1,0,1,a,a,988.0,5,2008,194,0,8,2016,429,0
451,2,2024,6,9,7,509,1.0,1,0,1,a,a,717.0,2,2017,88,1,18,2010,500,1
808,1,2024,11,21,17,3413,1.0,0,0,0,a,a,50.0,5,2007,210,0,31,2010,500,0
491,2,2024,1,52,14,1240,1.0,0,0,0,a,a,1050.0,10,2011,147,1,5,2018,359,0
10,1,2024,8,50,3,543,1.0,1,0,1,a,c,1013.0,3,2001,281,1,39,2015,479,1
111,1,2024,1,18,23,3244,1.0,0,0,1,c,c,593.0,12,2006,205,0,42,2016,392,0
401,1,2023,9,50,1,2002,1.0,1,0,1,d,a,786.0,9,2004,228,1,8,2016,406,1
1009,3,2024,3,32,28,659,1.0,1,0,0,d,c,616.0,10,2013,125,1,42,2020,198,1
679,7,2024,12,47,17,3407,1.0,0,0,0,a,a,789.0,8,2021,40,0,31,2014,500,0
1010,3,2023,7,51,1,2475,1.0,1,0,0,a,a,986.0,2,2005,221,1,13,2017,350,0
106,2,2023,10,38,17,343,1.0,0,0,0,d,a,806.0,3,2004,235,0,3,2022,87,1
895,5,2024,4,47,25,3346,1.0,0,0,0,c,c,955.0,2,2006,218,1,7,2019,300,0
454,6,2024,5,39,18,3395,1.0,1,0,0,a,a,426.0,4,2018,73,1,12,2016,443,0
146,4,2023,2,9,3,1765,1.0,1,0,0,a,c,405.0,2,2007,192,0,39,2016,334,0
668,1,2023,2,48,19,3050,1.0,0,0,1,a,a,1097.0,6,2014,104,1,48,2014,468,0
926,1,2023,3,11,27,2537,1.0,0,0,0,c,c,838.0,4,2013,119,1,51,2016,324,1
820,7,2024,2,13,16,1868,1.0,1,0,1,c,a,790.0,7,2012,139,0,12,2015,469,0
60,7,2023,4,48,14,2511,1.0,0,0,1,a,a,1336.0,10,2022,6,1,21,2017,339,0
207,5,2023,10,28,9,2816,1.0,1,0,0,c,a,1267.0,2,2019,56,1,42,2011,500,1
193,1,2023,1,14,27,2029,1.0,0,0,1,a,a,905.0,2,2011,143,1,3,2022,63,0
739,2,2024,1,51,8,3103,1.0,0,0,0,d,a,633.0,3,2009,178,1,25,2015,494,0
900,1,2024,7,32,12,2911,1.0,1,b,0,a,a,829.0,12,2003,247,0,18,2018,326,0
1096,4,2023,12,1,25,2664,1.0,1,0,0,c,c,582.0,9,2010,159,1,46,2011,500,0
865,1,2023,10,16,15,1162,1.0,1,0,1,a,c,843.0,12,2013,118,1,20,2016,360,1
996,7,2023,9,13,22,906,1.0,0,0,0,a,a,912.0,6,2009,171,1,40,2015,389,1
536,7,2023,9,13,1,666,1.0,1,0,1,a,c,1239.0,12,2009,165,0,49,2020,120,0
759,6,2024,4,29,21,2189,1.0,1,0,1,c,a,762.0,8,2011,152,0,12,2019,277,0
888,3,2023,1,2,5,3663,1.0,0,0,0,a,b,863.0,5,2008,176,1,13,2023,0,1
493,2,2023,10,27,26,459,1.0,1,0,0,d,a,841.0,11,2015,95,0,1,2011,500,1
1087,2,2024,5,26,19,2483,1.0,0,0,1,a,c,1091.0,1,2012,148,1,26,2013,500,0
167,2,2023,8,45,9,2657,1.0,0,0,1,c,a,274.0,4,2002,256,1,48,2016,361,1
250,3,2023,11,30,12,1046,1.0,1,0,0,c,a,1219.0,7,2003,244,1,50,2011,500,0
279,5,2024,1,44,1,2926,1.0,1,0,1,d,c,998.0,12,2014,109,1,16,2020,236,0
860,7,2023,9,50,5,1468,1.0,0,0,0,d,a,539.0,1,2007,200,0,40,2014,478,1
999,6,2023,12,29,10,1483,1.0,0,0,1,c,c,529.0,2,2003,250,0,34,2012,500,0
763,3,2023,1,48,22,1078,1.0,0,0,1,d,a,427.0,11,2019,38,0,40,2016,372,1
227,6,2024,7,5,12,1215,1.0,1,0,1,b,c,1033.0,9,2020,46,1,13,2022,96,1
266,6,2024,1,23,22,408,1.0,0,0,1,a,c,1137.0,10,2004,231,0,32,2022,95,1
279,4,2024,4,6,20,2424,1.0,1,0,1,a,c,931.0,7,2011,153,1,10,2021,152,1
599,1,2024,9,22,25,461,1.0,1,0,0,a,b,1121.0,1,2005,236,0,4,2019,278,0
54,7,2024,9,10,13,3305,1.0,0,0,1,c,c,1038.0,10,2002,263,0,34,2021,132,1
39,5,2024,11,51,9,2408,1.0,0,0,0,a,a,411.0,3,2015,116,0,2,2018,361,0
896,5,2023,2,19,18,2407,1.0,0,0,1,d,b,452.0,3,2007,191,1,30,2022,41,0
892,1,2023,6,50,7,926,1.0,1,0,0,b,c,884.0,6,2010,156,1,21,2019,237,0
783,3,2023,12,4,12,844,1.0,0,0,1,c,c,366.0,9,2010,159,0,19,2021,89,0
350,3,2023,11,32,10,1194,1.0,0,0,1,a,b,510.0,12,2009,167,0,34,2021,102,1
224,1,2023,3,16,4,1634,1.0,1,c,0,a,c,1250.0,12,2002,243,1,1,2018,275,0
556,6,2024,9,24,1,1425,1.0,1,0,1,c,a,1052.0,2,2000,295,0,32,2015,460,0
881,2,2023,11,44,11,731,1.0,0,0,1,a,a,50.0,9,2017,74,0,26,2012,500,1
895,3,2023,9,24,15,2964,1.0,1,0,1,a,a,470.0,7,2000,278,1,12,2010,500,1
677,1,2024,4,5,10,407,1.0,0,0,0,c,a,678.0,6,2005,226,1,51,2023,6,1
194,1,2024,6,30,5,3782,1.0,0,0,1,a,a,418.0,4,2003,254,1,40,2015,458,0
692,1,2024,6,51,4,640,1.0,0,0,0,c,a,1046.0,4,2010,170,0,16,2010,500,1
349,4,2024,11,6,2,608,1.0,0,0,0,d,b,314.0,12,2014,119,0,2,2019,264,1
1112,6,2023,4,42,9,3614,1.0,1,0,1,c,a,815.0,6,2017,70,0,37,2015,421,1
819,1,2023,9,36,15,1534,1.0,1,0,1,d,b,778.0,4,2004,233,1,9,2013,500,0
1105,5,2024,1,11,23,2126,1.0,0,0,0,d,a,1247.0,10,2007,195,1,5,2023,58,1
399,3,2024,6,24,10,965,1.0,0,0,1,a,a,549.0,2,2021,40,0,27,2014,500,0
558,4,2023,12,18,20,1368,1.0,0,0,0,a,b,286.0,10,2022,14,0,48,2021,74,0
919,3,2023,9,26,21,1264,1.0,1,0,0,a,a,799.0,6,2017,75,0,12,2019,222,0
605,7,2024,1,51,10,1401,1.0,1,a,0,c,a,467.0,5,2022,20,1,14,2016,453,1
1057,2,2023,12,24,11,641,1.0,0,0,0,a,a,1014.0,5,2018,67,0,2,2017,334,0
990,5,2024,10,35,1,599,1.0,0,0,0,c,a,537.0,6,2011,160,0,11,2012,500,0
68,5,2023,4,1,25,828,1.0,1,0,0,a,c,995.0,7,2012,129,1,40,2022,13,1
157,2,2024,6,40,13,2073,1.0,1,0,1,c,b,889.0,7,2008,191,1,7,2020,241,0
306,7,2023,11,12,19,3789,1.0,0,b,0,d,b,889.0,9,2006,206,1,16,2018,256,0
498,5,2023,8,18,25,3682,1.0,0,0,0,a,a,138.0,12,2006,200,1,48,2022,22,1
152,5,2023,12,18,22,2065,1.0,0,0,0,a,b,1086.0,4,2002,260,1,38,2020,136,0
611,4,2024,4,49,12,1787,1.0,0,b,1,a,b,872.0,3,2015,109,0,9,2015,500,1
832,6,2024,10,10,11,2417,1.0,1,0,0,a,b,1004.0,5,2008,197,1,49,2023,13,0
78,5,2024,9,15,6,2097,1.0,0,0,0,a,a,653.0,2,2007,211,0,12,2020,211,0
15,4,2023,5,45,28,3406,1.0,0,0,0,a,a,700.0,5,2017,72,0,49,2013,500,1
1,3,2024,4,39,12,298,1.0,0,0,0,b,a,664.0,11,2014,113,0,50,2010,500,1
715,4,2024,3,51,2,1949,1.0,1,0,0,c,a,755.0,10,2014,113,0,27,2020,232,0
870,5,2024,11,1,21,570,1.0,0,0,1,c,c,500.0,7,2003,256,1,1,2015,468,1
627,2,2024,8,43,17,3308,1.0,0,0,0,a,a,670.0,11,2010,165,0,49,2019,254,0
940,7,2023,5,43,17,437,1.0,0,0,0,c,a,842.0,11,2003,234,0,43,2018,260,1
338,3,2023,5,9,11,1344,1.0,0,0,0,c,c,564.0,5,2009,168,0,21,2022,40,1
642,4,2024,4,33,15,2088,1.0,0,0,1,a,a,841.0,12,2003,244,0,13,2014,500,1
246,4,2023,3,19,1,3589,1.0,0,0,0,a,a,1695.0,10,2002,245,1,38,2013,500,0
590,2,2023,7,2,6,1902,1.0,1,b,1,b,a,810.0,8,2011,143,1,10,2015,408,1
824,7,2023,10,3,15,2507,1.0,0,0,1,a,a,1144.0,6,2021,28,0,10,2017,305,1
438,2,2023,11,16,23,207,1.0,0,0,0,d,a,1519.0,1,2010,166,0,6,2017,322,1
415,1,2024,10,28,20,1216,1.0,1,0,1,b,c,1267.0,9,2013,133,1,29,2015,467,0
644,7,2024,3,24,19,3645,1.0,0,0,0,c,a,1240.0,2,2009,181,0,24,2021,156,1
1004,6,2023,8,47,7,1117,1.0,1,0,1,a,a,978.0,11,2015,93,1,3,2020,200,1
1083,7,2023,10,3,18,2564,1.0,0,0,1,c,c,624.0,10,2005,216,0,17,2022,38,0
16,7,2024,5,14,25,2279,1.0,0,0,0,a,c,1138.0,12,2020,41,1,19,2021,151,0
767,2,2023,5,11,13,1516,1.0,1,0,0,d,a,610.0,10,2019,43,1,12,2014,467,1
81,2,2024,2,8,2,330,1.0,0,0,1,a,a,1526.0,7,2003,247,1,28,2010,500,1
279,1,2023,6,43,28,1866,1.0,1,0,0,d,c,1048.0,3,2014,111,0,11,2017,344,1
329,5,2024,7,16,23,2324,1.0,0,0,1,c,a,288.0,12,2003,247,0,14,2020,210,0
309,7,2024,1,46,17,3999,1.0,0,0,0,a,b,845.0,9,2003,244,0,21,2023,77,1
316,2,2023,3,15,24,2978,1.0,1,0,1,c,c,1001.0,4,2001,263,0,10,2016,369,0
770,6,2023,8,21,13,2015,1.0,1,0,0,d,b,599.0,9,2019,47,1,45,2020,132,1
1089,3,2024,1,52,25,1593,1.0,1,0,0,d,a,962.0,4,2021,33,0,38,2020,222,1
418,4,2023,5,45,20,3182,1.0,0,0,0,a,a,600.0,2,2001,267,1,50,2011,500,1
898,4,2023,2,10,9,3799,1.0,0,0,1,d,c,999.0,11,2003,231,1,33,2016,341,0
810,1,2023,8,10,23,1779,1.0,0,0,0,a,a,505.0,1,2021,31,0,6,2011,500,0
41,2,2024,9,8,8,1766,1.0,0,0,1,d,c,1042.0,5,2014,124,0,22,2022,90,1
83,4,2023,11,30,25,2167,1.0,0,0,1,a,c,776.0,2,2014,117,1,15,2019,223,1
70,5,2023,11,29,11,1582,1.0,0,0,0,b,c,681.0,3,2022,20,0,10,2017,331,1
302,2,2023,11,45,26,2891,1.0,1,0,1,a,a,287.0,8,2006,207,0,6,2010,500,0
321,4,2023,8,41,23,2445,1.0,0,0,0,b,c,809.0,3,2014,113,1,48,2016,357,0
434,6,2023,12,48,16,1253,1.0,1,0,0,a,c,562.0,4,2006,212,1,35,2017,325,0
61,3,2024,1,21,1,1244,1.0,1,0,0,a,c,611.0,2,2012,143,0,22,2015,467,0
575,4,2023,9,43,9,3472,1.0,0,0,1,a,a,413.0,8,2020,37,1,44,2018,259,1
84,7,2023,7,13,2,1089,1.0,0,0,0,a,a,880.0,7,2014,108,0,14,2014,467,1
508,2,2023,11,11,21,1276,1.0,1,0,0,a,c,916.0,7,2004,232,1,1,2012,500,0
682,7,2023,10,9,28,3476,1.0,1,0,0,a,b,967.0,6,2013,124,0,10,2022,51,1
738,2,2023,9,35,25,3084,1.0,0,0,1,a,a,582.0,5,2000,280,0,26,2023,9,0
760,6,2023,12,46,12,697,1.0,0,0,1,b,a,746.0,11,2018,61,1,14,2021,136,0
223,3,2024,9,46,21,3133,1.0,0,0,1,a,a,736.0,11,2008,190,1,4,2022,146,1
1087,6,2024,4,15,3,672,1.0,1,0,0,b,b,991.0,7,2022,21,0,21,2016,410,0
492,5,2023,11,30,14,339,1.0,1,0,1,a,a,631.0,5,2014,114,1,49,2017,293,1
1037,7,2024,6,15,27,2674,1.0,1,0,1,c,b,475.0,3,2015,111,1,21,2012,500,0
33,1,2024,1,23,27,1903,1.0,1,0,1,a,b,822.0,5,2020,44,0,11,2021,168,1
480,4,2024,7,27,1,229,1.0,0,0,1,a,a,492.0,10,2005,225,0,23,2021,160,0
864,7,2023,4,20,28,3525,1.0,0,0,0,a,c,561.0,2,2012,134,1,34,2019,194,1
170,1,2023,1,5,6,2350,1.0,1,0,0,d,c,1250.0,7,2001,258,1,12,2013,500,1
405,4,2023,11,16,3,3629,1.0,0,0,0,a,a,490.0,9,2020,38,1,20,2014,464,1
807,1,2024,11,37,5,607,1.0,0,0,1,a,a,777.0,6,2011,161,1,33,2020,212,1
107,2,2023,4,10,17,1077,1.0,0,0,0,d,a,834.0,5,2019,47,1,21,2012,500,1
1074,5,2024,8,1,14,3785,1.0,0,0,1,d,a,633.0,7,2019,61,0,49,2020,160,1
537,2,2024,10,31,25,2450,1.0,1,0,1,a,b,940.0,11,2010,167,1,18,2010,500,1
25,1,2023,9,45,5,817,1.0,1,0,0,a,a,580.0,9,2017,72,1,40,2010,500,1
914,3,2024,5,33,18,790,1.0,1,0,1,c,a,806.0,5,2017,84,1,21,2019,272,0
747,5,2023,9,43,4,2000,1.0,1,0,1,d,a,677.0,6,2005,219,1,41,2021,106,1
225,7,2024,4,38,24,3186,1.0,1,0,0,c,a,1190.0,3,2011,157,0,27,2018,323,0
229,5,2023,5,2,28,1926,1.0,0,0,1,a,a,1098.0,1,2004,232,0,38,2011,500,0
436,4,2023,4,17,8,614,1.0,0,b,0,a,a,626.0,8,2002,248,0,29,2021,92,1
996,4,2023,2,23,3,1242,1.0,0,0,1,c,c,886.0,3,2008,179,1,26,2022,49,0
73,4,2023,12,30,23,3568,1.0,0,0,1,b,c,607.0,8,2003,244,1,42,2017,300,0
876,5,2024,11,42,27,3121,1.0,1,a,0,a,b,573.0,12,2011,155,0,3,2012,500,0
145,1,2024,7,38,3,3093,1.0,1,0,0,a,a,1022.0,6,2021,37,0,35,2017,367,0
989,5,2023,6,41,23,1570,1.0,0,0,0,c,c,1036.0,11,2002,247,1,4,2021,141,0
190,2,2024,3,1,28,1974,1.0,1,0,1,c,a,565.0,8,2013,127,0,36,2020,173,0
564,6,2024,6,19,17,1320,1.0,1,0,0,a,a,999.0,1,2006,221,0,15,2010,500,0
609,1,2023,10,28,25,2329,1.0,0,0,0,a,c,392.0,10,2015,96,0,43,2013,500,0
20,3,2023,8,31,20,1118,1.0,1,0,1,a,c,1084.0,2,2006,210,1,30,2023,1,1
717,6,2023,9,40,1,2134,1.0,1,0,1,c,a,1032.0,2,2009,175,0,19,2022,73,1
211,7,2023,8,23,9,2276,1.0,0,0,0,b,a,708.0,5,2011,147,0,44,2015,395,0
828,7,2024,10,33,25,944,1.0,0,0,1,a,a,745.0,6,2009,184,1,50,2012,500,0
400,5,2024,9,33,21,1651,1.0,0,0,1,c,a,834.0,4,2004,245,0,17,2016,432,1
323,6,2024,1,52,17,1801,1.0,0,b,0,c,a,670.0,12,2021,25,1,27,2021,181,0
654,3,2024,12,29,16,3414,1.0,1,0,0,b,c,1193.0,8,2004,244,1,42,2016,403,1
628,6,2023,9,51,10,2246,1.0,0,0,0,a,c,1232.0,6,2019,51,1,13,2020,194,0
203,4,2024,5,43,22,1246,1.0,1,0,0,a,c,826.0,2,2020,51,0,12,2021,187,0
1094,5,2024,12,28,2,590,1.0,1,0,0,a,a,958.0,4,2017,92,0,3,2012,500,1
760,3,2023,6,45,23,1179,1.0,1,0,1,a,b,823.0,1,2009,173,0,6,2021,143,1
67,6,2023,9,17,27,341,1.0,0,0,0,a,c,905.0,4,2013,125,1,45,2020,128,1
13,5,2023,9,47,9,2849,1.0,0,0,1,a,a,737.0,1,2001,272,1,50,2012,500,1
1101,4,2023,5,25,24,942,1.0,0,0,0,a,a,482.0,7,2010,154,1,23,2011,500,1
1013,1,2023,4,23,27,2110,1.0,1,0,1,a,a,1490.0,5,2011,143,1,20,2015,419,1
614,6,2024,1,50,16,3596,1.0,0,0,0,c,a,1514.0,6,2021,31,1,27,2018,335,0
1042,3,2024,12,4,5,1761,1.0,1,0,1,c,a,1275.0,10,2008,194,1,50,2021,110,0
815,1,2023,12,9,6,1182,1.0,1,0,0,b,a,1308.0,6,2000,282,0,11,2016,362,0
697,2,2024,1,34,5,1254,1.0,1,0,1,a,a,651.0,12,2021,25,0,9,2014,500,1
382,4,2024,6,10,24,2655,1.0,0,0,0,c,c,82.0,7,2002,263,0,30,2021,136,0
89,4,2023,9,39,26,3084,1.0,0,0,0,a,a,676.0,7,2000,278,1,6,2011,500,0
243,4,2023,12,8,7,3493,1.0,1,0,1,a,b,486.0,5,2016,91,1,21,2022,39,0
596,4,2024,5,2,7,2337,1.0,1,0,1,c,b,911.0,9,2002,260,0,16,2013,500,1
734,4,2024,6,48,5,998,1.0,1,0,1,b,c,563.0,9,2000,285,1,17,2015,499,1
567,2,2024,2,8,9,1821,1.0,1,0,1,a,a,1023.0,6,2002,260,1,35,2020,181,1
137,3,2024,10,35,5,2987,1.0,0,0,0,a,a,1227.0,3,2013,139,0,38,2023,49,0
981,6,2024,8,12,11,1246,1.0,1,0,0,a,a,233.0,3,2017,89,1,38,2017,338,0
894,1,2023,7,46,25,2437,1.0,0,0,1,a,c,485.0,4,2003,243,0,22,2021,128,0
250,6,2024,5,37,11,2609,1.0,0,0,0,c,a,433.0,8,2017,81,0,19,2013,500,1
960,4,2023,12,27,25,3651,1.0,0,0,0,a,c,50.0,10,2005,218,0,34,2020,149,1
254,2,2023,12,12,22,1739,1.0,0,0,1,a,b,1027.0,3,2014,117,1,37,2015,391,1
864,7,2024,1,44,14,1688,1.0,1,0,0,c,a,473.0,7,2003,246,1,24,2011,500,0
464,2,2023,1,26,4,3275,1.0,0,0,1,a,a,918.0,7,2012,126,0,21,2012,500,1
792,6,2024,2,34,17,390,1.0,1,0,0,a,a,449.0,6,2014,116,1,43,2016,407,1
964,1,2023,6,17,6,3525,1.0,1,0,1,c,a,533.0,3,2001,267,1,40,2022,29,1
508,7,2024,2,9,10,3635,1.0,1,0,0,d,c,748.0,12,2011,146,1,32,2021,133,1
304,4,2023,7,25,27,1001,1.0,0,0,0,b,a,783.0,4,2013,123,0,21,2012,500,0
432,6,2024,6,6,23,3700,1.0,0,0,0,c,a,732.0,6,2001,276,1,23,2015,451,0
811,5,2023,8,51,17,2010,1.0,0,0,0,c,a,826.0,5,2017,75,0,15,2023,36,1
638,2,2024,3,10,21,1204,1.0,0,0,1,c,a,1038.0,11,2003,244,0,16,2021,150,0
438,1,2023,8,32,1,3017,1.0,0,0,0,c,a,977.0,10,2001,262,0,28,2019,212,1
268,3,2023,5,13,20,1797,1.0,0,0,1,a,c,764.0,5,2012,132,1,23,2022,42,0
794,5,2023,10,40,16,615,1.0,0,a,1,c,c,748.0,11,2005,215,1,43,2013,500,0
300,3,2024,6,28,20,1910,1.0,0,0,0,b,c,849.0,12,2006,210,1,52,2018,288,1
788,7,2023,3,23,8,2467,1.0,0,0,0,a,a,830.0,11,2017,64,0,34,2018,249,1
492,5,2023,1,16,7,400,1.0,0,0,1,a,a,620.0,1,2010,156,0,18,2010,500,0
25,3,2024,6,48,20,730,1.0,0,0,0,a,c,1194.0,5,2015,109,0,50,2013,500,0
854,2,2024,5,30,25,1845,1.0,0,0,1,a,a,857.0,12,2007,197,1,2,2016,444,0
731,5,2024,2,45,27,1467,1.0,0,0,0,a,a,844.0,7,2017,79,1,13,2017,396,0
612,2,2024,2,9,13,827,1.0,0,0,1,a,a,458.0,2,2021,36,0,1,2013,500,0
114,4,2024,6,51,7,3780,1.0,0,0,0,c,b,492.0,8,2002,262,0,27,2023,76,1
1031,1,2024,8,27,20,1761,1.0,1,b,0,a,c,439.0,12,2012,140,1,33,2017,358,1
460,5,2023,5,47,1,3690,1.0,0,0,1,d,c,836.0,4,2017,73,0,36,2011,500,1
502,2,2024,5,15,8,1856,1.0,0,0,0,c,a,866.0,6,2002,263,0,2,2017,377,1
570,7,2024,7,29,5,550,1.0,1,0,1,a,a,638.0,1,2016,102,0,11,2015,486,0
931,3,2023,4,8,14,1794,1.0,1,a,1,d,a,534.0,12,2022,4,1,3,2021,109,1
847,2,2024,9,12,2,1786,1.0,0,0,1,a,a,804.0,11,2020,46,1,29,2010,500,1
1087,4,2023,2,3,7,2483,1.0,0,0,1,a,a,1151.0,1,2008,181,1,36,2010,500,1
418,5,2024,8,15,8,1566,1.0,0,0,1,c,a,677.0,5,2018,75,0,45,2012,500,1
387,7,2024,3,28,26,2978,1.0,1,0,1,a,a,861.0,8,2001,271,0,33,2010,500,1
720,7,2023,6,12,12,2250,1.0,1,0,1,c,a,773.0,2,2015,100,0,51,2012,500,1
67,6,2023,8,31,16,1617,1.0,1,0,1,d,c,627.0,2,2018,66,0,38,2020,149,0
692,6,2023,7,50,28,3049,1.0,1,0,1,a,b,737.0,9,2010,154,0,51,2021,103,1
31,1,2023,10,44,3,3148,1.0,1,0,0,a,c,1233.0,11,2006,203,0,49,2022,47,0
1097,1,2023,4,38,22,865,1.0,0,0,0,c,a,710.0,12,2013,112,1,29,2018,269,0
1083,7,2023,10,33,26,3379,1.0,1,0,0,a,c,966.0,1,2019,57,1,25,2013,500,0
1100,2,2023,2,25,22,3750,1.0,0,0,1,a,a,797.0,8,2005,210,1,18,2023,7,1
800,1,2024,3,20,21,1444,1.0,1,c,1,c,c,976.0,4,2022,23,0,47,2014,493,0
945,7,2024,8,26,10,3413,1.0,1,0,0,d,c,461.0,7,2012,145,0,26,2022,104,0
113,7,2023,5,38,12,886,1.0,0,0,0,c,c,930.0,4,2015,97,1,31,2020,163,0
980,1,2024,2,16,3,2740,1.0,1,b,1,b,c,989.0,6,2006,212,0,40,2020,184,0
472,6,2023,8,28,8,1934,1.0,0,0,1,a,a,630.0,2,2017,78,0,46,2017,294,1
518,7,2023,1,31,1,1094,1.0,0,0,0,a,c,480.0,4,2021,21,1,39,2013,500,0
419,3,2023,10,39,17,1545,1.0,0,a,0,a,a,1499.0,2,2018,68,0,52,2018,247,1
587,6,2024,6,47,16,1036,1.0,0,0,0,a,c,1101.0,11,2005,223,0,19,2012,500,1
833,5,2024,3,41,25,1276,1.0,0,0,0,a,c,1064.0,5,2017,82,1,13,2010,500,1
187,1,2024,2,25,28,511,1.0,0,0,0,c,a,1184.0,8,2009,174,1,28,2021,153,0
681,7,2024,12,42,17,3262,1.0,0,0,1,a,a,1252.0,12,2020,48,1,38,2022,108,1
368,7,2023,8,30,28,1005,1.0,1,0,0,a,a,643.0,1,2001,271,1,4,2021,130,1
848,3,2023,3,1,1,3778,1.0,1,0,1,a,a,1043.0,6,2002,249,1,46,2012,500,1
723,4,2023,5,50,4,3745,1.0,0,c,1,a,c,588.0,5,2001,264,0,21,2010,500,0
898,3,2024,1,19,9,1928,1.0,1,0,0,a,a,638.0,9,2011,148,0,2,2020,225,0
852,6,2024,12,10,23,1262,1.0,0,0,1,a,c,828.0,6,2006,222,0,25,2019,245,0
345,1,2024,4,31,18,468,1.0,1,0,0,d,a,456.0,4,2007,204,0,1,2010,500,0
51,5,2023,2,10,23,2028,1.0,0,0,1,a,a,1384.0,12,2000,266,1,38,2015,388,0
60,4,2024,5,39,13,1820,1.0,0,0,1,a,c,747.0,5,2009,180,1,12,2023,79,1
693,2,2024,10,40,21,581,1.0,0,0,0,c,c,741.0,7,2016,99,1,26,2010,500,1
244,2,2023,10,6,16,1456,1.0,1,0,0,a,c,1024.0,1,2003,249,0,9,2022,49,1
506,7,2024,4,29,4,3090,1.0,1,0,1,b,a,723.0,11,2006,209,1,3,2014,500,1
902,6,2023,10,47,10,2387,1.0,1,0,0,a,a,708.0,11,2014,107,0,24,2022,75,1
49,3,2023,9,9,24,3577,1.0,0,0,1,a,c,663.0,6,2022,15,0,15,2014,462,0
1070,2,2024,2,48,2,1103,1.0,1,0,1,c,a,1004.0,5,2013,129,0,47,2010,500,0
965,5,2023,9,50,18,3867,1.0,0,0,1,a,b,546.0,8,2016,85,0,31,2017,331,1
1,1,2024,1,5,27,2858,1.0,0,0,0,c,b,604.0,7,2001,270,1,47,2013,500,0
1009,3,2023,8,32,15,1332,1.0,1,0,0,c,a,713.0,4,2013,124,0,33,2016,363,0
792,2,2024,10,44,15,3860,1.0,0,0,1,a,b,795.0,2,2008,200,1,6,2023,90,0
319,4,2023,6,8,22,1178,1.0,1,0,0,c,a,833.0,7,2010,155,0,42,2020,122,1
835,1,2023,12,32,6,1004,1.0,1,0,1,c,c,614.0,8,2007,196,1,45,2018,247,0
385,3,2023,3,3,11,3205,1.0,0,0,1,a,a,638.0,4,2004,227,1,3,2023,0,0
238,3,2023,7,38,6,1838,1.0,0,0,0,b,a,1045.0,2,2005,221,0,9,2011,500,1
500,4,2024,7,18,14,3374,1.0,0,0,1,d,a,960.0,11,2009,176,0,42,2016,392,1
312,5,2023,3,15,27,3041,1.0,1,0,1,a,a,1059.0,6,2004,225,1,19,2017,308,1
875,7,2024,7,8,14,965,1.0,0,0,1,a,a,748.0,5,2006,218,0,3,2021,161,1
661,7,2023,6,36,8,1243,1.0,1,0,1,a,c,987.0,11,2017,67,0,32,2023,4,0
330,6,2024,10,51,28,3503,1.0,0,0,0,d,a,595.0,5,2014,125,1,39,2019,272,0
98,3,2024,8,52,18,2917,1.0,0,0,0,a,c,776.0,12,2007,200,0,15,2022,141,1
1011,6,2024,2,6,11,3910,1.0,0,0,1,a,c,1077.0,6,2014,116,0,42,2017,328,1
1012,4,2024,3,2,22,2231,1.0,1,0,1,a,a,843.0,12,2007,195,1,15,2012,500,1
335,7,2023,12,21,7,3039,1.0,1,0,1,a,a,1101.0,3,2018,69,0,26,2016,359,1
13,1,2024,9,47,17,2418,1.0,1,0,1,b,c,737.0,12,2001,273,0,16,2015,499,1
689,2,2023,4,44,3,3849,1.0,0,0,1,a,c,786.0,2,2020,38,0,18,2018,286,1
190,7,2023,1,33,27,1506,1.0,0,0,0,c,a,1148.0,8,2001,257,1,24,2014,477,1
1111,1,2023,11,12,19,3733,1.0,1,0,0,a,c,203.0,3,2004,236,1,29,2013,500,0
942,4,2023,3,28,15,810,1.0,0,0,0,a,a,1132.0,3,2012,132,0,3,2010,500,1
502,4,2024,9,49,24,2202,1.0,1,0,1,b,a,902.0,3,2002,270,0,24,2020,233,0
492,1,2023,1,46,3,2377,1.0,1,0,1,c,a,863.0,10,2002,243,0,32,2023,14,0
887,7,2023,2,2,23,1757,1.0,0,0,0,c,a,300.0,8,2002,246,0,44,2012,500,1
1082,2,2024,10,30,7,2054,1.0,0,0,0,c,c,594.0,1,2009,189,0,20,2019,270,0
377,2,2024,2,44,17,2801,1.0,0,b,0,b,c,1063.0,12,2007,194,0,1,2023,95,0
31,6,2024,1,27,13,1575,1.0,0,0,0,c,c,920.0,12,2015,97,1,33,2020,202,1
420,6,2024,2,23,22,827,1.0,0,0,1,a,a,640.0,1,2011,157,1,8,2017,379,0
684,2,2024,3,2,18,3614,1.0,0,0,0,c,a,945.0,10,2007,197,0,8,2011,500,0
65,6,2024,8,31,1,1392,1.0,0,0,1,a,a,666.0,9,2017,83,0,51,2010,500,0
785,1,2024,7,50,12,3207,1.0,0,0,0,a,a,668.0,7,2020,48,1,38,2014,500,0
37,1,2024,8,47,6,2409,1.0,0,0,0,c,b,1625.0,2,2007,210,0,17,2017,394,1
122,6,2024,11,52,14,580,1.0,1,0,0,a,a,647.0,12,2013,131,0,25,2017,391,0
997,6,2024,10,40,21,1082,1.0,0,0,1,c,a,50.0,7,2005,231,1,49,2013,500,0
519,6,2023,5,24,7,3063,1.0,0,0,0,c,a,627.0,8,2000,273,0,6,2015,434,1
420,3,2023,2,16,8,931,1.0,1,0,1,a,a,323.0,12,2019,38,1,37,2022,31,1
560,5,2023,10,28,15,2936,1.0,0,0,0,c,a,562.0,1,2012,141,1,35,2023,0,1
321,3,2023,1,28,14,1084,1.0,0,b,0,a,c,690.0,1,2004,228,0,2,2012,500,0
788,7,2024,7,26,27,3100,1.0,1,0,1,a,a,438.0,8,2009,179,0,33,2020,201,1
614,5,2023,8,50,19,2406,1.0,0,0,0,b,c,1310.0,12,2021,20,0,18,2019,240,1
104,2,2024,12,17,25,3300,1.0,0,0,0,c,a,733.0,8,2006,220,0,43,2015,442,0
359,3,2024,10,9,5,2601,1.0,0,0,1,a,a,940.0,3,2011,163,1,40,2022,73,0
393,4,2024,9,34,21,507,1.0,0,0,0,c,c,514.0,1,2001,284,0,48,2021,142,1
189,7,2023,8,25,9,3161,1.0,0,a,0,a,c,678.0,4,2003,244,0,32,2019,201,0
559,3,2024,10,20,3,3994,1.0,1,0,1,d,b,799.0,6,2022,28,1,33,2018,299,1
168,5,2023,6,29,18,1738,1.0,1,0,1,a,a,587.0,6,2004,228,0,46,2018,243,1
1073,2,2024,6,7,14,3648,1.0,0,0,1,c,a,998.0,9,2006,213,1,22,2023,37,0
567,7,2024,9,25,2,1698,1.0,0,0,1,c,a,610.0,1,2003,260,1,10,2014,500,0
743,7,2023,8,25,19,1060,1.0,0,0,1,a,a,647.0,10,2017,70,0,41,2016,348,0
857,4,2024,11,49,27,3450,1.0,0,0,1,a,a,1174.0,4,2009,187,1,26,2023,75,0
1111,1,2023,10,16,14,1373,1.0,0,0,0,a,c,1210.0,2,2007,200,1,40,2019,184,1
922,4,2023,6,32,16,1019,1.0,1,0,1,d,c,1277.0,10,2001,260,0,38,2021,98,1
9,4,2023,1,13,18,1393,1.0,1,0,1,c,c,1271.0,1,2013,120,1,47,2022,18,0
461,4,2023,9,27,22,2330,1.0,0,0,1,a,a,682.0,2,2007,199,0,45,2018,242,0
992,3,2023,6,38,2,2732,1.0,0,0,0,c,a,923.0,3,2020,39,1,40,2022,50,1
409,2,2024,1,52,8,3486,1.0,0,0,1,a,a,689.0,6,2002,259,0,49,2023,55,1
917,4,2024,4,22,1,2816,1.0,0,0,1,a,a,1028.0,6,2015,106,0,32,2019,250,0
226,1,2024,6,27,1,3111,1.0,0,0,1,a,a,1351.0,9,2021,33,1,22,2012,500,0
1,3,2023,9,22,18,477,1.0,0,0,0,c,c,1032.0,4,2008,185,0,30,2022,44,1
834,7,2024,10,17,15,656,1.0,0,0,0,a,a,1271.0,12,2011,154,0,50,2011,500,1
779,5,2024,11,51,4,1059,1.0,1,0,0,c,c,571.0,9,2010,170,1,30,2018,333,0
801,4,2024,4,7,3,2805,1.0,0,0,0,d,a,711.0,8,2007,200,1,19,2011,500,0
801,4,2023,8,52,11,2895,1.0,0,b,0,c,a,1090.0,8,2019,48,1,25,2012,500,1
948,4,2024,8,49,18,2878,1.0,1,0,1,a,c,941.0,1,2020,55,0,9,2015,500,1
709,7,2024,1,3,26,1610,1.0,0,0,0,a,a,326.0,7,2010,162,1,36,2011,500,0
1062,1,2023,9,7,24,297,1.0,1,0,1,d,b,1311.0,5,2010,160,1,39,2023,0,1
257,5,2023,6,30,15,1841,1.0,0,0,0,c,c,742.0,12,2010,150,0,46,2011,500,1
467,5,2024,11,10,10,3735,1.0,1,0,0,b,a,539.0,8,2021,39,1,52,2015,426,1
503,1,2023,9,2,11,2226,1.0,0,0,0,a,a,602.0,12,2001,261,1,12,2012,500,1
284,1,2024,5,36,23,2764,1.0,0,0,0,d,a,860.0,11,2016,90,1,27,2015,477,0
112,1,2023,6,49,8,241,1.0,1,0,0,a,c,714.0,5,2020,37,0,33,2019,224,1
697,2,2023,4,26,12,3298,1.0,1,0,1,b,a,1129.0,1,2016,87,0,37,2011,500,0
1041,2,2024,11,33,23,1836,1.0,0,0,0,b,b,1037.0,4,2003,259,1,34,2013,500,1
428,2,2024,11,36,14,540,1.0,0,0,0,a,a,708.0,7,2007,208,1,38,2020,206,1
809,7,2023,10,39,22,3358,1.0,0,0,0,d,a,660.0,8,2012,134,1,40,2010,500,0
568,1,2023,3,23,5,3549,1.0,0,0,1,c,c,1493.0,10,2006,197,1,14,2010,500,1
1041,6,2024,1,37,2,2796,1.0,0,0,0,d,b,870.0,8,2012,137,1,33,2011,500,0
709,3,2023,2,42,28,1878,1.0,1,0,0,c,a,1230.0,10,2001,256,1,36,2011,500,1
222,3,2024,4,34,8,2275,1.0,0,0,0,a,a,1027.0,9,2001,271,1,16,2018,330,1
1012,6,2023,9,20,17,220,1.0,0,0,0,d,a,1100.0,1,2014,116,1,7,2023,13,1
567,3,2024,4,25,24,1035,1.0,1,0,0,a,a,517.0,2,2006,218,1,4,2017,385,1
962,2,2023,2,18,28,1677,1.0,1,0,1,d,c,736.0,5,2003,237,0,1,2010,500,0
307,4,2024,8,4,17,3525,1.0,0,0,1,a,a,1006.0,6,2011,158,0,18,2014,500,0
531,3,2023,9,41,27,2948,1.0,0,0,0,c,a,430.0,1,2006,212,1,32,2019,217,1
668,2,2024,6,22,6,1162,1.0,0,0,1,b,c,697.0,12,2014,114,0,19,2022,107,1
668,1,2023,10,13,26,2643,1.0,1,a,1,a,a,792.0,9,2015,97,1,43,2015,386,1
704,5,2024,6,27,28,3443,1.0,0,0,0,a,c,584.0,10,2011,152,1,31,2015,464,0
221,7,2023,11,16,2,2709,1.0,1,0,0,a,a,404.0,2,2004,237,1,2,2018,274,1
1068,6,2023,9,28,10,288,1.0,0,0,1,a,a,1119.0,11,2007,190,1,38,2021,94,1
636,6,2023,7,1,12,3649,1.0,0,a,0,c,b,871.0,11,2014,104,0,24,2018,237,0
422,1,2024,9,8,10,1796,1.0,0,0,1,a,c,1477.0,10,2009,179,0,46,2023,14,0
803,3,2024,9,20,19,974,1.0,0,0,1,c,a,997.0,7,2000,290,1,46,2022,78,1
941,6,2023,10,20,1,1075,1.0,0,0,1,c,a,925.0,3,2018,67,0,16,2021,108,0
308,4,2023,1,36,13,933,1.0,1,0,0,a,a,782.0,10,2014,99,0,37,2017,311,1
974,7,2023,11,37,24,1524,1.0,1,0,1,a,a,685.0,10,2022,13,0,36,2023,1,1
342,7,2024,10,19,18,3731,1.0,1,0,1,c,a,1276.0,1,2003,261,0,23,2011,500,0
522,5,2024,12,21,12,1066,1.0,0,0,1,c,c,1006.0,2,2003,262,1,11,2017,374,0
1091,6,2024,12,20,21,2078,1.0,0,0,0,a,a,858.0,9,2022,27,0,31,2021,145,1
285,1,2023,1,17,8,602,1.0,0,0,0,c,c,1004.0,3,2021,22,1,1,2022,68,0
867,4,2024,6,11,27,1358,1.0,0,0,1,c,a,961.0,12,2003,246,1,34,2012,500,0
459,6,2023,9,30,7,1545,1.0,1,0,0,a,a,769.0,6,2012,135,0,37,2011,500,0
674,3,2024,1,30,4,2319,1.0,1,0,0,c,a,757.0,12,2005,217,0,16,2021,170,0
858,7,2023,6,5,11,3494,1.0,0,0,0,a,b,611.0,6,2021,24,0,30,2015,391,0
935,4,2024,11,19,4,2847,1.0,1,0,1,a,c,908.0,7,2017,88,1,21,2013,500,0
780,2,2024,9,7,20,3680,1.0,1,a,1,c,a,857.0,10,2017,83,1,47,2020,168,0
229,2,2023,3,12,10,2658,1.0,0,0,0,b,a,50.0,6,2015,93,0,4,2015,424,0
941,2,2023,10,12,4,1607,1.0,0,0,0,b,c,592.0,6,2017,76,1,32,2019,188,0
816,4,2023,1,10,18,3838,1.0,1,0,0,a,a,1278.0,11,2021,14,0,24,2016,350,0
1042,2,2023,10,41,27,2698,1.0,0,0,1,a,a,576.0,1,2003,249,1,45,2013,500,1
292,5,2023,3,34,25,2439,1.0,0,0,0,c,a,1122.0,1,2022,14,0,52,2020,138,0
648,7,2024,8,48,20,1978,1.0,1,0,1,a,a,602.0,10,2021,34,0,52,2022,100,0
228,7,2023,7,20,15,3946,1.0,0,0,1,d,c,1183.0,2,2008,185,1,22,2014,466,1
536,1,2024,6,17,15,848,1.0,1,0,0,c,a,805.0,6,2007,204,1,23,2014,500,1
1012,7,2024,10,11,20,3277,1.0,1,0,1,a,c,891.0,1,2005,237,1,40,2021,127,0
99,5,2024,5,21,4,1113,1.0,1,0,0,c,a,1176.0,3,2019,62,1,20,2013,500,1
391,7,2023,9,14,4,3785,1.0,1,0,1,c,a,597.0,4,2017,77,1,25,2022,41,1
442,3,2024,5,9,6,3545,1.0,1,b,0,d,a,1118.0,2,2016,99,0,5,2022,108,1
784,7,2023,6,43,15,944,1.0,0,0,1,a,a,758.0,10,2010,152,1,47,2023,0,1
477,3,2023,6,1,4,1243,1.0,1,0,1,a,c,1175.0,12,2010,150,1,47,2023,0,0
897,3,2023,8,18,12,2921,1.0,1,0,0,c,c,439.0,12,2015,92,0,52,2021,70,1
958,7,2023,9,20,13,2571,1.0,0,0,1,b,c,1047.0,5,2008,184,0,50,2013,490,0
320,1,2024,7,15,18,3474,1.0,0,0,1,d,a,754.0,2,2000,293,1,19,2010,500,0
1033,5,2024,1,23,16,1205,1.0,0,0,0,a,a,725.0,7,2008,186,0,52,2019,231,0
407,5,2023,3,21,14,1410,1.0,0,0,0,b,a,990.0,11,2010,148,1,36,2016,349,1
638,4,2023,5,10,9,3670,1.0,0,0,0,c,c,418.0,9,2004,224,1,18,2019,200,1
563,5,2023,4,40,4,3408,1.0,0,0,0,c,a,767.0,8,2006,200,1,46,2012,500,0
1023,5,2023,8,23,12,3274,1.0,0,0,1,a,c,1200.0,11,2010,153,0,24,2013,500,0
714,3,2023,2,52,11,2944,1.0,0,a,0,a,a,868.0,5,2016,81,0,21,2016,395,1
170,2,2024,8,18,15,3387,1.0,0,0,0,a,a,789.0,2,2009,186,1,10,2017,372,1
57,7,2024,9,33,7,1737,1.0,1,0,1,a,a,1280.0,8,2004,241,1,5,2022,132,0
725,7,2024,5,41,18,3006,1.0,0,0,0,b,a,721.0,4,2006,217,1,28,2023,65,1
1001,5,2024,7,27,13,1907,1.0,1,0,1,c,a,1032.0,12,2019,55,1,30,2023,49,1
548,5,2023,12,18,5,2908,1.0,1,0,0,a,a,916.0,5,2014,115,1,11,2013,500,1
881,7,2023,3,10,16,3223,1.0,1,0,1,a,a,1260.0,10,2008,173,1,1,2012,500,0
484,4,2023,8,48,27,623,1.0,0,0,0,a,a,1061.0,6,2000,278,1,6,2021,146,0
1066,7,2023,8,3,12,1494,1.0,0,c,1,a,a,915.0,3,2003,245,0,18,2012,500,1
347,1,2023,6,47,9,803,1.0,1,0,0,b,c,368.0,7,2007,191,0,5,2023,42,0
821,4,2023,2,45,12,2636,1.0,0,0,0,a,a,820.0,12,2018,50,0,33,2021,116,0
865,5,2024,6,48,6,457,1.0,0,a,1,a,c,1364.0,3,2015,111,0,9,2021,195,1
308,1,2024,3,43,27,546,1.0,1,0,0,d,a,1343.0,4,2021,35,1,27,2019,276,0
15,3,2024,3,43,24,3746,1.0,1,0,1,c,b,688.0,8,2012,139,0,24,2014,500,1
74,6,2024,6,11,16,3961,1.0,0,c,1,c,a,881.0,6,2005,228,1,15,2020,204,0
379,6,2024,7,10,17,1433,1.0,0,0,0,c,c,394.0,1,2022,30,0,17,2012,500,1
1089,3,2024,4,14,13,1744,1.0,1,0,1,c,a,1038.0,1,2022,27,1,5,2021,165,1
206,1,2024,11,51,14,3213,1.0,1,0,1,a,a,512.0,12,2005,227,0,30,2012,500,1
16,6,2024,12,41,26,2310,1.0,0,0,1,c,a,800.0,7,2004,245,0,20,2011,500,0
271,3,2023,1,18,21,3953,1.0,0,0,0,a,b,1081.0,11,2018,50,0,26,2023,0,0
1003,5,2024,1,41,1,1099,1.0,0,0,0,c,c,721.0,11,2010,158,0,45,2021,152,0
14,2,2024,12,3,13,1083,1.0,1,0,0,b,b,869.0,2,2007,214,1,29,2022,78,1
465,6,2024,3,38,5,3869,1.0,1,c,1,a,a,1173.0,8,2015,103,0,5,2010,500,1
748,3,2023,10,4,8,2363,1.0,1,0,1,c,a,1186.0,1,2008,189,0,21,2013,500,1
17,6,2023,5,1,20,464,1.0,0,0,0,a,b,674.0,11,2014,102,1,27,2018,234,0
133,6,2024,6,6,1,555,1.0,1,0,0,a,a,499.0,9,2015,105,1,3,2016,419,1
164,2,2024,10,31,4,2655,1.0,0,0,0,b,a,756.0,7,2001,279,0,3,2012,500,0
58,1,2024,1,33,4,1318,1.0,0,0,1,a,c,628.0,6,2004,235,0,19,2020,222,0
1077,3,2023,11,41,21,2847,1.0,1,0,1,d,a,373.0,5,2005,222,0,17,2016,388,1
380,7,2023,5,48,8,1658,1.0,0,0,0,d,a,1126.0,10,2005,211,0,31,2021,121,0
660,3,2024,1,34,26,2899,1.0,0,0,0,a,c,408.0,11,2002,254,1,17,2017,381,0
190,4,2024,12,40,16,2144,1.0,0,0,0,c,a,849.0,1,2015,119,1,20,2022,124,0
695,5,2023,4,10,20,2138,1.0,0,0,1,d,a,867.0,9,2015,91,1,35,2019,183,1
754,6,2024,9,18,25,1373,1.0,0,0,1,c,a,501.0,9,2011,156,0,8,2022,114,0
255,5,2023,4,33,25,2667,1.0,0,0,0,a,c,810.0,4,2006,204,0,1,2022,84,0
737,1,2023,8,25,2,2163,1.0,0,c,0,c,a,1078.0,8,2014,108,0,18,2021,111,0
27,6,2024,1,23,16,3284,1.0,0,0,0,c,b,886.0,2,2019,59,1,44,2018,291,0
597,6,2024,12,11,9,1132,1.0,0,0,1,a,a,589.0,9,2010,171,0,8,2014,500,0
862,4,2024,1,12,28,1403,1.0,1,0,1,a,c,1112.0,4,2004,237,0,38,2019,234,1
1055,6,2024,7,5,23,2540,1.0,0,0,1,a,a,768.0,9,2000,286,1,52,2023,5,1
325,6,2024,3,18,22,589,1.0,1,0,0,a,c,1031.0,12,2016,87,0,31,2020,195,0
904,5,2023,2,29,8,3888,1.0,1,0,0,a,a,938.0,11,2000,267,1,25,2016,368,0
460,6,2023,9,18,23,3167,1.0,0,0,0,a,a,898.0,3,2010,162,1,46,2012,500,0
627,1,2024,11,41,27,2021,1.0,1,0,0,a,b,733.0,3,2021,44,0,48,2020,201,1
490,3,2024,1,31,23,2503,1.0,0,0,0,b,a,694.0,11,2007,194,1,3,2014,500,1
1004,6,2023,5,6,5,2231,1.0,1,0,1,c,a,728.0,12,2003,233,1,9,2011,500,1
105,1,2024,12,37,28,2066,1.0,1,0,0,a,c,642.0,2,2013,142,0,28,2015,477,0
311,2,2024,11,43,10,2213,1.0,1,a,0,a,a,1435.0,8,2000,291,0,22,2010,500,1
279,4,2024,7,12,25,1122,1.0,0,0,1,a,a,858.0,8,2012,143,1,37,2012,500,0
503,5,2024,10,40,12,1296,1.0,0,0,0,a,c,617.0,5,2015,113,1,25,2012,500,1
490,1,2024,3,37,9,748,1.0,0,0,1,c,b,979.0,2,2018,73,1,1,2015,500,0
565,1,2024,2,28,16,2568,1.0,0,0,1,c,a,1230.0,5,2021,33,0,20,2016,424,0
496,6,2023,9,6,17,2850,1.0,0,0,0,a,c,617.0,10,2016,83,1,14,2018,252,1
166,3,2024,9,42,10,965,1.0,1,0,1,a,a,1022.0,12,2014,117,1,16,2010,500,0
1081,5,2024,6,10,16,2339,1.0,0,0,0,c,a,860.0,3,2005,231,1,46,2011,500,0
963,4,2024,11,45,2,2392,1.0,1,0,1,c,a,234.0,6,2008,197,1,33,2019,272,1
86,3,2023,6,1,7,575,1.0,0,0,1,a,a,447.0,4,2017,74,0,42,2020,115,0
182,3,2024,5,52,9,3697,1.0,1,0,1,a,b,626.0,6,2014,119,0,50,2018,314,0
472,2,2024,9,33,6,2937,1.0,0,0,1,a,b,643.0,4,2003,257,1,15,2011,500,1
448,5,2023,11,9,16,1288,1.0,1,0,1,a,a,548.0,6,2013,125,1,46,2016,327,1
976,7,2024,5,43,20,3872,1.0,1,0,0,b,a,763.0,8,2021,33,0,27,2012,500,1
818,1,2023,7,43,26,1077,1.0,1,0,1,a,a,1092.0,12,2006,199,0,36,2015,423,1
532,2,2023,1,45,2,271,1.0,0,0,0,d,a,580.0,6,2014,103,1,27,2020,174,0
218,1,2023,5,19,24,3617,1.0,0,0,0,a,a,1152.0,11,2020,30,0,32,2019,195,0
690,5,2023,7,49,4,3856,1.0,1,0,1,c,c,1148.0,11,2011,140,0,46,2014,471,0
328,3,2024,12,28,22,300,1.0,0,0,1,a,a,768.0,2,2012,154,1,20,2010,500,1
591,6,2023,12,33,16,1621,1.0,1,0,0,b,c,800.0,12,2006,204,1,6,2022,79,1
530,4,2023,12,47,28,2295,1.0,0,0,1,a,c,1079.0,12,2019,48,1,30,2011,500,1
798,2,2023,9,4,27,1297,1.0,1,0,0,d,a,560.0,5,2014,112,0,16,2022,40,1
1021,5,2024,8,25,4,1157,1.0,1,0,0,a,a,365.0,6,2015,110,0,46,2010,500,0
785,6,2023,1,3,19,864,1.0,0,0,1,c,c,290.0,1,2018,60,1,31,2017,284,0
8,5,2024,10,21,21,3998,1.0,0,c,0,d,b,837.0,5,2015,113,1,48,2023,25,0
568,4,2023,8,24,25,766,1.0,0,0,1,a,a,535.0,2,2021,30,1,48,2013,496,0
111,5,2024,4,12,14,2578,1.0,0,0,0,a,c,50.0,2,2000,290,0,26,2023,38,0
577,6,2023,1,52,14,3055,1.0,0,0,0,a,b,1283.0,11,2019,38,0,13,2018,299,0
999,4,2024,8,45,27,3971,1.0,1,0,0,a,c,1484.0,2,2018,78,1,37,2014,500,0
717,2,2023,11,43,3,3842,1.0,1,0,0,c,c,664.0,9,2021,26,1,47,2022,48,0
359,1,2024,6,10,27,717,1.0,0,0,0,b,c,1615.0,4,2014,122,1,30,2012,500,0
726,7,2023,3,17,8,3042,1.0,0,0,0,a,a,850.0,2,2017,73,1,52,2023,0,1
1015,6,2024,8,44,14,3171,1.0,0,0,1,d,c,1108.0,2,2015,114,0,1,2018,355,1
678,4,2023,10,39,12,1715,1.0,1,b,0,d,a,978.0,12,2018,58,1,46,2016,357,1
396,1,2023,9,37,25,1850,1.0,1,0,1,a,a,796.0,4,2017,77,1,35,2018,262,1
21,5,2023,8,9,23,1404,1.0,1,0,1,b,a,521.0,10,2010,154,0,8,2013,500,0
362,1,2023,9,46,16,662,1.0,0,0,0,a,a,862.0,6,2022,15,0,6,2020,196,0
1088,1,2023,4,23,25,1244,1.0,0,0,1,a,c,376.0,2,2020,38,1,40,2021,87,1
688,1,2023,4,25,24,1726,1.0,0,0,0,a,a,271.0,5,2015,95,0,8,2015,433,0
1102,5,2024,6,1,7,2735,1.0,0,0,1,a,a,514.0,9,2022,21,1,49,2012,500,1
10,4,2023,10,45,28,2098,1.0,0,0,1,c,b,959.0,10,2020,36,1,22,2018,283,0
494,7,2024,1,52,27,1252,1.0,0,0,0,d,c,807.0,7,2020,42,1,1,2016,467,1
509,3,2023,5,9,15,1649,1.0,1,0,1,a,c,543.0,3,2008,182,1,43,2014,434,0
133,1,2023,9,52,23,3049,1.0,0,0,0,a,c,991.0,4,2000,281,1,46,2019,214,0
104,5,2023,7,41,22,2254,1.0,0,0,0,a,a,1014.0,3,2005,220,1,18,2010,500,0
634,4,2024,8,23,17,3968,1.0,1,0,0,c,a,504.0,9,2006,215,0,44,2011,500,1
33,6,2023,4,19,18,1275,1.0,0,0,1,d,c,625.0,6,2012,130,1,34,2012,500,1
186,6,2023,8,9,23,3856,1.0,1,0,1,a,a,839.0,9,2001,263,0,52,2015,373,0
120,3,2024,2,44,19,929,1.0,1,0,0,a,a,787.0,11,2003,243,1,9,2010,500,1
843,2,2023,11,10,17,3640,1.0,0,0,0,a,b,460.0,9,2013,122,0,28,2021,86,0
422,1,2024,5,43,19,1061,1.0,1,0,0,a,a,890.0,6,2011,155,0,51,2011,500,0
268,1,2023,8,7,27,3028,1.0,1,0,0,c,c,768.0,12,2001,260,0,2,2013,500,1
944,1,2024,2,24,22,2921,1.0,0,0,1,a,c,819.0,11,2000,279,1,5,2012,500,1
578,5,2023,9,36,2,3024,1.0,0,0,0,a,c,271.0,5,2005,220,0,15,2014,489,1
435,2,2023,11,16,7,1604,1.0,0,0,0,c,a,1044.0,6,2018,65,1,11,2012,500,0
582,2,2023,3,29,9,3939,1.0,1,0,0,a,c,879.0,11,2011,136,0,42,2013,500,0
700,4,2024,9,13,14,1742,1.0,0,0,0,a,a,1148.0,8,2015,109,1,25,2012,500,1
938,3,2023,5,21,26,1921,1.0,0,c,1,a,a,1013.0,4,2012,133,0,21,2017,312,1
888,7,2023,11,49,8,1523,1.0,1,0,1,d,c,1168.0,7,2000,280,1,52,2020,153,1
511,4,2023,6,16,3,3059,1.0,1,0,0,d,c,808.0,8,2005,214,0,26,2016,354,1
580,7,2023,10,1,24,539,1.0,1,0,0,c,b,408.0,12,2009,166,1,4,2023,0,1
1099,5,2024,7,21,3,1684,1.0,0,0,1,c,c,1087.0,9,2011,154,1,13,2017,372,0
616,5,2023,3,10,24,3835,1.0,0,a,1,a,a,727.0,6,2021,21,0,22,2023,0,0
384,4,2024,4,2,17,2906,1.0,0,0,0,c,a,958.0,3,2010,169,0,14,2018,300,0
648,6,2024,10,40,11,1408,1.0,0,0,0,b,c,579.0,9,2018,73,0,33,2012,500,1
751,7,2023,12,50,27,1093,1.0,1,0,1,a,a,936.0,3,2013,129,0,7,2023,43,0
108,5,2024,2,4,13,3010,1.0,0,0,1,a,a,409.0,9,2005,221,0,2,2022,106,0
1044,1,2024,9,6,3,1450,1.0,0,0,0,a,c,1123.0,7,2006,218,0,39,2015,435,1
1095,4,2024,3,30,5,1797,1.0,1,0,0,a,c,839.0,11,2012,136,0,32,2021,154,1
36,2,2024,8,23,3,2024,1.0,1,a,0,a,c,1023.0,8,2014,120,1,46,2013,500,1
523,2,2023,2,31,2,3553,1.0,1,0,1,c,a,536.0,9,2018,53,0,6,2015,441,0
924,7,2023,12,3,11,743,1.0,1,0,1,d,a,795.0,3,2001,273,1,22,2017,293,0
16,5,2023,5,29,15,1935,1.0,0,0,1,a,a,986.0,12,2007,185,0,24,2020,161,1
428,5,2024,1,41,11,3322,1.0,0,0,0,c,a,966.0,6,2007,199,1,17,2022,128,1
521,7,2023,9,24,27,3616,1.0,1,0,1,a,a,906.0,11,2022,10,1,15,2010,500,1
232,4,2023,11,15,17,2911,1.0,0,0,1,b,c,624.0,12,2005,215,0,48,2019,175,1
96,2,2024,9,27,9,1893,1.0,0,0,0,c,a,799.0,11,2019,58,1,42,2012,500,0
753,2,2024,3,39,27,1513,1.0,0,0,1,c,c,728.0,11,2016,88,0,16,2013,500,0
949,6,2023,9,18,19,1159,1.0,0,0,0,a,a,361.0,12,2009,165,0,28,2011,500,1
1032,6,2024,5,18,8,3576,1.0,0,0,1,d,a,618.0,5,2017,84,0,9,2020,217,0
185,2,2024,6,27,10,774,1.0,0,0,1,a,a,712.0,4,2015,110,1,32,2013,500,0
12,1,2024,12,20,26,1023,1.0,1,0,0,a,a,654.0,5,2010,175,0,43,2011,500,1
630,7,2023,11,14,4,2035,1.0,0,0,1,b,c,800.0,8,2020,39,1,17,2019,205,1
155,5,2023,5,41,3,1733,1.0,1,0,1,a,c,917.0,1,2010,160,0,1,2016,404,1
246,6,2023,11,12,3,2289,1.0,1,0,0,a,a,813.0,2,2012,141,0,12,2017,312,1
44,5,2024,2,4,13,314,1.0,0,a,0,c,c,694.0,7,2017,79,0,6,2019,258,0
196,4,2023,6,40,7,3198,1.0,0,0,1,c,a,1074.0,8,2021,22,1,34,2016,370,1
663,7,2024,9,29,23,713,1.0,0,0,0,c,a,484.0,10,2020,47,1,31,2014,500,1
1030,5,2023,8,49,1,2750,1.0,0,0,0,a,a,590.0,3,2022,17,1,14,2016,399,1
750,1,2023,7,30,20,3024,1.0,0,0,1,a,c,504.0,5,2009,170,1,30,2016,364,1
839,7,2023,2,7,25,1824,1.0,1,0,1,a,a,966.0,7,2009,163,1,6,2021,105,1
553,1,2024,9,40,11,641,1.0,1,0,0,a,c,962.0,9,2009,180,0,29,2013,500,1
126,3,2024,3,35,6,3904,1.0,1,0,0,a,a,941.0,3,2015,108,1,7,2012,500,0
376,6,2024,2,39,17,1638,1.0,1,0,1,a,a,1339.0,11,2000,279,0,14,2021,181,0
344,1,2023,11,2,3,3329,1.0,1,0,0,a,c,603.0,12,2006,203,0,21,2019,189,1
508,6,2023,12,47,8,1693,1.0,0,0,0,a,c,832.0,5,2009,175,0,35,2010,500,1
499,3,2023,3,15,12,3314,1.0,0,0,0,b,a,976.0,2,2006,205,0,41,2012,500,0
593,7,2024,1,31,1,1054,1.0,1,a,0,c,a,725.0,1,2002,264,1,11,2021,176,1
51,1,2023,1,47,27,214,1.0,0,a,1,a,a,995.0,6,2012,127,1,25,2017,334,1
348,5,2023,1,4,13,615,1.0,0,a,0,b,c,1079.0,1,2000,276,0,35,2017,281,1
407,5,2023,2,21,6,953,1.0,1,0,1,b,c,1040.0,10,2017,64,0,52,2012,500,1
361,5,2024,5,37,26,1782,1.0,0,0,0,d,a,1297.0,6,2020,47,0,11,2010,500,0
982,2,2023,6,17,1,1768,1.0,0,0,0,b,c,1314.0,5,2015,97,0,5,2017,324,0
223,1,2023,9,12,28,2244,1.0,0,0,1,b,c,976.0,6,2022,15,0,12,2011,500,1
1001,2,2023,2,31,4,3167,1.0,0,0,0,a,a,615.0,6,2009,164,1,9,2010,500,0
612,6,2023,12,52,21,1274,1.0,0,0,0,c,c,1795.0,11,2015,97,1,6,2018,306,0
428,2,2024,11,4,6,3892,1.0,0,0,0,d,c,482.0,10,2002,265,1,5,2019,259,0
873,3,2023,9,3,11,1724,1.0,1,0,1,a,a,791.0,3,2017,78,0,23,2020,136,0
1043,2,2023,11,21,23,3833,1.0,0,0,1,a,c,1078.0,7,2022,16,1,20,2017,313,0
671,1,2024,3,29,19,1651,1.0,1,0,0,c,c,907.0,12,2004,231,1,33,2011,500,0
336,1,2024,2,37,22,2295,1.0,1,0,0,d,a,892.0,9,2003,245,0,7,2010,500,1
248,1,2024,11,38,27,2907,1.0,0,0,0,a,a,949.0,2,2022,33,1,17,2021,177,0
485,5,2024,3,49,20,554,1.0,0,0,0,a,a,1058.0,3,2007,204,0,43,2010,500,1
1046,7,2023,2,43,7,1934,1.0,1,0,0,c,b,491.0,8,2015,90,1,4,2012,500,1
825,6,2024,12,37,23,3112,1.0,0,0,1,a,c,1067.0,12,2014,120,0,14,2019,283,0
727,5,2024,2,36,14,2971,1.0,0,0,1,b,a,872.0,4,2000,286,0,32,2023,56,0
962,3,2024,7,13,4,3284,1.0,1,0,1,c,a,1052.0,9,2001,274,1,6,2012,500,0
706,3,2023,5,41,13,1956,1.0,0,0,1,a,c,835.0,7,2007,190,0,19,2016,386,1
88,1,2024,4,48,28,1072,1.0,0,0,0,c,c,504.0,12,2009,172,1,15,2014,500,0
883,5,2023,2,42,12,2075,1.0,0,0,1,a,a,1005.0,2,2019,48,0,13,2013,500,0
245,2,2024,5,45,6,1302,1.0,0,0,1,b,a,420.0,11,2013,126,0,51,2022,98,0
819,4,2023,8,50,12,2694,1.0,0,0,0,c,a,976.0,11,2021,21,0,42,2022,60,1
378,3,2023,8,37,10,3672,1.0,1,0,1,b,a,1574.0,11,2008,177,1,39,2020,154,0
465,5,2024,6,30,10,1287,1.0,0,0,0,a,a,640.0,3,2006,219,0,35,2018,307,1
450,3,2024,9,26,27,3653,1.0,0,0,1,a,c,544.0,7,2019,62,1,42,2018,296,0
784,6,2024,4,35,6,751,1.0,0,0,0,b,a,873.0,1,2005,231,1,41,2020,202,1
989,1,2024,11,14,26,3045,1.0,0,0,1,b,c,719.0,8,2005,231,0,7,2022,111,1
634,5,2023,12,34,20,3492,1.0,1,0,0,a,c,906.0,10,2002,254,1,22,2018,272,1
380,2,2023,4,37,24,2828,1.0,1,0,0,c,a,627.0,9,2022,7,0,45,2018,252,1
1009,4,2024,1,49,11,2353,1.0,0,0,0,d,a,487.0,11,2003,242,0,25,2014,500,0
1073,4,2023,3,31,26,3871,1.0,0,0,1,c,c,50.0,7,2006,200,1,37,2011,500,0
549,7,2023,8,17,27,1410,1.0,0,0,1,a,a,472.0,4,2018,64,0,32,2018,245,1
83,2,2024,2,30,13,2398,1.0,1,0,0,a,c,866.0,7,2015,103,0,10,2016,436,0
877,4,2023,6,24,25,3571,1.0,0,a,0,a,a,1099.0,11,2009,163,1,22,2010,500,0
911,1,2023,2,7,6,999,1.0,1,0,0,a,a,990.0,11,2009,159,0,29,2011,500,1
975,2,2023,12,20,27,1665,1.0,0,0,1,a,a,1016.0,8,2018,64,1,32,2012,500,0
600,3,2024,10,47,9,2409,1.0,0,0,1,c,a,1031.0,6,2021,40,0,33,2022,118,1
1073,1,2024,11,5,23,3617,1.0,0,0,0,d,a,621.0,7,2019,64,1,6,2015,467,1
743,6,2024,6,51,8,3576,1.0,1,0,0,a,a,231.0,5,2014,121,1,25,2023,78,1
709,5,2024,9,22,4,2560,1.0,0,a,1,a,a,766.0,12,2018,69,1,6,2020,224,1
416,4,2023,7,25,19,3963,1.0,1,0,0,c,a,333.0,6,2013,121,0,5,2016,384,1
844,5,2023,6,16,24,2476,1.0,0,0,0,a,c,873.0,2,2015,100,1,30,2021,90,1
209,1,2023,3,28,20,3412,1.0,1,0,1,a,a,779.0,10,2020,29,1,25,2023,3,0
824,2,2023,9,47,14,3863,1.0,0,0,0,a,c,1416.0,9,2017,72,0,11,2015,452,0
144,3,2024,9,47,10,3242,1.0,0,0,0,a,a,1186.0,9,2013,132,1,27,2023,72,0
896,6,2024,1,44,24,3116,1.0,0,0,0,c,b,964.0,10,2001,267,0,10,2022,138,0
157,5,2024,6,24,16,2939,1.0,0,0,1,a,a,643.0,1,2013,137,1,40,2014,500,0
51,7,2024,2,30,4,1500,1.0,1,0,1,c,a,379.0,7,2010,163,0,39,2016,407,0
815,6,2024,12,8,10,995,1.0,1,0,0,a,a,1432.0,8,2006,220,1,25,2016,399,0
832,3,2024,11,25,13,960,1.0,0,0,0,c,c,779.0,12,2014,119,0,3,2015,490,1
344,1,2024,11,3,22,2136,1.0,0,0,0,a,c,929.0,10,2001,277,0,26,2013,500,0
314,6,2023,11,29,22,244,1.0,0,0,1,a,a,582.0,12,2009,167,1,26,2022,55,1
433,5,2023,8,27,3,3648,1.0,1,0,1,c,a,1323.0,10,2020,34,0,17,2022,62,0
384,4,2024,12,46,1,1734,1.0,1,0,0,a,c,541.0,8,2008,196,1,29,2020,225,1
804,2,2024,12,24,6,3665,1.0,1,0,0,d,a,696.0,2,2000,298,0,44,2020,188,0
1101,3,2023,5,48,13,956,1.0,0,0,0,a,b,932.0,1,2008,184,1,44,2017,316,0
342,5,2023,9,9,12,3852,1.0,1,0,1,c,a,1117.0,9,2021,24,1,19,2016,354,0
641,3,2024,9,52,18,1827,1.0,0,0,1,d,c,714.0,11,2017,82,0,3,2010,500,0
935,6,2023,5,44,25,1293,1.0,1,0,0,c,a,838.0,2,2018,63,1,32,2021,116,0
676,2,2023,11,3,10,1228,1.0,1,0,1,a,a,622.0,10,2001,265,0,7,2022,48,1
432,3,2024,8,30,27,3478,1.0,1,0,1,a,c,792.0,5,2006,219,0,52,2019,238,1
589,1,2024,8,40,28,368,1.0,1,0,1,c,a,972.0,2,2006,222,0,5,2017,399,1
602,5,2023,3,28,27,359,1.0,1,0,0,d,a,1268.0,10,2002,245,1,25,2011,500,1
460,4,2023,9,16,17,3035,1.0,1,0,1,a,c,855.0,12,2015,93,0,20,2015,412,0
119,6,2024,7,9,27,2662,1.0,1,0,1,a,a,464.0,7,2022,24,1,40,2015,437,0
563,1,2023,10,37,26,1481,1.0,1,0,0,c,c,1325.0,1,2011,153,1,10,2014,495,1
52,4,2024,4,16,4,1609,1.0,1,0,1,b,c,1034.0,5,2022,23,1,29,2014,500,0
223,3,2023,10,43,10,2751,1.0,0,0,1,c,a,949.0,12,2007,190,0,44,2020,155,0
949,6,2024,3,1,10,3823,1.0,0,0,0,a,a,1368.0,6,2006,213,0,48,2014,473,1
370,1,2023,8,36,18,3901,1.0,0,0,1,a,a,1291.0,10,2018,58,0,32,2016,368,1
470,3,2024,11,51,21,1048,1.0,0,0,1,a,a,508.0,8,2019,63,0,40,2020,219,0
744,4,2023,4,7,21,1940,1.0,1,0,0,d,a,768.0,1,2016,87,1,16,2018,251,0
539,4,2024,6,3,1,1517,1.0,0,0,1,a,c,401.0,2,2013,136,1,13,2022,94,0
650,5,2024,1,21,23,3643,1.0,0,0,0,c,a,804.0,12,2020,37,0,31,2011,500,1
21,6,2023,6,8,2,470,1.0,1,0,0,a,a,901.0,9,2008,177,0,47,2016,325,1
590,5,2024,4,25,24,3962,1.0,1,0,1,a,a,295.0,9,2009,175,1,52,2020,181,0
369,6,2023,2,43,19,447,1.0,0,a,1,d,b,784.0,12,2010,146,0,16,2018,287,0
76,6,2024,11,41,19,1129,1.0,0,0,0,a,a,677.0,8,2016,99,0,43,2010,500,1
879,1,2024,8,34,22,1144,1.0,0,0,1,c,a,1150.0,4,2007,208,1,1,2010,500,1
24,5,2023,8,17,26,3936,1.0,0,a,1,c,a,1322.0,11,2003,237,1,4,2015,429,1
774,6,2024,12,42,5,3070,1.0,1,0,0,a,a,1164.0,4,2002,272,1,15,2011,500,1
202,3,2024,7,47,10,1732,1.0,0,c,1,a,a,749.0,10,2008,189,1,7,2015,500,1
185,4,2024,6,37,15,649,1.0,0,0,0,a,a,1068.0,11,2014,115,1,47,2017,354,1
45,2,2023,2,49,18,1665,1.0,0,0,0,a,c,699.0,4,2014,106,1,38,2012,500,1
219,3,2023,4,48,28,2227,1.0,0,b,1,a,c,564.0,10,2021,18,1,21,2015,443,0
707,2,2024,7,11,26,3784,1.0,0,0,0,a,a,577.0,10,2004,237,1,30,2022,85,0
718,6,2023,2,21,28,3152,1.0,0,0,1,a,a,1151.0,8,2012,126,1,6,2014,483,1
252,6,2023,12,27,20,3625,1.0,1,0,1,a,c,1345.0,4,2003,248,1,34,2020,149,0
453,3,2024,8,50,28,1300,1.0,0,0,1,b,a,786.0,4,2015,112,1,4,2019,306,0
579,2,2023,11,14,19,1140,1.0,0,0,0,c,c,1023.0,12,2020,35,1,18,2021,100,0
46,2,2024,11,19,26,2506,1.0,1,0,1,c,c,638.0,4,2008,199,0,8,2011,500,0
412,5,2023,1,8,19,1358,1.0,0,0,1,b,c,1081.0,6,2015,91,1,22,2010,500,0
864,6,2023,2,49,24,2309,1.0,0,0,1,a,a,341.0,8,2012,126,1,30,2021,123,0
359,7,2024,3,14,23,2498,1.0,0,0,0,a,a,1172.0,8,2012,139,1,4,2022,114,0
338,2,2023,10,3,1,3389,1.0,0,a,1,a,a,1190.0,11,2010,155,1,3,2022,52,1
215,7,2023,5,41,8,2447,1.0,1,0,0,c,b,631.0,2,2019,51,0,33,2014,476,0
20,3,2024,8,24,18,699,1.0,1,0,1,a,c,1239.0,6,2006,218,1,18,2016,422,0
944,2,2024,5,40,20,1543,1.0,1,a,0,b,a,50.0,1,2004,244,0,49,2022,95,0
148,2,2023,3,44,26,556,1.0,0,0,0,d,a,725.0,12,2015,87,1,29,2018,275,1
112,4,2023,4,32,2,3516,1.0,0,0,1,a,a,1098.0,5,2004,227,1,15,2014,485,1
724,5,2024,10,52,23,3646,1.0,0,0,0,c,a,788.0,7,2002,267,1,46,2018,318,1
173,6,2024,5,35,6,657,1.0,1,a,1,d,a,304.0,8,2002,261,0,9,2016,442,0
293,4,2023,8,48,2,3651,1.0,0,0,0,a,a,875.0,5,2000,279,1,21,2022,79,1
169,1,2023,6,10,5,1605,1.0,0,0,1,a,a,577.0,2,2004,232,1,7,2010,500,0
617,5,2023,7,37,4,794,1.0,1,c,0,c,b,1221.0,11,2022,8,1,31,2012,500,0
666,1,2024,4,42,20,1368,1.0,0,0,1,d,a,297.0,11,2015,101,0,33,2019,269,0
428,2,2023,3,3,12,1146,1.0,0,a,1,c,a,814.0,7,2021,20,0,26,2014,445,0
435,3,2024,8,12,14,3259,1.0,0,0,0,a,c,364.0,2,2019,66,1,43,2023,21,0
541,6,2023,8,23,22,1681,1.0,0,0,0,b,c,848.0,6,2000,278,1,14,2020,165,1
441,7,2023,6,44,3,491,1.0,0,0,1,a,c,487.0,6,2013,120,0,6,2011,500,1
1062,2,2024,9,28,20,2890,1.0,0,0,0,a,c,774.0,1,2005,236,0,41,2013,500,1
477,6,2024,2,47,12,2374,1.0,0,0,1,a,a,651.0,2,2008,192,1,48,2012,500,0
153,3,2023,7,38,3,2961,1.0,1,b,1,a,c,654.0,6,2008,181,0,28,2022,62,0
1052,6,2023,5,37,14,3201,1.0,0,0,1,a,c,858.0,10,2020,31,1,51,2023,0,0
36,7,2024,1,41,12,3403,1.0,1,0,1,a,a,1041.0,1,2021,36,0,4,2023,89,1
916,6,2024,11,2,23,2150,1.0,0,0,0,b,a,858.0,2,2005,237,0,15,2013,500,0
680,2,2024,11,42,10,304,1.0,0,0,1,a,b,778.0,12,2009,179,1,9,2021,189,1
873,5,2023,8,13,24,1500,1.0,0,0,0,d,c,1180.0,6,2001,266,1,12,2014,469,0
178,4,2024,3,20,4,601,1.0,0,0,0,c,c,569.0,10,2016,89,1,23,2022,101,1
248,2,2023,9,37,10,343,1.0,1,0,1,a,a,989.0,10,2015,95,1,25,2018,272,0
537,7,2023,8,30,22,2268,1.0,0,0,1,c,a,725.0,11,2022,9,1,17,2022,65,0
960,3,2024,1,34,21,1989,1.0,0,a,1,b,b,1482.0,11,2004,230,1,15,2019,279,1
50,7,2023,9,50,27,3060,1.0,0,0,1,b,a,576.0,9,2018,60,0,34,2018,276,1
830,4,2023,3,33,9,1594,1.0,1,0,1,c,c,512.0,10,2006,197,1,45,2012,500,0
1088,4,2024,4,20,2,2513,1.0,1,b,0,a,c,786.0,4,2018,72,1,37,2015,451,1
1017,6,2023,10,52,7,2440,1.0,1,0,0,a,c,752.0,4,2016,90,1,51,2017,313,1
934,4,2023,5,23,6,3189,1.0,0,0,1,a,a,873.0,6,2015,95,1,21,2012,500,0
888,3,2023,7,48,24,2268,1.0,0,0,1,c,c,824.0,8,2018,59,0,38,2013,500,1
826,1,2024,8,12,18,2931,1.0,0,0,1,d,a,792.0,4,2015,112,0,11,2020,209,0
250,3,2023,1,11,13,1537,1.0,1,0,0,b,c,1223.0,12,2019,37,0,15,2016,360,0
721,5,2023,9,24,7,1356,1.0,1,0,0,a,a,1222.0,12,2007,189,1,3,2021,125,1
839,1,2024,10,23,14,2686,1.0,0,0,1,b,a,830.0,5,2012,149,1,41,2010,500,1
599,1,2024,8,46,10,2237,1.0,0,0,0,b,a,789.0,2,2000,294,1,39,2013,500,1
241,3,2023,1,42,12,1612,1.0,1,0,1,a,c,859.0,4,2012,129,1,4,2022,90,0
1037,2,2024,11,48,15,3698,1.0,0,0,0,c,b,957.0,10,2003,253,1,8,2015,500,0
359,5,2024,8,34,19,1435,1.0,1,0,1,a,a,320.0,12,2012,140,1,38,2022,100,1
724,5,2024,8,25,1,3553,1.0,0,0,0,a,a,1233.0,6,2001,278,1,48,2014,497,0
580,5,2023,6,7,20,901,1.0,0,0,0,c,a,1092.0,3,2018,63,0,34,2011,500,0
1034,2,2023,12,13,25,3837,1.0,1,0,1,c,a,724.0,11,2007,193,1,27,2012,500,0
1096,2,2024,11,15,20,1000,1.0,1,0,0,a,a,602.0,4,2016,103,0,10,2022,109,0
551,5,2023,7,32,24,2975,1.0,1,0,0,a,b,446.0,3,2010,160,0,10,2016,386,1
91,5,2023,8,40,28,1590,1.0,0,b,0,a,a,984.0,8,2007,192,1,2,2010,500,1
786,7,2024,4,9,9,1222,1.0,0,0,0,c,a,1380.0,1,2014,123,0,51,2023,10,0
516,4,2023,7,50,4,3983,1.0,0,0,1,a,a,54.0,2,2015,101,0,51,2011,500,0
59,4,2023,12,30,12,1781,1.0,0,0,0,b,a,801.0,9,2000,279,0,13,2021,121,0
80,7,2024,3,37,17,214,1.0,0,0,0,a,b,299.0,11,2018,64,0,8,2016,445,1
589,3,2023,12,39,6,2856,1.0,1,0,0,a,a,679.0,7,2022,17,1,45,2011,500,1
1103,2,2024,1,11,24,2279,1.0,0,0,0,a,b,687.0,12,2017,73,1,8,2017,367,1
892,1,2024,11,45,4,1577,1.0,0,b,0,a,a,1235.0,4,2018,79,1,36,2015,477,1
287,4,2023,2,18,3,829,1.0,1,0,1,a,a,872.0,9,2008,173,0,4,2016,378,0
547,3,2024,8,3,16,295,1.0,0,0,0,a,c,1052.0,11,2007,201,1,8,2022,99,0
879,4,2024,11,40,23,2935,1.0,1,0,0,c,b,659.0,12,2000,287,0,16,2015,492,1
988,6,2023,5,4,27,1006,1.0,0,0,1,b,a,896.0,10,2022,7,0,44,2011,500,0
150,2,2023,5,37,13,1882,1.0,1,0,1,a,b,874.0,4,2019,49,0,39,2020,154,1
294,6,2024,5,16,21,1247,1.0,1,0,0,a,c,1413.0,12,2014,113,0,45,2010,500,0
1099,1,2024,11,36,14,410,1.0,0,0,0,a,a,780.0,5,2005,234,0,43,2022,97,0
837,5,2023,4,27,28,3341,1.0,0,0,0,c,a,889.0,1,2021,27,1,47,2019,188,1
591,2,2023,2,4,16,2853,1.0,1,0,0,a,c,1165.0,5,2013,117,0,42,2011,500,1
138,7,2023,8,52,18,734,1.0,1,0,1,d,a,610.0,1,2005,223,1,2,2020,206,0
803,3,2023,5,24,23,3466,1.0,1,0,1,d,c,360.0,4,2005,217,1,48,2019,184,0
210,7,2023,3,38,25,3242,1.0,0,0,1,a,c,697.0,7,2012,128,0,36,2019,210,1
1078,2,2024,9,37,23,742,1.0,1,0,1,c,c,1010.0,8,2022,25,0,7,2019,290,0
19,5,2023,11,29,17,1413,1.0,0,0,0,a,c,718.0,5,2007,198,0,40,2020,145,0
952,2,2023,8,50,7,332,1.0,1,0,1,c,a,864.0,12,2011,140,0,36,2014,482,1
1097,5,2024,9,48,5,1004,1.0,0,0,0,d,a,656.0,3,2019,66,0,34,2017,378,0
959,5,2024,4,21,9,2595,1.0,0,0,0,a,c,773.0,7,2020,45,0,12,2018,321,1
948,4,2024,6,33,24,1726,1.0,0,0,1,a,b,448.0,11,2009,175,0,44,2013,500,0
886,4,2023,11,1,4,1789,1.0,0,0,1,c,a,1029.0,8,2012,135,0,47,2014,422,0
240,7,2024,6,16,17,3227,1.0,1,0,0,d,a,1022.0,2,2013,136,1,27,2014,500,1
90,4,2023,3,43,17,2357,1.0,0,0,0,c,b,1292.0,4,2009,167,1,29,2014,482,0
312,2,2024,5,43,20,3121,1.0,0,0,1,a,b,497.0,11,2003,246,1,33,2013,500,0
1026,6,2024,2,19,23,3380,1.0,0,0,1,a,c,1418.0,12,2011,146,1,9,2020,218,0
634,7,2024,11,1,12,2406,1.0,0,0,0,c,a,691.0,3,2017,92,1,31,2015,438,1
89,1,2023,5,28,22,2739,1.0,0,0,0,b,b,210.0,9,2009,164,0,40,2012,500,1
877,3,2024,2,7,22,879,1.0,1,0,0,a,c,1158.0,10,2000,280,1,40,2013,500,1
343,7,2024,4,1,4,1958,1.0,0,0,1,c,c,1161.0,1,2010,171,0,43,2016,374,0
874,6,2023,5,21,9,3176,1.0,0,0,1,b,c,678.0,2,2022,15,1,2,2014,487,1
385,7,2023,3,25,1,2956,1.0,0,0,1,a,a,497.0,7,2013,116,0,2,2023,23,1
235,6,2023,8,30,16,2986,1.0,1,c,1,a,c,50.0,2,2007,198,1,20,2014,478,1
892,7,2023,7,34,13,2007,1.0,1,0,1,a,a,399.0,8,2022,11,1,3,2023,31,1
917,2,2023,8,5,6,1977,1.0,0,0,0,a,c,557.0,12,2000,272,1,13,2019,200,0
224,1,2023,7,26,18,2709,1.0,1,0,0,d,c,1037.0,5,2018,62,0,18,2017,320,1
4,7,2024,1,46,9,870,1.0,0,0,1,a,a,906.0,11,2004,230,0,19,2013,500,1
457,4,2024,9,1,23,3913,1.0,0,0,1,a,c,865.0,7,2018,74,1,36,2021,121,1
385,1,2023,9,49,8,810,1.0,0,0,1,d,b,679.0,1,2012,140,0,39,2022,62,0
907,5,2023,11,39,14,2802,1.0,0,0,1,d,c,805.0,10,2019,49,0,18,2020,177,0
631,6,2024,3,41,19,567,1.0,0,0,1,c,a,1028.0,8,2021,31,0,52,2023,41,1
514,7,2024,6,2,1,3606,1.0,0,0,1,c,c,986.0,4,2003,254,1,10,2014,500,1
864,7,2024,9,13,13,2247,1.0,0,0,0,c,a,906.0,10,2010,167,1,41,2022,76,1
1021,6,2024,10,50,25,3037,1.0,0,0,1,a,a,1119.0,11,2006,215,1,8,2021,198,1
820,7,2023,7,32,27,1268,1.0,1,0,0,c,b,450.0,2,2010,161,0,12,2017,332,1
768,2,2024,2,38,9,3787,1.0,0,0,0,a,c,489.0,4,2018,70,1,45,2023,45,0
144,1,2024,10,45,24,2598,1.0,0,0,1,a,c,1062.0,5,2009,185,1,7,2016,454,1
779,6,2023,3,13,21,2902,1.0,0,0,1,c,a,662.0,5,2008,178,1,44,2015,385,0
486,6,2023,2,37,14,1989,1.0,0,0,0,c,a,728.0,1,2004,229,1,10,2014,495,1
479,6,2024,11,45,6,1160,1.0,0,0,0,c,a,588.0,3,2016,104,1,15,2015,498,0
929,2,2023,9,7,27,2162,1.0,0,c,0,c,b,644.0,4,2003,245,0,10,2017,309,0
324,3,2023,6,46,11,210,1.0,0,0,1,b,b,617.0,3,2017,75,1,6,2022,92,1
888,4,2023,1,20,24,3184,1.0,0,0,0,c,c,1287.0,5,2013,116,0,40,2014,448,1
842,6,2023,12,32,12,3377,1.0,1,0,0,c,a,846.0,6,2010,162,0,23,2018,269,1
232,3,2023,5,37,4,3800,1.0,0,0,1,a,a,919.0,12,2016,77,1,1,2017,348,1
26,1,2024,7,8,10,727,1.0,1,0,0,a,a,361.0,4,2012,147,0,52,2010,500,0
74,5,2023,6,10,2,837,1.0,0,0,0,a,a,569.0,11,2017,67,0,39,2018,231,1
978,1,2023,10,39,5,3811,1.0,0,0,0,c,a,572.0,6,2021,28,0,31,2016,372,1
18,4,2024,5,13,24,3681,1.0,1,0,0,c,c,941.0,1,2016,100,1,5,2022,112,0
706,6,2024,5,15,4,1263,1.0,0,0,0,a,a,583.0,11,2017,78,1,50,2014,485,0
357,4,2023,12,18,17,222,1.0,0,0,1,c,a,960.0,6,2000,282,1,24,2021,98,1
456,2,2024,5,40,25,867,1.0,0,0,0,c,c,309.0,2,2019,63,0,6,2011,500,1
259,2,2023,11,32,8,2635,1.0,1,0,1,c,c,501.0,12,2011,143,1,41,2021,95,0
46,3,2024,9,28,12,677,1.0,0,0,1,a,a,350.0,3,2004,246,0,44,2023,36,0
393,3,2023,2,45,14,3419,1.0,0,0,1,a,c,797.0,9,2019,41,0,43,2023,2,1
702,6,2023,12,42,13,1827,1.0,0,a,1,c,a,488.0,4,2000,284,0,24,2011,500,0
119,6,2023,5,28,12,3713,1.0,1,0,1,a,a,746.0,3,2001,266,0,51,2019,185,0
611,6,2023,7,41,2,3373,1.0,0,c,1,b,a,368.0,7,2009,168,0,41,2022,52,0
462,1,2023,7,49,15,284,1.0,0,0,1,c,a,332.0,2,2014,113,1,15,2019,242,1
688,3,2024,4,18,20,2032,1.0,0,0,0,c,a,589.0,11,2009,173,1,37,2014,500,1
23,5,2024,12,34,9,1577,1.0,0,0,1,a,c,1279.0,9,2012,147,1,22,2019,272,0
953,6,2023,1,31,19,1075,1.0,1,0,0,a,b,362.0,9,2013,112,1,33,2020,154,1
1,2,2024,6,23,14,3130,1.0,0,0,1,a,a,732.0,12,2018,66,1,40,2017,347,1
899,3,2024,4,19,3,1628,1.0,1,0,0,c,a,932.0,6,2005,226,0,4,2017,379,0
605,5,2024,10,39,12,520,1.0,0,0,1,c,c,853.0,9,2010,169,0,41,2011,500,1
413,1,2023,10,41,25,2583,1.0,0,0,1,a,c,559.0,4,2020,42,1,22,2015,435,0
925,6,2023,7,13,7,2891,1.0,1,0,1,d,a,496.0,9,2016,82,0,41,2015,388,0
843,2,2024,6,23,2,2064,1.0,0,0,0,a,a,813.0,9,2013,129,0,43,2019,240,0
103,1,2023,9,22,4,2213,1.0,1,0,0,c,c,1135.0,10,2000,275,0,28,2011,500,0
336,5,2023,12,20,23,3788,1.0,0,0,1,a,a,680.0,11,2007,193,0,10,2013,500,0
301,6,2023,9,16,3,1312,1.0,1,0,0,b,a,904.0,3,2009,174,1,48,2018,228,0
117,3,2024,1,52,15,3571,1.0,1,0,0,a,a,794.0,9,2010,160,1,39,2010,500,1
627,1,2024,3,7,23,1858,1.0,1,0,1,d,c,1277.0,2,2003,253,1,28,2013,500,1
972,5,2024,4,26,16,1003,1.0,0,0,1,d,a,483.0,11,2001,269,1,25,2018,313,0
947,7,2024,8,22,5,581,1.0,0,0,0,a,a,1128.0,5,2002,267,1,16,2020,214,0
712,5,2023,3,52,12,2144,1.0,1,a,0,a,a,484.0,12,2005,207,0,32,2016,384,1
428,7,2023,10,4,13,1333,1.0,0,a,0,c,a,710.0,10,2014,108,0,6,2014,466,0
613,2,2024,3,4,7,2841,1.0,0,0,1,c,c,1131.0,2,2013,133,1,32,2013,500,0
962,1,2023,6,36,22,1062,1.0,1,0,0,a,a,1075.0,5,2018,61,0,50,2012,500,0
670,4,2023,5,35,18,3457,1.0,1,0,0,a,c,424.0,9,2000,272,0,9,2012,500,0
108,7,2023,11,32,15,2880,1.0,0,b,1,a,a,818.0,6,2020,41,1,18,2013,500,0
929,7,2024,2,46,1,2137,1.0,0,0,1,a,a,1136.0,12,2015,98,1,12,2021,190,0
712,1,2024,4,4,3,3762,1.0,0,0,1,a,a,980.0,5,2002,263,0,47,2017,321,1
807,3,2024,10,9,24,236,1.0,1,a,1,d,a,460.0,12,2005,226,1,50,2016,375,1
588,4,2024,4,37,4,3317,1.0,0,0,1,c,a,734.0,7,2020,45,0,33,2016,420,1
772,7,2024,1,49,3,2438,1.0,0,0,0,c,c,950.0,9,2019,52,1,2,2023,99,0
771,6,2023,7,29,24,2027,1.0,0,0,1,b,a,737.0,11,2009,164,1,14,2023,15,0
451,7,2024,12,27,19,3392,1.0,0,0,1,b,a,460.0,8,2016,100,0,25,2021,158,0
151,2,2023,11,31,9,1295,1.0,0,0,0,a,b,850.0,1,2008,190,1,40,2010,500,1
243,7,2024,6,9,21,1458,1.0,1,0,1,b,a,1405.0,12,2020,42,0,26,2023,35,1
807,5,2023,9,11,15,997,1.0,0,0,1,c,c,834.0,11,2002,250,1,36,2023,0,0
242,6,2024,10,51,6,485,1.0,0,0,1,a,a,298.0,9,2005,229,0,37,2014,500,1
23,6,2024,12,8,11,721,1.0,0,0,0,a,b,431.0,2,2003,262,1,49,2012,500,1
162,4,2023,1,15,9,3326,1.0,1,b,0,a,a,1102.0,12,2011,133,1,44,2021,75,1
456,1,2024,3,33,27,534,1.0,0,0,0,c,c,950.0,2,2016,97,0,11,2012,500,1
1094,2,2024,7,22,8,1940,1.0,1,0,0,b,a,927.0,5,2018,74,0,34,2018,300,1
398,3,2023,12,16,13,3231,1.0,0,0,0,a,a,969.0,12,2008,180,0,23,2010,500,0
855,3,2023,3,17,8,1379,1.0,0,0,0,a,a,1312.0,2,2014,109,1,40,2012,500,0
615,6,2024,8,32,16,3228,1.0,1,0,0,c,c,1003.0,7,2002,265,0,10,2016,438,1
552,3,2023,2,39,21,467,1.0,0,0,1,b,a,733.0,11,2003,231,1,50,2022,41,1
734,3,2024,7,38,7,3675,1.0,1,0,0,c,a,753.0,5,2003,254,0,33,2019,265,0
1024,2,2023,2,44,17,1724,1.0,0,0,1,a,c,940.0,7,2003,235,1,4,2020,196,1
752,3,2024,4,51,16,3396,1.0,0,0,1,c,a,201.0,10,2008,186,1,43,2012,500,1
636,6,2023,3,5,15,2956,1.0,0,0,1,a,b,1435.0,5,2022,10,1,9,2012,500,1
513,1,2023,5,32,25,2821,1.0,0,0,1,a,c,726.0,7,2002,250,1,13,2013,500,1
258,5,2023,3,3,8,2953,1.0,1,0,0,a,a,498.0,1,2012,134,0,44,2019,167,0
730,4,2024,3,8,6,258,1.0,0,0,0,d,a,807.0,12,2018,63,1,30,2021,134,1
1051,5,2024,9,18,15,955,1.0,0,0,1,a,a,641.0,9,2010,168,0,32,2016,402,0
651,2,2024,11,38,9,2106,1.0,0,0,0,c,b,1415.0,12,2019,59,0,15,2023,75,1
250,6,2023,12,48,28,2716,1.0,0,0,1,a,a,830.0,7,2022,17,0,33,2020,171,0
518,2,2023,12,52,4,2837,1.0,0,0,0,a,c,911.0,4,2019,56,0,28,2012,500,1
232,2,2023,1,41,1,2309,1.0,0,0,0,b,a,1039.0,7,2019,42,0,39,2012,500,0
412,4,2023,10,21,7,3957,1.0,1,0,0,d,a,642.0,12,2015,94,1,49,2010,500,1
815,3,2023,6,32,19,2667,1.0,0,0,0,a,a,793.0,12,2008,174,1,37,2010,500,1
1101,5,2023,7,1,23,666,1.0,1,0,0,b,c,903.0,1,2004,234,1,40,2021,65,1
470,3,2023,1,47,2,715,1.0,0,0,1,b,a,984.0,7,2011,138,0,22,2014,493,1
344,5,2024,4,36,5,3785,1.0,0,0,0,c,a,473.0,8,2014,116,0,29,2010,500,1
551,2,2023,1,32,3,2699,1.0,1,0,1,a,a,592.0,8,2007,185,1,36,2021,100,1
817,6,2023,3,11,1,471,1.0,0,0,0,c,a,50.0,6,2018,57,0,28,2011,500,1
674,4,2023,4,26,22,1923,1.0,1,0,1,b,c,634.0,4,2006,204,0,2,2019,232,1
861,2,2024,1,2,22,1956,1.0,0,0,1,c,c,874.0,8,2018,65,0,2,2018,312,0
475,3,2024,4,17,6,2930,1.0,1,a,0,a,a,1122.0,6,2002,262,0,39,2010,500,0
321,1,2023,5,6,13,2245,1.0,1,0,0,c,a,1017.0,4,2008,181,1,47,2018,219,0
1003,5,2024,10,40,19,3705,1.0,0,0,1,b,a,577.0,7,2011,159,0,37,2012,500,0
1096,6,2024,10,49,15,2092,1.0,0,0,1,c,a,693.0,11,2021,35,1,48,2023,53,1
785,1,2023,12,25,26,1961,1.0,0,0,0,d,c,1075.0,2,2002,262,1,35,2020,146,1
380,5,2024,11,43,8,1751,1.0,0,0,0,a,a,712.0,7,2013,136,1,20,2018,335,1
54,6,2023,7,29,26,2128,1.0,0,0,0,a,a,745.0,12,2013,115,0,6,2010,500,0
236,5,2024,11,47,20,3181,1.0,0,0,0,c,a,1211.0,12,2006,215,0,41,2019,266,0
930,1,2023,10,16,8,3268,1.0,1,0,0,d,a,1054.0,8,2021,26,0,37,2011,500,1
1101,7,2023,8,34,18,544,1.0,1,0,1,c,a,526.0,8,2000,276,1,49,2010,500,0
911,6,2023,1,29,24,2880,1.0,1,0,1,c,a,647.0,8,2006,197,1,17,2022,64,0
704,4,2023,4,39,13,2722,1.0,1,0,1,a,a,1329.0,5,2013,119,0,52,2014,455,1
20,6,2023,12,44,21,3640,1.0,0,0,1,a,a,927.0,11,2020,37,1,52,2017,304,1
822,6,2023,11,19,16,1995,1.0,0,0,1,c,a,1196.0,4,2020,43,0,37,2018,242,0
967,5,2024,8,27,8,984,1.0,0,0,0,d,c,477.0,3,2019,65,1,22,2013,500,0
996,3,2023,8,23,23,2645,1.0,1,0,1,a,c,963.0,6,2001,266,0,18,2016,369,0
250,6,2023,10,12,13,3514,1.0,0,b,0,c,c,1013.0,3,2001,271,1,48,2017,276,1
345,1,2024,5,52,20,1611,1.0,0,0,1,a,b,1187.0,5,2013,132,1,3,2011,500,0
902,2,2023,5,17,1,1366,1.0,0,0,1,a,a,1202.0,12,2000,269,1,19,2013,500,0
827,1,2024,11,33,4,3437,1.0,0,0,0,c,c,699.0,7,2009,184,0,6,2012,500,1
972,4,2023,11,15,27,2329,1.0,1,0,0,c,a,915.0,12,2010,155,0,8,2022,59,0
299,3,2023,8,11,16,1787,1.0,0,0,1,d,a,753.0,3,2011,149,0,32,2015,395,1
154,5,2023,10,22,22,1019,1.0,0,0,1,a,a,1017.0,3,2007,199,1,33,2011,500,1
183,4,2024,5,29,27,1046,1.0,0,0,0,b,c,374.0,1,2011,160,0,3,2017,390,1
563,3,2023,8,21,24,240,1.0,0,0,1,a,a,236.0,9,2012,131,1,36,2020,141,1
8,6,2024,9,22,1,1259,1.0,1,0,1,a,c,906.0,12,2009,177,1,46,2011,500,1
994,5,2024,7,8,11,1500,1.0,0,a,1,b,a,817.0,9,2008,190,0,40,2013,500,1
336,3,2024,2,29,1,3148,1.0,0,0,0,d,c,902.0,5,2011,153,1,14,2012,500,1
948,2,2023,3,1,23,2219,1.0,1,b,0,d,a,724.0,6,2009,165,1,49,2014,420,1
1115,4,2023,10,14,22,1219,1.0,1,0,0,b,a,1145.0,5,2007,197,1,38,2023,0,0
172,7,2024,9,36,9,2243,1.0,0,0,0,b,a,974.0,2,2012,151,0,22,2010,500,0
747,6,2024,12,48,3,2691,1.0,1,c,1,c,a,678.0,3,2011,165,1,43,2012,500,0
989,6,2024,7,8,17,506,1.0,0,0,0,c,c,776.0,6,2007,205,1,1,2023,59,0
977,1,2023,10,3,11,3325,1.0,0,0,1,c,c,272.0,11,2010,155,0,34,2017,281,1
141,5,2023,8,40,13,2775,1.0,1,0,0,a,a,1506.0,1,2000,283,0,22,2015,434,0
141,4,2024,10,3,18,1412,1.0,1,0,0,b,c,741.0,9,2008,193,0,13,2010,500,0
359,3,2023,7,21,23,2388,1.0,0,0,1,c,a,1003.0,4,2015,99,0,24,2023,0,1
264,7,2023,5,3,4,3755,1.0,0,0,0,a,c,901.0,5,2014,108,0,30,2010,500,0
765,5,2023,1,21,23,2356,1.0,1,0,0,c,a,811.0,9,2011,136,1,18,2018,263,0
381,2,2023,4,25,9,2709,1.0,0,0,0,a,a,879.0,7,2007,189,0,11,2018,274,1
394,5,2024,2,4,21,2195,1.0,0,0,0,c,a,160.0,12,2012,134,0,4,2018,312,0
744,1,2023,12,9,28,3642,1.0,1,0,1,a,a,1018.0,6,2017,78,1,33,2021,80,1
163,5,2023,12,42,2,2273,1.0,0,0,1,c,a,668.0,5,2022,19,0,36,2014,474,1
200,4,2023,12,25,7,3257,1.0,0,0,1,a,a,1036.0,1,2006,215,1,4,2012,500,0
787,4,2023,9,4,28,402,1.0,0,0,1,a,b,1007.0,6,2013,123,0,43,2012,500,0
365,1,2023,7,51,4,3556,1.0,0,0,0,a,a,792.0,5,2022,14,1,12,2014,500,0
548,1,2023,7,26,13,3628,1.0,0,0,1,a,a,1181.0,2,2005,221,0,33,2014,461,0
886,3,2024,2,31,4,3718,1.0,0,0,0,a,a,1388.0,8,2021,30,1,49,2019,242,1
311,7,2024,6,1,1,663,1.0,0,0,1,c,a,572.0,8,2002,262,0,32,2015,437,1
872,5,2023,2,18,9,1190,1.0,1,0,0,a,a,659.0,5,2007,189,0,12,2011,500,0
999,1,2024,8,42,3,3935,1.0,0,0,0,a,a,271.0,1,2022,31,0,7,2010,500,1
205,2,2024,1,27,4,238,1.0,0,0,1,c,c,795.0,12,2001,265,0,45,2011,500,0
52,6,2023,9,2,20,1470,1.0,0,0,1,d,c,913.0,6,2009,171,1,27,2020,131,1
341,4,2023,3,8,14,376,1.0,1,0,0,b,c,562.0,5,2002,250,0,42,2021,70,0
401,5,2024,6,17,25,3687,1.0,0,0,1,a,c,750.0,7,2019,59,0,8,2016,425,0
341,2,2024,1,19,18,1782,1.0,1,0,1,c,a,1430.0,12,2018,61,1,7,2022,116,0
964,5,2024,1,44,14,1654,1.0,0,0,0,c,a,918.0,11,2019,50,1,1,2018,355,1
361,1,2024,7,14,28,3221,1.0,1,0,0,b,c,788.0,5,2004,242,1,47,2012,500,0
815,2,2024,5,41,14,624,1.0,1,0,0,a,a,935.0,12,2011,149,0,32,2014,500,0
577,5,2024,3,18,16,1379,1.0,0,0,0,c,a,924.0,2,2019,61,0,23,2019,255,1
69,4,2024,3,11,10,1965,1.0,1,b,0,a,a,196.0,4,2006,215,1,42,2010,500,0
666,6,2024,6,20,24,488,1.0,1,0,0,c,a,769.0,1,2017,89,0,40,2018,292,0
157,6,2024,9,31,11,1587,1.0,0,0,1,c,b,688.0,9,2015,108,1,11,2018,332,1
552,7,2024,7,4,17,390,1.0,1,0,0,a,a,1200.0,8,2003,251,1,24,2021,136,0
474,5,2024,5,48,23,1721,1.0,1,a,1,a,a,728.0,9,2001,272,0,31,2022,121,0
9,2,2023,11,15,24,3055,1.0,0,0,0,d,c,1327.0,9,2011,146,1,2,2016,377,1
145,2,2024,6,52,13,2573,1.0,0,0,0,a,c,1082.0,1,2021,41,1,5,2016,463,0
166,2,2024,2,17,26,1821,1.0,0,0,1,a,a,1235.0,7,2015,103,0,52,2017,329,0
858,1,2024,4,14,12,3669,1.0,0,0,1,b,c,595.0,9,2019,55,0,15,2016,415,0
70,2,2024,12,22,19,1008,1.0,0,0,0,a,a,868.0,1,2010,179,1,8,2013,500,1
500,2,2024,5,46,8,3756,1.0,0,0,0,a,a,1400.0,9,2017,80,0,29,2019,277,0
82,1,2023,3,13,9,2308,1.0,0,0,0,a,a,364.0,2,2008,181,1,6,2020,163,1
1061,7,2024,3,52,15,2087,1.0,0,0,1,c,a,998.0,9,2014,114,0,27,2010,500,1
928,7,2024,9,16,26,1277,1.0,0,0,0,c,c,1161.0,7,2022,26,1,4,2023,64,0
358,3,2023,8,19,14,2630,1.0,0,0,0,a,a,783.0,6,2000,278,1,21,2014,466,0
453,4,2024,2,20,8,3806,1.0,0,0,0,c,c,906.0,12,2009,170,1,41,2014,499,0
70,3,2024,6,9,20,1473,1.0,0,0,0,a,a,1226.0,6,2005,228,1,1,2023,60,0
122,5,2023,9,29,28,2883,1.0,0,0,0,a,a,1329.0,2,2000,283,0,11,2011,500,0
991,2,2023,2,10,19,1593,1.0,0,0,0,a,c,347.0,6,2013,116,1,34,2018,236,1
1073,4,2024,7,2,8,636,1.0,0,0,0,a,a,1167.0,2,2015,113,1,5,2016,413,1
480,5,2024,9,46,6,789,1.0,0,0,1,a,a,475.0,10,2001,275,1,8,2021,194,0
391,1,2023,8,30,20,1315,1.0,0,0,0,c,a,1019.0,3,2000,281,0,16,2010,500,0
776,1,2023,2,28,14,2825,1.0,1,0,1,d,a,333.0,1,2000,277,0,10,2015,434,0
749,6,2023,11,49,19,2407,1.0,0,0,0,a,b,365.0,10,2013,121,1,50,2019,207,1
426,5,2024,3,37,2,3450,1.0,0,0,0,a,c,1512.0,2,2020,49,0,33,2015,472,0
738,4,2023,12,47,10,1614,1.0,1,0,0,a,b,1087.0,10,2019,50,0,21,2018,286,0
800,4,2023,11,27,4,287,1.0,1,0,0,d,c,166.0,11,2014,108,1,49,2022,30,1
112,1,2023,11,23,13,1051,1.0,0,0,1,c,a,499.0,3,2011,152,1,34,2013,500,0
764,6,2023,8,36,23,1984,1.0,0,0,0,c,a,551.0,11,2022,9,0,36,2022,52,0
931,7,2023,8,34,20,989,1.0,0,0,1,c,a,692.0,3,2012,137,1,21,2020,169,0
91,2,2023,12,4,28,1145,1.0,0,0,1,c,c,550.0,10,2006,206,1,22,2013,500,0
863,7,2024,6,7,26,3746,1.0,0,0,0,d,a,388.0,8,2015,106,0,20,2020,195,0
301,4,2024,1,28,15,3469,1.0,1,0,1,c,c,632.0,2,2019,59,0,43,2021,141,1
809,6,2023,12,16,26,1803,1.0,0,0,1,a,a,759.0,10,2018,62,1,46,2016,334,1
93,5,2024,12,45,11,2198,1.0,0,0,1,a,a,530.0,12,2022,24,1,23,2019,282,0
662,7,2023,6,14,26,950,1.0,0,0,1,a,c,1091.0,1,2012,137,0,9,2016,369,0
81,3,2024,11,14,18,1212,1.0,0,0,0,a,c,483.0,2,2018,81,0,29,2011,500,1
808,6,2024,3,36,18,3466,1.0,1,a,1,a,a,971.0,6,2010,165,1,30,2018,318,0
491,3,2023,1,25,18,2989,1.0,0,0,0,a,a,925.0,11,2011,134,1,26,2012,500,0
678,5,2023,5,49,23,2059,1.0,1,0,0,a,a,661.0,12,2006,197,1,48,2023,1,1
9,5,2023,1,21,5,1380,1.0,1,0,1,c,a,630.0,4,2022,9,0,42,2017,291,1
123,1,2024,8,12,10,3202,1.0,1,0,0,c,a,1110.0,10,2008,190,0,6,2011,500,0
275,4,2023,12,5,12,3965,1.0,0,0,0,a,a,569.0,4,2016,92,1,21,2018,244,1
547,5,2024,3,3,20,626,1.0,0,0,1,a,b,1132.0,1,2020,50,0,45,2021,114,0
598,6,2023,10,14,13,1215,1.0,0,0,1,a,a,819.0,9,2016,85,1,22,2021,96,0
628,3,2024,2,16,21,2623,1.0,0,0,1,a,a,1193.0,9,2019,53,1,24,2014,500,0
929,6,2023,1,45,1,1065,1.0,1,0,0,d,a,351.0,7,2000,270,0,28,2017,329,1
1024,1,2024,7,34,11,3902,1.0,0,0,1,c,a,770.0,12,2001,271,0,41,2017,357,0
5,5,2023,11,2,3,865,1.0,0,0,0,c,a,604.0,1,2008,190,1,29,2014,441,0
966,3,2024,7,43,3,1422,1.0,0,0,0,a,a,1303.0,6,2015,109,0,26,2015,485,0
1039,3,2024,2,32,11,3263,1.0,1,c,1,b,c,873.0,2,2010,168,0,37,2014,500,1
529,5,2024,10,42,12,2289,1.0,0,0,0,a,c,657.0,12,2018,70,1,16,2010,500,0
860,5,2024,9,9,1,261,1.0,0,0,1,a,b,479.0,3,2006,222,0,31,2012,500,1
609,4,2023,10,8,8,3650,1.0,1,a,0,a,b,541.0,10,2004,228,1,11,2015,413,0
1041,2,2023,2,52,28,1536,1.0,1,0,0,c,a,946.0,12,2004,218,1,17,2022,87,1
833,2,2024,3,9,9,3100,1.0,0,0,1,b,a,1017.0,1,2015,110,0,3,2023,58,0
364,3,2023,1,35,26,522,1.0,0,0,1,b,b,1312.0,5,2016,80,0,8,2018,287,0
934,6,2023,5,34,23,1023,1.0,0,0,1,a,a,828.0,7,2004,226,0,43,2013,500,0
657,1,2023,5,28,25,1392,1.0,0,0,1,a,c,216.0,3,2015,98,1,9,2019,227,0
617,1,2024,8,11,27,2317,1.0,1,0,0,c,a,940.0,7,2007,205,1,39,2020,180,0
387,3,2023,5,26,13,1577,1.0,1,0,0,a,c,969.0,3,2011,146,0,36,2011,500,0
89,5,2023,4,25,17,3658,1.0,0,0,1,a,a,688.0,10,2018,54,1,20,2010,500,1
708,2,2024,3,44,13,1199,1.0,1,0,0,a,a,1002.0,3,2006,216,0,18,2016,442,0
352,5,2023,10,26,17,3418,1.0,1,0,0,d,a,869.0,12,2000,274,1,19,2013,500,1
325,3,2024,4,41,2,2152,1.0,1,0,0,d,a,992.0,12,2002,256,1,21,2019,280,1
1095,3,2023,7,40,28,2785,1.0,0,0,0,a,a,401.0,9,2006,202,0,34,2016,370,0
1,1,2024,5,18,1,672,1.0,0,0,0,a,a,950.0,2,2009,183,1,8,2011,500,1
783,1,2023,12,51,27,1199,1.0,0,0,1,a,c,393.0,1,2003,251,0,42,2016,373,1
291,1,2024,8,47,1,2724,1.0,0,0,1,a,a,511.0,7,2001,277,0,14,2016,449,0
704,2,2023,5,18,10,944,1.0,0,0,0,a,a,848.0,3,2012,134,0,4,2023,14,0
888,4,2024,11,41,7,421,1.0,0,0,1,a,c,646.0,8,2010,171,0,27,2021,170,0
31,1,2023,2,45,11,1196,1.0,0,0,1,c,a,648.0,1,2018,61,1,44,2019,209,0
816,4,2024,1,15,20,2518,1.0,1,0,1,a,a,840.0,3,2002,262,0,43,2022,76,0
152,5,2024,9,34,3,3242,1.0,1,0,1,c,c,813.0,10,2014,119,1,9,2018,337,0
185,3,2024,5,36,9,1605,1.0,0,b,0,c,a,375.0,2,2013,135,1,20,2013,500,1
797,5,2023,6,51,16,1524,1.0,1,0,1,c,a,744.0,8,2014,106,0,9,2019,250,1
101,4,2024,2,24,15,674,1.0,1,0,0,a,a,1083.0,6,2021,32,1,45,2012,500,0
671,2,2024,6,37,27,2751,1.0,1,0,1,d,b,895.0,4,2006,218,1,39,2023,50,0
292,2,2024,10,28,14,2170,1.0,0,a,1,c,a,1435.0,12,2011,154,0,16,2012,500,1
851,5,2024,2,9,17,2008,1.0,0,0,0,a,b,970.0,4,2021,34,0,48,2015,429,0
229,3,2023,10,1,27,2447,1.0,1,0,1,c,b,1288.0,11,2020,35,1,6,2016,359,0
21,7,2023,11,32,5,672,1.0,0,0,1,a,c,424.0,6,2017,77,1,24,2020,164,0
506,4,2023,7,8,9,3484,1.0,1,0,0,a,c,790.0,4,2013,123,1,14,2017,306,0
562,4,2024,2,47,1,589,1.0,0,0,0,c,a,482.0,12,2021,26,0,27,2017,384,1
750,3,2024,6,41,26,2524,1.0,0,0,1,a,a,581.0,4,2007,206,0,15,2019,286,1
849,5,2024,8,5,27,2841,1.0,0,0,0,a,a,1337.0,12,2019,56,1,14,2018,303,0
1098,5,2024,6,18,12,3932,1.0,1,0,1,a,a,285.0,11,2017,79,1,13,2019,265,0
427,4,2023,1,1,13,2331,1.0,0,a,0,b,c,1104.0,3,2021,22,0,15,2013,500,0
968,6,2024,5,8,2,3903,1.0,0,0,0,c,a,965.0,3,2000,290,1,31,2011,500,1
980,6,2023,3,44,16,3484,1.0,0,0,1,d,a,1019.0,12,2021,15,0,24,2021,124,0
228,2,2023,10,50,5,3864,1.0,0,0,1,c,c,724.0,12,2009,166,0,40,2018,270,0
19,3,2023,3,49,23,3807,1.0,1,0,1,c,a,1241.0,10,2012,125,0,24,2016,389,1
711,6,2023,8,47,25,2658,1.0,0,0,0,a,a,874.0,1,2011,151,0,27,2010,500,1
897,3,2023,9,17,13,1315,1.0,0,0,1,c,c,995.0,1,2013,128,1,2,2017,327,1
947,1,2023,10,23,7,3389,1.0,1,0,1,b,c,214.0,2,2009,176,0,19,2013,500,1
993,1,2024,2,1,9,1856,1.0,1,0,1,a,a,473.0,6,2002,260,1,3,2021,154,0
828,5,2024,1,14,13,3342,1.0,0,0,1,a,a,691.0,5,2014,116,1,16,2013,500,0
53,2,2023,7,48,1,1694,1.0,0,0,1,a,b,986.0,7,2002,252,0,26,2012,500,0
638,1,2023,7,37,18,402,1.0,0,0,1,d,a,431.0,4,2000,279,1,29,2022,60,0
595,1,2024,11,7,13,3503,1.0,1,c,0,a,b,289.0,1,2014,130,0,20,2018,299,1
462,5,2023,8,1,18,633,1.0,1,0,1,a,a,831.0,7,2017,73,1,35,2010,500,1
356,3,2023,4,32,20,2993,1.0,0,0,0,a,a,511.0,9,2013,115,0,38,2010,500,0
37,6,2024,8,28,12,420,1.0,0,0,1,c,a,879.0,11,2012,141,1,48,2012,500,1
358,3,2024,4,13,2,1764,1.0,0,0,1,a,a,698.0,3,2007,205,1,15,2011,500,1
432,7,2024,2,10,1,2031,1.0,1,0,0,a,a,976.0,2,2009,180,1,43,2012,500,1
289,5,2023,10,5,12,3610,1.0,1,0,0,a,c,357.0,6,2016,88,0,27,2011,500,0
518,2,2024,9,17,2,526,1.0,0,0,0,a,a,625.0,7,2017,86,0,32,2015,453,1
308,2,2024,4,21,19,1658,1.0,0,0,0,d,c,698.0,6,2013,130,0,19,2020,210,0
704,1,2023,3,2,4,2047,1.0,1,0,0,c,c,1079.0,1,2018,62,0,26,2022,28,1
73,3,2023,7,31,17,2637,1.0,1,0,1,a,b,645.0,7,2008,180,1,8,2014,491,1
384,1,2024,1,40,24,2500,1.0,0,0,0,c,c,803.0,6,2002,259,1,47,2019,253,1
43,6,2024,1,34,28,1257,1.0,0,0,1,b,a,482.0,1,2013,132,0,28,2023,58,1
220,3,2023,3,10,5,636,1.0,1,0,1,a,a,959.0,7,2006,200,1,36,2018,234,1
469,2,2023,7,11,21,1066,1.0,0,0,1,c,a,997.0,4,2008,183,0,42,2010,500,1
115,4,2023,11,19,3,440,1.0,0,0,0,d,a,764.0,4,2004,235,0,17,2012,500,0
822,4,2023,3,51,21,2273,1.0,0,0,1,c,c,613.0,9,2020,30,1,47,2010,500,0
835,4,2024,5,18,17,2590,1.0,0,0,1,a,c,622.0,7,2016,94,0,19,2012,500,0
301,2,2024,1,42,13,2402,1.0,1,0,1,c,b,711.0,7,2007,198,0,36,2021,162,0
270,3,2023,12,38,5,1000,1.0,0,0,1,a,a,963.0,2,2015,106,1,5,2011,500,1
691,2,2023,9,41,10,3130,1.0,0,0,1,c,a,700.0,1,2018,68,0,1,2017,352,1
545,1,2024,6,33,18,922,1.0,1,0,1,d,c,1153.0,11,2016,91,0,11,2012,500,0
420,7,2023,4,28,25,2839,1.0,0,0,0,a,a,758.0,12,2007,184,1,13,2020,171,1
395,6,2023,3,41,25,3113,1.0,1,0,1,a,a,466.0,7,2002,248,1,18,2010,500,0
596,7,2024,2,24,15,619,1.0,0,0,1,a,a,1327.0,6,2000,284,1,13,2021,167,1
1010,5,2024,12,9,19,3191,1.0,1,0,0,c,a,599.0,11,2001,277,0,16,2020,201,1
766,1,2023,8,2,7,2285,1.0,1,0,1,c,c,533.0,6,2011,146,1,45,2020,113,0
510,1,2023,10,18,17,336,1.0,0,0,1,b,c,687.0,4,2003,246,1,7,2011,500,0
368,2,2023,6,35,15,3961,1.0,1,0,0,c,a,1157.0,12,2013,114,1,44,2020,147,1
1019,7,2023,4,44,20,411,1.0,0,0,0,a,a,1081.0,7,2016,81,0,4,2018,300,0
324,7,2024,6,34,22,925,1.0,1,0,1,a,a,969.0,1,2006,221,1,37,2014,500,1
947,2,2024,3,23,12,2015,1.0,0,0,0,a,a,931.0,10,2001,269,1,5,2021,174,0
940,5,2023,7,9,27,1284,1.0,0,0,1,a,a,906.0,3,2000,280,1,10,2018,259,1
773,2,2024,9,11,4,1725,1.0,1,0,0,a,c,895.0,9,2016,96,1,5,2011,500,1
478,6,2024,11,45,6,1661,1.0,0,0,0,c,a,937.0,7,2011,160,1,50,2016,411,1
528,2,2023,12,39,4,2670,1.0,0,0,0,a,a,694.0,3,2022,21,0,37,2012,500,0
772,4,2024,6,28,27,2297,1.0,0,0,0,a,a,556.0,4,2013,134,1,44,2023,36,0
1015,1,2024,8,32,3,2922,1.0,0,0,1,c,a,1030.0,4,2005,232,0,11,2022,125,0
528,6,2024,6,11,27,3095,1.0,1,0,0,d,b,496.0,6,2002,264,1,39,2012,500,0
479,6,2024,8,38,1,977,1.0,1,0,0,a,a,806.0,1,2010,175,1,25,2012,500,0
346,2,2024,6,33,7,1816,1.0,1,0,1,a,c,603.0,8,2008,190,1,43,2013,500,1
224,5,2024,1,13,2,2683,1.0,0,0,0,c,b,562.0,8,2007,197,0,11,2016,418,1
134,5,2024,5,10,25,3407,1.0,0,0,0,a,a,992.0,9,2011,152,1,16,2016,410,1
961,2,2024,6,44,25,1677,1.0,1,0,0,a,c,886.0,7,2013,131,0,27,2020,225,1
586,7,2024,6,5,7,3300,1.0,1,0,1,a,a,1168.0,9,2013,129,0,47,2012,500,1
921,4,2023,6,26,13,1908,1.0,1,0,1,a,a,692.0,11,2014,103,1,25,2013,500,1
766,6,2024,2,4,25,2810,1.0,1,0,0,a,a,957.0,9,2015,101,1,12,2019,252,1
372,4,2024,3,23,27,598,1.0,1,0,0,a,a,572.0,9,2015,102,1,19,2021,160,0
855,7,2023,10,38,24,3935,1.0,1,0,1,a,a,891.0,12,2002,250,0,28,2010,500,0
1034,3,2024,1,6,26,2340,1.0,0,0,1,a,a,459.0,7,2002,258,1,6,2018,312,1
250,1,2024,1,12,28,831,1.0,0,0,0,a,b,571.0,7,2015,102,0,46,2018,278,0
403,2,2024,8,49,8,2701,1.0,1,0,1,b,a,927.0,9,2008,191,0,5,2012,500,1
480,7,2024,1,52,18,2873,1.0,0,0,0,a,a,308.0,1,2013,132,0,16,2018,348,1
1076,4,2023,9,52,8,372,1.0,0,0,0,a,a,1157.0,6,2003,243,0,18,2013,500,1
753,5,2024,5,20,9,2520,1.0,0,0,1,a,c,849.0,2,2004,243,1,36,2013,500,1
1112,7,2024,1,49,2,2248,1.0,1,0,0,a,b,668.0,12,2013,121,0,22,2023,79,0
613,3,2024,8,9,5,1505,1.0,0,0,1,c,a,893.0,8,2007,204,1,12,2012,500,0
78,4,2023,12,21,19,1985,1.0,0,0,1,a,a,1000.0,1,2008,191,0,29,2012,500,0
1073,6,2024,2,37,21,1865,1.0,1,0,0,a,a,1389.0,3,2000,287,1,9,2015,496,0
468,2,2024,5,4,23,575,1.0,0,0,1,d,a,374.0,7,2022,22,1,39,2012,500,1
785,4,2023,1,52,22,1289,1.0,0,a,0,d,a,622.0,10,2019,39,0,8,2012,500,0
468,1,2023,12,1,2,794,1.0,0,0,1,a,a,1166.0,12,2006,204,1,2,2013,500,0
58,7,2024,5,5,19,934,1.0,1,0,1,a,c,750.0,1,2018,76,1,4,2014,500,1
268,3,2024,10,15,24,1750,1.0,0,0,1,d,c,928.0,3,2013,139,0,51,2011,500,1
807,4,2023,4,44,24,1414,1.0,0,0,1,c,a,221.0,11,2015,89,0,39,2023,5,1
292,6,2024,11,49,5,1589,1.0,1,0,1,c,c,943.0,2,2015,117,0,51,2013,500,0
509,7,2024,11,37,25,947,1.0,0,0,1,a,a,792.0,3,2003,260,0,37,2017,364,0
762,4,2024,2,3,2,2412,1.0,1,0,1,a,a,829.0,8,2022,18,0,34,2020,177,0
850,3,2023,4,18,20,1533,1.0,1,0,1,a,c,868.0,11,2016,77,1,15,2012,500,0
920,3,2024,11,48,5,3913,1.0,0,0,0,a,b,482.0,9,2005,230,1,14,2010,500,0
27,5,2023,2,18,21,670,1.0,1,0,0,b,c,562.0,5,2000,273,0,22,2010,500,1
641,7,2023,11,48,8,579,1.0,0,0,0,a,a,1210.0,12,2010,155,1,25,2014,491,0
872,5,2024,5,11,23,976,1.0,0,0,1,a,a,720.0,6,2018,71,0,46,2015,433,1
476,5,2024,3,34,2,1782,1.0,1,0,0,c,a,1399.0,12,2001,267,1,26,2010,500,1
267,5,2024,7,26,15,1854,1.0,1,0,1,c,a,1148.0,11,2006,212,1,1,2021,181,1
921,2,2023,5,26,16,2585,1.0,0,0,1,c,a,843.0,8,2019,45,0,21,2011,500,0
94,2,2024,2,39,1,3284,1.0,0,0,0,a,a,817.0,10,2006,208,0,18,2012,500,0
764,7,2024,2,4,7,2844,1.0,0,0,1,a,a,771.0,12,2021,26,1,29,2023,27,0
150,4,2023,9,31,18,1280,1.0,0,b,0,a,a,712.0,6,2018,63,0,48,2013,500,1
417,7,2024,10,36,15,886,1.0,0,0,0,c,c,729.0,8,2012,146,1,25,2011,500,1
1076,2,2024,12,1,26,3356,1.0,1,0,1,a,a,1503.0,8,2014,124,0,37,2016,380,1
443,2,2023,12,33,26,2246,1.0,1,c,1,a,a,783.0,5,2021,31,0,39,2023,0,1
493,1,2023,11,39,28,378,1.0,1,0,1,a,a,1155.0,1,2007,202,1,26,2010,500,1
807,2,2024,7,23,17,776,1.0,0,0,1,c,a,695.0,11,2000,284,0,8,2018,327,1
593,5,2024,1,51,24,1078,1.0,1,0,1,b,b,329.0,4,2009,177,0,37,2018,326,1
952,7,2024,11,44,18,3493,1.0,0,0,1,a,a,602.0,8,2008,195,1,18,2022,130,0
502,2,2024,1,1,21,3052,1.0,0,0,0,d,a,784.0,6,2000,283,0,28,2018,285,1
241,5,2023,12,37,18,3488,1.0,0,0,1,a,b,760.0,11,2004,229,0,49,2022,40,0
274,6,2023,9,7,7,3752,1.0,0,a,0,d,b,899.0,6,2018,63,1,4,2016,367,0
993,4,2023,6,41,1,494,1.0,1,0,1,a,c,724.0,6,2011,144,0,19,2013,500,0
924,1,2024,4,15,16,399,1.0,0,0,1,a,a,280.0,12,2002,256,0,11,2012,500,1
779,7,2023,1,34,22,2443,1.0,0,0,1,b,a,999.0,3,2006,202,1,17,2015,433,1
877,4,2024,1,36,24,3386,1.0,1,0,1,c,a,751.0,2,2000,287,0,19,2015,485,0
234,2,2023,2,33,13,693,1.0,1,0,0,a,a,720.0,5,2004,225,1,35,2011,500,0
214,4,2023,7,35,22,2276,1.0,0,0,0,d,a,870.0,6,2018,61,0,7,2023,28,1
971,4,2024,9,7,11,2964,1.0,0,0,0,c,a,1050.0,2,2005,235,0,33,2019,234,1
569,4,2023,8,48,24,1887,1.0,1,0,1,b,a,1007.0,2,2008,186,0,12,2011,500,0
268,6,2023,9,42,20,1006,1.0,0,0,0,b,a,843.0,7,2011,146,1,44,2023,0,0
216,5,2024,3,43,21,1337,1.0,1,0,0,c,a,1129.0,11,2000,280,0,46,2017,361,1
691,2,2023,1,7,9,2161,1.0,1,0,0,a,b,1001.0,4,2005,213,0,33,2021,78,1
276,3,2023,6,2,27,1569,1.0,1,0,0,a,c,549.0,4,2019,50,0,22,2018,240,1
820,1,2024,12,22,21,3522,1.0,1,0,0,d,c,650.0,11,2013,133,1,39,2020,191,1
291,6,2023,10,28,28,3454,1.0,0,0,1,d,a,741.0,5,2018,65,0,14,2016,378,0
1061,3,2023,7,5,18,983,1.0,1,a,0,b,a,1358.0,6,2014,109,0,5,2011,500,1
373,7,2024,8,49,22,3896,1.0,0,0,1,a,a,849.0,9,2016,95,0,17,2016,448,0
206,6,2023,3,32,12,1315,1.0,0,0,1,a,c,478.0,12,2016,75,0,32,2016,364,1
966,4,2023,7,13,2,3097,1.0,0,0,0,a,c,1094.0,4,2020,39,1,33,2021,84,1
233,2,2023,6,26,27,2706,1.0,1,0,1,c,a,637.0,11,2004,223,1,42,2021,88,1
546,7,2024,5,6,7,399,1.0,1,0,1,d,a,1500.0,12,2017,77,0,3,2015,471,1
98,6,2024,9,41,19,2635,1.0,0,0,0,a,a,922.0,2,2008,199,1,12,2016,445,1
293,5,2024,8,24,2,2700,1.0,0,0,1,a,c,225.0,2,2017,90,1,34,2010,500,1
210,5,2024,8,39,22,1788,1.0,1,0,0,b,a,747.0,7,2002,265,1,26,2013,500,0
1016,5,2024,8,15,7,680,1.0,1,0,0,a,c,756.0,3,2017,89,1,1,2020,222,1
32,4,2023,6,20,14,1465,1.0,1,0,1,a,c,725.0,7,2013,119,0,11,2017,321,0
438,3,2023,3,7,15,3767,1.0,0,0,0,a,a,1072.0,3,2009,168,0,3,2010,500,0
516,4,2023,4,35,2,266,1.0,0,0,1,c,a,967.0,1,2009,171,0,43,2017,304,1
105,7,2024,9,52,27,1597,1.0,1,0,1,d,c,1166.0,6,2015,111,1,4,2016,464,0
789,3,2024,1,10,20,460,1.0,0,0,0,c,c,977.0,5,2004,236,0,9,2013,500,0
619,1,2023,5,10,20,2879,1.0,0,0,0,a,c,941.0,9,2021,20,0,4,2018,266,1
167,3,2024,3,4,12,1960,1.0,1,0,1,a,a,447.0,1,2005,230,0,36,2023,20,0
627,3,2023,6,11,1,1982,1.0,1,0,1,a,a,893.0,5,2013,121,0,12,2010,500,1
28,2,2024,12,29,4,3199,1.0,0,0,1,c,a,992.0,3,2002,273,1,24,2021,161,1
461,1,2024,10,50,27,2917,1.0,0,0,1,a,a,943.0,1,2002,273,1,5,2011,500,1
728,2,2023,4,38,13,3972,1.0,0,0,1,b,a,962.0,9,2009,163,1,6,2019,240,0
483,7,2024,2,28,10,2052,1.0,0,0,1,a,c,345.0,2,2020,48,1,31,2013,500,1
574,4,2024,5,20,13,3727,1.0,0,0,1,a,a,900.0,11,2007,198,1,10,2021,166,1
786,1,2024,11,24,25,648,1.0,1,0,1,a,c,681.0,2,2002,273,1,37,2023,39,0
444,3,2024,5,15,12,2451,1.0,0,0,0,a,b,986.0,9,2006,212,0,50,2022,69,1
644,5,2024,6,52,19,359,1.0,0,0,1,a,a,1130.0,5,2010,169,0,11,2012,500,0
128,1,2024,4,47,26,1531,1.0,0,0,0,a,b,1056.0,7,2001,273,1,18,2023,81,1
566,3,2023,9,30,27,641,1.0,1,0,0,a,a,746.0,6,2016,87,0,52,2022,30,1
99,7,2023,10,12,14,2319,1.0,0,0,0,a,a,569.0,12,2003,238,0,9,2015,419,0
304,1,2023,5,17,18,1810,1.0,0,0,1,a,c,818.0,10,2005,211,0,50,2022,19,1
484,4,2023,9,18,1,1736,1.0,1,0,0,c,a,778.0,10,2022,11,0,19,2018,259,1
1095,6,2023,3,5,23,2526,1.0,0,0,1,b,a,1080.0,10,2014,101,0,21,2022,36,0
1046,2,2023,8,23,10,2924,1.0,0,0,1,d,a,1099.0,12,2019,44,0,37,2023,0,1
658,6,2024,7,32,26,1570,1.0,0,0,0,a,a,1026.0,9,2011,154,1,51,2015,449,0
67,7,2023,9,47,17,3386,1.0,1,0,0,c,c,696.0,9,2015,96,1,36,2021,115,0
1066,2,2023,10,31,6,3576,1.0,0,0,1,a,a,1088.0,6,2010,160,0,15,2014,484,1
795,7,2023,6,11,27,1702,1.0,0,0,1,d,a,941.0,3,2017,75,0,5,2022,58,1
542,2,2023,4,26,8,3235,1.0,1,0,0,a,a,358.0,4,2008,180,0,26,2018,260,0
314,7,2024,12,50,17,350,1.0,1,0,1,a,c,499.0,9,2010,171,1,24,2011,500,0
128,1,2023,11,49,5,2617,1.0,0,0,0,a,a,467.0,6,2016,89,1,52,2021,101,0
598,4,2023,8,26,23,3773,1.0,0,0,1,a,a,634.0,10,2013,118,1,22,2016,368,1
156,5,2023,12,32,6,1974,1.0,0,0,0,a,a,1053.0,9,2011,147,1,36,2022,48,1
156,3,2024,4,42,21,2359,1.0,0,b,1,a,a,1201.0,12,2008,184,1,14,2011,500,1
720,4,2023,6,39,21,2146,1.0,0,0,0,d,a,738.0,12,2016,78,0,49,2017,302,0
997,5,2024,11,14,17,952,1.0,1,0,1,a,c,793.0,6,2006,221,0,23,2013,500,0
278,5,2024,2,17,24,378,1.0,1,0,1,c,a,650.0,11,2008,183,1,27,2020,198,0
1084,7,2023,2,45,5,678,1.0,0,0,1,a,a,879.0,2,2015,96,1,17,2018,288,1
306,1,2024,8,27,19,1474,1.0,0,0,1,d,c,630.0,5,2021,39,1,13,2022,118,0
370,5,2024,2,48,22,1181,1.0,0,0,1,c,a,903.0,12,2006,206,1,18,2015,498,1
564,5,2024,3,46,15,3698,1.0,0,0,0,a,a,1182.0,10,2006,209,1,19,2018,339,1
55,7,2024,5,47,3,3427,1.0,1,0,0,a,a,758.0,4,2010,169,1,39,2015,476,0
421,2,2023,10,28,1,819,1.0,0,0,0,b,a,696.0,4,2017,78,0,52,2017,288,0
1078,2,2023,1,36,12,1055,1.0,1,0,1,c,a,800.0,4,2011,141,0,8,2014,496,1
518,3,2023,3,35,28,2572,1.0,1,b,1,c,a,706.0,2,2022,13,1,4,2013,500,0
817,1,2024,11,51,9,1477,1.0,1,0,0,a,c,907.0,11,2019,60,1,10,2021,197,1
214,7,2024,10,47,26,2591,1.0,0,0,0,a,c,1089.0,3,2021,43,1,36,2021,167,0
699,1,2023,5,16,22,3719,1.0,1,0,0,b,c,483.0,7,2001,262,1,35,2022,33,1
330,5,2024,12,42,11,1197,1.0,1,0,1,c,c,422.0,6,2012,150,0,50,2023,44,1
995,4,2024,4,11,14,559,1.0,0,0,1,c,a,613.0,1,2012,147,0,51,2012,500,0
346,3,2023,9,40,11,1273,1.0,0,0,0,b,a,950.0,9,2001,264,1,47,2023,0,1
119,3,2023,2,18,28,691,1.0,1,0,1,a,c,988.0,10,2021,16,0,27,2022,43,0
419,7,2024,2,17,21,1078,1.0,1,0,0,c,c,1332.0,9,2007,197,1,45,2012,500,1
770,1,2023,3,22,18,2109,1.0,0,0,1,a,b,1012.0,10,2007,185,1,35,2023,0,1
275,6,2023,2,39,20,2861,1.0,0,c,1,c,a,778.0,8,2011,138,1,6,2021,137,0
597,7,2023,7,9,12,3153,1.0,1,0,1,a,c,485.0,9,2019,46,0,37,2013,492,0
438,1,2024,6,18,20,1323,1.0,0,0,1,c,a,828.0,10,2020,44,0,50,2012,500,0
323,4,2023,1,25,27,601,1.0,1,0,0,c,a,873.0,4,2009,165,0,1,2019,232,1
642,4,2024,12,3,25,2561,1.0,1,0,0,a,a,777.0,8,2004,244,1,2,2022,105,0
99,2,2023,2,42,9,505,1.0,0,0,0,c,a,743.0,1,2022,13,1,42,2011,500,0
324,3,2024,8,45,2,1215,1.0,0,0,1,a,c,925.0,2,2003,258,0,17,2020,236,1
900,5,2023,2,21,3,1029,1.0,0,0,1,a,a,867.0,7,2011,139,0,2,2011,500,1
657,5,2024,6,27,17,762,1.0,0,0,1,a,c,1284.0,11,2017,79,1,50,2022,81,1
178,7,2024,2,44,10,744,1.0,1,0,0,a,a,660.0,2,2022,24,0,14,2022,134,0
207,2,2023,2,13,26,2467,1.0,0,0,1,a,a,947.0,7,2000,271,0,40,2010,500,0
236,3,2024,1,13,27,2069,1.0,1,0,1,a,a,719.0,3,2005,226,1,39,2015,442,0
926,4,2024,4,9,20,1419,1.0,1,0,0,d,a,717.0,6,2000,286,0,50,2014,479,1
387,6,2023,12,24,27,3306,1.0,0,0,0,a,a,838.0,12,2004,228,0,14,2015,426,0
83,6,2023,3,35,2,1710,1.0,0,0,1,b,c,1220.0,4,2005,215,1,13,2022,74,0
1068,2,2023,4,20,7,2915,1.0,0,0,0,a,a,1087.0,3,2019,49,1,50,2021,74,0
451,4,2024,5,41,7,2987,1.0,1,a,0,c,a,480.0,10,2001,271,0,38,2013,500,1
31,3,2023,11,44,17,1806,1.0,0,0,1,a,b,894.0,8,2019,51,0,2,2019,250,1
498,5,2023,2,36,27,660,1.0,1,0,0,a,a,304.0,10,2011,136,1,40,2014,464,1
550,7,2023,1,16,28,3741,1.0,0,0,1,a,b,710.0,2,2020,35,0,26,2019,198,1
1006,3,2023,1,48,14,3421,1.0,1,a,1,c,a,1131.0,9,2012,124,0,44,2013,500,0
919,5,2024,6,23,8,569,1.0,0,0,0,a,a,673.0,12,2013,126,1,25,2013,500,0
958,6,2023,2,25,23,2314,1.0,0,0,0,a,c,655.0,3,2010,155,0,42,2014,451,1
962,2,2023,11,42,25,2698,1.0,0,0,0,c,c,1385.0,10,2018,61,1,20,2011,500,0
257,1,2024,2,23,12,516,1.0,0,a,0,a,c,954.0,3,2009,179,1,27,2019,256,0
101,1,2024,12,30,26,3935,1.0,1,0,0,a,c,1143.0,11,2011,157,0,4,2021,182,1
120,5,2024,9,50,22,1963,1.0,1,0,1,a,a,1196.0,8,2006,217,0,1,2021,205,1
769,7,2023,6,7,7,2643,1.0,0,0,1,c,c,800.0,8,2005,214,1,12,2011,500,0
967,5,2023,4,26,18,958,1.0,0,a,0,a,c,1107.0,5,2020,35,1,30,2019,204,0
211,2,2023,10,22,7,626,1.0,1,0,1,d,a,803.0,12,2018,58,0,34,2011,500,1
1020,1,2023,4,19,6,679,1.0,1,b,1,c,c,784.0,1,2010,159,1,44,2020,131,0
869,7,2024,6,12,2,2551,1.0,1,0,0,a,c,943.0,10,2005,224,0,19,2011,500,1
1064,3,2023,7,51,21,3839,1.0,1,0,1,c,a,1108.0,1,2017,78,0,22,2012,500,1
385,6,2024,12,6,8,1942,1.0,1,0,1,a,a,780.0,3,2000,297,0,41,2023,17,1
447,6,2024,12,12,24,1953,1.0,1,0,0,a,a,1027.0,5,2016,103,0,17,2019,255,0
819,4,2023,11,12,11,749,1.0,0,0,1,a,a,553.0,12,2006,203,0,30,2021,86,0
773,1,2024,9,40,9,1815,1.0,1,0,1,a,c,942.0,4,2001,281,0,19,2015,489,0
142,7,2023,2,7,16,3925,1.0,0,0,1,c,b,275.0,8,2001,258,0,41,2018,226,0
953,1,2023,10,15,20,1775,1.0,0,0,1,a,a,881.0,2,2020,44,1,34,2013,500,0
143,3,2024,9,11,9,1077,1.0,0,0,0,a,c,388.0,12,2004,237,0,46,2021,121,1
1004,4,2023,10,32,18,896,1.0,1,0,1,c,a,1126.0,12,2009,166,0,22,2020,166,1
700,5,2023,10,29,18,3367,1.0,1,0,1,d,c,771.0,2,2008,188,1,52,2021,81,1
279,2,2024,1,51,14,3484,1.0,1,0,0,a,a,780.0,1,2017,84,1,24,2015,495,1
201,2,2024,10,16,27,3091,1.0,0,0,1,b,a,886.0,2,2011,164,1,25,2020,199,0
612,5,2024,8,9,24,2120,1.0,0,0,0,a,b,699.0,7,2011,157,1,39,2019,230,1
989,3,2024,8,40,12,3655,1.0,1,0,1,c,a,694.0,3,2021,41,1,4,2010,500,0
921,3,2024,1,16,21,794,1.0,0,0,0,c,c,774.0,5,2000,284,0,31,2014,500,0
147,4,2024,9,22,10,624,1.0,0,0,0,a,a,516.0,8,2010,169,0,31,2020,199,1
17,6,2024,8,40,23,2742,1.0,1,0,0,c,c,306.0,11,2021,33,0,31,2020,217,0
793,1,2024,7,8,24,1265,1.0,0,0,0,c,a,665.0,2,2011,161,1,25,2022,87,1
1051,5,2024,2,43,9,2921,1.0,0,0,0,c,a,658.0,9,2002,257,1,37,2017,370,1
311,4,2023,12,6,11,1690,1.0,0,0,1,a,a,274.0,4,2020,44,0,15,2015,407,1
920,4,2024,3,48,18,862,1.0,0,0,1,a,c,930.0,2,2017,85,0,47,2015,469,0
889,4,2024,1,43,13,3914,1.0,1,0,1,d,c,738.0,10,2005,219,0,14,2021,185,1
420,4,2024,11,41,1,3850,1.0,0,0,1,c,a,1026.0,11,2021,36,1,24,2011,500,0
915,5,2023,5,24,20,1234,1.0,1,0,0,c,c,820.0,2,2020,39,0,52,2021,76,0
318,4,2024,7,32,8,2606,1.0,1,c,0,c,c,727.0,5,2016,98,1,8,2019,284,0
832,1,2024,12,17,7,1310,1.0,0,a,0,d,a,830.0,1,2021,47,0,5,2017,376,0
380,2,2023,3,19,21,1859,1.0,0,0,1,b,a,339.0,1,2012,134,0,45,2017,286,0
70,7,2023,4,34,18,2303,1.0,0,0,1,d,a,683.0,10,2008,174,1,3,2016,395,0
539,2,2023,11,49,3,2199,1.0,0,0,1,c,a,1054.0,7,2006,208,0,24,2019,233,0
682,6,2024,11,19,20,3057,1.0,0,0,1,a,a,1475.0,3,2006,224,1,41,2012,500,1
713,4,2024,11,48,20,2535,1.0,1,0,0,a,a,584.0,5,2014,126,1,42,2022,110,1
173,5,2024,2,11,11,2628,1.0,1,0,1,a,a,998.0,1,2017,85,1,16,2020,203,0
962,3,2024,4,4,27,3978,1.0,1,0,0,a,b,702.0,4,2007,204,1,40,2013,500,1
921,1,2024,8,11,6,3984,1.0,0,0,0,b,a,999.0,11,2016,93,1,14,2017,361,1
1025,1,2023,2,41,19,3737,1.0,0,0,0,a,a,894.0,9,2005,209,0,18,2020,179,1
102,2,2024,3,2,6,761,1.0,0,0,0,a,c,399.0,1,2007,206,1,44,2016,374,0
1043,1,2023,2,35,19,405,1.0,0,0,0,b,a,836.0,4,2012,130,0,23,2018,272,1
173,2,2023,1,24,10,371,1.0,0,0,0,a,a,878.0,7,2009,162,1,15,2014,477,0
1083,3,2024,4,1,22,3959,1.0,1,0,0,a,c,792.0,6,2005,226,0,52,2018,261,1
541,7,2023,7,14,25,2643,1.0,1,0,0,a,a,344.0,3,2011,148,1,19,2021,99,1
1060,3,2023,3,46,9,730,1.0,0,0,0,b,a,811.0,10,2013,113,0,29,2016,381,1
810,4,2023,10,23,20,3941,1.0,0,0,1,a,c,750.0,6,2012,136,0,32,2019,199,1
108,6,2024,8,41,19,483,1.0,0,0,0,a,a,806.0,7,2014,121,0,19,2019,282,0
231,5,2024,9,12,17,1071,1.0,0,0,1,a,b,1002.0,11,2014,118,0,12,2011,500,1
610,7,2024,9,43,27,241,1.0,0,0,0,a,c,628.0,10,2010,167,0,52,2015,459,1
973,4,2024,1,8,6,2962,1.0,1,0,0,a,a,868.0,9,2008,184,0,22,2015,454,1
1016,5,2024,6,24,17,3837,1.0,0,0,1,a,c,852.0,10,2017,80,0,41,2017,347,1
940,7,2024,2,25,10,2743,1.0,1,0,0,a,a,479.0,10,2007,196,0,2,2021,179,1
631,6,2024,5,20,8,2908,1.0,0,0,1,a,a,274.0,8,2014,117,0,2,2013,500,0
613,3,2023,12,39,3,733,1.0,1,0,1,c,a,789.0,6,2016,90,1,38,2010,500,0
204,7,2024,8,50,19,1169,1.0,0,0,1,a,a,753.0,8,2021,36,0,17,2014,500,1
660,4,2024,6,10,6,2677,1.0,1,a,1,c,c,649.0,7,2005,227,1,29,2016,397,1
227,1,2023,2,22,28,1130,1.0,1,0,0,b,c,906.0,12,2006,194,1,37,2017,297,1
89,2,2023,4,23,19,1178,1.0,0,0,0,c,a,917.0,1,2001,267,0,15,2014,476,0
559,6,2023,12,50,1,1523,1.0,0,0,0,c,a,636.0,12,2019,48,0,29,2015,437,1
16,7,2023,8,33,12,3329,1.0,0,0,1,a,b,1191.0,1,2011,151,1,13,2014,488,1
389,4,2024,8,44,6,2290,1.0,0,0,0,a,c,614.0,11,2004,237,1,41,2017,367,0
125,1,2024,7,1,19,394,1.0,1,0,1,a,a,1355.0,12,2019,55,0,6,2014,500,0
51,6,2024,6,6,26,2998,1.0,0,0,0,a,a,1036.0,12,2000,282,1,37,2011,500,1
445,2,2023,7,41,9,654,1.0,0,0,1,a,c,828.0,9,2004,226,0,15,2020,182,0
474,1,2023,4,17,4,711,1.0,0,0,0,c,c,387.0,5,2002,251,1,34,2017,295,0
372,5,2023,2,41,11,2340,1.0,1,0,0,a,a,443.0,1,2021,25,1,43,2012,500,1
502,1,2024,5,44,3,3914,1.0,1,0,0,a,a,892.0,3,2019,62,1,47,2016,413,1
119,6,2023,7,32,19,3089,1.0,0,0,0,a,c,749.0,4,2015,99,1,34,2023,0,0
773,5,2023,5,35,21,3523,1.0,0,0,1,c,c,600.0,4,2016,85,0,35,2016,364,0
1044,4,2024,10,44,12,1145,1.0,0,0,1,d,c,971.0,11,2013,131,1,48,2022,100,1
1024,6,2023,1,13,5,2559,1.0,1,0,0,a,a,810.0,1,2004,228,1,36,2018,237,0
678,1,2024,7,3,13,638,1.0,0,0,1,a,c,502.0,4,2010,171,1,50,2011,500,0
140,5,2023,7,3,2,1036,1.0,1,0,0,a,c,705.0,6,2022,13,0,11,2020,148,1
936,3,2023,11,4,25,2526,1.0,1,0,0,a,c,749.0,2,2012,141,0,44,2010,500,1
840,2,2024,11,42,23,1622,1.0,0,0,0,c,a,994.0,2,2013,141,1,16,2023,78,0
574,4,2023,12,29,20,247,1.0,1,0,0,a,c,817.0,2,2003,250,0,1,2022,80,0
1010,7,2023,11,39,11,3694,1.0,0,0,0,c,b,829.0,8,2009,171,1,16,2015,439,0
1070,7,2024,3,43,21,1825,1.0,1,0,1,a,a,1151.0,11,2018,64,1,47,2017,360,1
233,5,2023,6,33,23,2699,1.0,1,0,1,c,c,320.0,3,2008,183,1,32,2023,1,0
272,3,2023,1,37,2,3936,1.0,1,0,0,c,a,1344.0,1,2017,72,1,1,2015,452,0
452,4,2024,2,47,9,2363,1.0,0,0,1,a,a,373.0,12,2015,98,0,9,2023,90,0
220,2,2023,10,44,10,1962,1.0,0,0,1,a,c,401.0,10,2022,12,0,38,2021,110,0
395,7,2023,2,20,22,1876,1.0,1,a,0,a,a,734.0,9,2022,5,0,10,2010,500,1
472,1,2023,6,14,5,2774,1.0,0,0,1,a,c,607.0,4,2016,86,1,39,2020,131,0
386,2,2024,9,46,17,1378,1.0,0,0,0,c,c,1377.0,5,2019,64,1,36,2021,166,0
722,4,2024,5,47,14,650,1.0,1,b,1,a,a,533.0,5,2022,24,1,12,2019,295,0
964,5,2023,12,27,19,3095,1.0,0,0,1,c,c,595.0,10,2000,278,1,3,2014,492,1
690,4,2023,3,8,1,907,1.0,0,0,0,a,a,790.0,7,2011,140,0,49,2020,115,1
90,1,2023,2,46,13,2848,1.0,0,0,1,a,c,1289.0,6,2019,44,1,11,2016,399,1
909,5,2024,1,14,26,2986,1.0,1,0,0,d,b,1153.0,4,2008,189,1,41,2018,285,0
289,3,2023,12,17,23,2249,1.0,0,0,1,a,a,881.0,3,2020,45,1,7,2013,500,0
511,2,2024,9,46,9,3956,1.0,1,0,1,a,c,444.0,7,2008,194,1,27,2010,500,0
477,3,2024,10,5,1,3970,1.0,1,0,0,c,a,290.0,3,2001,283,0,41,2023,16,1
157,6,2024,9,3,8,3122,1.0,1,0,1,a,a,525.0,12,2013,129,1,20,2018,295,0
1053,1,2024,6,44,3,3868,1.0,0,0,1,a,a,225.0,5,2021,37,0,11,2016,449,1
346,1,2024,5,27,18,351,1.0,0,0,1,c,a,446.0,12,2001,269,1,18,2017,373,1
148,5,2023,7,36,24,757,1.0,1,0,0,a,b,240.0,7,2020,36,1,31,2021,109,0
721,3,2023,8,10,25,2800,1.0,1,0,0,c,a,927.0,12,2016,80,0,44,2020,122,1
330,5,2023,9,41,26,1454,1.0,0,0,1,c,c,439.0,11,2019,46,0,12,2013,500,0
394,3,2023,12,29,2,611,1.0,1,0,0,d,a,1113.0,10,2021,26,0,10,2022,71,1
755,6,2024,12,1,19,3707,1.0,1,0,0,a,a,857.0,5,2010,175,1,31,2014,490,1
297,4,2023,11,16,22,2843,1.0,1,0,0,a,a,805.0,8,2015,99,1,32,2012,500,1
792,1,2024,7,19,11,2651,1.0,0,a,1,c,a,1017.0,10,2005,225,0,20,2017,363,1
201,3,2023,9,27,8,799,1.0,1,0,0,c,c,690.0,10,2021,23,1,16,2023,11,0
934,4,2024,7,2,26,3021,1.0,0,0,1,a,a,842.0,2,2003,257,1,25,2021,133,0
100,6,2024,4,9,15,361,1.0,0,0,0,c,c,542.0,9,2020,43,0,28,2012,500,1
318,1,2024,10,40,6,3031,1.0,1,0,1,c,a,1116.0,10,2004,240,0,22,2019,278,1
907,1,2024,3,26,11,2558,1.0,0,0,0,b,c,1219.0,1,2009,182,0,24,2021,158,1
704,2,2023,10,12,25,3570,1.0,0,0,1,a,c,680.0,5,2022,17,0,24,2019,196,1
32,2,2024,8,22,13,1322,1.0,1,0,1,c,a,1204.0,10,2011,154,0,46,2022,80,0
500,4,2024,12,3,2,1668,1.0,0,0,0,d,a,801.0,4,2014,128,0,16,2012,500,1
444,1,2023,12,47,10,1443,1.0,1,c,0,b,a,1030.0,8,2008,184,0,50,2013,500,1
1077,4,2024,5,18,18,2613,1.0,1,0,1,a,a,795.0,7,2012,142,0,51,2014,487,1
968,1,2023,3,23,13,2472,1.0,1,0,0,c,c,751.0,7,2022,8,1,12,2012,500,1
872,7,2024,11,8,25,555,1.0,0,0,0,a,a,669.0,10,2001,277,0,26,2015,450,1
875,3,2024,6,43,12,205,1.0,1,0,1,a,a,984.0,2,2002,268,1,52,2012,500,1
322,6,2023,12,16,9,1040,1.0,0,0,0,d,a,453.0,6,2008,186,1,19,2019,205,0
177,7,2023,4,41,26,3868,1.0,0,0,1,a,a,882.0,3,2022,13,1,15,2018,286,1
695,2,2024,1,12,16,1691,1.0,1,0,0,a,a,1121.0,6,2013,127,1,6,2020,214,1
409,5,2023,7,49,4,2180,1.0,1,0,0,a,c,508.0,8,2020,35,0,29,2016,384,1
1043,3,2023,4,16,24,555,1.0,1,0,1,d,a,1052.0,10,2020,30,0,9,2017,319,0
258,6,2023,11,36,21,2200,1.0,0,c,1,b,a,1159.0,2,2014,117,0,15,2022,73,0
1032,4,2024,12,28,22,1365,1.0,0,0,0,c,a,563.0,10,2013,134,1,16,2018,324,1
135,6,2023,1,38,17,1276,1.0,0,0,0,a,b,733.0,3,2002,250,0,48,2018,250,0
954,7,2023,6,16,8,1376,1.0,0,0,1,c,c,596.0,8,2012,130,0,40,2010,500,1
169,2,2023,4,30,10,1235,1.0,1,0,1,b,a,859.0,10,2000,270,0,21,2012,500,1
197,2,2024,6,6,11,2178,1.0,0,0,0,c,b,484.0,7,2005,227,1,5,2021,157,1
799,6,2023,1,10,14,2992,1.0,0,0,1,a,a,1074.0,7,2014,102,0,37,2019,181,1
501,6,2023,5,1,27,1898,1.0,1,0,0,a,c,623.0,2,2002,255,0,4,2023,0,1
254,3,2024,11,47,13,1921,1.0,0,0,1,c,a,490.0,10,2022,25,0,4,2021,199,1
340,3,2023,2,5,7,2999,1.0,0,0,0,a,a,952.0,7,2011,139,0,49,2019,164,0
506,2,2024,11,35,21,1375,1.0,0,0,0,a,a,505.0,4,2015,115,0,49,2011,500,0
8,2,2024,11,3,7,2833,1.0,1,0,0,a,a,803.0,2,2010,177,1,32,2014,491,0
1013,7,2023,1,14,15,1997,1.0,1,0,1,a,a,1148.0,5,2003,236,0,14,2012,500,0
677,1,2024,3,4,13,2702,1.0,0,0,1,a,a,1075.0,11,2018,64,1,40,2016,380,0
43,6,2023,3,39,19,2727,1.0,1,0,1,a,c,1124.0,11,2009,160,1,8,2017,343,1
874,5,2024,8,50,3,1059,1.0,0,a,0,a,c,733.0,5,2001,279,1,22,2021,184,0
816,6,2024,10,25,11,889,1.0,1,0,0,a,a,799.0,7,2005,231,0,8,2021,173,0
500,5,2024,6,1,11,3478,1.0,0,a,1,a,a,956.0,6,2022,24,1,36,2014,485,1
776,5,2024,2,17,22,738,1.0,0,0,1,a,c,727.0,12,2017,74,1,24,2013,500,1
1023,5,2024,11,37,16,2662,1.0,0,0,1,b,a,988.0,5,2004,246,0,52,2016,401,0
1067,4,2023,12,4,4,2500,1.0,1,0,0,a,c,414.0,3,2012,141,0,2,2023,2,0
589,7,2024,4,25,27,2404,1.0,1,0,1,a,b,797.0,9,2019,55,0,38,2012,500,0
333,1,2023,9,2,14,3282,1.0,0,0,0,b,a,1168.0,11,2019,46,0,37,2013,485,1
889,1,2023,1,3,21,3228,1.0,0,0,0,a,a,714.0,6,2009,163,1,2,2012,500,1
877,7,2024,8,41,28,3504,1.0,1,0,1,b,a,825.0,5,2000,291,1,42,2010,500,1
22,3,2024,9,34,9,1340,1.0,1,0,0,a,a,1481.0,10,2021,35,0,39,2010,500,1
202,3,2023,5,3,15,3131,1.0,1,0,1,d,a,630.0,5,2015,96,0,22,2013,500,1
526,3,2023,1,1,11,1670,1.0,0,0,0,a,a,785.0,7,2016,78,0,3,2014,466,0
10,2,2023,1,32,7,845,1.0,1,a,0,c,a,264.0,5,2021,20,0,29,2023,3,1
313,6,2023,2,18,26,1117,1.0,0,0,0,c,a,937.0,1,2009,169,1,43,2020,131,1
423,7,2023,9,35,22,1913,1.0,0,0,0,c,a,1013.0,9,2007,192,0,13,2011,500,0
483,6,2024,11,7,23,214,1.0,0,0,1,d,a,995.0,4,2022,31,1,28,2019,239,1
459,2,2024,3,7,22,1459,1.0,0,0,0,d,a,1329.0,2,2013,133,1,49,2021,114,1
917,1,2023,3,33,1,1007,1.0,0,0,0,d,a,985.0,11,2007,184,1,1,2019,240,0
601,7,2023,12,27,22,3046,1.0,0,c,1,a,a,799.0,8,2003,244,0,11,2020,172,1
261,4,2023,5,25,25,674,1.0,1,0,1,d,c,1043.0,1,2000,280,1,32,2010,500,1
1028,6,2023,6,10,22,1526,1.0,0,0,1,a,b,677.0,9,2017,69,1,32,2022,30,1
917,2,2023,11,22,2,2877,1.0,0,0,1,a,c,1003.0,12,2000,275,0,20,2015,418,0
437,2,2023,9,28,21,1749,1.0,0,0,0,c,a,1678.0,8,2018,61,0,39,2021,93,1
973,6,2024,4,3,3,826,1.0,1,0,0,a,a,1432.0,11,2008,185,0,37,2016,382,0
500,1,2023,6,18,5,3616,1.0,1,0,1,b,a,1306.0,9,2022,9,1,30,2014,456,1
304,7,2024,6,31,9,3394,1.0,1,0,0,a,a,936.0,10,2020,44,0,21,2010,500,0
689,4,2023,10,1,26,2304,1.0,0,0,1,a,a,560.0,1,2001,273,0,32,2013,489,1
550,7,2023,4,23,18,856,1.0,1,0,1,c,c,712.0,11,2002,245,1,34,2019,197,1
768,3,2024,9,33,23,1734,1.0,1,0,0,a,a,1507.0,10,2007,203,1,49,2012,500,0
534,1,2024,10,52,11,2356,1.0,0,b,1,c,a,760.0,8,2013,134,0,9,2014,500,0
419,3,2023,11,23,22,3157,1.0,0,0,1,c,a,1185.0,9,2014,110,1,49,2016,338,1
142,5,2024,4,9,1,691,1.0,0,0,0,a,a,559.0,2,2011,158,1,1,2017,372,1
666,1,2023,12,33,8,2011,1.0,0,0,0,a,c,950.0,3,2010,165,1,46,2016,351,0
1023,6,2023,10,34,3,2851,1.0,0,0,0,b,a,1009.0,7,2015,99,0,48,2010,500,1
458,4,2023,2,6,21,3254,1.0,0,0,0,a,a,630.0,6,2011,140,0,8,2010,500,0
745,4,2024,12,19,17,1926,1.0,1,0,0,a,a,448.0,7,2019,65,1,40,2019,239,0
792,7,2023,7,37,12,3168,1.0,1,0,0,b,a,624.0,1,2018,66,0,49,2019,196,1
761,7,2023,10,5,15,879,1.0,1,0,1,c,a,1099.0,3,2015,103,0,7,2017,310,0
91,4,2023,8,50,18,1907,1.0,0,a,0,a,a,1248.0,3,2017,77,1,17,2017,345,1
842,4,2023,9,15,2,1481,1.0,1,0,1,a,b,632.0,12,2002,249,0,23,2021,96,0
1,2,2024,1,42,20,2860,1.0,1,0,1,c,c,594.0,12,2014,109,1,14,2010,500,0
180,2,2023,3,8,2,1336,1.0,0,a,0,a,a,521.0,10,2008,173,1,2,2013,500,1
890,7,2024,12,44,10,222,1.0,0,c,1,c,a,1180.0,7,2007,209,1,49,2021,151,0
825,2,2023,11,4,27,3076,1.0,1,0,1,c,a,652.0,9,2013,122,0,52,2013,472,0
293,5,2024,4,12,6,310,1.0,1,0,0,a,a,371.0,7,2012,141,1,50,2023,14,1
236,1,2024,11,38,9,1247,1.0,1,0,0,d,a,747.0,6,2011,161,1,45,2022,97,0
867,5,2024,12,12,5,870,1.0,1,a,1,a,c,602.0,8,2002,268,0,4,2022,112,1
970,6,2023,1,18,1,3795,1.0,0,0,1,a,c,1235.0,12,2018,49,1,25,2011,500,0
30,5,2023,8,18,4,1791,1.0,0,0,1,a,c,1063.0,1,2016,91,0,47,2023,0,0
413,3,2023,10,38,28,816,1.0,1,0,1,b,a,900.0,3,2008,187,1,1,2012,500,0
603,5,2024,5,1,1,3513,1.0,0,b,0,c,a,1249.0,8,2016,93,0,8,2023,45,1
969,1,2023,11,28,23,1270,1.0,0,0,1,d,a,882.0,7,2006,208,0,41,2010,500,0
89,5,2023,7,39,9,2642,1.0,0,0,0,c,c,731.0,2,2006,209,1,21,2013,500,1
713,1,2024,8,2,6,3890,1.0,0,0,0,c,c,572.0,4,2022,28,1,10,2011,500,0
51,3,2023,12,46,21,1370,1.0,0,0,1,a,a,714.0,11,2013,121,1,5,2011,500,0
457,1,2024,1,6,2,1296,1.0,0,0,0,a,a,372.0,1,2010,168,0,33,2017,337,0
1061,4,2023,3,19,10,3122,1.0,0,0,1,a,b,1222.0,7,2001,260,1,6,2021,117,1
505,6,2023,12,35,3,1264,1.0,0,0,0,a,a,625.0,1,2015,107,0,30,2015,421,1
129,2,2024,12,41,1,1175,1.0,1,0,1,a,a,362.0,1,2001,287,1,34,2021,163,0
653,4,2024,12,14,4,1708,1.0,0,0,1,a,a,1133.0,12,2004,240,0,28,2016,402,1
769,2,2024,10,2,1,271,1.0,0,0,0,a,c,787.0,7,2004,243,0,19,2023,35,1
27,1,2024,1,29,19,3660,1.0,0,0,1,a,a,258.0,7,2012,138,1,21,2013,500,1
637,4,2023,8,11,5,3118,1.0,1,0,1,a,b,398.0,9,2008,179,0,43,2021,72,1
185,2,2024,2,39,3,2241,1.0,0,0,0,d,a,448.0,10,2017,76,1,41,2010,500,1
216,5,2023,8,31,20,3799,1.0,0,0,1,a,a,339.0,8,2001,264,1,14,2016,381,1
862,2,2023,12,20,2,3989,1.0,1,0,0,a,c,705.0,10,2017,74,0,34,2013,500,0
760,1,2023,12,11,22,394,1.0,0,0,1,c,a,1073.0,12,2018,60,0,38,2020,129,0
567,1,2024,4,1,2,571,1.0,0,0,0,c,b,869.0,1,2021,39,1,6,2015,463,1
741,2,2023,8,32,18,3958,1.0,1,0,1,d,a,266.0,7,2013,121,0,21,2016,375,0
616,4,2023,5,39,6,1338,1.0,1,0,1,a,c,626.0,10,2020,31,0,31,2020,164,0
435,6,2023,5,32,22,3193,1.0,0,0,0,c,c,937.0,1,2019,52,0,24,2013,500,0
505,3,2023,1,46,15,2476,1.0,0,0,1,c,a,755.0,6,2018,55,0,23,2011,500,0
818,5,2023,12,1,7,3596,1.0,0,0,1,c,a,945.0,10,2015,98,1,32,2019,177,0
1088,4,2024,6,21,21,3725,1.0,0,0,1,a,a,854.0,6,2004,240,0,20,2010,500,1
849,1,2023,12,42,11,2008,1.0,1,0,0,a,a,493.0,2,2008,190,1,2,2019,248,0
582,4,2024,11,41,1,2565,1.0,0,0,1,a,c,442.0,11,2006,216,0,19,2023,74,0
413,6,2023,3,45,8,3098,1.0,0,0,0,a,a,766.0,4,2006,203,0,19,2019,234,1
988,5,2023,2,30,24,1998,1.0,1,0,1,b,a,614.0,11,2017,63,0,23,2013,500,1
633,5,2024,10,52,23,1464,1.0,1,0,1,a,a,874.0,11,2019,59,0,15,2020,245,0
419,4,2024,6,34,24,305,1.0,1,0,1,a,a,1137.0,10,2002,260,0,15,2019,279,1
814,7,2023,12,31,9,1008,1.0,1,0,0,c,c,1142.0,4,2018,68,0,42,2012,500,1
365,3,2023,8,41,17,2243,1.0,0,0,1,a,a,436.0,6,2003,242,1,21,2016,384,0
868,4,2023,12,4,3,3953,1.0,0,0,0,a,a,667.0,7,2019,53,1,47,2022,9,0
214,5,2024,10,10,8,843,1.0,0,0,1,a,a,491.0,5,2010,173,0,15,2015,463,0
399,1,2024,10,8,24,3152,1.0,0,0,1,a,a,1005.0,5,2009,185,0,38,2011,500,0
52,5,2023,1,35,6,922,1.0,0,0,1,a,a,919.0,2,2015,95,0,42,2016,357,0
840,7,2023,3,40,2,3428,1.0,0,0,1,c,a,1226.0,12,2003,231,1,12,2020,184,1
669,5,2024,12,3,10,419,1.0,0,0,0,a,a,657.0,12,2014,120,1,5,2011,500,1
582,4,2024,6,44,2,2117,1.0,0,0,1,d,c,698.0,6,2001,276,0,41,2016,419,0
564,7,2024,3,3,26,269,1.0,0,0,0,a,c,689.0,1,2003,254,1,34,2023,21,0
90,7,2024,2,19,9,2428,1.0,1,0,1,d,a,962.0,10,2008,184,1,12,2017,371,0
548,3,2024,10,28,20,3585,1.0,0,0,0,a,c,939.0,10,2015,108,0,31,2015,465,0
400,7,2023,8,22,11,2884,1.0,1,0,1,c,a,468.0,3,2004,233,0,29,2020,149,0
398,4,2023,10,50,23,3561,1.0,0,0,0,a,a,286.0,4,2012,138,1,49,2016,365,0
678,4,2024,10,17,17,935,1.0,0,0,0,c,a,752.0,2,2008,200,1,39,2010,500,0
455,6,2024,4,25,4,1380,1.0,1,b,1,a,c,466.0,2,2020,50,0,33,2010,500,1
196,7,2023,8,27,6,3286,1.0,0,0,1,a,c,698.0,1,2010,163,1,7,2016,384,1
754,1,2023,8,9,28,1539,1.0,1,0,1,d,b,933.0,1,2006,211,1,50,2022,11,0
315,7,2023,1,36,2,1827,1.0,0,a,1,a,c,446.0,7,2010,150,0,49,2023,0,0
323,7,2023,2,16,23,1397,1.0,1,0,0,a,a,497.0,2,2003,240,0,34,2019,190,1
534,7,2024,3,5,14,3881,1.0,0,0,0,d,b,770.0,2,2020,49,1,18,2020,195,0
37,5,2024,1,8,24,719,1.0,0,a,1,b,b,1557.0,2,2008,191,0,50,2010,500,0
848,7,2023,1,7,6,2991,1.0,0,0,0,c,a,636.0,10,2005,207,1,21,2020,142,0
617,3,2024,7,51,4,2589,1.0,0,0,0,b,c,990.0,8,2016,95,0,3,2018,360,0
768,5,2023,8,17,15,283,1.0,0,0,1,a,c,395.0,1,2000,283,1,25,2013,500,1
590,5,2023,9,20,3,3254,1.0,0,0,0,a,c,1247.0,10,2007,191,1,39,2018,241,0
485,5,2023,5,27,1,3987,1.0,1,a,1,a,a,757.0,8,2004,225,0,8,2014,487,0
515,1,2023,4,46,9,3301,1.0,1,0,0,c,a,834.0,1,2017,75,1,24,2017,334,0
49,4,2023,3,2,17,3550,1.0,1,0,1,a,a,609.0,12,2000,267,0,2,2015,416,0
612,5,2024,11,37,12,1525,1.0,0,0,1,a,a,702.0,5,2006,222,1,18,2015,487,0
1108,4,2024,5,6,22,2643,1.0,1,0,0,a,c,1314.0,11,2020,42,1,21,2019,245,0
104,6,2024,12,33,23,1631,1.0,1,0,0,b,c,594.0,2,2011,166,1,41,2014,500,1
17,1,2024,7,26,28,2844,1.0,1,0,1,a,c,705.0,11,2001,272,1,3,2016,439,0
645,4,2024,11,36,15,1860,1.0,0,0,1,a,b,858.0,4,2006,223,1,4,2019,292,1
919,4,2024,9,41,9,1017,1.0,0,0,0,b,a,825.0,3,2007,210,0,8,2020,241,0
695,3,2023,12,21,20,2048,1.0,0,0,1,a,a,755.0,8,2004,232,0,34,2019,195,0
443,2,2023,8,50,16,3868,1.0,1,0,0,c,b,782.0,2,2007,198,1,43,2021,111,0
879,3,2023,8,22,22,1094,1.0,0,0,0,a,a,1154.0,10,2005,214,0,51,2010,500,0
561,4,2024,4,25,14,304,1.0,0,0,1,a,a,1023.0,1,2008,195,1,8,2016,433,1
1011,1,2024,3,11,26,1080,1.0,1,0,1,a,c,676.0,2,2021,37,0,7,2021,160,1
708,7,2023,5,50,25,3510,1.0,1,0,1,a,b,868.0,3,2008,182,1,10,2018,300,1
770,4,2024,5,8,11,1560,1.0,0,0,1,a,c,1050.0,2,2022,27,1,34,2018,286,0
50,1,2024,7,1,23,1317,1.0,0,0,0,a,b,832.0,6,2014,121,0,38,2015,431,0
511,6,2023,12,11,15,1852,1.0,0,0,1,a,a,371.0,1,2013,131,0,35,2020,132,1
1001,3,2023,12,11,27,291,1.0,1,0,0,a,a,1225.0,9,2002,255,0,29,2012,500,1
374,1,2024,7,23,2,3491,1.0,0,0,0,c,a,351.0,4,2003,255,1,21,2015,470,1
708,4,2023,9,28,15,2145,1.0,0,0,1,c,c,1430.0,6,2015,99,0,42,2012,500,0
267,3,2024,1,49,15,3613,1.0,0,0,1,a,a,776.0,11,2002,254,1,37,2017,376,0
748,4,2023,9,26,28,1094,1.0,0,a,0,c,c,1294.0,5,2009,172,1,39,2010,500,1
252,6,2023,12,44,24,2191,1.0,0,0,0,a,a,658.0,6,2007,198,0,23,2013,500,1
861,4,2023,7,45,7,1483,1.0,1,0,0,c,a,1028.0,11,2005,212,1,18,2020,183,0
1095,2,2024,4,13,3,2625,1.0,0,0,0,c,a,426.0,10,2020,42,1,19,2020,202,0
410,4,2024,7,2,5,2425,1.0,0,0,1,c,a,879.0,6,2007,205,0,24,2016,394,1
611,2,2024,9,18,6,3366,1.0,0,0,1,d,a,519.0,4,2003,257,0,44,2014,494,1
183,6,2023,12,41,11,319,1.0,0,0,1,a,c,923.0,4,2020,44,1,27,2012,500,0
961,7,2024,2,16,19,476,1.0,0,0,1,a,c,1404.0,2,2009,180,1,15,2014,500,0
758,5,2023,8,15,17,2771,1.0,0,0,0,c,a,1070.0,1,2014,115,1,29,2023,0,0
42,1,2023,3,47,4,1007,1.0,0,0,0,c,c,1007.0,4,2010,155,1,45,2019,210,0
744,6,2024,7,8,5,1177,1.0,0,0,0,a,c,815.0,11,2015,104,0,14,2023,46,0
370,2,2024,8,38,25,842,1.0,0,a,0,a,a,545.0,1,2020,55,1,27,2018,323,0
40,6,2024,10,47,25,917,1.0,1,0,1,a,a,1480.0,4,2002,270,1,28,2010,500,0
333,7,2024,12,9,15,1978,1.0,0,a,1,a,c,312.0,12,2020,48,1,14,2016,411,1
635,1,2023,2,33,27,3039,1.0,1,0,0,d,a,1237.0,8,2013,114,0,37,2011,500,0
510,1,2023,2,15,28,1475,1.0,0,0,0,c,a,980.0,10,2004,220,1,21,2020,150,1
477,7,2024,7,45,8,942,1.0,0,0,1,c,a,707.0,3,2017,88,1,15,2013,500,1
763,6,2023,5,49,5,1645,1.0,1,0,1,a,c,1039.0,4,2003,241,0,3,2021,150,0
482,1,2023,7,22,22,2902,1.0,1,0,1,a,a,903.0,8,2003,239,1,22,2018,260,0
876,6,2024,10,20,8,3051,1.0,0,0,1,c,a,859.0,12,2003,250,1,12,2014,500,1
609,2,2023,12,3,5,3278,1.0,0,0,1,a,a,684.0,3,2000,285,1,38,2020,121,0
437,1,2023,1,42,24,749,1.0,0,0,0,a,c,398.0,12,2011,133,1,42,2013,500,0
406,3,2023,4,7,22,2554,1.0,1,0,0,a,c,510.0,3,2006,205,0,25,2020,138,0
860,3,2024,8,46,11,3629,1.0,0,b,1,a,c,994.0,6,2012,146,1,16,2015,498,0
965,2,2023,11,36,26,407,1.0,1,a,1,b,b,696.0,8,2002,255,0,42,2015,410,1
18,4,2023,4,34,8,369,1.0,0,0,0,a,a,928.0,3,2007,193,1,27,2014,475,1
336,7,2024,2,43,4,3877,1.0,0,0,1,a,a,478.0,11,2020,39,1,17,2020,234,0
602,5,2023,1,51,3,3929,1.0,1,0,1,a,c,516.0,12,2019,37,1,35,2020,172,0
251,3,2024,10,26,17,728,1.0,1,0,0,a,c,648.0,11,2018,71,1,11,2016,431,1
426,4,2023,8,3,19,3668,1.0,0,0,0,a,a,1385.0,9,2011,143,1,40,2016,327,1
851,4,2023,11,14,6,1523,1.0,0,a,0,a,a,667.0,4,2008,187,1,18,2021,100,1
782,4,2024,5,26,20,2551,1.0,0,0,0,a,a,517.0,2,2017,87,1,1,2011,500,1
833,5,2023,8,45,28,1253,1.0,0,0,0,a,b,1234.0,11,2011,141,0,38,2022,59,0
550,4,2023,9,21,19,1356,1.0,1,c,1,a,c,1378.0,11,2000,274,1,49,2011,500,0
420,7,2023,8,3,26,2275,1.0,1,b,0,d,a,357.0,10,2010,154,1,29,2022,26,0
1077,1,2023,8,19,9,2343,1.0,1,0,0,b,c,563.0,6,2008,182,0,20,2012,500,0
152,4,2023,2,52,1,1875,1.0,1,0,1,d,a,1456.0,8,2006,198,0,10,2014,500,1
848,2,2024,6,15,8,1574,1.0,0,0,0,b,b,777.0,5,2017,85,0,21,2014,500,1
1112,2,2024,1,14,9,3215,1.0,1,0,0,c,a,996.0,3,2015,106,1,33,2023,33,1
796,7,2023,11,19,14,1469,1.0,0,0,0,d,b,768.0,3,2007,200,1,47,2018,232,0
152,5,2023,4,38,12,2740,1.0,1,0,1,a,a,965.0,6,2011,142,1,25,2010,500,0
1068,5,2024,3,42,8,3629,1.0,0,0,0,c,c,786.0,4,2000,287,1,50,2015,460,1
260,2,2024,12,3,6,2725,1.0,0,0,1,a,a,706.0,6,2007,210,0,48,2022,59,1
99,2,2024,12,35,16,1818,1.0,0,0,0,a,c,569.0,4,2005,236,1,18,2015,485,1
109,3,2024,1,12,15,806,1.0,0,0,1,a,a,832.0,5,2005,224,0,8,2015,472,0
481,3,2024,2,26,25,511,1.0,1,0,1,a,a,819.0,5,2013,129,0,17,2018,321,1
541,5,2024,8,1,17,1020,1.0,1,0,1,a,a,1079.0,11,2000,285,1,24,2022,81,1
737,6,2023,12,18,1,550,1.0,1,0,0,a,a,758.0,12,2011,144,0,10,2019,216,0
17,2,2024,9,14,15,3819,1.0,0,0,1,a,a,556.0,11,2008,190,1,17,2022,101,1
181,2,2023,11,39,21,1512,1.0,0,0,0,c,a,562.0,2,2000,285,1,41,2017,310,0
114,7,2024,9,29,18,1657,1.0,0,0,1,b,a,742.0,2,2004,247,0,2,2014,500,1
469,1,2023,7,33,4,3434,1.0,0,0,1,a,a,343.0,12,2017,67,1,5,2022,80,1
1020,3,2024,5,13,18,2864,1.0,0,0,1,d,c,1031.0,3,2005,230,1,9,2023,56,1
386,5,2024,11,43,4,3550,1.0,0,0,1,a,a,979.0,2,2001,285,1,47,2014,500,0
941,3,2023,7,51,3,1541,1.0,0,0,0,a,a,1411.0,10,2017,69,1,39,2017,324,0
372,6,2024,7,52,21,3339,1.0,0,0,1,a,a,385.0,6,2000,289,1,29,2015,491,0
157,3,2023,4,43,22,1231,1.0,0,0,1,a,a,699.0,2,2022,14,0,40,2020,159,0
251,3,2024,4,31,26,3403,1.0,0,0,1,a,c,584.0,1,2020,51,0,34,2017,361,0
372,5,2024,12,32,13,787,1.0,1,a,0,a,c,1136.0,5,2000,295,0,31,2011,500,0
941,4,2023,12,35,10,2409,1.0,1,c,0,a,b,1072.0,2,2021,34,0,44,2013,500,1
1063,5,2024,1,22,6,520,1.0,1,0,1,c,a,877.0,1,2005,228,1,2,2011,500,0
293,5,2023,2,12,16,535,1.0,0,0,1,a,c,909.0,1,2021,25,1,22,2018,250,1
342,4,2023,9,19,24,3122,1.0,0,0,1,b,c,1182.0,1,2017,80,1,16,2023,3,0
567,2,2023,5,52,24,3705,1.0,1,a,1,a,a,736.0,2,2004,231,0,4,2012,500,0
925,2,2024,12,45,16,3707,1.0,1,0,0,c,b,1003.0,6,2013,138,1,50,2014,500,0
451,4,2023,10,3,21,2801,1.0,0,0,1,a,c,983.0,10,2019,48,0,42,2012,500,0
709,2,2023,5,10,28,450,1.0,0,0,0,c,a,579.0,10,2002,247,0,19,2012,500,1
657,6,2023,3,4,24,1777,1.0,0,0,1,a,c,563.0,4,2001,263,1,6,2010,500,0
395,1,2024,4,34,19,3716,1.0,0,0,1,d,c,604.0,4,2011,156,1,38,2021,152,0
1099,4,2024,7,25,22,487,1.0,0,0,1,b,c,1211.0,3,2001,280,1,52,2013,500,0
213,7,2023,2,7,22,1732,1.0,0,0,1,a,c,1027.0,4,2005,214,0,15,2022,44,1
846,5,2024,1,11,25,1272,1.0,1,0,1,a,a,1215.0,6,2021,31,0,20,2023,43,1
554,1,2023,12,24,6,1895,1.0,0,0,1,a,a,613.0,6,2012,138,1,11,2016,377,1
467,3,2023,1,10,8,3369,1.0,0,0,1,d,a,1308.0,4,2015,93,1,25,2012,500,0
651,4,2023,3,28,6,1998,1.0,1,0,1,a,c,566.0,5,2002,250,1,14,2012,500,0
607,2,2024,8,44,28,3454,1.0,1,0,0,c,a,333.0,9,2008,191,1,37,2015,475,0
52,4,2024,2,10,3,2987,1.0,0,0,0,b,a,80.0,3,2001,275,0,3,2012,500,1
401,4,2024,1,8,14,659,1.0,0,a,1,c,a,720.0,8,2015,101,0,28,2016,396,0
749,4,2024,1,12,16,3135,1.0,1,0,0,a,a,769.0,6,2014,115,0,46,2010,500,1
1087,2,2024,12,35,24,1068,1.0,0,0,0,c,b,596.0,3,2017,93,1,21,2014,500,0
1011,2,2023,11,14,13,2381,1.0,0,0,1,b,a,185.0,11,2008,180,0,35,2022,31,0
495,5,2024,4,34,9,1283,1.0,1,0,0,a,c,1080.0,3,2019,61,0,13,2021,177,0
364,3,2023,10,8,6,692,1.0,0,0,0,a,a,849.0,5,2014,113,0,51,2011,500,1
638,1,2024,9,51,16,3297,1.0,0,0,0,a,c,987.0,5,2010,172,1,49,2015,470,1
371,1,2024,2,30,17,369,1.0,0,0,0,a,a,1231.0,1,2007,205,0,36,2020,202,0
94,7,2023,1,18,3,819,1.0,1,0,1,d,a,281.0,11,2018,50,0,17,2016,365,1
845,6,2023,10,6,22,1730,1.0,1,0,1,a,b,1106.0,7,2015,99,0,41,2018,225,1
378,4,2024,8,3,17,1222,1.0,0,0,0,a,c,924.0,6,2016,98,1,41,2020,170,0
317,3,2023,2,41,16,3014,1.0,0,0,1,c,c,1128.0,11,2013,111,1,29,2018,272,0
960,1,2023,3,42,17,1414,1.0,1,0,1,a,a,1193.0,1,2004,230,0,35,2023,7,1
577,2,2023,7,45,24,2754,1.0,0,0,0,a,a,773.0,5,2009,170,0,40,2018,265,0
710,6,2024,5,29,8,3612,1.0,0,0,1,a,c,1758.0,1,2021,40,1,3,2016,442,0
850,5,2023,3,43,16,3197,1.0,1,0,0,a,c,1213.0,1,2012,134,0,12,2019,239,1
85,1,2024,7,35,5,1497,1.0,0,0,0,a,a,718.0,6,2007,205,0,3,2018,344,0
151,6,2024,7,17,13,3669,1.0,0,0,1,a,a,598.0,10,2015,105,0,27,2016,406,1
806,7,2023,7,3,25,731,1.0,1,0,1,b,a,452.0,12,2015,91,1,23,2014,448,0
403,5,2023,11,43,15,3873,1.0,1,c,0,c,b,656.0,1,2020,46,1,45,2023,0,1
840,6,2023,3,3,12,2717,1.0,1,b,0,a,b,919.0,7,2011,140,0,34,2012,500,0
563,4,2024,12,27,7,3485,1.0,0,0,1,a,c,711.0,6,2004,246,1,47,2020,188,1
552,2,2023,1,25,5,1212,1.0,0,0,1,a,c,1152.0,8,2011,137,1,42,2011,500,1
396,6,2023,2,42,6,532,1.0,0,0,1,c,a,1205.0,4,2001,262,0,5,2011,500,0
906,4,2024,11,1,15,3406,1.0,0,0,0,a,a,1007.0,11,2021,36,1,31,2020,178,0
931,5,2023,12,27,19,2221,1.0,0,0,0,a,a,760.0,7,2009,173,0,31,2019,204,1
593,5,2023,3,50,15,2748,1.0,1,0,1,a,c,1218.0,4,2005,215,0,11,2021,143,1
607,2,2023,7,52,11,2071,1.0,0,0,1,c,a,857.0,8,2009,167,1,15,2015,453,1
483,3,2024,11,45,16,2913,1.0,0,0,0,c,a,1432.0,1,2013,142,1,23,2021,178,1
137,2,2023,11,42,13,3130,1.0,1,0,0,a,a,299.0,4,2020,43,1,49,2011,500,0
49,2,2024,11,7,22,1663,1.0,0,0,0,a,b,887.0,5,2019,66,1,6,2021,157,1
534,7,2023,7,44,9,1053,1.0,1,0,0,c,c,988.0,11,2021,20,1,1,2022,95,1
78,2,2024,1,17,28,3576,1.0,1,0,1,a,a,1378.0,2,2005,227,0,12,2014,500,0
1088,6,2023,1,31,23,690,1.0,0,0,1,a,c,751.0,12,2011,133,0,4,2011,500,1
39,6,2024,11,50,15,990,1.0,0,0,0,b,c,1063.0,4,2012,151,1,24,2022,130,0
587,5,2024,4,45,17,2339,1.0,0,0,0,a,a,175.0,9,2015,103,1,19,2011,500,0
523,6,2023,1,22,16,2261,1.0,0,0,1,c,b,787.0,5,2016,80,1,21,2017,313,1
836,5,2023,1,30,18,3370,1.0,1,b,1,c,a,1058.0,12,2011,133,0,19,2021,115,0
825,1,2023,8,23,21,3947,1.0,1,0,1,a,c,965.0,1,2016,91,1,48,2018,235,0
1016,6,2024,4,10,13,2248,1.0,1,0,0,a,a,746.0,7,2021,33,0,15,2017,359,1
167,1,2023,5,35,27,1827,1.0,0,0,0,a,c,523.0,4,2013,121,0,2,2020,189,0
847,2,2024,8,10,21,252,1.0,0,0,1,a,a,810.0,6,2017,86,0,51,2016,375,1
