Store,DayOfWeek,year,month,week,day,Customers,Open,Promo,StateHoliday,SchoolHoliday,StoreType,Assortment,CompetitionDistance,CompetitionOpenSinceMonth,CompetitionOpenSinceYear,competition_open,Promo2,Promo2SinceWeek,Promo2SinceYear,promo_2_open,IsPromo2Month
289,6,2023,1,24,22,3925,1.0,1,0,0,c,c,1217.0,10,2005,207,1,48,2016,340,1
539,3,2024,6,16,22,686,1.0,1,0,1,a,a,651.0,4,2010,170,0,30,2018,298,1
686,3,2023,2,8,5,3990,1.0,0,0,0,a,a,1170.0,7,2006,199,1,18,2019,198,0
247,4,2024,3,41,14,2994,1.0,1,0,1,a,a,822.0,1,2021,38,0,37,2010,500,1
491,4,2024,10,45,3,3541,1.0,1,0,0,c,c,817.0,4,2003,258,0,35,2020,218,1
924,5,2023,10,37,14,2039,1.0,1,0,0,a,a,1215.0,10,2008,180,0,2,2011,500,1
137,5,2023,8,15,8,1756,1.0,1,0,0,a,b,656.0,7,2021,25,1,42,2015,389,0
475,3,2023,8,43,19,1725,1.0,0,0,1,c,c,1005.0,3,2013,125,0,33,2014,478,0
413,2,2023,2,34,20,2840,1.0,0,0,1,c,a,594.0,9,2013,113,0,28,2013,500,1
113,4,2024,2,38,19,3455,1.0,1,0,0,a,a,1434.0,4,2018,70,0,48,2012,500,1
433,3,2024,11,1,20,2441,1.0,0,0,1,c,c,692.0,4,2019,67,0,18,2014,500,0
223,6,2023,1,43,9,2970,1.0,0,,0,a,a,1201.0,5,2006,200,0,13,2015,446,0
8,7,2024,3,40,16,1128,1.0,1,0,1,a,a,622.0,11,2019,52,0,43,2023,49,0
532,2,2023,8,31,13,1345,1.0,0,0,1,a,a,1074.0,11,2001,261,1,1,2014,498,0
347,3,2023,8,20,7,738,1.0,1,c,0,a,c,1278.0,9,2013,119,1,39,2020,137,0
986,4,2024,1,51,15,2843,1.0,0,0,1,a,b,978.0,12,2004,229,0,49,2018,314,0
28,4,2024,6,12,8,1203,1.0,0,0,1,d,a,978.0,3,2016,99,0,10,2022,106,1
612,3,2023,9,28,26,2069,1.0,1,0,0,d,b,553.0,9,2001,264,0,11,2021,121,0
771,7,2023,11,38,17,1490,1.0,1,0,1,a,a,404.0,11,2004,228,1,39,2019,207,1
208,5,2023,7,7,6,3002,1.0,0,0,0,d,a,890.0,11,2019,44,1,27,2018,240,0
743,4,2023,2,12,2,2359,1.0,0,0,0,c,a,1247.0,9,2013,113,0,38,2013,494,1
970,1,2023,6,40,21,450,1.0,0,0,1,c,a,646.0,8,2006,202,0,4,2013,500,1
409,2,2024,5,13,27,726,1.0,0,0,1,d,a,687.0,5,2017,84,0,25,2016,404,1
479,6,2024,9,40,20,2112,1.0,1,0,0,c,a,958.0,3,2007,210,0,36,2019,264,0
761,6,2023,7,19,27,3709,1.0,1,0,1,a,c,576.0,6,2005,217,0,39,2012,500,1
221,4,2023,1,29,5,1276,1.0,1,0,1,c,c,928.0,5,2011,140,1,25,2012,500,0
579,3,2024,1,16,2,3698,1.0,0,0,1,c,c,975.0,4,2018,69,0,35,2018,293,0
1063,3,2024,10,48,2,3914,1.0,0,0,0,a,a,696.0,10,2009,180,1,11,2020,245,1
523,2,2023,5,8,26,362,1.0,1,0,0,a,a,338.0,5,2010,156,1,14,2010,500,0
396,1,2024,2,11,1,2664,1.0,1,0,0,d,a,982.0,7,2015,103,1,36,2022,79,0
478,3,2024,10,20,12,958,1.0,0,0,1,a,a,792.0,12,2010,166,1,40,2011,500,1
984,6,2023,1,18,12,764,1.0,0,0,1,c,a,746.0,1,2005,216,1,5,2015,429,0
1047,2,2024,3,29,14,1958,1.0,0,0,1,a,a,959.0,3,2012,144,0,41,2017,352,0
129,2,2024,2,13,3,2669,1.0,0,0,0,a,c,897.0,3,2005,227,1,43,2015,438,0
705,6,2023,9,4,15,3422,1.0,1,0,1,c,c,482.0,5,2007,196,1,14,2012,500,0
878,7,2024,9,37,23,454,1.0,1,0,0,d,c,803.0,6,2010,171,0,25,2021,168,1
1107,6,2024,10,50,20,2364,1.0,0,0,0,c,a,711.0,10,2019,60,1,17,2010,500,0
122,5,2023,12,29,26,2413,1.0,0,0,1,c,a,1310.0,8,2012,136,1,42,2018,247,0
2,2,2024,3,41,28,3114,1.0,0,0,1,a,c,768.0,10,2018,65,0,38,2012,500,1
394,5,2023,6,43,3,336,1.0,0,0,0,a,a,1202.0,12,2021,18,0,23,2015,436,0
154,6,2024,7,8,16,3704,1.0,0,0,0,a,c,1335.0,4,2011,159,0,28,2013,500,1
126,1,2024,3,7,26,615,1.0,1,,1,a,a,906.0,1,2012,146,0,42,2023,17,0
977,4,2023,10,10,16,1620,1.0,0,0,1,a,c,319.0,2,2008,188,1,11,2021,103,0
154,5,2024,6,52,7,2029,1.0,1,0,1,a,a,1122.0,3,2006,219,0,4,2013,500,0
862,7,2023,11,13,27,3121,1.0,0,0,1,a,c,274.0,12,2011,143,0,46,2015,383,0
859,1,2023,10,51,10,1557,1.0,0,0,0,d,c,871.0,5,2014,113,1,15,2022,88,0
999,2,2024,6,2,19,2750,1.0,1,,1,b,c,1009.0,8,2011,154,0,46,2023,8,1
702,4,2023,5,24,13,2073,1.0,0,0,0,a,a,643.0,11,2001,258,1,34,2023,0,1
554,6,2024,7,48,5,3303,1.0,0,0,1,a,a,1258.0,8,2022,23,1,13,2011,500,1
199,5,2023,3,40,19,3520,1.0,0,0,1,c,a,1415.0,5,2021,22,1,5,2022,87,0
666,1,2023,3,18,27,3566,1.0,1,0,0,a,c,1065.0,6,2014,105,0,52,2014,434,0
460,6,2023,9,31,11,2120,1.0,0,0,1,a,a,189.0,4,2015,101,1,23,2015,424,1
164,7,2023,8,44,3,563,1.0,0,0,0,a,b,832.0,8,2020,36,1,34,2015,426,1
181,7,2023,12,23,12,3737,1.0,0,0,0,a,a,385.0,1,2021,35,1,36,2021,91,0
275,4,2024,12,12,28,3716,1.0,0,0,1,b,a,938.0,9,2012,147,1,22,2021,146,0
730,4,2024,5,33,9,1660,1.0,0,0,1,a,b,1029.0,10,2003,247,1,39,2011,500,0
376,7,2024,11,51,25,2533,1.0,0,0,0,a,a,948.0,5,2005,234,0,9,2020,250,1
699,1,2023,12,32,3,2155,1.0,1,0,0,a,a,248.0,8,2022,16,0,49,2022,35,0
907,4,2023,2,37,6,1246,1.0,1,0,0,b,c,583.0,8,2020,30,1,50,2018,247,1
771,1,2023,4,25,26,3648,1.0,1,0,0,a,a,731.0,9,2018,55,0,2,2014,491,1
89,7,2024,6,8,4,2866,1.0,0,0,0,a,a,789.0,3,2022,27,0,27,2018,293,0
909,5,2023,7,29,18,1144,1.0,0,0,0,c,a,913.0,11,2006,200,0,24,2021,109,0
26,5,2023,7,34,16,3270,1.0,0,0,0,c,c,790.0,4,2017,75,1,43,2022,43,1
832,2,2023,3,39,27,633,1.0,0,0,1,c,b,570.0,4,2005,215,1,43,2014,464,1
877,5,2023,9,46,27,2057,1.0,0,0,0,a,c,514.0,1,2001,272,1,24,2011,500,1
225,4,2024,11,17,5,1845,1.0,0,0,1,a,a,603.0,9,2011,158,1,37,2015,448,1
966,5,2023,3,30,14,2999,1.0,1,0,0,c,a,857.0,2,2006,205,0,4,2011,500,1
35,6,2024,1,52,18,3739,1.0,0,0,1,a,a,1283.0,6,2009,175,0,29,2015,491,1
348,3,2024,5,48,19,3426,1.0,0,0,0,a,b,796.0,10,2022,19,1,40,2020,216,1
887,6,2024,1,24,26,1843,1.0,1,0,0,a,c,418.0,8,2006,209,0,43,2018,293,1
70,4,2024,8,2,5,1726,1.0,0,c,0,a,c,1608.0,10,2018,70,1,9,2023,45,0
368,3,2023,10,36,24,1596,1.0,1,0,0,a,a,866.0,2,2001,272,1,31,2020,161,1
1096,7,2024,3,35,2,2647,1.0,1,0,1,c,a,1142.0,12,2014,111,1,14,2016,437,0
1005,2,2024,8,8,18,3594,1.0,0,0,0,a,b,716.0,6,2010,170,0,47,2021,117,0
20,1,2024,4,2,12,2158,1.0,1,0,0,d,a,851.0,10,2012,138,1,51,2013,500,1
829,5,2023,3,17,24,1001,1.0,0,0,1,a,a,642.0,8,2000,271,0,5,2019,220,1
290,1,2024,12,5,5,3761,1.0,0,0,1,a,c,1236.0,6,2020,54,1,48,2015,425,0
510,3,2024,7,31,19,558,1.0,0,0,0,c,a,753.0,2,2018,77,1,12,2010,500,0
354,3,2024,6,23,2,950,1.0,1,0,1,a,c,444.0,2,2009,184,1,18,2016,421,0
779,5,2023,8,40,18,2360,1.0,0,0,0,c,c,799.0,7,2019,49,1,25,2019,223,1
998,5,2023,2,11,1,2813,1.0,1,0,0,a,a,1177.0,11,2008,171,1,3,2014,476,1
89,5,2024,8,2,21,2826,1.0,1,0,0,c,c,460.0,3,2017,89,1,23,2021,135,1
129,2,2023,2,16,12,1415,1.0,0,0,0,c,a,923.0,3,2010,155,0,7,2013,500,0
7,6,2023,8,11,5,989,1.0,1,0,1,b,c,695.0,6,2011,146,0,39,2011,500,1
188,3,2023,9,17,11,1957,1.0,0,0,0,a,a,975.0,8,2012,133,0,13,2017,316,0
658,4,2024,2,37,5,2317,1.0,1,0,0,a,a,930.0,1,2002,265,1,13,2023,76,0
623,5,2024,1,31,20,1865,1.0,0,0,0,a,a,947.0,11,2011,146,0,44,2017,351,1
144,6,2023,7,27,13,2547,1.0,0,,1,a,c,333.0,5,2005,218,0,3,2018,284,0
531,3,2023,8,32,18,1291,1.0,0,0,1,c,a,775.0,3,2019,53,1,49,2012,500,1
404,7,2023,10,27,24,1056,1.0,1,0,1,a,a,1731.0,6,2016,88,0,46,2017,293,1
303,2,2024,5,35,18,1088,1.0,1,0,0,a,c,162.0,7,2017,82,0,29,2013,500,1
472,7,2023,10,21,27,1645,1.0,0,0,1,a,a,538.0,7,2020,39,0,21,2020,156,0
482,2,2024,1,25,18,669,1.0,0,0,1,c,b,1125.0,5,2001,272,1,31,2019,254,1
584,7,2024,10,20,10,2569,1.0,0,0,1,d,b,1038.0,10,2010,168,0,37,2019,243,1
729,4,2023,11,7,6,421,1.0,1,0,0,a,a,893.0,1,2017,82,1,7,2012,500,0
288,1,2024,1,34,5,950,1.0,0,0,0,c,a,184.0,9,2015,100,1,30,2022,108,0
3,1,2024,1,22,24,3622,1.0,0,0,1,b,a,1270.0,3,2001,274,0,6,2023,68,1
680,7,2024,6,43,26,789,1.0,1,,1,a,a,809.0,2,2004,244,0,45,2023,50,0
797,3,2023,4,27,1,451,1.0,0,0,0,b,c,930.0,3,2014,109,0,6,2021,125,0
61,2,2024,1,29,13,2879,1.0,0,0,0,a,c,534.0,6,2013,127,0,17,2010,500,1
57,5,2023,1,17,10,2971,1.0,0,0,0,c,b,1037.0,11,2002,242,0,12,2016,369,1
522,4,2023,11,22,20,2438,1.0,0,0,0,a,a,671.0,3,2021,32,0,41,2013,500,0
119,2,2024,3,50,5,3891,1.0,0,0,0,c,b,586.0,2,2004,241,1,22,2020,236,0
328,3,2024,4,5,24,2019,1.0,1,0,1,c,a,1107.0,1,2019,63,1,1,2010,500,1
192,1,2024,3,16,21,3211,1.0,1,,1,a,a,990.0,12,2019,51,0,12,2017,368,0
386,5,2023,8,49,25,2762,1.0,1,0,1,a,c,852.0,6,2021,26,1,33,2020,172,1
102,7,2023,5,9,14,1434,1.0,1,0,0,a,c,1046.0,9,2002,248,0,40,2022,21,0
442,1,2024,7,49,7,1404,1.0,1,0,0,a,a,1447.0,3,2003,256,1,42,2010,500,0
188,3,2023,7,6,6,1649,1.0,1,0,0,a,c,911.0,7,2010,156,0,35,2012,500,0
567,3,2024,3,37,11,3573,1.0,0,0,0,b,a,542.0,6,2019,57,1,34,2020,211,1
942,2,2023,10,6,6,3292,1.0,1,0,0,c,a,1021.0,1,2016,93,0,50,2021,60,1
798,7,2024,9,20,4,3082,1.0,0,0,0,b,c,875.0,4,2000,293,1,43,2012,500,1
389,1,2023,12,6,13,200,1.0,0,0,0,a,a,962.0,11,2016,85,1,41,2019,173,1
889,3,2023,4,14,23,1188,1.0,1,0,1,a,a,693.0,7,2011,141,0,27,2011,500,1
642,1,2023,11,5,7,2592,1.0,0,0,1,a,c,1244.0,1,2006,214,0,42,2010,500,0
394,7,2024,1,37,19,1058,1.0,0,0,1,c,a,1133.0,7,2010,162,1,11,2011,500,0
908,5,2024,9,18,8,1904,1.0,0,0,0,a,a,747.0,12,2005,225,1,34,2020,192,0
466,2,2024,3,30,22,1527,1.0,1,0,0,b,a,386.0,5,2009,178,1,11,2019,279,1
475,7,2023,2,14,25,2711,1.0,0,0,0,b,b,1029.0,3,2004,227,1,3,2018,271,1
998,2,2024,6,45,14,1171,1.0,0,0,1,b,b,875.0,4,2015,110,1,10,2022,139,0
473,3,2024,9,24,11,222,1.0,1,0,0,a,a,483.0,2,2022,31,0,36,2021,144,1
99,5,2023,9,46,3,929,1.0,1,c,1,c,c,762.0,3,2007,198,1,28,2012,500,0
725,6,2024,8,19,5,354,1.0,1,0,1,c,c,638.0,7,2014,121,1,39,2017,344,1
185,5,2023,8,2,14,2574,1.0,0,0,1,b,a,1024.0,6,2015,98,1,33,2022,21,1
870,7,2024,1,18,10,3512,1.0,1,0,1,a,a,469.0,2,2022,23,1,1,2015,485,0
1037,4,2024,8,11,9,3730,1.0,1,,0,a,a,1156.0,7,2017,85,0,6,2019,265,1
893,7,2024,8,30,26,3762,1.0,0,0,0,c,a,1218.0,1,2001,283,0,44,2021,142,1
139,5,2023,11,49,26,3881,1.0,1,0,1,a,b,614.0,9,2012,134,1,44,2018,265,1
1009,4,2024,6,32,10,1188,1.0,1,0,1,a,a,785.0,12,2013,126,0,9,2012,500,1
730,7,2023,6,52,22,3528,1.0,1,0,0,d,c,750.0,6,2005,216,1,6,2010,500,0
266,4,2024,8,45,14,2466,1.0,0,0,0,c,c,677.0,8,2010,168,0,36,2010,500,1
397,4,2023,2,20,14,1676,1.0,1,0,1,a,c,1228.0,5,2015,93,1,41,2023,0,0
559,6,2023,9,7,3,3819,1.0,1,0,1,c,a,767.0,7,2016,86,0,19,2012,500,1
513,4,2023,4,3,26,3061,1.0,1,0,1,a,a,758.0,3,2002,253,1,33,2017,282,1
735,3,2024,11,28,2,1231,1.0,0,0,0,c,a,714.0,1,2017,94,1,51,2012,500,1
817,7,2024,2,48,3,2408,1.0,1,0,1,a,a,397.0,8,2007,198,1,37,2019,271,0
1032,7,2024,10,10,12,1397,1.0,0,0,0,b,c,984.0,7,2004,243,0,38,2018,284,1
1057,4,2024,9,24,23,1906,1.0,1,0,0,b,b,1409.0,1,2003,260,0,35,2013,500,1
64,2,2023,7,51,1,3787,1.0,1,0,0,a,c,922.0,11,2001,260,0,41,2014,478,1
872,7,2024,3,6,1,3893,1.0,0,0,1,b,a,597.0,1,2009,182,0,27,2023,31,0
459,4,2024,5,41,27,2169,1.0,1,0,0,c,b,815.0,6,2004,239,0,16,2014,500,0
611,2,2024,10,16,18,1858,1.0,1,0,0,a,a,1018.0,8,2013,134,0,44,2021,128,1
14,4,2023,10,51,2,2163,1.0,1,0,1,a,c,1094.0,11,2009,167,1,23,2011,500,0
992,4,2023,6,35,3,1230,1.0,0,0,0,c,a,775.0,5,2013,121,1,50,2015,401,0
133,4,2023,3,7,14,2627,1.0,1,0,1,a,c,932.0,10,2004,221,0,30,2023,0,1
349,5,2023,12,51,4,1578,1.0,1,0,0,c,a,339.0,2,2002,262,0,28,2022,75,1
911,5,2024,3,37,10,1017,1.0,1,0,0,a,a,595.0,10,2003,245,0,23,2010,500,1
962,1,2023,8,35,10,1390,1.0,0,0,1,a,a,1059.0,11,2015,93,0,9,2019,234,0
427,4,2023,11,45,2,489,1.0,1,0,0,c,c,666.0,6,2010,161,1,49,2012,500,0
714,3,2023,1,23,14,3515,1.0,1,0,0,c,a,474.0,4,2012,129,0,13,2016,374,0
323,6,2023,10,6,14,2811,1.0,1,0,0,b,c,808.0,7,2012,135,1,34,2023,0,1
126,6,2023,6,32,15,2246,1.0,1,0,1,a,a,753.0,2,2006,208,1,12,2010,500,0
531,7,2023,12,29,7,1960,1.0,0,0,1,a,b,969.0,2,2010,166,0,40,2022,41,1
625,3,2023,1,2,21,3162,1.0,0,0,0,c,b,876.0,11,2007,182,1,21,2016,345,0
764,7,2024,10,24,19,2728,1.0,0,0,0,a,c,1144.0,4,2002,270,0,39,2017,349,1
691,4,2024,8,41,25,1573,1.0,1,0,1,c,a,385.0,5,2018,75,0,14,2022,131,1
687,3,2024,8,29,1,3761,1.0,0,0,1,c,a,1122.0,5,2004,243,0,50,2020,187,0
914,7,2024,4,50,25,2432,1.0,1,0,0,a,a,897.0,10,2004,234,1,46,2018,316,1
188,2,2023,12,20,22,601,1.0,0,0,0,a,c,1193.0,12,2012,132,0,5,2020,171,0
414,4,2023,4,40,19,3630,1.0,1,0,0,c,b,1102.0,4,2007,192,0,31,2016,373,1
7,1,2024,12,9,4,3398,1.0,0,0,1,b,a,954.0,7,2002,269,1,17,2018,304,0
60,3,2024,9,25,27,3908,1.0,1,0,1,c,a,1005.0,1,2020,56,0,34,2010,500,1
750,1,2024,8,42,18,302,1.0,1,0,1,b,c,1109.0,10,2011,154,1,8,2018,346,0
343,6,2024,5,10,15,2433,1.0,0,,0,a,c,552.0,6,2015,107,0,4,2011,500,1
514,1,2023,6,3,28,903,1.0,1,,0,d,c,881.0,3,2013,123,0,11,2016,356,0
396,5,2024,12,31,19,3395,1.0,0,0,0,d,a,602.0,1,2013,143,0,28,2012,500,0
109,5,2024,4,5,18,395,1.0,1,0,0,a,c,636.0,3,2013,133,0,18,2021,143,0
572,3,2024,4,1,5,1066,1.0,1,0,0,a,b,825.0,10,2017,78,0,15,2017,350,0
44,1,2024,1,12,15,612,1.0,0,0,1,a,a,527.0,5,2007,200,1,10,2010,500,0
1100,2,2023,2,1,28,2640,1.0,0,c,0,a,a,1063.0,4,2016,82,0,35,2020,122,1
608,5,2024,3,36,14,2299,1.0,1,0,1,a,a,774.0,7,2008,188,0,50,2014,500,0
904,7,2023,2,15,26,1181,1.0,1,0,0,a,c,1019.0,7,2007,187,0,6,2010,500,1
606,1,2023,2,22,16,690,1.0,0,0,1,a,a,853.0,1,2002,253,0,15,2015,423,0
498,6,2024,6,36,9,274,1.0,0,0,0,a,a,727.0,6,2014,120,0,18,2014,500,1
375,1,2024,12,19,13,3127,1.0,0,0,1,d,a,1297.0,1,2005,239,0,26,2014,500,1
226,4,2023,11,43,10,2634,1.0,0,0,1,a,c,816.0,3,2022,20,1,5,2014,500,0
898,1,2023,9,19,17,3663,1.0,1,0,1,c,a,1032.0,12,2020,33,1,44,2015,391,0
300,1,2024,4,9,18,545,1.0,1,0,0,a,c,593.0,12,2003,244,0,42,2021,123,0
239,2,2024,7,29,19,250,1.0,1,0,0,d,c,638.0,9,2009,178,0,7,2018,334,1
116,2,2024,5,41,16,1008,1.0,0,0,0,c,c,626.0,10,2010,163,0,45,2017,360,1
24,7,2023,7,49,3,2441,1.0,1,0,1,b,a,119.0,1,2000,282,1,8,2015,457,1
424,7,2023,5,25,3,2924,1.0,0,0,0,a,a,349.0,10,2010,151,0,32,2011,500,0
121,1,2024,4,12,28,3158,1.0,0,0,1,c,a,757.0,8,2003,248,1,11,2018,313,1
723,2,2023,12,21,7,3825,1.0,1,,0,a,c,919.0,2,2011,154,1,42,2013,499,1
54,5,2023,12,15,21,451,1.0,1,0,1,c,c,580.0,3,2008,189,1,4,2012,500,0
542,4,2024,5,49,22,811,1.0,1,0,0,c,c,721.0,2,2005,231,0,25,2014,500,1
174,1,2024,8,7,20,2196,1.0,1,0,0,c,a,937.0,3,2004,245,0,33,2012,500,0
128,3,2024,3,1,18,1195,1.0,1,0,0,d,a,352.0,2,2021,37,0,5,2013,500,1
920,4,2024,6,20,14,3773,1.0,0,0,1,c,a,738.0,2,2020,52,0,47,2017,337,1
523,4,2024,9,25,1,855,1.0,0,0,0,a,c,921.0,9,2009,180,1,1,2023,76,0
402,1,2024,2,38,8,750,1.0,0,0,1,d,c,1172.0,7,2013,127,0,35,2021,159,1
1033,1,2024,7,1,15,2952,1.0,0,0,1,a,a,204.0,8,2001,275,1,25,2020,184,1
230,1,2023,10,12,2,3606,1.0,0,0,1,c,a,804.0,9,2022,13,0,24,2019,196,0
49,6,2023,11,33,3,1026,1.0,0,0,1,a,a,662.0,6,2016,89,1,4,2012,500,0
1071,3,2024,3,11,16,2786,1.0,1,0,0,c,c,761.0,9,2010,162,0,49,2022,66,1
373,7,2024,9,20,21,3164,1.0,1,0,1,c,c,366.0,10,2011,155,0,40,2011,500,0
582,4,2023,1,2,5,3292,1.0,1,0,0,a,c,632.0,1,2021,24,1,35,2013,487,0
301,6,2024,4,22,9,2962,1.0,1,0,0,a,c,1430.0,9,2019,55,1,25,2022,101,1
826,1,2023,6,24,2,374,1.0,0,0,0,a,a,1175.0,11,2021,19,0,40,2014,452,1
1056,2,2023,8,11,26,1241,1.0,1,0,1,a,a,1275.0,7,2004,229,0,15,2019,204,0
439,1,2024,4,3,27,2181,1.0,0,0,1,c,a,965.0,7,2015,105,0,32,2020,179,0
102,5,2024,10,7,18,642,1.0,0,0,1,a,a,701.0,10,2007,204,1,10,2010,500,0
197,2,2024,2,49,27,271,1.0,0,0,0,a,a,418.0,6,2016,92,1,7,2021,198,1
623,2,2024,11,6,21,2918,1.0,0,,0,d,a,820.0,12,2022,23,1,11,2018,307,1
737,7,2024,4,24,16,2763,1.0,0,0,0,c,a,1041.0,9,2001,271,1,21,2018,315,1
343,6,2024,7,49,17,1403,1.0,0,,0,b,a,1791.0,3,2000,292,0,43,2010,500,1
899,1,2024,5,10,12,2029,1.0,0,0,0,b,c,785.0,6,2016,95,0,23,2012,500,0
714,2,2024,10,46,11,238,1.0,0,0,0,a,a,1255.0,9,2015,109,0,26,2015,488,1
258,6,2024,6,21,11,1101,1.0,1,0,0,b,b,527.0,12,2016,90,1,11,2023,62,1
482,6,2024,6,47,27,3318,1.0,0,0,1,a,c,905.0,7,2020,47,1,28,2019,279,1
687,2,2024,5,40,9,2109,1.0,1,0,0,a,a,584.0,7,2014,118,0,6,2023,86,1
13,3,2024,2,36,17,2800,1.0,1,0,0,a,b,928.0,2,2014,120,1,32,2014,500,1
549,4,2024,3,26,15,1501,1.0,0,0,0,a,c,1248.0,4,2020,47,0,17,2016,425,0
421,4,2024,10,30,6,3433,1.0,1,0,0,b,a,1287.0,8,2010,170,0,13,2015,485,1
696,2,2023,7,46,8,2852,1.0,1,0,0,c,a,1131.0,8,2015,95,0,28,2010,500,1
1078,7,2023,4,19,20,562,1.0,1,,1,c,a,428.0,6,2021,22,0,21,2018,258,0
9,6,2024,10,21,9,1002,1.0,0,,1,a,a,939.0,1,2000,297,1,30,2014,500,0
1026,6,2023,4,46,6,1458,1.0,1,0,1,a,c,1221.0,3,2012,133,0,5,2014,500,0
544,2,2023,2,26,22,1647,1.0,0,0,1,a,a,552.0,4,2012,130,0,50,2023,0,0
30,2,2024,4,29,6,3294,1.0,1,0,0,a,a,782.0,11,2006,209,1,35,2021,150,0
568,6,2023,2,13,23,3712,1.0,0,0,1,c,a,1128.0,5,2011,141,1,43,2014,438,1
820,6,2023,7,15,6,3306,1.0,1,0,0,a,c,50.0,4,2007,195,1,36,2016,343,0
427,2,2024,4,52,23,496,1.0,0,0,1,a,a,626.0,2,2020,50,1,21,2010,500,0
239,2,2023,3,5,1,501,1.0,0,0,0,a,a,1441.0,6,2016,81,0,16,2012,500,1
7,2,2024,5,45,3,2257,1.0,0,0,0,c,c,1578.0,10,2008,187,0,37,2023,60,1
1111,1,2023,2,30,19,1323,1.0,0,c,0,b,c,1258.0,4,2019,46,1,48,2010,500,0
497,1,2023,7,52,27,3349,1.0,0,0,0,a,a,96.0,5,2018,62,1,19,2018,293,0
784,6,2024,5,45,3,3559,1.0,1,0,0,c,c,1113.0,10,2001,271,0,30,2019,275,1
166,1,2024,12,52,2,2539,1.0,0,0,1,a,a,1145.0,7,2014,125,1,37,2021,171,0
291,7,2023,5,29,26,1879,1.0,1,0,0,a,a,734.0,6,2015,95,1,34,2019,203,0
702,4,2024,2,50,13,2259,1.0,0,0,1,b,a,1600.0,3,2017,83,0,43,2018,319,0
615,6,2024,6,35,21,2372,1.0,1,0,1,a,a,434.0,3,2016,99,1,11,2022,128,0
363,2,2023,9,26,1,2637,1.0,1,0,1,a,a,1156.0,9,2013,120,1,19,2017,319,0
706,2,2023,7,4,19,1412,1.0,0,0,0,a,a,605.0,2,2009,173,0,20,2012,500,1
357,1,2024,5,38,1,1617,1.0,1,0,0,a,c,1186.0,12,2011,149,1,34,2015,472,1
1108,3,2024,8,15,4,931,1.0,0,0,0,a,b,1219.0,2,2019,66,0,26,2010,500,1
919,5,2024,7,6,12,930,1.0,0,0,1,b,b,972.0,4,2014,123,1,29,2014,497,0
4,2,2023,12,37,19,635,1.0,0,0,0,a,a,207.0,6,2000,282,1,41,2020,152,0
485,6,2024,9,23,19,771,1.0,1,0,1,a,a,693.0,9,2014,120,0,20,2017,367,1
977,6,2024,8,40,19,2206,1.0,1,0,0,a,a,1179.0,12,2021,32,1,22,2015,486,0
190,5,2023,10,46,27,1711,1.0,0,0,0,c,a,614.0,8,2003,242,1,46,2022,52,0
686,2,2023,12,8,12,3881,1.0,1,0,0,c,a,488.0,1,2000,287,1,22,2012,500,0
145,6,2023,10,23,2,2885,1.0,1,0,1,a,a,931.0,6,2001,268,1,29,2017,306,0
639,3,2024,9,12,26,462,1.0,1,0,0,a,c,717.0,4,2009,185,0,31,2020,189,0
748,5,2023,10,14,6,3006,1.0,0,0,0,a,a,499.0,6,2004,232,1,31,2012,500,0
834,5,2024,11,7,9,2285,1.0,0,,1,a,a,562.0,1,2015,118,0,19,2010,500,0
521,1,2023,1,34,18,677,1.0,0,0,1,c,b,881.0,9,2000,268,0,20,2015,430,1
809,5,2024,5,28,6,3151,1.0,0,0,1,a,a,1015.0,6,2015,107,1,40,2021,144,0
1052,7,2024,6,37,27,1610,1.0,1,0,0,a,b,464.0,10,2022,20,1,10,2014,500,0
22,4,2024,12,1,21,1271,1.0,0,0,1,b,c,1026.0,7,2006,221,0,24,2022,81,1
675,7,2024,7,13,24,732,1.0,1,0,0,a,c,642.0,8,2001,275,0,43,2019,230,0
3,6,2023,9,18,21,1866,1.0,0,0,1,a,c,1193.0,12,2019,45,0,49,2017,281,0
752,6,2024,7,19,6,3176,1.0,1,0,0,c,c,1093.0,6,2018,73,1,26,2013,500,1
814,3,2024,10,30,22,1709,1.0,0,0,1,a,a,904.0,10,2017,84,0,20,2020,218,0
827,2,2024,6,21,10,1966,1.0,0,0,0,a,a,862.0,11,2006,211,1,24,2010,500,0
336,1,2023,6,39,12,1317,1.0,0,0,1,c,c,1416.0,10,2012,128,0,50,2013,500,0
470,4,2023,9,42,15,2708,1.0,0,0,0,a,a,930.0,10,2015,95,0,30,2016,376,0
916,4,2023,9,5,24,2907,1.0,0,0,1,a,a,1028.0,2,2014,115,1,35,2014,438,1
284,5,2024,11,13,9,3986,1.0,0,0,0,a,a,1518.0,1,2005,238,0,45,2016,384,1
771,6,2023,4,45,3,2145,1.0,0,0,0,d,a,942.0,8,2001,260,1,17,2014,496,1
680,7,2024,1,46,1,1673,1.0,1,0,0,a,a,961.0,2,2019,59,1,29,2013,500,0
956,3,2023,12,5,26,1288,1.0,0,0,1,b,a,697.0,9,2007,195,0,13,2016,356,1
962,1,2023,7,10,7,2623,1.0,0,0,0,b,c,320.0,10,2008,177,0,8,2018,262,1
1060,1,2024,3,4,25,1717,1.0,1,,1,a,c,819.0,6,2019,57,1,33,2020,179,0
1069,1,2023,8,39,22,2388,1.0,0,0,1,a,c,658.0,6,2018,62,1,52,2012,500,1
890,6,2023,9,2,7,3207,1.0,0,0,0,a,a,805.0,1,2001,272,0,45,2018,217,0
95,2,2023,10,19,19,3771,1.0,0,0,1,a,a,1227.0,8,2014,110,1,5,2022,66,0
967,7,2023,8,31,4,3313,1.0,0,0,0,a,a,571.0,7,2010,157,1,15,2018,276,1
280,3,2023,10,20,27,3423,1.0,0,,0,b,c,250.0,10,2011,144,0,17,2023,3,1
719,7,2023,2,42,4,3731,1.0,1,0,0,a,a,308.0,12,2009,158,1,24,2020,174,1
1014,4,2023,4,46,1,1348,1.0,0,0,0,a,b,533.0,11,2014,101,0,44,2011,500,1
408,3,2023,3,45,26,754,1.0,1,0,1,c,a,411.0,3,2012,132,0,44,2023,1,0
886,2,2023,7,19,28,2646,1.0,0,0,1,b,a,788.0,4,2002,255,0,4,2010,500,1
638,3,2023,11,7,7,1175,1.0,0,c,1,a,c,275.0,2,2000,285,0,9,2010,500,0
597,3,2024,2,34,3,2853,1.0,0,,1,d,b,620.0,5,2003,249,1,22,2022,116,1
88,3,2024,5,34,11,2878,1.0,0,0,0,c,a,487.0,6,2010,167,1,30,2011,500,1
578,4,2024,7,10,2,2964,1.0,1,0,1,a,a,632.0,1,2020,54,1,50,2013,500,0
502,1,2023,4,20,25,1247,1.0,0,0,1,c,a,1335.0,4,2005,216,0,31,2023,0,1
705,4,2024,2,47,7,3273,1.0,0,0,1,d,a,991.0,8,2018,66,1,22,2017,389,0
31,1,2023,5,42,7,3647,1.0,0,0,0,c,a,1293.0,6,2021,23,1,22,2018,280,0
68,7,2023,5,50,1,540,1.0,0,0,0,a,c,1040.0,5,2001,264,1,16,2012,500,0
117,1,2023,5,10,26,3109,1.0,0,0,0,a,c,1178.0,10,2004,223,0,46,2023,0,0
564,3,2023,3,22,5,2676,1.0,1,,0,b,a,544.0,9,2022,6,1,6,2021,120,1
282,3,2024,11,1,3,215,1.0,0,0,0,b,a,706.0,9,2019,62,1,44,2018,269,0
616,7,2024,8,25,8,321,1.0,1,0,0,a,b,973.0,1,2002,271,0,51,2017,338,0
527,7,2024,3,29,1,493,1.0,0,0,0,a,c,673.0,10,2004,233,0,16,2021,169,1
402,7,2023,3,11,19,3033,1.0,0,0,0,c,a,595.0,7,2008,176,1,30,2011,500,1
597,4,2024,12,37,18,3126,1.0,0,0,0,a,b,1178.0,3,2005,237,0,5,2010,500,1
639,6,2023,12,43,14,1107,1.0,1,0,0,a,c,903.0,2,2013,130,0,4,2013,500,0
511,4,2023,7,35,13,1167,1.0,1,0,1,a,a,983.0,4,2007,195,0,25,2020,166,1
108,7,2023,5,15,27,2140,1.0,0,0,0,d,a,316.0,6,2002,251,1,38,2020,133,0
617,5,2024,3,38,23,252,1.0,0,0,0,d,a,491.0,4,2015,107,0,37,2020,209,0
92,5,2023,12,42,7,2575,1.0,0,0,0,a,c,740.0,5,2006,211,0,35,2023,7,0
1024,7,2024,4,32,5,3563,1.0,0,0,0,b,a,671.0,10,2020,42,1,52,2019,240,0
511,2,2023,11,13,16,1874,1.0,0,0,0,c,a,606.0,1,2010,166,1,38,2023,0,1
56,2,2023,3,9,3,1310,1.0,0,0,0,d,c,554.0,7,2011,140,1,34,2016,339,1
853,2,2023,9,10,18,540,1.0,1,0,0,a,a,825.0,6,2021,27,0,16,2023,0,0
779,5,2023,7,25,18,1621,1.0,1,0,1,a,a,871.0,9,2006,202,0,40,2019,193,1
477,6,2023,11,52,22,1595,1.0,0,,0,d,c,296.0,1,2015,106,0,24,2014,496,0
889,5,2024,3,18,26,428,1.0,1,0,0,a,c,738.0,12,2018,63,1,9,2011,500,1
270,2,2024,3,35,13,3072,1.0,0,0,0,a,a,1104.0,3,2019,60,1,40,2014,500,0
506,2,2023,2,30,17,1977,1.0,0,0,1,c,b,892.0,6,2022,8,0,23,2018,267,1
702,4,2024,6,22,26,833,1.0,1,0,0,a,a,1141.0,7,2002,263,0,27,2011,500,1
1098,3,2023,8,11,24,419,1.0,0,0,1,b,a,621.0,5,2018,63,0,1,2014,478,1
861,6,2024,4,20,1,2108,1.0,1,0,0,a,c,753.0,6,2016,94,0,36,2015,452,1
749,1,2024,12,44,20,534,1.0,1,0,1,a,b,367.0,11,2011,157,1,49,2016,411,0
448,2,2024,1,28,6,2740,1.0,0,0,1,c,b,778.0,10,2019,51,1,37,2010,500,1
1102,7,2023,5,12,4,2913,1.0,1,0,1,c,a,668.0,7,2018,58,0,30,2016,346,1
364,4,2024,6,37,20,757,1.0,0,0,0,c,a,696.0,2,2016,100,0,32,2015,473,1
393,2,2023,2,16,16,3063,1.0,0,0,1,a,b,492.0,10,2001,256,0,15,2019,209,0
256,7,2024,8,17,27,3549,1.0,0,0,0,a,a,962.0,2,2004,246,0,44,2019,233,0
1020,1,2024,5,42,4,3262,1.0,0,0,0,c,a,806.0,9,2014,116,1,40,2022,106,0
558,3,2024,5,24,24,3515,1.0,0,0,1,c,a,1072.0,7,2000,286,1,8,2022,120,1
811,5,2024,3,41,19,1234,1.0,0,0,0,a,a,380.0,7,2008,188,1,27,2012,500,1
982,5,2024,1,32,26,3941,1.0,0,0,0,c,c,1003.0,7,2012,138,0,36,2010,500,1
661,1,2024,1,25,10,1937,1.0,0,0,1,c,a,963.0,9,2002,256,0,35,2023,42,1
47,7,2023,4,29,12,3433,1.0,1,0,0,c,a,259.0,3,2009,169,0,51,2022,30,0
56,5,2024,11,19,25,937,1.0,1,0,1,d,a,1174.0,7,2013,136,0,20,2015,467,0
12,4,2024,8,44,28,1069,1.0,0,0,1,d,c,1095.0,1,2005,235,0,21,2013,500,0
583,7,2023,10,4,3,2093,1.0,0,0,1,b,a,1181.0,7,2022,15,1,22,2013,500,1
31,3,2024,7,49,14,2813,1.0,0,0,1,b,a,928.0,8,2015,107,1,27,2013,500,0
408,6,2024,3,9,23,3247,1.0,0,0,0,a,a,713.0,3,2004,240,0,44,2021,121,0
1046,1,2024,6,32,3,951,1.0,0,0,1,b,c,960.0,10,2013,128,1,39,2015,461,0
838,4,2023,8,51,16,3725,1.0,1,0,0,b,b,577.0,10,2022,10,0,19,2023,32,1
305,1,2024,6,41,23,2924,1.0,0,0,0,c,a,1193.0,9,2010,165,1,19,2021,178,0
815,2,2023,3,37,3,3250,1.0,0,c,0,c,c,544.0,1,2010,158,1,27,2012,500,1
130,5,2023,8,50,12,1393,1.0,0,0,1,c,b,987.0,12,2003,236,1,45,2018,265,1
833,7,2024,10,24,9,2660,1.0,0,0,0,a,a,644.0,7,2015,111,0,7,2020,225,0
323,5,2023,3,34,1,2093,1.0,0,0,0,b,a,622.0,11,2007,184,0,48,2020,142,0
258,6,2023,8,44,7,1063,1.0,0,0,1,a,c,968.0,9,2005,215,0,8,2023,36,1
2,4,2023,12,26,4,2549,1.0,1,0,1,a,a,1183.0,10,2009,170,0,22,2023,4,0
617,1,2023,12,17,7,2100,1.0,0,0,0,a,c,588.0,11,2021,25,0,46,2020,127,0
224,5,2023,5,5,23,1651,1.0,0,0,0,a,c,987.0,5,2019,48,0,38,2012,500,1
843,1,2024,3,10,20,2604,1.0,1,0,1,a,c,1198.0,2,2022,25,0,51,2012,500,1
349,2,2023,7,50,22,2373,1.0,0,0,1,d,a,916.0,11,2008,176,1,30,2021,124,0
407,6,2023,10,22,4,3956,1.0,0,0,1,a,c,1132.0,5,2010,161,1,4,2021,122,1
87,6,2023,12,50,18,3655,1.0,0,0,0,c,b,712.0,5,2019,55,0,12,2012,500,0
774,4,2024,1,22,2,3673,1.0,1,0,0,a,b,904.0,8,2007,197,1,15,2015,475,1
530,4,2023,7,13,2,1349,1.0,0,0,0,a,a,847.0,8,2013,119,1,51,2019,170,0
347,6,2023,2,27,10,1780,1.0,1,0,0,d,a,1171.0,10,2010,148,1,46,2020,137,0
87,2,2023,1,4,7,407,1.0,0,0,1,d,c,636.0,11,2015,86,0,16,2012,500,0
870,3,2024,8,43,6,3601,1.0,1,0,1,a,a,903.0,8,2007,204,0,18,2018,337,0
691,7,2023,10,31,2,3752,1.0,0,,1,a,b,471.0,9,2017,73,0,18,2014,481,1
847,5,2023,8,44,18,2642,1.0,0,0,0,c,c,622.0,8,2000,276,0,35,2023,9,1
337,2,2023,11,44,11,371,1.0,0,0,1,a,a,1320.0,6,2000,281,1,45,2013,500,1
999,1,2023,11,45,17,1842,1.0,0,0,1,c,a,1447.0,8,2022,15,1,6,2015,455,0
862,2,2023,9,28,19,285,1.0,1,0,0,a,b,731.0,2,2002,259,0,44,2011,500,0
419,6,2023,6,42,5,245,1.0,0,0,1,a,c,606.0,5,2002,253,1,2,2017,352,0
15,6,2024,2,37,6,2085,1.0,0,0,1,a,b,1300.0,5,2017,81,1,13,2020,232,1
1088,3,2024,3,41,28,3057,1.0,0,0,1,c,a,563.0,6,2007,201,1,34,2017,371,0
310,3,2023,9,9,24,2876,1.0,0,0,0,c,c,847.0,4,2005,221,1,27,2015,398,0
624,5,2024,4,7,15,640,1.0,0,0,0,b,a,1010.0,6,2018,70,1,35,2020,180,0
445,4,2024,10,1,8,2324,1.0,0,0,1,a,c,1299.0,7,2006,219,0,47,2013,500,0
240,2,2024,11,18,13,895,1.0,1,0,0,a,c,469.0,12,2001,275,0,22,2021,152,0
318,7,2023,12,8,28,1176,1.0,1,0,0,a,c,609.0,10,2003,242,0,40,2022,20,0
356,7,2024,6,30,7,3785,1.0,1,0,1,a,c,747.0,7,2002,263,0,12,2014,500,1
490,7,2023,12,49,26,794,1.0,1,0,1,c,a,668.0,9,2007,195,0,30,2011,500,0
870,1,2024,5,7,16,1322,1.0,0,0,0,a,c,1276.0,12,2017,77,0,38,2020,177,1
194,2,2024,10,14,7,3758,1.0,0,0,0,a,b,660.0,5,2021,41,1,14,2022,104,0
853,1,2023,7,1,9,917,1.0,0,0,1,c,c,551.0,9,2004,226,1,48,2016,317,0
154,1,2024,4,14,10,1509,1.0,0,0,1,c,b,434.0,9,2015,103,1,7,2016,423,1
451,1,2023,12,49,17,2862,1.0,1,0,1,a,c,385.0,4,2021,32,0,37,2018,272,0
1056,2,2023,4,44,12,613,1.0,0,0,1,c,a,784.0,12,2015,88,0,5,2018,299,0
227,4,2024,8,28,18,2841,1.0,1,0,1,a,c,937.0,5,2000,291,1,11,2018,329,0
244,6,2023,11,16,18,2454,1.0,1,0,0,a,a,241.0,8,2020,39,1,24,2021,96,1
999,1,2024,11,22,25,336,1.0,0,0,0,b,a,769.0,11,2017,84,0,23,2021,155,1
903,6,2024,4,33,7,549,1.0,1,0,0,b,a,581.0,12,2001,268,1,28,2019,265,1
375,1,2024,8,52,28,1545,1.0,0,c,1,a,a,717.0,5,2001,279,0,3,2019,309,1
294,4,2023,9,12,28,2230,1.0,0,0,0,a,a,595.0,3,2001,270,1,28,2014,452,1
348,3,2024,7,1,8,2744,1.0,0,0,1,a,a,776.0,9,2002,262,0,25,2010,500,0
138,4,2024,1,20,21,2814,1.0,0,0,0,b,b,389.0,11,2022,14,0,13,2014,500,1
674,7,2024,4,48,24,614,1.0,0,0,0,b,c,923.0,3,2001,277,1,28,2021,176,0
930,7,2024,5,24,7,3019,1.0,0,0,0,b,b,708.0,11,2021,30,0,25,2023,51,0
616,3,2024,7,9,14,3286,1.0,1,0,0,a,a,1131.0,1,2002,270,0,1,2016,424,1
693,5,2023,6,15,20,3239,1.0,0,0,1,a,a,907.0,12,2004,222,0,43,2016,336,1
1029,4,2023,7,48,23,1841,1.0,0,0,0,a,c,582.0,3,2010,160,1,51,2017,309,0
328,7,2023,9,3,23,408,1.0,0,0,0,a,b,921.0,11,2020,34,1,21,2014,450,0
766,5,2024,2,19,16,2921,1.0,0,c,1,a,a,1135.0,2,2016,96,0,29,2010,500,0
267,2,2024,5,5,18,1793,1.0,0,0,0,a,a,725.0,4,2019,61,0,32,2018,285,1
1101,1,2024,5,5,13,3084,1.0,0,0,0,a,a,928.0,11,2006,210,1,39,2020,174,0
556,3,2023,10,36,7,2862,1.0,0,0,1,c,a,889.0,8,2019,50,1,24,2022,64,0
364,3,2024,2,32,10,292,1.0,0,0,1,b,a,919.0,1,2018,73,0,9,2010,500,0
593,1,2023,7,24,21,1288,1.0,1,0,1,c,a,876.0,10,2000,273,1,35,2019,197,1
1075,3,2024,1,8,16,2928,1.0,1,0,0,c,c,397.0,9,2018,64,1,37,2022,75,0
773,2,2024,3,48,16,1315,1.0,0,0,1,a,c,444.0,10,2012,137,0,20,2010,500,1
26,7,2024,9,15,16,3294,1.0,1,0,1,a,a,328.0,9,2006,216,1,38,2020,185,1
693,1,2023,5,49,3,768,1.0,0,0,1,b,a,460.0,3,2021,26,1,48,2013,500,1
501,1,2023,10,25,12,1060,1.0,0,0,0,b,a,867.0,5,2021,29,1,24,2017,313,0
229,3,2023,11,22,12,212,1.0,0,0,0,a,a,958.0,12,2013,119,0,4,2015,434,1
913,2,2024,3,18,15,1062,1.0,0,0,1,d,a,525.0,12,2000,279,0,23,2023,47,1
748,4,2023,5,24,1,3005,1.0,0,0,1,c,c,460.0,6,2011,143,1,7,2015,433,0
31,6,2024,7,37,8,1623,1.0,0,0,0,a,a,944.0,6,2002,265,1,7,2018,342,0
627,3,2024,9,21,27,1306,1.0,1,0,0,c,c,722.0,12,2016,93,0,24,2017,361,0
1083,3,2024,11,19,8,1860,1.0,1,0,1,a,c,375.0,1,2000,298,1,43,2022,80,1
674,4,2023,4,14,19,3278,1.0,0,0,1,a,a,1472.0,3,2004,229,0,13,2014,469,1
178,2,2024,6,25,22,3758,1.0,0,c,0,a,b,891.0,11,2008,187,0,17,2015,476,0
488,2,2024,3,15,23,1049,1.0,1,0,1,c,a,910.0,9,2016,90,1,4,2012,500,0
754,5,2023,3,4,8,3481,1.0,0,0,0,b,a,565.0,8,2011,139,0,36,2013,488,1
372,6,2023,8,2,21,3420,1.0,0,0,0,a,c,1221.0,7,2005,217,0,52,2021,54,0
989,2,2023,3,21,12,2938,1.0,0,0,1,a,a,957.0,11,2001,256,0,36,2012,500,1
422,3,2023,10,18,19,3568,1.0,0,0,1,d,c,1294.0,4,2013,126,0,37,2011,500,1
843,1,2024,11,37,19,2371,1.0,1,0,0,a,b,558.0,10,2009,181,0,12,2012,500,1
606,6,2023,9,33,27,3635,1.0,0,0,1,a,a,751.0,4,2009,173,1,18,2021,119,0
313,5,2024,10,35,20,2299,1.0,0,0,1,a,a,149.0,9,2013,133,1,4,2020,239,1
671,3,2024,1,37,25,3171,1.0,1,0,0,a,a,1056.0,1,2014,120,1,49,2015,456,1
945,4,2023,4,52,11,1338,1.0,1,0,0,a,a,940.0,6,2007,190,1,15,2013,500,0
1022,3,2023,11,4,19,455,1.0,0,0,1,d,a,1250.0,7,2006,208,1,2,2012,500,0
540,4,2024,2,47,16,1764,1.0,1,,1,a,b,612.0,7,2013,127,1,2,2014,500,0
272,3,2023,11,45,14,1370,1.0,0,0,1,c,c,949.0,3,2016,92,1,12,2016,397,0
47,3,2023,9,31,26,918,1.0,1,0,1,a,c,780.0,3,2008,186,1,1,2021,134,1
989,3,2023,5,28,25,2280,1.0,1,,0,a,c,882.0,10,2011,139,0,44,2018,244,1
139,2,2023,6,49,24,3569,1.0,0,0,1,a,c,718.0,3,2022,15,1,36,2017,325,1
191,5,2024,5,16,2,2546,1.0,0,0,1,a,a,272.0,2,2014,123,0,43,2010,500,1
655,6,2023,6,1,24,1057,1.0,0,0,0,a,a,855.0,9,2002,249,1,8,2019,201,1
856,3,2024,1,9,18,2130,1.0,1,0,0,a,c,835.0,5,2017,80,0,7,2018,314,0
660,6,2023,10,27,23,2042,1.0,0,0,1,b,a,1138.0,9,2009,169,1,52,2016,339,1
377,4,2024,12,9,16,2221,1.0,0,0,0,c,c,709.0,6,2010,174,0,34,2014,495,0
1001,3,2023,1,29,25,2811,1.0,0,0,0,c,c,1033.0,8,2002,245,1,15,2022,66,1
1056,4,2024,4,35,8,450,1.0,0,0,0,b,a,594.0,9,2001,271,1,1,2018,346,0
511,7,2023,7,29,21,3673,1.0,0,0,1,c,c,529.0,6,2004,229,0,8,2014,489,1
116,7,2024,4,47,1,2112,1.0,0,0,1,a,a,903.0,2,2014,122,1,8,2022,143,1
190,2,2024,6,25,26,2705,1.0,1,0,0,c,c,614.0,10,2002,260,0,42,2018,295,0
502,1,2024,2,11,15,1059,1.0,0,0,1,a,a,1445.0,3,2012,143,0,24,2010,500,0
134,1,2023,7,48,5,366,1.0,0,0,1,a,a,466.0,8,2012,131,1,4,2020,200,0
656,7,2024,10,20,26,1653,1.0,0,0,1,c,a,1241.0,10,2019,60,1,9,2011,500,1
711,4,2023,3,21,26,3561,1.0,1,0,0,c,b,325.0,7,2004,224,1,13,2020,164,0
527,5,2024,11,28,6,1117,1.0,0,0,0,a,c,1042.0,11,2013,132,1,11,2011,500,1
104,3,2023,11,6,18,3134,1.0,0,0,1,a,a,1173.0,5,2013,126,0,23,2011,500,1
464,2,2024,7,39,17,1871,1.0,0,0,0,d,a,945.0,1,2017,90,0,22,2023,69,0
318,3,2024,7,38,14,3472,1.0,0,0,0,a,a,1099.0,8,2006,215,1,33,2022,109,1
408,7,2024,12,23,23,996,1.0,0,0,1,a,a,935.0,5,2011,163,0,7,2014,500,1
997,5,2023,4,39,17,2144,1.0,0,0,0,a,a,882.0,12,2006,196,1,48,2016,355,1
1093,3,2023,11,49,9,3714,1.0,1,0,1,a,c,885.0,12,2009,167,1,9,2015,456,1
571,3,2024,10,42,12,3566,1.0,1,0,0,d,a,609.0,8,2010,170,0,27,2021,171,0
154,4,2023,12,36,17,504,1.0,0,0,0,d,a,755.0,6,2016,90,0,36,2011,500,1
263,2,2024,12,14,19,761,1.0,0,0,0,c,a,814.0,8,2002,268,1,9,2019,265,0
470,2,2023,5,18,28,3585,1.0,0,0,1,a,c,217.0,10,2019,43,0,26,2019,200,1
1072,1,2024,9,27,17,3741,1.0,1,0,0,a,a,835.0,10,2013,131,1,44,2011,500,0
829,2,2024,3,19,1,3193,1.0,0,0,0,b,a,1125.0,3,2022,24,1,21,2022,102,0
681,4,2023,9,48,18,955,1.0,1,0,1,a,a,1112.0,4,2002,257,0,36,2020,168,1
889,7,2023,9,48,20,1146,1.0,1,0,0,d,a,317.0,12,2000,273,1,37,2016,375,0
581,6,2024,12,19,18,600,1.0,1,0,1,a,a,635.0,11,2000,289,0,6,2023,65,1
838,3,2023,5,29,22,3144,1.0,0,0,1,a,a,1119.0,12,2021,17,1,11,2015,434,1
488,5,2024,11,24,2,3060,1.0,1,0,0,a,a,437.0,11,2021,36,0,4,2015,488,0
1110,6,2024,11,16,21,2496,1.0,1,0,1,a,c,1128.0,1,2003,262,1,22,2019,254,1
331,5,2023,6,1,25,3742,1.0,0,0,0,d,c,525.0,10,2002,248,1,12,2018,249,0
657,6,2023,11,50,10,2741,1.0,1,0,0,b,c,821.0,7,2018,64,0,26,2017,336,0
489,4,2023,4,30,8,706,1.0,0,0,1,a,c,287.0,5,2019,47,0,11,2011,500,1
514,1,2024,5,23,13,1511,1.0,0,c,1,c,b,1301.0,11,2018,66,0,10,2018,325,1
1015,3,2024,10,39,6,2073,1.0,1,0,1,c,a,313.0,7,2004,243,1,32,2017,371,1
86,1,2023,7,24,9,331,1.0,0,0,0,d,b,673.0,4,2012,135,1,9,2021,119,0
592,6,2024,9,27,6,2505,1.0,0,0,1,d,a,793.0,3,2002,270,0,36,2010,500,0
96,4,2023,4,50,4,968,1.0,0,0,1,c,c,409.0,5,2016,83,1,31,2019,227,1
325,1,2024,6,39,23,2660,1.0,0,0,1,a,c,870.0,1,2011,161,0,29,2020,218,0
109,4,2023,8,46,26,1370,1.0,0,0,1,d,a,956.0,4,2012,136,0,37,2011,500,0
1115,6,2023,5,45,15,2454,1.0,1,0,0,a,a,647.0,5,2014,108,1,3,2013,500,1
453,6,2024,6,48,23,1609,1.0,1,0,0,b,a,1082.0,11,2022,19,0,27,2014,500,1
153,2,2024,3,26,1,1232,1.0,1,0,1,c,a,544.0,11,2012,136,0,48,2023,30,1
945,3,2023,12,46,17,3129,1.0,0,0,0,a,a,669.0,11,2003,241,1,18,2010,500,0
472,4,2023,11,6,12,272,1.0,1,0,0,a,a,433.0,2,2003,249,0,32,2012,500,0
721,3,2023,12,44,16,2695,1.0,1,0,1,a,a,689.0,4,2012,140,1,9,2013,500,1
206,6,2024,3,35,7,3736,1.0,1,0,1,b,a,1081.0,7,2022,20,1,22,2010,500,1
511,1,2023,11,14,24,2278,1.0,0,0,0,a,a,741.0,7,2004,232,1,36,2014,446,0
230,4,2023,12,13,21,1002,1.0,0,0,1,a,a,568.0,12,2016,84,0,25,2017,300,0
619,5,2023,4,5,24,1732,1.0,0,0,1,a,a,527.0,1,2006,207,0,5,2019,208,1
305,4,2023,11,52,6,396,1.0,0,0,1,d,a,792.0,5,2014,114,1,32,2019,228,1
471,4,2023,12,1,26,2787,1.0,0,0,0,a,a,951.0,9,2008,183,1,45,2021,60,1
190,4,2023,12,45,24,1847,1.0,0,0,0,d,b,1062.0,7,2010,161,0,3,2013,500,0
735,7,2023,9,40,13,688,1.0,0,0,0,a,a,1181.0,11,2001,262,1,38,2014,470,1
970,2,2024,2,50,28,3757,1.0,0,0,0,a,c,1165.0,10,2001,268,0,49,2017,365,0
174,1,2023,4,48,1,2977,1.0,0,0,1,a,c,1118.0,2,2004,230,1,28,2019,228,0
661,1,2023,9,18,23,302,1.0,1,0,0,a,c,754.0,7,2006,206,1,50,2011,500,0
603,2,2023,11,18,4,3650,1.0,0,0,1,b,a,816.0,10,2010,157,1,16,2023,2,0
965,4,2024,10,43,12,2287,1.0,1,0,1,c,c,1014.0,7,2006,219,0,17,2020,234,0
1076,5,2023,4,7,1,1122,1.0,0,0,1,a,a,945.0,8,2003,236,0,12,2013,500,1
1003,4,2024,1,17,20,1775,1.0,0,c,1,a,a,1060.0,1,2011,156,0,34,2018,295,0
4,2,2024,10,1,15,3645,1.0,0,0,0,c,a,68.0,2,2003,260,0,19,2012,500,0
848,2,2023,1,18,3,944,1.0,0,0,0,a,c,893.0,3,2010,154,0,10,2014,476,0
157,1,2024,3,22,1,2794,1.0,0,0,0,b,b,593.0,5,2002,262,1,27,2017,359,0
598,5,2023,8,49,24,2654,1.0,0,0,0,a,c,827.0,1,2009,175,1,6,2020,199,0
405,6,2023,3,23,3,1146,1.0,1,0,0,a,c,1050.0,5,2015,94,1,31,2018,252,0
384,6,2023,4,29,4,631,1.0,0,0,1,a,c,317.0,2,2002,254,0,48,2012,500,0
92,5,2023,1,45,18,3027,1.0,0,0,0,b,b,1152.0,5,2020,32,0,22,2014,491,1
686,3,2023,8,8,19,3979,1.0,0,0,1,a,a,702.0,9,2020,35,0,44,2011,500,1
703,2,2024,2,18,9,3320,1.0,1,0,0,a,a,443.0,5,2006,213,0,28,2016,406,0
629,4,2024,1,17,22,706,1.0,0,0,0,c,a,253.0,9,2002,256,0,28,2022,93,1
1023,2,2024,7,9,4,3757,1.0,1,0,1,d,a,1357.0,5,2017,86,0,47,2010,500,0
682,1,2023,7,35,25,1757,1.0,1,0,1,c,c,563.0,5,2004,230,0,35,2021,104,1
151,6,2023,12,9,7,3054,1.0,1,0,0,a,b,809.0,3,2013,129,1,4,2010,500,1
813,1,2024,12,19,20,430,1.0,0,0,0,a,c,894.0,5,2002,271,1,34,2010,500,0
261,3,2023,1,9,2,3453,1.0,0,0,0,c,c,682.0,9,2021,16,1,51,2012,500,1
940,1,2024,1,16,23,2594,1.0,0,0,1,b,c,239.0,8,2011,149,1,28,2019,248,0
1087,6,2023,8,11,23,2465,1.0,1,0,1,a,c,871.0,9,2009,167,1,19,2019,200,1
865,7,2023,7,42,18,2933,1.0,1,0,1,a,a,1187.0,12,2008,175,1,41,2015,417,1
110,4,2023,1,9,11,2042,1.0,0,0,0,a,a,696.0,6,2014,103,0,16,2014,461,0
51,4,2024,10,40,23,2388,1.0,0,0,0,a,a,1084.0,9,2020,49,1,8,2014,500,0
639,2,2024,7,51,18,501,1.0,0,0,1,a,b,1277.0,1,2019,66,1,22,2019,289,0
253,1,2023,12,12,19,3593,1.0,1,0,0,a,a,218.0,11,2002,253,1,26,2012,500,0
886,3,2024,3,29,2,1094,1.0,0,0,1,a,c,1234.0,6,2016,93,1,52,2021,133,0
413,3,2023,6,46,12,232,1.0,1,0,0,a,b,1320.0,1,2011,149,1,25,2022,73,1
1004,3,2024,8,19,24,3530,1.0,0,0,0,a,a,940.0,2,2001,282,0,49,2016,386,1
12,4,2024,10,44,23,2508,1.0,0,0,1,a,b,971.0,2,2018,80,0,13,2016,447,0
1071,1,2023,8,20,25,3178,1.0,0,0,0,a,a,1459.0,11,2010,153,0,43,2018,237,0
291,5,2023,11,46,19,3485,1.0,0,0,0,a,a,905.0,6,2012,137,1,35,2020,167,1
461,3,2023,7,49,8,1521,1.0,0,0,1,c,c,1445.0,8,2000,275,1,1,2012,500,0
66,1,2024,7,32,17,1248,1.0,0,,1,a,a,1111.0,12,2003,247,1,30,2020,210,0
865,5,2023,2,37,8,406,1.0,0,0,0,a,a,532.0,3,2021,23,1,25,2012,500,1
1046,3,2023,12,21,24,2619,1.0,0,0,0,a,a,633.0,5,2015,103,0,39,2018,242,1
600,6,2024,3,29,14,1456,1.0,0,c,0,c,a,1051.0,3,2002,264,1,24,2018,317,1
731,6,2023,7,29,27,878,1.0,0,0,0,a,b,486.0,4,2017,75,1,10,2017,331,1
605,7,2024,3,8,23,1847,1.0,1,0,1,a,a,1193.0,5,2017,82,1,25,2013,500,1
148,4,2024,3,52,14,3442,1.0,0,0,0,a,a,1037.0,5,2001,274,0,6,2014,500,0
1062,2,2024,7,23,23,949,1.0,1,c,0,a,c,961.0,5,2007,206,1,47,2011,500,1
925,4,2024,3,14,21,1064,1.0,0,0,1,a,a,297.0,5,2016,94,0,34,2011,500,0
860,6,2024,7,50,10,2391,1.0,1,0,1,a,a,936.0,8,2022,23,0,37,2022,117,1
458,6,2024,5,19,10,258,1.0,0,0,0,b,b,740.0,1,2008,196,0,29,2011,500,0
31,5,2023,5,46,5,3926,1.0,0,0,0,b,a,902.0,1,2017,76,1,10,2018,296,1
709,5,2024,11,15,5,291,1.0,1,0,0,a,a,703.0,8,2005,231,1,1,2023,66,0
482,5,2023,11,21,19,1238,1.0,1,0,0,d,a,437.0,10,2022,13,1,10,2014,479,1
401,1,2023,8,8,26,812,1.0,1,0,0,d,a,780.0,7,2002,253,1,10,2017,310,1
834,7,2024,7,15,27,3109,1.0,1,0,1,d,a,643.0,6,2016,97,0,13,2010,500,1
608,5,2023,2,15,9,3546,1.0,1,0,0,a,c,272.0,4,2008,178,1,46,2011,500,1
303,2,2024,1,51,13,1100,1.0,1,0,0,a,a,1380.0,4,2010,165,0,12,2014,500,0
36,1,2024,10,50,14,3223,1.0,0,0,0,d,c,641.0,1,2017,93,1,7,2017,407,1
816,1,2024,12,34,25,2604,1.0,1,0,1,c,a,596.0,5,2018,79,1,8,2010,500,0
295,6,2023,9,22,12,793,1.0,1,0,0,c,a,602.0,12,2006,201,1,34,2023,0,1
456,1,2024,12,10,11,1002,1.0,0,0,0,d,a,873.0,10,2013,134,0,2,2018,320,0
172,5,2023,8,41,28,2578,1.0,0,0,1,c,a,863.0,6,2002,254,1,35,2020,162,0
593,6,2023,10,51,25,2929,1.0,1,0,1,a,a,524.0,5,2011,149,0,32,2022,71,1
795,1,2024,11,39,2,1534,1.0,0,0,1,d,a,389.0,9,2005,230,0,21,2016,434,0
1013,2,2023,12,14,14,2785,1.0,0,0,0,c,c,1195.0,3,2012,141,1,22,2022,44,1
575,2,2023,9,2,28,802,1.0,1,0,0,b,a,394.0,10,2022,11,0,1,2014,469,1
952,4,2023,10,5,18,2909,1.0,1,0,1,a,b,723.0,6,2008,184,0,2,2018,263,0
1002,7,2024,6,36,10,593,1.0,1,0,0,a,b,1043.0,8,2008,190,1,32,2015,472,0
724,6,2024,7,13,13,3976,1.0,1,0,0,a,a,495.0,11,2018,68,0,28,2011,500,0
541,2,2023,6,32,19,3862,1.0,0,0,1,a,a,894.0,1,2022,17,1,28,2016,368,1
632,5,2024,2,41,17,1954,1.0,1,0,0,a,b,640.0,1,2009,181,1,44,2022,101,0
509,7,2023,10,40,26,515,1.0,0,0,1,a,a,652.0,12,2021,22,1,25,2016,379,0
858,6,2023,9,21,4,1528,1.0,0,0,0,a,c,771.0,11,2015,94,1,17,2017,316,0
1115,1,2024,10,28,17,2618,1.0,0,0,1,c,a,1204.0,6,2018,76,0,19,2019,269,0
731,3,2024,2,28,12,493,1.0,0,0,0,c,a,295.0,4,2005,226,1,46,2015,450,1
55,2,2024,10,6,17,412,1.0,1,0,1,a,b,1056.0,12,2003,250,1,45,2018,273,0
833,1,2024,3,18,16,233,1.0,1,0,0,a,a,1375.0,11,2018,64,1,20,2010,500,0
323,4,2023,11,42,4,2971,1.0,0,,0,a,a,941.0,12,2020,35,1,44,2020,154,1
984,4,2023,3,52,20,1416,1.0,0,0,1,a,a,881.0,1,2010,158,0,34,2020,174,1
645,5,2024,8,37,12,1892,1.0,0,0,0,a,b,1083.0,2,2002,270,1,24,2016,429,1
133,5,2024,2,41,27,3308,1.0,0,0,1,c,a,760.0,4,2010,166,1,17,2023,76,0
17,5,2024,7,44,20,2756,1.0,0,0,1,a,c,50.0,6,2002,265,0,33,2020,219,1
596,2,2023,11,23,9,633,1.0,0,0,0,a,c,1436.0,12,2019,47,0,22,2018,261,0
486,3,2023,11,51,7,1841,1.0,0,,0,b,b,432.0,5,2007,198,1,14,2015,453,1
313,5,2024,10,7,26,2873,1.0,1,0,1,c,a,907.0,3,2018,79,1,13,2013,500,0
387,7,2023,1,40,13,3036,1.0,0,0,1,a,c,714.0,6,2007,187,0,31,2017,321,0
445,5,2023,12,43,28,3225,1.0,1,0,1,b,a,748.0,4,2020,44,1,15,2015,444,0
690,2,2023,9,24,22,3040,1.0,1,0,0,a,b,709.0,10,2008,179,0,7,2015,433,0
910,7,2023,7,44,15,1222,1.0,1,0,0,a,a,1170.0,4,2000,279,1,19,2015,441,0
491,2,2024,2,26,11,2451,1.0,0,0,0,a,c,876.0,6,2006,212,0,26,2012,500,0
477,2,2023,1,34,16,2184,1.0,1,0,1,a,a,837.0,3,2001,262,1,39,2018,255,0
1054,6,2023,9,30,10,721,1.0,1,0,1,c,a,734.0,9,2008,180,1,50,2021,84,0
818,7,2024,3,37,21,1731,1.0,1,0,0,c,c,729.0,3,2013,132,1,46,2021,147,0
569,3,2023,4,19,12,933,1.0,0,0,0,a,b,1096.0,1,2008,183,0,5,2015,430,1
1109,4,2023,1,8,20,986,1.0,1,0,0,d,a,727.0,8,2001,257,1,6,2010,500,0
733,1,2023,7,11,24,1867,1.0,0,0,1,a,a,557.0,6,2006,205,0,24,2017,299,1
467,2,2024,5,30,14,3881,1.0,1,0,1,a,b,709.0,3,2015,110,1,4,2016,442,0
5,7,2024,9,35,2,3478,1.0,1,0,1,d,a,675.0,12,2000,285,0,25,2019,270,1
1015,7,2024,1,27,21,2370,1.0,0,0,0,a,c,522.0,6,2018,67,1,48,2021,135,1
825,6,2024,7,30,27,2308,1.0,1,0,0,a,a,1328.0,2,2015,113,0,33,2023,49,1
914,1,2024,1,9,27,3006,1.0,0,0,0,a,a,677.0,4,2010,165,0,34,2019,235,0
749,7,2023,12,39,12,2875,1.0,0,0,1,c,a,738.0,8,2010,160,0,10,2018,289,1
1108,7,2023,8,45,19,2886,1.0,1,0,1,a,c,567.0,1,2003,247,1,23,2019,230,0
821,2,2023,5,47,21,3459,1.0,1,0,0,a,a,713.0,1,2004,232,1,43,2023,4,1
1094,4,2023,9,35,21,1961,1.0,1,0,1,a,a,1055.0,5,2015,100,1,6,2013,500,0
296,4,2023,4,18,24,2037,1.0,0,0,1,a,a,896.0,3,2004,229,1,19,2014,467,1
309,7,2024,2,45,24,2708,1.0,0,,1,a,a,759.0,11,2010,159,0,47,2015,466,1
576,1,2023,10,28,24,2225,1.0,1,0,1,a,c,674.0,9,2001,265,1,32,2018,256,1
18,4,2023,12,38,13,1361,1.0,1,0,0,c,b,973.0,9,2012,135,0,11,2019,235,0
111,7,2024,4,7,3,1268,1.0,0,0,0,c,a,555.0,10,2007,198,0,40,2014,487,1
509,5,2023,7,3,10,2037,1.0,0,0,0,a,a,658.0,12,2020,31,1,32,2023,0,1
757,5,2023,10,36,10,2681,1.0,1,0,1,a,a,776.0,10,2017,72,1,20,2019,224,1
161,6,2023,1,19,26,2692,1.0,0,0,1,b,a,886.0,5,2008,176,0,9,2023,10,1
486,7,2024,2,7,2,366,1.0,1,0,0,b,c,1304.0,8,2022,18,0,35,2020,180,1
705,6,2024,10,22,17,3192,1.0,1,0,1,d,c,524.0,6,2021,40,0,48,2014,494,1
536,6,2024,4,33,10,1554,1.0,1,0,1,a,a,671.0,3,2021,37,0,19,2014,500,0
570,1,2024,6,37,18,1920,1.0,0,,1,a,a,1144.0,3,2016,99,0,19,2010,500,1
134,6,2024,9,14,10,2804,1.0,0,0,1,d,a,968.0,9,2014,120,0,47,2019,227,1
296,2,2023,3,20,11,3605,1.0,0,0,0,c,a,814.0,7,2007,188,1,36,2013,500,0
217,2,2023,11,48,21,2815,1.0,0,0,0,a,a,871.0,8,2012,135,1,1,2021,151,1
1053,3,2023,2,15,10,2066,1.0,0,0,0,a,c,843.0,12,2018,50,0,24,2015,407,1
162,5,2024,1,19,3,837,1.0,0,,0,a,a,924.0,11,2020,38,0,19,2011,500,0
312,4,2024,6,13,5,3811,1.0,0,0,1,c,a,860.0,7,2003,251,1,4,2013,500,1
246,3,2023,9,22,20,1636,1.0,0,0,0,b,a,983.0,4,2003,245,0,38,2013,500,0
433,4,2023,10,19,11,783,1.0,0,0,0,a,a,1245.0,11,2003,239,1,30,2022,41,1
93,2,2024,12,14,16,3290,1.0,1,0,0,a,c,1337.0,11,2009,181,1,48,2023,18,0
410,4,2023,12,11,13,2843,1.0,0,0,1,a,c,462.0,6,2008,186,0,25,2010,500,0
1050,2,2024,10,43,14,2237,1.0,0,,0,c,c,1341.0,12,2009,178,0,52,2020,199,1
396,5,2023,12,24,28,2753,1.0,1,0,1,a,a,1173.0,6,2001,270,0,16,2018,268,0
81,3,2024,12,31,14,1359,1.0,0,0,0,a,a,691.0,9,2021,39,1,8,2015,491,1
45,1,2023,3,45,9,2472,1.0,1,0,0,a,a,1054.0,7,2011,140,1,30,2022,67,1
1000,5,2024,6,42,9,1836,1.0,1,0,0,b,a,1363.0,12,2007,198,0,22,2023,72,1
510,2,2023,12,13,28,698,1.0,0,0,1,b,a,595.0,11,2010,157,0,31,2016,346,1
363,7,2023,2,33,13,3120,1.0,0,0,1,c,c,718.0,1,2010,157,0,1,2012,500,1
930,4,2023,8,43,24,1935,1.0,0,,0,a,a,1038.0,6,2013,122,0,25,2017,330,0
1083,5,2023,6,5,16,1450,1.0,1,c,1,a,a,981.0,5,2010,157,0,38,2019,175,0
492,5,2024,6,49,14,3646,1.0,0,0,0,b,a,866.0,4,2011,158,0,24,2019,285,0
436,2,2023,1,24,7,1807,1.0,0,0,0,a,a,835.0,4,2009,165,0,30,2020,150,1
966,2,2023,2,31,6,2668,1.0,0,0,0,c,a,781.0,6,2001,260,1,6,2018,285,0
1075,6,2023,5,38,8,3211,1.0,1,,0,b,a,1125.0,12,2001,257,1,4,2020,190,1
996,4,2023,2,50,3,2539,1.0,1,0,1,c,a,821.0,7,2005,211,1,25,2023,25,1
149,4,2023,6,49,25,589,1.0,1,c,0,a,a,720.0,7,2021,23,1,36,2010,500,0
696,4,2024,5,20,25,689,1.0,0,0,0,b,a,1035.0,6,2004,239,1,27,2010,500,0
579,6,2024,3,33,7,1126,1.0,1,0,0,a,a,732.0,12,2001,267,0,15,2019,278,0
489,3,2024,7,20,10,3847,1.0,0,0,0,c,c,1183.0,9,2015,106,0,23,2016,413,0
1076,3,2023,3,30,1,2332,1.0,1,0,0,c,a,1168.0,2,2009,169,1,13,2012,500,0
662,1,2024,12,11,6,1453,1.0,0,0,0,c,c,1408.0,12,2020,48,0,49,2014,482,0
1028,5,2024,5,23,1,3675,1.0,0,0,0,d,c,933.0,5,2003,252,1,3,2020,228,0
520,6,2024,5,40,18,1928,1.0,0,0,0,a,b,1011.0,7,2000,286,0,50,2014,500,0
899,1,2023,12,22,15,387,1.0,0,0,1,a,b,945.0,5,2002,259,0,50,2012,500,0
591,1,2024,4,11,4,2208,1.0,1,0,0,c,a,1030.0,3,2005,229,0,34,2020,185,0
44,1,2023,8,7,2,2184,1.0,1,0,1,a,a,693.0,2,2021,30,0,34,2023,0,0
773,1,2023,12,33,26,3382,1.0,1,0,0,c,c,803.0,5,2012,139,0,11,2018,282,1
1084,6,2023,10,22,9,2072,1.0,0,0,1,a,a,1200.0,12,2005,214,0,31,2023,0,0
533,5,2023,1,17,21,3229,1.0,1,c,1,c,a,1214.0,11,2020,26,1,52,2019,173,1
566,7,2024,7,38,13,1496,1.0,0,0,0,a,a,543.0,2,2000,293,0,10,2019,288,0
949,3,2024,12,30,22,3070,1.0,0,0,0,b,b,908.0,9,2000,291,1,45,2012,500,0
1099,2,2023,11,12,26,206,1.0,1,0,1,a,a,1144.0,7,2015,100,1,17,2021,99,0
1088,1,2023,6,40,28,3433,1.0,1,0,1,a,a,1281.0,1,2008,185,0,43,2018,257,0
1045,5,2023,11,14,5,2955,1.0,0,0,0,a,c,1109.0,6,2021,29,0,23,2018,251,1
747,6,2024,5,44,19,694,1.0,0,0,1,a,a,720.0,12,2017,77,1,50,2010,500,0
130,5,2024,1,6,25,2541,1.0,0,0,0,a,a,960.0,3,2006,214,1,10,2011,500,1
977,1,2023,6,34,19,2498,1.0,0,0,1,a,a,793.0,8,2009,166,1,31,2014,471,0
148,5,2023,2,20,5,2874,1.0,0,0,0,c,c,246.0,11,2022,3,0,30,2023,0,0
199,2,2024,10,30,27,1671,1.0,1,0,1,a,c,788.0,5,2013,137,1,3,2013,500,1
980,6,2024,1,50,14,3015,1.0,1,0,0,c,c,838.0,6,2009,175,0,39,2013,500,1
402,4,2024,6,11,18,2165,1.0,0,0,1,c,c,825.0,5,2002,265,0,19,2018,304,1
314,2,2023,3,4,13,1638,1.0,1,0,1,c,a,1160.0,7,2012,128,0,34,2018,230,1
784,2,2024,12,46,20,2720,1.0,0,0,0,a,a,756.0,12,2004,240,1,17,2022,133,1
919,4,2023,12,49,15,2621,1.0,1,c,0,c,c,946.0,11,2003,241,1,33,2014,484,0
338,2,2024,10,49,2,3262,1.0,1,c,0,c,a,1010.0,4,2017,90,0,8,2011,500,1
946,4,2024,5,10,9,3835,1.0,0,0,0,d,a,748.0,2,2007,207,0,39,2019,231,1
589,4,2024,5,45,19,694,1.0,0,0,1,a,a,850.0,9,2016,92,1,35,2017,374,1
307,3,2023,2,2,10,1954,1.0,0,0,0,c,a,340.0,10,2013,112,1,43,2019,167,1
1046,2,2024,11,17,14,3800,1.0,1,0,0,c,a,700.0,4,2014,127,0,23,2022,98,1
761,1,2024,9,44,5,3309,1.0,1,0,0,d,c,805.0,12,2021,33,1,52,2023,44,1
2,3,2024,5,39,6,3920,1.0,0,,0,a,a,580.0,1,2017,88,1,46,2019,253,0
51,3,2023,3,33,19,662,1.0,0,0,0,a,c,433.0,1,2009,170,0,43,2014,458,0
997,3,2023,6,15,24,1076,1.0,0,0,1,b,c,1248.0,12,2022,6,1,29,2021,90,1
413,3,2024,1,46,13,3259,1.0,1,0,0,d,a,718.0,1,2010,168,0,48,2016,414,1
225,7,2023,6,49,11,1340,1.0,1,,1,b,a,471.0,9,2013,117,1,21,2018,288,0
344,5,2023,3,23,17,3876,1.0,0,0,1,c,a,883.0,3,2009,168,1,46,2014,445,0
1049,5,2024,4,33,13,1787,1.0,0,,1,a,a,854.0,12,2018,64,1,36,2017,361,1
31,4,2023,6,13,27,1509,1.0,0,0,0,c,a,390.0,1,2006,209,0,30,2018,243,0
398,7,2023,2,44,16,1069,1.0,0,0,1,a,a,791.0,12,2008,170,1,31,2010,500,0
729,2,2023,10,35,6,2743,1.0,0,0,1,a,a,1060.0,6,2016,88,1,47,2012,500,1
1091,7,2023,12,51,24,2022,1.0,1,0,1,c,a,1279.0,7,2011,149,0,26,2012,500,0
235,2,2023,4,28,26,575,1.0,1,0,1,a,a,575.0,12,2019,40,1,51,2014,445,1
707,2,2024,9,17,7,3760,1.0,1,0,1,c,a,575.0,7,2003,254,1,8,2016,425,0
991,5,2023,12,19,21,1964,1.0,0,0,0,a,a,845.0,9,2007,195,1,6,2010,500,1
766,5,2023,11,30,18,569,1.0,0,0,0,a,a,804.0,5,2010,162,0,26,2015,420,0
105,7,2023,10,43,3,2523,1.0,1,0,1,c,a,796.0,3,2010,163,0,43,2021,104,1
1078,4,2024,7,26,26,1290,1.0,1,0,1,a,a,792.0,9,2019,58,1,23,2019,263,0
707,6,2023,10,12,28,1582,1.0,0,0,0,a,a,1212.0,6,2008,184,1,18,2016,358,1
709,6,2023,8,13,16,737,1.0,1,0,1,a,c,859.0,12,2013,116,1,33,2010,500,1
802,4,2023,8,21,17,1939,1.0,0,0,0,c,a,1190.0,5,2003,243,0,43,2020,134,0
149,5,2023,11,7,6,3511,1.0,1,0,1,c,a,915.0,10,2021,25,1,38,2010,500,1
226,5,2024,2,26,18,2201,1.0,0,0,1,c,a,1082.0,7,2009,175,0,10,2022,120,0
260,2,2024,11,2,17,3717,1.0,1,0,0,a,c,978.0,2,2012,153,0,18,2010,500,0
1038,7,2023,6,5,12,2235,1.0,0,,0,a,a,576.0,6,2006,204,1,28,2015,393,1
226,7,2024,5,32,15,2648,1.0,0,0,0,b,a,713.0,11,2007,198,1,13,2013,500,0
88,2,2024,7,49,22,1539,1.0,0,0,0,a,c,1218.0,4,2013,135,1,51,2018,310,1
678,4,2023,9,3,22,1438,1.0,0,0,0,a,a,910.0,3,2003,246,0,8,2010,500,1
614,3,2024,1,4,19,2239,1.0,0,0,1,c,b,634.0,9,2010,160,0,35,2013,500,1
160,4,2023,1,3,22,632,1.0,0,0,0,a,c,595.0,9,2019,40,0,30,2015,389,0
565,6,2023,11,10,23,583,1.0,0,0,1,a,a,366.0,4,2013,127,0,18,2023,0,0
414,1,2023,3,39,19,507,1.0,1,0,1,c,c,192.0,2,2020,37,0,8,2013,500,0
1004,3,2023,4,22,2,569,1.0,0,0,0,c,a,260.0,5,2003,239,1,37,2020,141,1
253,1,2024,1,32,11,2987,1.0,1,0,1,a,c,1102.0,11,2020,38,0,16,2013,500,0
764,1,2024,7,47,11,446,1.0,0,0,0,d,a,653.0,5,2022,26,1,22,2021,181,0
23,4,2024,4,25,21,3844,1.0,1,0,1,a,b,909.0,2,2000,290,0,36,2010,500,0
108,6,2024,12,23,21,2071,1.0,1,0,1,a,c,1078.0,5,2021,43,0,9,2017,378,0
439,3,2023,8,45,6,889,1.0,0,0,1,a,a,108.0,6,2021,26,0,30,2018,275,1
491,7,2024,6,18,17,3355,1.0,0,0,0,a,a,921.0,9,2014,117,1,50,2021,124,0
682,1,2024,1,5,3,1496,1.0,0,0,0,b,c,595.0,4,2011,153,0,14,2014,500,0
218,3,2023,10,5,9,3430,1.0,0,0,0,b,c,1126.0,7,2004,231,1,5,2022,52,1
497,6,2023,12,37,3,820,1.0,0,0,0,a,c,974.0,1,2008,191,1,28,2014,477,1
425,3,2024,4,36,15,1035,1.0,0,0,0,a,c,764.0,1,2019,63,0,4,2016,448,1
893,3,2024,1,12,22,2075,1.0,1,0,1,b,a,905.0,7,2017,78,0,50,2013,500,1
918,4,2024,12,32,19,2146,1.0,1,0,0,a,a,831.0,8,2008,196,0,46,2019,246,1
919,3,2023,6,47,7,3990,1.0,0,0,0,c,a,737.0,9,2009,165,0,4,2010,500,0
654,7,2024,6,39,23,2434,1.0,0,0,1,c,b,820.0,3,2009,183,1,51,2013,500,0
149,6,2024,2,12,5,2037,1.0,0,0,0,b,b,874.0,4,2005,226,1,5,2022,111,1
264,7,2023,1,21,22,2781,1.0,0,0,0,a,c,1069.0,3,2007,190,0,14,2012,500,0
828,1,2024,7,28,9,1634,1.0,1,0,0,a,c,858.0,7,2015,108,0,17,2017,375,1
873,4,2024,5,4,25,1871,1.0,1,0,0,c,a,777.0,11,2001,270,1,10,2020,202,1
904,3,2024,3,35,23,1543,1.0,1,0,1,c,c,876.0,5,2005,226,1,7,2015,496,1
116,1,2024,11,3,28,1819,1.0,1,,0,a,a,489.0,2,2003,261,0,39,2017,328,0
520,1,2024,6,42,26,1787,1.0,0,0,0,c,a,1368.0,7,2001,275,0,4,2010,500,0
759,5,2023,5,46,4,880,1.0,0,0,1,a,a,942.0,7,2000,274,1,36,2014,478,0
285,4,2024,11,15,17,971,1.0,1,0,0,a,a,672.0,8,2006,219,1,19,2019,256,0
822,2,2024,8,18,9,2533,1.0,0,0,0,c,a,903.0,8,2002,264,0,46,2013,500,0
973,6,2024,1,3,28,2082,1.0,0,0,1,b,c,813.0,1,2012,144,0,50,2020,161,0
127,5,2024,3,26,2,3514,1.0,1,0,0,c,c,1106.0,1,2008,194,0,50,2023,28,0
444,7,2024,5,20,7,2960,1.0,1,c,1,d,c,461.0,2,2019,63,1,12,2014,500,0
420,4,2024,1,7,24,265,1.0,0,0,0,c,c,1257.0,3,2003,250,0,21,2012,500,0
238,7,2023,2,13,3,3328,1.0,1,0,0,a,a,1151.0,7,2002,247,1,30,2014,451,1
992,2,2024,12,25,28,639,1.0,0,0,0,b,a,1057.0,9,2002,267,0,18,2011,500,0
727,6,2023,7,26,16,3994,1.0,0,0,0,a,a,760.0,1,2006,210,1,35,2010,500,0
821,3,2023,6,2,27,2947,1.0,1,0,1,a,c,580.0,4,2004,230,1,8,2020,150,1
139,2,2023,6,24,3,2743,1.0,0,0,0,a,a,1486.0,3,2018,63,0,23,2017,313,1
909,6,2023,7,25,14,1664,1.0,0,0,0,c,a,227.0,1,2017,78,1,33,2011,500,1
715,3,2023,2,26,12,2930,1.0,0,0,0,a,a,750.0,4,2016,82,0,40,2016,350,1
842,1,2024,11,24,28,2564,1.0,1,0,0,c,a,1183.0,11,2006,216,1,1,2022,127,1
284,1,2023,4,18,10,1523,1.0,1,0,0,c,a,859.0,10,2017,66,0,45,2019,181,0
306,2,2024,12,45,27,923,1.0,0,0,1,c,c,845.0,1,2011,167,1,51,2018,306,0
130,6,2023,11,45,14,2208,1.0,0,0,0,a,a,1229.0,1,2002,262,1,27,2011,500,1
280,6,2023,10,37,6,665,1.0,0,0,1,a,a,575.0,3,2013,127,0,35,2010,500,0
567,3,2023,6,10,2,3864,1.0,1,0,0,a,a,242.0,3,2004,231,1,52,2022,10,0
443,5,2024,3,5,14,280,1.0,0,0,0,a,a,1247.0,4,2006,215,1,3,2012,500,0
102,6,2024,3,33,24,3288,1.0,1,0,0,d,a,741.0,5,2020,46,1,34,2020,207,0
178,1,2024,3,51,14,1824,1.0,1,0,0,a,a,989.0,5,2014,118,1,6,2018,357,1
197,2,2023,4,29,7,1805,1.0,0,0,1,a,b,791.0,6,2005,214,0,6,2021,127,0
416,5,2023,2,18,12,1323,1.0,1,0,1,d,b,636.0,9,2000,269,0,4,2020,170,0
986,1,2023,8,42,11,995,1.0,0,0,0,a,a,123.0,12,2002,248,1,17,2020,181,0
1097,6,2023,4,51,5,460,1.0,0,0,1,a,a,585.0,9,2015,91,1,10,2013,500,0
947,7,2024,6,4,5,3337,1.0,1,0,1,c,a,902.0,4,2021,38,0,31,2023,25,1
888,3,2024,11,7,13,2275,1.0,1,0,0,c,a,611.0,2,2012,153,1,24,2016,399,0
77,1,2023,1,26,7,1991,1.0,0,0,0,b,a,1378.0,5,2001,260,0,4,2022,74,0
687,7,2024,12,24,1,2636,1.0,1,0,0,a,c,715.0,7,2022,29,0,10,2021,170,1
1108,5,2023,5,50,13,711,1.0,0,0,1,a,a,1073.0,5,2018,60,0,42,2013,500,1
529,1,2024,6,41,10,2161,1.0,1,0,1,b,c,1088.0,7,2015,107,0,8,2015,500,0
981,7,2023,2,21,24,2264,1.0,0,0,0,a,a,799.0,12,2006,194,0,52,2010,500,0
652,5,2023,11,28,2,3083,1.0,1,0,0,c,a,1147.0,6,2002,257,0,24,2010,500,0
569,5,2023,11,38,27,315,1.0,0,0,0,a,a,719.0,3,2022,20,0,7,2017,343,1
481,4,2024,5,11,19,719,1.0,0,0,1,b,a,1002.0,1,2016,100,1,22,2010,500,1
52,2,2023,10,47,15,1784,1.0,0,0,1,c,a,676.0,7,2019,51,0,16,2014,499,0
925,6,2024,12,4,15,1523,1.0,0,0,1,a,a,427.0,3,2020,57,1,26,2014,498,0
611,7,2024,8,42,20,3182,1.0,0,0,1,c,a,891.0,11,2014,117,1,34,2014,500,1
167,6,2023,12,2,11,3684,1.0,1,0,1,a,a,921.0,1,2016,95,1,22,2019,188,1
355,4,2024,10,13,18,664,1.0,0,0,0,a,a,314.0,10,2000,288,0,22,2021,147,0
512,2,2023,3,10,18,3752,1.0,0,,1,a,b,1032.0,3,2016,84,1,32,2011,500,0
605,3,2024,7,4,5,2545,1.0,0,0,1,b,a,984.0,4,2006,219,1,2,2022,106,0
156,4,2024,3,25,20,3516,1.0,0,,0,a,a,995.0,2,2004,241,0,11,2013,500,0
1081,2,2024,7,38,15,3581,1.0,0,0,1,a,c,1409.0,4,2021,39,0,38,2018,312,0
474,3,2023,11,27,17,3416,1.0,0,0,1,a,c,756.0,3,2009,176,1,27,2015,416,1
611,7,2024,9,17,9,431,1.0,0,0,1,d,a,1005.0,5,2006,220,1,30,2011,500,1
367,4,2024,1,25,28,3238,1.0,0,0,1,a,a,618.0,1,2019,60,0,38,2023,39,1
321,6,2023,10,2,5,3824,1.0,1,0,0,a,c,1206.0,8,2006,206,0,9,2019,201,1
476,7,2024,8,49,24,572,1.0,0,0,0,c,a,609.0,6,2017,86,0,44,2014,500,0
920,1,2024,7,22,21,2719,1.0,0,0,0,b,a,465.0,3,2004,244,0,34,2018,300,1
378,3,2024,9,29,6,2837,1.0,0,0,0,a,a,550.0,3,2002,270,0,40,2012,500,0
557,5,2023,9,48,26,1063,1.0,1,,1,d,a,829.0,4,2012,137,1,35,2017,325,0
870,1,2024,8,30,2,3386,1.0,1,0,1,a,a,817.0,10,2020,46,0,43,2011,500,1
952,6,2023,2,3,22,2195,1.0,1,0,0,c,c,714.0,11,2008,171,0,50,2019,161,0
1088,5,2023,6,48,26,2910,1.0,0,0,0,a,a,1232.0,6,2006,204,0,12,2023,36,1
1090,6,2024,4,22,18,1250,1.0,0,0,1,c,a,1007.0,10,2016,90,0,7,2018,327,1
93,7,2024,10,7,28,2397,1.0,1,0,0,a,c,1478.0,4,2010,174,1,51,2022,60,1
981,5,2023,4,27,23,1106,1.0,0,0,1,c,a,1294.0,10,2000,270,1,23,2012,500,0
199,4,2024,8,13,7,1306,1.0,0,0,1,a,c,427.0,12,2001,272,1,9,2020,212,0
260,6,2024,3,27,12,1402,1.0,0,0,1,a,a,718.0,8,2010,163,0,20,2014,500,1
1057,6,2023,5,3,17,281,1.0,0,0,1,c,a,644.0,2,2013,123,0,46,2015,373,1
203,2,2023,7,52,24,779,1.0,0,0,0,b,b,867.0,4,2012,135,1,7,2010,500,1
706,5,2023,2,6,21,970,1.0,1,0,0,a,a,959.0,2,2015,96,1,3,2020,159,1
991,1,2023,1,41,19,2962,1.0,0,0,0,d,b,660.0,2,2008,179,0,6,2022,87,1
1095,7,2023,4,51,19,3893,1.0,1,0,1,c,a,570.0,9,2008,175,1,13,2013,500,1
865,6,2024,6,35,5,1176,1.0,1,0,0,c,a,1076.0,12,2012,138,0,4,2023,83,1
622,5,2023,4,22,10,2695,1.0,0,,1,b,a,676.0,9,2017,67,0,31,2010,500,1
104,6,2023,2,6,21,2699,1.0,0,0,0,a,a,450.0,9,2005,209,0,7,2021,103,1
799,5,2024,12,34,17,2150,1.0,1,0,0,c,a,744.0,1,2016,107,1,42,2017,356,1
323,3,2023,5,38,26,3842,1.0,1,0,0,a,a,743.0,11,2012,126,0,20,2014,486,1
320,3,2023,6,29,15,640,1.0,0,0,0,a,c,631.0,4,2003,242,0,26,2017,315,0
927,6,2023,6,48,21,2869,1.0,1,0,1,a,c,961.0,11,2022,7,0,9,2018,299,0
485,7,2023,1,46,18,1252,1.0,1,0,0,a,c,767.0,11,2001,254,1,38,2021,112,1
996,7,2024,7,29,16,1777,1.0,1,0,1,c,c,429.0,6,2012,145,0,40,2013,500,1
1016,5,2024,8,35,17,3402,1.0,0,0,1,a,c,685.0,10,2005,226,1,47,2010,500,0
898,4,2023,2,2,8,2843,1.0,1,,1,c,c,697.0,12,2004,218,1,6,2021,100,1
463,6,2024,9,27,1,3931,1.0,0,0,1,a,c,973.0,8,2006,217,1,18,2012,500,1
816,5,2023,12,52,15,2461,1.0,0,0,1,a,c,817.0,3,2009,177,1,44,2020,164,0
553,2,2023,1,3,18,502,1.0,1,0,0,d,a,945.0,11,2000,266,1,37,2010,500,0
465,1,2024,7,11,1,1627,1.0,1,0,0,b,b,769.0,8,2008,191,0,33,2021,134,1
538,4,2024,11,31,23,2800,1.0,0,0,0,c,a,1042.0,6,2018,77,1,23,2014,500,0
91,1,2024,5,4,12,3270,1.0,1,0,0,b,a,1592.0,2,2005,231,0,7,2022,101,1
991,7,2024,5,43,26,3447,1.0,1,0,0,a,c,887.0,4,2014,121,1,11,2023,84,0
365,4,2023,12,20,19,2384,1.0,0,0,0,c,a,871.0,8,2000,280,1,2,2013,500,0
570,5,2023,5,32,10,2923,1.0,1,0,0,a,a,632.0,9,2002,248,1,11,2019,229,0
400,2,2024,6,37,4,3301,1.0,0,0,1,a,a,986.0,6,2009,180,0,19,2014,500,1
1080,4,2023,6,10,9,468,1.0,0,0,1,c,a,1472.0,12,2014,102,0,19,2012,500,1
1035,5,2023,12,41,3,522,1.0,1,0,0,a,a,681.0,4,2002,260,0,8,2018,293,0
860,6,2023,10,17,1,1969,1.0,0,0,0,a,c,604.0,9,2011,145,1,15,2016,366,0
804,3,2023,12,50,10,340,1.0,1,0,0,c,a,534.0,3,2019,57,0,33,2012,500,1
84,3,2023,12,50,20,915,1.0,0,0,1,a,a,556.0,6,2005,222,1,45,2018,265,1
319,7,2023,3,31,4,471,1.0,0,c,0,c,a,291.0,6,2016,81,1,36,2010,500,1
808,5,2023,12,6,6,3202,1.0,1,0,1,a,a,462.0,11,2014,109,1,4,2011,500,0
481,2,2023,7,51,27,3810,1.0,1,0,1,c,a,381.0,1,2002,258,1,26,2015,441,1
676,5,2024,6,27,20,1972,1.0,0,0,1,a,a,583.0,2,2001,280,1,30,2016,413,0
410,1,2024,8,19,3,1771,1.0,1,,0,a,b,1161.0,11,2015,105,1,17,2011,500,0
118,1,2024,5,38,4,3057,1.0,1,0,1,a,a,704.0,5,2000,288,0,34,2019,264,1
464,7,2023,9,14,1,551,1.0,1,0,0,b,a,487.0,11,2008,178,1,16,2017,310,0
227,6,2023,11,11,9,2528,1.0,1,0,0,a,a,504.0,11,2017,72,0,41,2013,490,1
423,2,2023,6,1,13,3091,1.0,0,0,1,a,a,793.0,2,2002,256,1,40,2022,13,0
249,4,2023,4,49,1,1978,1.0,0,0,0,d,b,684.0,6,2015,94,1,26,2015,439,1
304,4,2024,2,36,25,1951,1.0,0,0,1,c,a,882.0,5,2005,225,0,4,2013,500,0
978,6,2023,6,28,14,1211,1.0,1,0,1,a,a,1213.0,6,2019,48,0,27,2019,209,0
854,2,2024,7,10,4,3484,1.0,0,0,0,a,c,675.0,4,2008,195,1,11,2023,51,0
706,1,2023,9,37,11,1600,1.0,0,0,0,c,a,302.0,1,2019,56,1,12,2014,493,0
381,6,2023,4,20,10,3123,1.0,0,0,0,a,c,609.0,11,2012,125,1,35,2015,401,1
866,1,2023,8,5,10,727,1.0,1,0,1,d,b,1066.0,8,2010,156,1,21,2014,452,1
399,5,2023,1,49,8,3937,1.0,0,0,0,d,c,50.0,2,2014,107,0,48,2017,313,0
893,2,2023,6,11,18,3381,1.0,1,0,1,a,a,456.0,5,2000,277,1,6,2022,57,1
358,4,2024,7,3,5,3926,1.0,1,0,0,a,a,562.0,5,2008,194,0,6,2012,500,1
1040,1,2023,5,24,26,3625,1.0,0,0,0,c,c,701.0,9,2009,164,0,14,2020,166,0
724,1,2024,8,22,24,749,1.0,1,c,1,a,a,930.0,7,2012,145,1,35,2010,500,0
257,7,2024,2,38,3,3376,1.0,0,,0,b,a,930.0,7,2022,19,0,27,2018,323,1
723,1,2023,12,45,1,3375,1.0,1,0,1,a,a,937.0,1,2005,227,0,48,2019,205,0
681,4,2023,4,4,21,555,1.0,1,0,1,c,b,623.0,9,2002,247,0,35,2022,21,0
797,4,2023,8,47,4,2900,1.0,0,0,0,d,a,1053.0,3,2020,41,0,20,2021,131,1
335,2,2024,9,44,21,2207,1.0,0,0,1,a,a,529.0,6,2014,123,1,51,2019,253,0
93,2,2024,6,30,10,347,1.0,0,0,0,c,a,1071.0,9,2017,81,0,9,2014,500,0
159,4,2024,1,20,17,2526,1.0,0,c,0,c,b,1157.0,11,2014,110,0,30,2012,500,0
825,7,2024,3,28,5,2452,1.0,1,0,0,b,a,202.0,11,2003,244,1,24,2015,472,0
1070,1,2023,8,33,12,2333,1.0,0,0,0,a,a,359.0,11,2003,237,0,38,2010,500,0
226,7,2024,1,47,18,1552,1.0,0,0,1,c,a,1318.0,12,2007,193,0,37,2020,218,1
145,6,2023,6,10,12,3277,1.0,1,0,1,b,a,388.0,8,2020,34,0,6,2021,108,1
475,2,2024,5,22,25,1282,1.0,1,0,0,a,a,856.0,12,2006,209,1,26,2015,464,0
881,7,2023,6,47,21,3700,1.0,1,0,0,c,a,1008.0,9,2009,165,0,26,2018,281,1
183,1,2023,4,1,12,3875,1.0,1,0,0,a,c,860.0,3,2014,109,0,15,2010,500,0
388,2,2024,4,40,24,3532,1.0,1,0,1,a,a,688.0,8,2007,200,1,52,2012,500,0
490,2,2024,11,15,27,1484,1.0,0,0,1,c,c,670.0,11,2022,24,0,33,2017,346,1
112,5,2024,6,45,13,2917,1.0,1,0,0,c,c,1239.0,11,2004,235,1,31,2022,118,1
1066,4,2024,9,26,24,1317,1.0,0,0,0,a,c,801.0,7,2008,194,0,30,2022,100,0
568,3,2023,11,33,23,3862,1.0,0,0,1,c,a,692.0,8,2002,255,1,36,2012,500,1
28,6,2024,1,41,23,2276,1.0,1,,1,a,a,897.0,11,2022,14,0,25,2014,500,0
872,5,2024,8,41,21,1847,1.0,0,0,0,a,a,877.0,6,2021,38,0,21,2012,500,0
740,1,2023,2,52,6,3871,1.0,1,0,0,a,a,1195.0,5,2014,105,1,9,2016,407,0
990,6,2024,7,46,13,497,1.0,0,0,1,a,c,850.0,6,2008,193,0,41,2022,109,0
362,7,2023,8,27,12,1723,1.0,0,0,1,a,a,826.0,3,2017,77,0,48,2019,187,1
914,7,2023,8,45,2,729,1.0,1,0,1,a,a,602.0,9,2008,179,0,19,2021,130,1
1055,5,2024,10,29,20,2686,1.0,1,0,0,b,a,1033.0,4,2019,66,1,26,2014,500,0
279,6,2024,11,38,6,581,1.0,0,0,1,c,c,483.0,6,2002,269,0,35,2021,159,1
150,2,2023,9,1,18,1907,1.0,0,0,0,a,a,535.0,6,2006,207,1,44,2016,321,0
15,7,2024,3,35,26,660,1.0,0,,0,b,c,50.0,6,2015,105,1,14,2020,229,1
1047,1,2024,6,32,25,1050,1.0,0,0,1,c,a,1323.0,2,2012,148,0,47,2019,245,0
464,2,2024,7,51,21,3214,1.0,1,0,1,c,a,1072.0,9,2008,190,0,1,2018,362,0
933,7,2023,12,14,21,3469,1.0,0,0,0,a,a,413.0,10,2009,170,1,39,2021,79,1
909,2,2023,5,27,18,1814,1.0,0,0,1,b,a,508.0,10,2000,271,1,40,2014,455,1
919,2,2023,1,44,22,3457,1.0,0,0,1,a,a,374.0,12,2002,241,1,37,2016,371,1
1094,5,2023,8,18,18,3697,1.0,1,0,1,d,b,872.0,12,2003,236,1,38,2010,500,0
747,1,2024,1,34,24,969,1.0,0,0,0,a,c,987.0,3,2003,250,0,34,2018,312,1
912,3,2024,4,18,20,3877,1.0,0,0,1,c,a,692.0,6,2008,190,1,1,2012,500,1
1114,6,2023,11,22,22,3819,1.0,0,0,0,a,c,741.0,12,2020,35,1,29,2015,409,1
560,2,2023,10,17,4,231,1.0,1,0,1,b,b,257.0,12,2000,274,1,4,2012,500,0
107,3,2023,10,16,14,3380,1.0,0,0,0,a,c,700.0,2,2008,188,0,8,2015,424,1
561,5,2024,3,26,6,3359,1.0,1,0,0,a,b,1253.0,6,2015,105,1,24,2020,210,1
181,6,2023,4,33,26,2463,1.0,0,0,1,b,a,516.0,8,2005,212,0,46,2011,500,0
836,1,2023,6,5,16,2429,1.0,0,0,1,a,c,834.0,8,2001,262,1,15,2010,500,1
772,6,2024,3,52,22,1436,1.0,1,c,1,a,b,1097.0,4,2007,203,1,39,2013,500,1
376,1,2023,10,50,6,3552,1.0,1,0,1,c,a,939.0,9,2010,157,0,33,2013,500,0
347,3,2023,11,29,16,794,1.0,0,,0,a,a,1106.0,5,2008,186,0,28,2013,500,1
409,7,2024,12,16,7,1883,1.0,0,,1,a,a,1043.0,7,2002,269,0,31,2010,500,1
864,2,2024,9,5,27,3494,1.0,0,0,1,a,a,1672.0,6,2005,231,0,29,2019,236,1
146,6,2023,12,16,7,274,1.0,1,0,1,d,a,962.0,6,2007,198,0,7,2010,500,1
458,5,2024,9,32,7,2642,1.0,0,0,1,a,c,50.0,8,2012,145,1,24,2015,476,0
818,3,2023,2,49,11,2730,1.0,1,0,1,c,a,480.0,7,2010,151,1,48,2020,157,0
1064,4,2024,6,24,15,2606,1.0,1,0,0,a,a,460.0,7,2008,191,0,12,2012,500,0
837,6,2023,7,27,16,1786,1.0,0,0,1,a,a,62.0,1,2007,198,0,20,2016,371,1
408,7,2023,2,35,8,1093,1.0,1,0,1,a,a,881.0,12,2020,26,1,30,2021,109,0
487,4,2023,10,6,6,540,1.0,1,,0,b,a,1073.0,9,2011,145,1,50,2018,216,0
1095,1,2023,11,29,13,3883,1.0,1,0,1,c,a,1257.0,11,2001,264,0,29,2016,364,1
194,1,2024,9,31,2,3173,1.0,1,0,1,a,a,753.0,7,2013,134,0,10,2020,229,0
209,4,2023,8,7,1,409,1.0,0,0,0,c,a,1081.0,12,2021,20,0,15,2019,200,0
104,7,2023,4,41,17,949,1.0,0,0,0,a,c,734.0,9,2020,31,1,19,2014,490,0
56,5,2023,2,34,16,1464,1.0,0,0,0,a,c,1108.0,3,2000,275,0,39,2021,99,0
245,2,2023,2,8,25,843,1.0,1,0,1,a,c,1320.0,12,2019,38,0,50,2014,426,0
719,5,2024,10,10,26,1922,1.0,1,,0,a,c,987.0,7,2017,87,1,52,2015,426,1
173,7,2024,12,21,22,1803,1.0,1,0,1,a,c,1322.0,5,2009,187,0,41,2013,500,1
218,1,2023,3,36,2,1937,1.0,1,0,0,a,a,1383.0,8,2015,91,1,13,2019,231,1
571,5,2024,7,34,7,1556,1.0,0,0,1,c,a,761.0,2,2009,185,1,51,2014,500,1
13,7,2023,11,47,10,2895,1.0,0,0,1,a,a,707.0,9,2008,182,0,29,2010,500,1
786,6,2024,10,23,15,492,1.0,1,c,0,a,c,916.0,4,2000,294,0,43,2010,500,1
614,6,2024,1,37,5,3042,1.0,1,0,1,c,a,741.0,12,2006,205,0,52,2017,349,0
821,3,2024,8,12,12,349,1.0,1,c,0,c,a,1134.0,8,2018,72,1,32,2017,344,0
1039,4,2024,3,40,17,2384,1.0,0,0,0,c,a,1105.0,5,2008,190,0,3,2012,500,0
383,7,2024,10,8,3,2736,1.0,0,0,1,c,a,823.0,5,2018,77,0,23,2023,37,1
512,7,2024,12,30,15,1244,1.0,0,0,1,a,a,661.0,5,2017,91,1,48,2013,500,0
309,1,2023,5,30,1,3261,1.0,1,0,1,a,c,792.0,11,2009,162,0,45,2019,193,0
642,3,2023,4,39,15,710,1.0,0,c,0,c,c,1088.0,8,2007,188,0,6,2022,85,1
798,1,2024,1,19,21,2074,1.0,1,0,1,a,a,1018.0,4,2021,33,1,19,2012,500,0
76,6,2023,3,22,25,1857,1.0,0,0,0,c,a,1062.0,5,2002,250,1,24,2017,310,0
946,7,2023,1,38,5,3312,1.0,0,,1,a,c,764.0,6,2008,175,0,45,2018,253,0
111,5,2023,12,25,8,1638,1.0,1,0,0,d,a,697.0,9,2012,135,1,49,2014,444,1
269,1,2024,7,9,19,3463,1.0,1,0,1,d,a,753.0,10,2007,201,0,24,2016,401,0
97,1,2023,6,38,10,1050,1.0,1,0,0,d,a,990.0,2,2022,16,0,38,2022,52,0
830,6,2023,12,40,24,991,1.0,0,0,0,c,a,995.0,5,2014,115,0,44,2021,100,1
398,2,2023,4,22,4,944,1.0,0,0,0,a,c,805.0,12,2016,76,0,17,2015,421,0
566,2,2023,11,45,1,1872,1.0,1,0,1,a,a,671.0,12,2018,59,1,44,2017,313,0
552,5,2023,4,13,14,3528,1.0,1,0,0,a,a,1679.0,5,2020,35,0,21,2012,500,0
1029,5,2023,3,33,27,1568,1.0,0,0,1,c,c,840.0,4,2005,215,1,1,2017,344,0
155,7,2024,9,30,2,833,1.0,0,0,1,b,a,819.0,2,2014,127,0,39,2018,303,0
82,3,2024,11,31,11,1706,1.0,0,0,1,a,a,1071.0,3,2003,260,0,51,2016,396,1
923,1,2023,9,48,19,3570,1.0,0,0,0,a,a,659.0,5,2007,196,0,25,2022,75,1
859,6,2024,4,18,16,493,1.0,1,0,1,b,a,632.0,6,2002,262,0,13,2022,109,0
1064,6,2024,9,47,5,1069,1.0,1,0,1,a,a,499.0,11,2006,214,0,37,2017,374,1
831,1,2023,3,37,26,897,1.0,0,0,1,a,c,1094.0,5,2014,106,0,26,2014,479,0
736,4,2024,2,13,3,3176,1.0,0,0,1,a,a,1490.0,9,2011,149,1,11,2018,314,0
1031,6,2024,4,51,15,640,1.0,0,0,1,a,a,165.0,1,2004,243,0,5,2019,306,0
404,1,2024,12,4,24,3867,1.0,0,0,1,a,a,680.0,9,2009,183,0,12,2014,500,1
111,2,2023,8,51,27,3486,1.0,0,0,0,c,a,743.0,5,2021,27,1,38,2010,500,1
1050,4,2023,1,11,13,3682,1.0,0,0,0,c,a,1160.0,9,2007,184,1,1,2012,500,0
43,7,2024,12,25,7,2139,1.0,0,0,1,a,b,615.0,5,2019,67,0,13,2013,500,0
461,1,2023,7,28,6,1290,1.0,1,0,1,a,a,518.0,3,2009,172,1,24,2015,420,0
708,1,2023,10,34,16,809,1.0,0,0,1,c,a,1158.0,8,2009,170,1,30,2020,160,1
337,5,2024,9,26,13,281,1.0,1,0,1,a,a,518.0,3,2011,162,1,44,2013,500,1
1086,7,2023,4,31,10,1756,1.0,1,0,0,a,a,247.0,4,2017,72,1,14,2021,121,0
134,6,2023,1,21,11,2161,1.0,0,0,0,c,a,654.0,10,2015,87,1,32,2019,197,1
158,5,2024,11,47,6,2398,1.0,0,0,0,b,b,627.0,12,2017,83,0,42,2018,317,1
184,3,2024,6,6,17,1200,1.0,0,0,0,c,a,866.0,12,2004,234,0,2,2012,500,1
85,1,2024,11,12,13,3569,1.0,1,0,1,b,a,590.0,8,2012,147,0,27,2012,500,1
648,6,2023,9,14,1,3338,1.0,0,0,0,c,c,721.0,3,2008,186,1,12,2020,158,0
42,5,2024,6,18,6,3483,1.0,0,0,1,c,a,753.0,10,2004,236,1,14,2019,264,1
876,3,2023,3,27,15,1560,1.0,1,0,0,a,a,203.0,5,2012,130,0,38,2012,500,0
888,7,2023,6,5,15,898,1.0,1,0,0,c,a,1357.0,10,2022,8,0,5,2014,468,1
1005,5,2023,10,23,16,3072,1.0,0,0,0,a,c,1331.0,12,2015,94,1,5,2020,174,1
300,3,2023,10,6,11,2927,1.0,0,0,0,a,a,874.0,4,2013,126,1,9,2018,257,0
555,7,2024,8,44,11,2728,1.0,0,0,1,a,b,103.0,5,2019,63,1,5,2014,500,0
825,7,2024,3,17,20,2498,1.0,0,0,0,c,a,1037.0,1,2014,122,1,12,2022,109,1
1003,2,2024,5,43,19,916,1.0,0,0,1,c,a,808.0,6,2010,167,1,33,2016,426,1
847,7,2024,7,3,19,2588,1.0,0,0,1,d,a,1066.0,2,2016,101,0,41,2022,66,1
412,6,2024,2,1,3,534,1.0,0,0,0,a,c,1062.0,4,2018,70,0,5,2016,412,1
399,7,2024,1,21,23,1310,1.0,1,0,0,d,a,483.0,12,2019,49,0,23,2012,500,0
910,5,2023,11,9,21,1073,1.0,1,,1,b,c,871.0,9,2003,242,1,2,2020,163,1
316,6,2023,10,27,18,760,1.0,0,,1,a,a,1369.0,7,2019,51,1,28,2019,207,1
888,5,2023,6,7,13,1722,1.0,1,0,0,c,a,691.0,7,2016,83,1,16,2023,0,1
432,6,2023,11,25,2,3737,1.0,0,0,1,a,a,1200.0,5,2009,174,1,35,2021,94,0
884,1,2024,12,46,16,2468,1.0,0,0,0,a,a,388.0,4,2021,44,0,46,2019,260,1
1020,2,2023,4,41,19,2595,1.0,1,,1,a,c,1138.0,8,2005,212,0,9,2019,240,1
506,3,2024,8,38,14,3276,1.0,1,0,1,a,b,142.0,6,2022,26,1,12,2013,500,0
700,6,2023,5,39,16,3117,1.0,1,0,1,c,c,730.0,6,2010,155,0,23,2013,500,0
1040,7,2023,2,11,8,3409,1.0,0,0,1,a,a,297.0,8,2007,186,0,15,2012,500,0
556,1,2023,4,36,24,3045,1.0,0,0,1,c,a,1289.0,12,2012,124,0,8,2016,392,1
140,2,2023,2,38,18,1456,1.0,0,0,1,d,a,714.0,6,2004,224,0,46,2021,96,0
1033,5,2023,1,48,11,2233,1.0,0,0,1,a,c,885.0,4,2022,9,0,28,2011,500,1
98,1,2023,2,26,20,2757,1.0,0,0,0,a,a,1077.0,10,2005,208,0,15,2016,375,0
713,6,2023,3,1,7,637,1.0,1,0,0,c,a,510.0,8,2010,151,1,43,2015,374,0
919,7,2023,7,33,17,2438,1.0,0,0,1,a,c,1198.0,9,2011,142,1,23,2012,500,1
705,7,2024,2,22,13,506,1.0,1,0,0,b,a,1281.0,10,2002,256,0,15,2023,59,0
593,2,2023,4,3,24,2388,1.0,0,0,1,a,a,593.0,7,2006,201,0,1,2011,500,0
365,2,2024,12,13,17,3883,1.0,0,0,1,c,a,923.0,4,2004,248,1,38,2019,235,1
48,3,2023,1,25,1,3972,1.0,0,0,1,d,a,1173.0,3,2006,202,1,16,2015,425,0
472,5,2024,7,19,23,3737,1.0,0,,0,a,a,820.0,10,2000,285,0,38,2010,500,0
708,7,2024,1,40,13,229,1.0,1,0,0,a,c,1201.0,12,2015,97,1,19,2012,500,1
643,1,2023,8,32,26,2031,1.0,1,0,0,c,b,855.0,11,2021,21,1,24,2012,500,1
496,2,2024,3,29,18,1539,1.0,0,,0,a,a,683.0,9,2009,174,0,16,2017,377,0
1090,3,2023,4,47,19,3110,1.0,0,0,1,a,c,995.0,10,2005,210,0,46,2014,469,1
488,3,2023,5,43,25,308,1.0,0,0,0,c,a,667.0,12,2007,185,1,35,2021,112,1
304,1,2024,1,13,3,2862,1.0,1,0,0,c,a,502.0,6,2021,31,1,38,2022,79,0
249,5,2024,4,23,16,1423,1.0,0,0,0,c,a,954.0,7,2012,141,0,14,2010,500,0
291,6,2023,12,1,4,1378,1.0,0,0,1,a,c,486.0,4,2013,128,1,38,2010,500,0
945,1,2024,3,40,21,3583,1.0,0,0,1,a,a,972.0,6,2003,249,1,27,2023,65,1
718,5,2024,5,2,3,3705,1.0,1,0,0,c,c,931.0,7,2018,70,1,13,2011,500,0
893,6,2024,9,52,28,3266,1.0,0,0,0,c,a,802.0,3,2004,246,1,22,2010,500,0
36,6,2023,1,47,23,2937,1.0,1,0,0,a,b,683.0,9,2001,256,0,11,2011,500,1
811,3,2024,5,48,28,620,1.0,0,c,1,c,c,810.0,7,2007,202,0,16,2010,500,1
35,6,2023,3,9,12,1872,1.0,0,0,0,a,a,263.0,11,2004,220,1,46,2012,500,0
1000,6,2023,6,7,12,2387,1.0,0,0,0,c,c,1123.0,9,2021,21,0,1,2011,500,1
855,7,2024,5,27,24,2713,1.0,0,0,1,a,c,229.0,3,2001,278,1,34,2010,500,1
1,2,2024,2,9,13,3294,1.0,0,0,1,b,c,552.0,2,2016,96,0,11,2018,310,0
369,6,2023,12,40,3,3015,1.0,0,0,0,a,a,851.0,3,2016,93,0,49,2013,500,0
85,3,2024,11,41,4,1778,1.0,0,c,0,c,a,801.0,9,2003,254,0,27,2023,66,0
475,6,2023,2,32,25,3354,1.0,0,0,1,a,a,988.0,6,2001,260,0,6,2018,286,0
165,6,2023,5,10,23,587,1.0,0,0,1,d,a,701.0,9,2014,104,0,24,2015,402,1
453,4,2024,8,11,5,1516,1.0,0,0,1,a,a,1002.0,3,2001,281,0,23,2015,456,1
858,5,2024,11,38,28,3249,1.0,0,c,1,a,b,1201.0,6,2008,197,0,4,2011,500,1
197,4,2023,12,43,3,3471,1.0,1,0,1,a,a,652.0,11,2006,205,1,49,2019,202,1
460,5,2024,12,28,15,2138,1.0,1,0,1,b,c,911.0,2,2013,142,1,41,2010,500,1
72,6,2024,12,34,28,1513,1.0,0,0,1,c,a,1212.0,3,2008,201,0,35,2011,500,1
221,2,2024,6,22,1,3626,1.0,1,0,0,c,a,895.0,3,2002,267,1,35,2023,39,0
950,6,2023,3,7,28,710,1.0,1,0,1,a,c,540.0,5,2008,178,1,43,2016,328,0
135,4,2024,11,11,9,3014,1.0,0,0,1,a,a,706.0,6,2021,41,1,50,2011,500,1
285,4,2024,9,52,1,3273,1.0,0,0,1,c,c,305.0,4,2003,257,0,18,2010,500,0
854,6,2023,4,52,14,1074,1.0,0,0,0,a,b,603.0,11,2004,221,0,8,2020,200,0
1085,6,2023,2,20,1,2952,1.0,1,0,0,b,a,611.0,12,2011,134,1,38,2010,500,0
643,6,2024,11,31,22,3597,1.0,1,0,1,a,a,1127.0,11,2008,192,1,22,2012,500,1
804,1,2024,3,7,5,2899,1.0,0,0,1,d,a,924.0,12,2012,135,1,44,2018,275,0
1055,4,2023,7,14,23,871,1.0,1,0,1,d,b,1158.0,12,2002,247,0,4,2013,500,0
553,4,2023,1,35,15,1565,1.0,0,0,0,c,a,845.0,6,2009,163,1,49,2011,500,0
525,2,2023,11,45,24,2214,1.0,0,0,1,c,c,408.0,2,2008,189,1,17,2023,28,0
27,4,2023,8,35,8,3787,1.0,1,0,1,d,c,1027.0,3,2011,149,1,7,2015,444,0
284,6,2023,4,44,8,3141,1.0,0,,1,c,c,881.0,9,2018,55,1,19,2019,233,0
165,4,2023,2,12,21,1748,1.0,0,0,1,a,c,951.0,5,2011,141,1,23,2018,249,1
574,1,2023,11,10,5,858,1.0,0,0,1,a,a,1045.0,12,2002,251,1,8,2015,418,0
394,1,2023,5,24,8,3029,1.0,0,0,1,c,c,904.0,8,2010,153,1,20,2019,212,1
625,3,2023,7,49,25,1068,1.0,0,0,0,a,a,1115.0,9,2002,250,1,10,2011,500,0
127,1,2024,8,44,7,746,1.0,0,0,0,b,a,806.0,3,2008,197,1,17,2012,500,1
760,7,2023,12,41,23,876,1.0,1,0,0,b,c,657.0,7,2020,41,0,20,2018,281,1
615,2,2024,2,21,22,1428,1.0,0,0,1,d,c,546.0,6,2003,248,0,24,2014,500,1
805,4,2023,6,9,22,3581,1.0,0,0,0,c,a,713.0,6,2019,48,0,50,2020,115,0
1067,3,2023,7,26,1,3934,1.0,0,0,0,c,a,805.0,7,2019,48,0,15,2015,427,1
305,7,2024,2,26,7,2593,1.0,0,0,1,a,a,1075.0,7,2022,19,0,6,2018,332,1
368,7,2024,1,29,20,2299,1.0,0,0,0,b,a,694.0,6,2001,271,1,6,2018,335,0
746,6,2023,9,4,17,3777,1.0,1,0,1,b,c,238.0,4,2008,185,0,45,2019,167,1
399,7,2023,6,14,22,1053,1.0,0,0,1,c,a,480.0,6,2016,84,0,50,2020,120,1
1079,5,2024,9,7,15,1160,1.0,0,0,0,c,a,1041.0,11,2002,262,1,1,2011,500,1
332,3,2024,12,9,4,2792,1.0,0,0,0,c,a,262.0,2,2013,142,0,30,2022,83,1
717,4,2023,4,35,2,422,1.0,0,0,1,d,a,875.0,12,2019,40,1,27,2023,8,1
939,5,2023,7,40,26,817,1.0,1,0,1,c,a,839.0,8,2000,275,0,44,2018,256,1
238,1,2024,1,27,27,1672,1.0,0,0,0,a,a,651.0,6,2018,67,0,5,2017,386,0
89,2,2023,7,25,23,3350,1.0,1,0,1,a,a,604.0,11,2010,152,0,16,2016,373,0
439,1,2024,6,27,21,2485,1.0,0,0,0,c,c,1624.0,12,2015,102,1,47,2014,500,0
947,3,2024,11,31,28,3128,1.0,0,0,0,a,c,1027.0,10,2006,217,0,11,2018,332,1
374,5,2023,8,18,19,1298,1.0,1,0,1,a,c,371.0,3,2007,197,0,6,2019,220,1
759,5,2024,4,8,19,957,1.0,0,,1,d,a,1120.0,4,2000,288,0,4,2010,500,1
172,1,2023,11,23,19,1528,1.0,1,0,0,a,a,568.0,12,2003,239,0,26,2020,153,0
839,1,2024,2,5,26,1404,1.0,0,0,1,d,c,798.0,3,2017,83,1,22,2020,191,1
984,5,2024,1,12,17,1701,1.0,0,0,0,a,a,1004.0,8,2011,149,0,3,2021,165,0
1090,6,2023,1,35,23,3085,1.0,0,0,1,a,b,922.0,7,2022,6,1,7,2013,500,0
6,5,2024,1,48,27,1085,1.0,0,0,1,b,a,987.0,6,2003,247,0,49,2023,51,1
673,2,2023,5,18,7,1633,1.0,0,0,1,c,b,808.0,8,2003,237,1,24,2014,462,0
642,3,2024,3,50,8,3380,1.0,1,0,0,a,a,634.0,10,2012,137,0,7,2010,500,1
912,3,2023,8,22,20,2243,1.0,0,0,0,a,a,653.0,7,2021,25,0,49,2016,337,0
929,7,2024,4,2,15,412,1.0,0,0,0,a,a,874.0,10,2000,282,0,21,2015,449,0
499,6,2023,11,18,24,351,1.0,0,0,0,b,a,540.0,7,2021,28,1,12,2012,500,1
478,5,2024,6,18,11,1465,1.0,0,,1,c,a,990.0,4,2008,194,1,48,2016,386,1
880,5,2023,9,23,2,757,1.0,1,0,1,c,c,318.0,3,2022,18,0,27,2023,0,1
382,2,2024,2,10,13,2073,1.0,0,0,0,a,a,929.0,4,2012,142,1,35,2010,500,1
1086,6,2024,9,10,16,3998,1.0,1,0,0,a,c,675.0,2,2008,199,0,38,2018,284,0
396,4,2024,5,51,5,2670,1.0,0,0,1,a,a,1349.0,3,2021,38,1,52,2016,415,0
251,5,2024,5,32,20,456,1.0,1,0,0,a,a,1480.0,10,2001,271,1,4,2023,80,0
831,5,2024,7,47,2,358,1.0,0,0,1,c,c,945.0,1,2017,90,0,19,2020,236,0
710,2,2024,8,20,5,299,1.0,0,0,1,c,a,402.0,7,2004,241,1,30,2023,42,0
874,5,2024,7,46,13,3092,1.0,0,0,0,a,b,887.0,12,2004,235,0,20,2016,442,0
1077,6,2024,1,20,28,1127,1.0,0,0,1,b,b,1043.0,8,2022,17,0,30,2019,250,0
1038,1,2023,6,52,7,1049,1.0,0,0,1,c,a,748.0,10,2000,272,1,10,2017,354,1
1043,3,2024,12,30,23,1909,1.0,0,0,0,a,a,1316.0,9,2007,207,1,31,2020,207,1
645,4,2023,10,33,13,2174,1.0,0,0,0,a,c,808.0,5,2019,53,0,8,2019,233,1
716,7,2024,12,10,8,443,1.0,1,0,1,a,b,1042.0,3,2019,69,1,42,2016,384,0
536,4,2024,11,41,9,3679,1.0,1,0,0,a,a,1116.0,10,2009,181,1,9,2013,500,1
942,2,2023,2,4,22,2776,1.0,0,0,0,a,c,163.0,5,2003,237,0,43,2023,0,0
997,4,2024,1,20,7,2177,1.0,1,0,0,a,a,479.0,4,2001,273,0,40,2018,292,0
307,5,2024,5,52,7,3697,1.0,1,0,1,d,a,994.0,3,2003,254,0,45,2018,319,0
889,7,2023,4,46,2,3896,1.0,1,0,1,a,a,874.0,6,2008,178,0,26,2023,20,0
938,4,2024,1,29,7,426,1.0,0,0,1,a,a,1277.0,6,2012,139,1,8,2020,229,1
728,5,2024,11,27,4,3447,1.0,0,0,0,c,a,993.0,8,2019,63,1,11,2021,172,0
99,6,2024,7,48,22,2666,1.0,0,0,1,c,a,1386.0,6,2022,25,1,12,2013,500,1
81,6,2024,2,25,23,2290,1.0,1,0,1,c,a,766.0,1,2006,217,1,43,2013,500,0
180,7,2024,2,7,26,451,1.0,0,0,1,a,c,759.0,5,2018,69,1,44,2018,275,1
845,5,2023,6,27,7,2496,1.0,0,0,1,c,a,318.0,10,2002,248,0,24,2015,419,1
365,6,2023,7,2,5,1586,1.0,0,0,0,a,c,514.0,9,2015,94,0,27,2019,183,1
242,5,2024,7,24,3,3597,1.0,0,0,1,a,a,1005.0,9,2018,70,0,46,2014,498,1
371,6,2024,1,20,12,728,1.0,0,0,1,c,c,660.0,12,2017,73,1,31,2012,500,1
805,6,2024,6,36,25,356,1.0,0,0,1,d,a,928.0,6,2005,228,1,20,2019,276,0
579,7,2023,5,10,5,1099,1.0,1,0,1,a,a,1094.0,7,2020,34,1,29,2017,293,1
922,7,2023,2,15,4,1818,1.0,0,0,0,a,a,881.0,3,2012,131,1,38,2010,500,0
808,7,2023,7,27,6,2682,1.0,1,0,1,c,a,278.0,5,2011,146,1,3,2021,128,1
802,6,2024,10,43,17,2822,1.0,0,0,0,a,c,998.0,8,2008,194,1,47,2017,360,1
954,6,2023,2,49,25,2715,1.0,0,0,1,d,a,533.0,6,2020,32,0,18,2014,499,1
1021,2,2023,6,46,7,686,1.0,1,0,0,a,c,656.0,11,2005,211,0,36,2011,500,1
717,7,2023,1,36,26,3288,1.0,0,,0,a,a,949.0,9,2005,208,1,22,2020,170,0
654,1,2023,11,18,26,3581,1.0,1,0,0,c,c,1098.0,12,2009,167,0,28,2022,42,0
743,5,2023,11,51,5,2732,1.0,0,0,1,d,a,1206.0,6,2009,173,0,41,2015,426,1
1069,7,2024,1,50,27,2253,1.0,0,0,1,a,a,1179.0,1,2016,96,0,30,2015,488,0
573,7,2023,7,23,27,2184,1.0,0,0,0,c,a,841.0,2,2022,17,0,40,2021,87,0
514,5,2024,5,35,21,2411,1.0,1,0,1,c,c,595.0,4,2004,241,1,31,2020,212,0
404,7,2024,8,7,15,895,1.0,0,0,1,a,a,262.0,1,2012,151,1,16,2021,147,1
582,4,2024,3,52,14,2387,1.0,1,0,0,a,a,833.0,5,2021,34,0,43,2020,217,0
518,6,2023,6,28,6,2249,1.0,0,0,1,d,c,1252.0,11,2017,67,1,34,2019,202,0
319,7,2023,12,6,19,2112,1.0,0,,1,b,a,859.0,11,2022,13,1,3,2018,263,0
589,1,2023,10,7,26,1660,1.0,0,0,0,d,a,1082.0,12,2011,142,0,34,2013,493,1
1088,1,2024,3,51,10,3074,1.0,1,0,0,b,c,1368.0,9,2009,174,0,17,2015,500,0
236,1,2024,5,37,5,1773,1.0,0,0,1,c,c,771.0,4,2019,61,0,40,2019,257,1
762,4,2023,5,37,27,3184,1.0,0,0,0,c,a,285.0,11,2017,66,0,51,2013,500,1
613,2,2024,4,12,9,445,1.0,1,0,1,a,a,1082.0,7,2008,189,1,13,2022,103,1
25,2,2023,11,7,2,3686,1.0,1,0,0,a,a,337.0,11,2003,240,0,16,2017,303,0
1031,7,2024,5,43,24,3762,1.0,0,0,1,c,a,496.0,11,2009,174,1,5,2021,194,0
577,4,2024,2,30,5,594,1.0,1,0,1,a,a,1028.0,7,2003,247,1,11,2013,500,0
918,7,2023,7,24,3,2715,1.0,1,0,0,a,a,534.0,5,2018,62,1,47,2023,0,0
607,7,2023,9,50,13,1874,1.0,0,0,0,a,a,129.0,10,2003,239,0,15,2023,35,1
870,6,2024,3,41,24,596,1.0,0,0,0,a,a,498.0,7,2002,260,1,30,2019,271,1
62,6,2023,3,29,16,846,1.0,0,0,0,a,c,856.0,3,2022,12,1,15,2018,274,1
934,2,2023,4,1,6,1381,1.0,0,0,0,a,b,861.0,7,2016,81,0,29,2011,500,0
580,6,2024,8,32,26,1542,1.0,0,0,0,a,a,821.0,5,2003,255,0,11,2017,385,0
640,5,2023,7,22,24,2561,1.0,0,0,0,c,a,1372.0,1,2008,186,1,39,2010,500,0
1091,6,2024,1,2,28,535,1.0,1,0,1,a,a,936.0,2,2013,131,0,21,2014,500,0
217,3,2023,3,49,2,3244,1.0,1,0,1,a,a,754.0,10,2018,53,1,4,2022,97,1
822,2,2024,4,19,18,3363,1.0,0,0,1,a,a,853.0,9,2010,163,0,29,2016,406,0
355,5,2024,1,42,12,3339,1.0,0,0,0,d,a,1160.0,8,2022,17,0,33,2023,61,1
233,3,2023,4,25,19,440,1.0,0,0,0,c,a,835.0,7,2022,9,0,14,2012,500,0
783,2,2023,4,15,26,1946,1.0,0,0,1,c,c,1141.0,3,2004,229,0,18,2013,500,1
261,2,2023,6,33,5,1543,1.0,1,0,0,c,c,1108.0,12,2004,222,0,41,2019,200,1
775,3,2024,8,9,3,1439,1.0,0,0,1,a,c,896.0,7,2018,73,1,27,2023,34,1
888,7,2024,1,48,25,3469,1.0,1,0,1,a,a,1007.0,6,2002,259,1,23,2013,500,1
463,1,2024,11,24,14,3581,1.0,0,0,0,c,a,1151.0,12,2008,191,1,31,2014,500,0
823,5,2023,12,51,23,3466,1.0,1,0,1,c,c,249.0,8,2011,148,1,38,2017,325,0
860,2,2024,7,20,27,2175,1.0,0,0,0,b,a,891.0,11,2006,212,0,30,2023,42,0
330,5,2024,2,45,3,3888,1.0,1,0,1,c,a,642.0,7,2007,199,1,33,2021,168,0
1086,2,2023,6,48,18,865,1.0,0,0,0,a,a,1120.0,4,2014,110,1,14,2016,398,0
793,2,2024,4,8,6,761,1.0,1,0,1,a,c,552.0,2,2004,242,0,16,2017,356,0
1019,7,2023,4,34,10,3134,1.0,1,,1,a,c,1406.0,12,2014,100,1,42,2016,356,0
844,1,2024,9,5,22,637,1.0,1,,1,c,a,1113.0,2,2012,151,1,12,2010,500,1
481,4,2023,2,20,10,2296,1.0,0,0,1,d,a,771.0,8,2021,18,0,18,2023,2,0
801,4,2023,12,35,7,1743,1.0,0,0,1,a,a,930.0,8,2008,184,1,26,2018,269,1
177,1,2023,2,16,14,989,1.0,1,0,1,b,b,1261.0,9,2012,125,0,24,2015,408,0
805,6,2024,5,17,13,937,1.0,1,0,1,c,a,865.0,2,2009,183,1,41,2019,236,0
181,3,2023,1,20,7,2954,1.0,1,,0,a,a,523.0,9,2015,88,1,18,2014,470,0
22,2,2023,7,44,16,3347,1.0,0,0,1,a,c,321.0,3,2021,28,1,44,2022,52,1
687,3,2023,2,49,20,2575,1.0,0,0,0,c,b,914.0,10,2021,16,1,25,2019,232,0
723,4,2023,2,26,23,2723,1.0,1,0,0,a,a,654.0,1,2022,13,1,3,2011,500,1
333,4,2023,10,45,25,201,1.0,0,0,0,a,a,910.0,8,2020,38,1,30,2015,431,0
1106,2,2023,6,13,21,1797,1.0,1,0,0,a,a,758.0,9,2011,141,0,16,2016,361,0
5,3,2023,1,38,26,3442,1.0,0,0,0,a,a,1140.0,2,2022,11,1,33,2014,473,1
732,3,2023,8,28,23,1158,1.0,1,0,0,a,c,1425.0,8,2001,264,1,13,2018,275,0
193,3,2024,1,23,21,2838,1.0,1,0,1,a,a,948.0,5,2006,212,0,33,2018,302,1
309,6,2023,5,26,8,3102,1.0,0,0,1,c,a,1072.0,12,2017,65,0,5,2015,437,0
160,1,2023,9,39,28,1595,1.0,0,,1,a,a,1180.0,7,2007,194,0,10,2022,81,0
933,3,2024,8,51,23,1183,1.0,0,0,0,c,a,1056.0,6,2003,254,0,15,2014,500,0
1111,1,2023,11,50,23,520,1.0,1,0,1,a,a,1277.0,2,2004,237,1,36,2018,274,0
552,3,2024,1,25,2,3732,1.0,1,0,1,d,a,491.0,3,2010,166,1,7,2017,382,0
827,6,2023,10,4,27,1535,1.0,0,c,1,c,a,1013.0,9,2001,265,1,42,2022,14,0
1054,2,2024,3,31,28,3878,1.0,0,0,0,a,a,1284.0,2,2007,205,0,14,2011,500,1
38,2,2024,7,35,18,3169,1.0,1,,0,b,a,165.0,6,2015,109,1,41,2019,254,1
1083,5,2024,5,3,12,1123,1.0,0,0,0,d,a,858.0,10,2008,187,0,34,2013,500,1
46,3,2024,6,48,3,1544,1.0,1,0,0,a,a,668.0,6,2018,72,0,42,2014,500,0
426,7,2023,7,38,11,2939,1.0,0,0,0,a,a,479.0,7,2012,132,0,13,2018,285,1
452,4,2024,1,42,23,1975,1.0,1,0,0,b,a,704.0,12,2009,169,0,38,2023,56,1
302,2,2023,11,32,15,2467,1.0,0,0,0,a,a,554.0,7,2020,40,1,11,2010,500,1
337,3,2024,10,17,6,1208,1.0,0,0,0,a,a,412.0,1,2011,165,0,22,2023,47,0
833,3,2024,3,15,16,971,1.0,1,0,0,a,a,844.0,9,2013,126,1,28,2014,500,0
845,6,2023,11,8,14,558,1.0,0,0,1,c,c,1014.0,2,2020,45,0,19,2011,500,0
421,6,2023,1,52,19,1831,1.0,0,0,1,a,a,1221.0,4,2020,33,1,26,2022,78,0
917,1,2024,7,14,1,617,1.0,0,0,0,c,a,1010.0,10,2016,93,0,42,2018,284,0
629,7,2024,3,34,24,3797,1.0,1,,0,c,a,717.0,12,2003,243,0,6,2010,500,1
83,6,2024,4,34,23,1828,1.0,0,0,0,c,a,1196.0,11,2004,233,0,12,2010,500,0
955,4,2023,8,19,12,1526,1.0,0,0,1,b,a,825.0,2,2007,198,0,38,2022,33,1
137,4,2023,7,18,26,2867,1.0,1,0,1,b,c,637.0,3,2008,184,1,45,2018,233,1
309,6,2024,5,20,27,3844,1.0,0,0,0,a,a,1105.0,7,2016,94,0,52,2019,228,0
894,6,2023,4,18,21,659,1.0,1,0,0,c,a,1294.0,7,2001,261,0,32,2017,298,0
877,1,2024,3,31,27,2242,1.0,0,0,1,c,b,559.0,3,2019,60,1,24,2011,500,0
759,2,2024,2,13,13,2504,1.0,1,0,0,a,b,634.0,3,2004,239,1,40,2021,129,0
44,4,2024,11,4,27,269,1.0,1,0,1,a,c,1185.0,6,2015,113,0,11,2020,201,1
824,1,2023,9,3,12,1159,1.0,0,0,1,b,c,1064.0,1,2016,92,1,52,2023,0,1
538,1,2024,3,52,24,2937,1.0,1,,0,a,a,1011.0,12,2004,231,1,40,2016,428,0
419,2,2023,3,49,2,1223,1.0,1,0,0,c,c,1226.0,4,2020,35,1,42,2021,111,0
720,4,2024,3,27,2,3560,1.0,1,0,1,a,c,1285.0,9,2003,246,1,48,2013,500,1
781,1,2023,1,12,15,3488,1.0,0,0,0,a,b,870.0,8,2004,221,0,17,2018,255,0
75,4,2024,12,24,21,1668,1.0,0,0,1,d,a,1505.0,2,2015,118,0,8,2022,120,1
107,7,2023,4,28,20,1565,1.0,0,0,0,a,c,1583.0,12,2015,88,0,9,2017,331,0
881,3,2024,4,15,26,1756,1.0,0,0,1,d,c,754.0,1,2016,99,0,28,2023,39,0
984,4,2023,6,20,12,955,1.0,1,0,0,c,c,1004.0,9,2016,81,0,48,2017,284,1
375,4,2023,5,18,13,1144,1.0,0,0,1,a,a,636.0,2,2022,15,0,49,2020,125,1
565,2,2023,4,44,2,460,1.0,1,0,0,a,a,1087.0,4,2018,60,1,14,2018,290,0
703,3,2024,4,18,13,2718,1.0,1,0,1,a,b,444.0,7,2002,261,0,25,2023,45,0
130,1,2024,7,6,10,398,1.0,1,0,0,a,a,556.0,4,2013,135,1,11,2018,307,1
49,7,2023,5,50,17,2790,1.0,1,0,1,c,b,872.0,8,2020,33,1,37,2017,325,1
224,2,2024,2,44,2,1138,1.0,1,0,1,c,a,996.0,2,2000,288,1,38,2022,110,0
149,7,2024,4,17,24,2148,1.0,0,0,0,c,a,626.0,7,2004,237,1,9,2014,500,0
863,5,2023,10,44,13,2736,1.0,1,0,0,b,a,334.0,5,2008,185,0,32,2018,272,0
413,3,2023,12,38,18,1618,1.0,1,0,0,a,c,1176.0,5,2002,259,1,34,2014,472,1
788,6,2023,8,40,28,1890,1.0,0,c,0,d,c,709.0,4,2015,100,1,44,2022,48,0
369,1,2024,9,28,11,341,1.0,0,0,1,a,a,900.0,9,2016,96,0,32,2014,500,1
667,2,2023,9,27,20,603,1.0,1,0,1,a,a,773.0,10,2015,95,1,50,2018,237,1
785,2,2023,12,8,27,1236,1.0,1,0,0,b,a,1230.0,12,2021,24,0,11,2018,257,0
562,6,2024,9,13,3,941,1.0,1,0,1,a,b,488.0,5,2010,172,0,14,2011,500,0
828,2,2024,8,26,2,1248,1.0,1,0,1,a,c,974.0,10,2002,262,0,7,2020,227,0
279,4,2024,3,38,15,3651,1.0,1,0,0,a,c,1413.0,5,2018,70,1,47,2023,43,1
881,6,2023,3,4,26,2851,1.0,0,0,1,a,a,755.0,8,2012,127,0,33,2013,491,1
327,5,2024,5,27,15,2855,1.0,1,0,0,c,a,796.0,11,2007,198,1,33,2022,98,1
108,7,2023,3,30,23,1065,1.0,0,0,0,d,b,760.0,11,2018,52,1,10,2016,384,1
1102,5,2024,10,20,27,1475,1.0,1,0,0,c,a,624.0,5,2005,233,1,20,2015,468,1
920,7,2024,10,37,3,499,1.0,0,0,1,a,b,655.0,3,2022,31,0,40,2023,49,0
610,2,2023,4,25,5,537,1.0,1,0,0,a,b,981.0,7,2013,117,0,7,2018,278,1
1058,6,2023,4,19,27,3274,1.0,1,0,0,b,b,929.0,3,2022,13,0,20,2021,103,1
736,3,2024,1,46,25,551,1.0,0,0,0,c,a,832.0,8,2017,77,1,30,2022,120,0
350,5,2023,2,18,13,538,1.0,0,0,0,a,a,482.0,11,2004,219,0,25,2014,461,1
228,2,2024,6,43,9,1372,1.0,1,,0,a,c,359.0,12,2015,102,0,48,2011,500,1
427,2,2023,1,4,1,589,1.0,1,0,0,a,a,777.0,10,2008,171,0,28,2013,496,1
94,6,2023,6,17,8,3203,1.0,1,0,0,a,a,1037.0,12,2002,246,1,5,2022,64,1
234,7,2023,10,16,2,2706,1.0,1,0,0,c,c,711.0,7,2001,267,1,21,2020,151,1
861,5,2024,4,36,16,2460,1.0,1,0,0,d,a,1067.0,4,2004,240,1,51,2018,297,0
641,6,2023,9,18,4,1847,1.0,1,0,1,a,c,940.0,11,2017,70,1,13,2022,57,0
431,6,2023,4,32,22,2650,1.0,0,,0,a,a,157.0,11,2021,17,0,12,2021,124,1
763,3,2023,3,15,6,3562,1.0,0,0,0,b,c,444.0,7,2010,152,0,4,2015,427,0
453,3,2024,1,5,27,2143,1.0,1,0,0,c,c,666.0,12,2007,193,0,3,2017,366,1
314,3,2023,5,33,15,3557,1.0,1,0,0,c,a,786.0,10,2005,211,0,13,2010,500,0
270,5,2023,6,18,25,2259,1.0,1,0,1,c,a,669.0,9,2007,189,0,26,2023,0,0
1083,2,2024,8,11,4,215,1.0,1,,0,a,a,1207.0,10,2015,106,0,13,2012,500,0
883,6,2023,12,4,24,3729,1.0,0,0,0,c,c,1182.0,12,2005,216,1,14,2018,250,0
475,6,2023,9,46,12,3487,1.0,0,0,1,a,a,1084.0,11,2004,226,0,46,2020,156,1
333,1,2023,3,9,9,2662,1.0,1,0,1,a,a,142.0,4,2009,167,1,5,2021,108,0
109,3,2024,5,12,12,844,1.0,0,0,1,c,c,945.0,9,2018,68,1,50,2019,222,1
862,3,2024,5,2,13,1128,1.0,1,0,1,c,a,845.0,7,2012,142,1,25,2011,500,1
860,6,2023,6,26,20,2970,1.0,1,c,0,d,a,1049.0,10,2019,44,1,11,2015,431,0
538,2,2024,10,10,4,2287,1.0,1,0,0,c,a,771.0,2,2016,104,1,40,2011,500,1
650,3,2024,4,49,12,2649,1.0,1,0,0,c,b,895.0,12,2007,196,1,17,2010,500,1
840,1,2023,10,22,10,2247,1.0,0,0,1,c,a,936.0,2,2003,248,0,49,2016,337,0
635,3,2024,6,43,3,257,1.0,0,0,0,a,c,817.0,7,2019,59,1,29,2010,500,0
554,6,2023,2,47,16,2489,1.0,0,0,0,c,a,739.0,1,2011,145,0,36,2020,167,0
293,2,2024,2,27,3,906,1.0,0,0,1,a,a,534.0,5,2016,93,0,52,2012,500,1
562,3,2024,2,2,16,2189,1.0,0,0,1,a,b,783.0,11,2004,231,1,27,2010,500,1
26,4,2023,11,26,17,1028,1.0,0,0,0,c,b,335.0,12,2019,47,1,5,2015,437,0
637,2,2023,10,34,21,1144,1.0,1,0,0,c,c,1054.0,7,2006,207,0,52,2018,242,1
432,5,2023,11,5,6,803,1.0,0,,1,a,a,823.0,6,2008,185,0,49,2023,0,0
26,5,2024,11,20,8,3349,1.0,0,0,0,a,c,922.0,7,2016,100,1,46,2023,26,0
831,6,2023,12,50,3,844,1.0,1,0,1,a,a,425.0,10,2013,122,1,14,2021,140,0
330,1,2023,10,7,2,1409,1.0,0,0,0,c,a,527.0,9,2015,97,1,36,2020,127,0
888,2,2023,6,5,25,2576,1.0,0,0,0,a,b,469.0,8,2018,58,1,40,2020,121,0
177,4,2023,5,17,19,3312,1.0,1,0,0,a,a,50.0,11,2000,270,1,25,2011,500,0
957,5,2023,12,36,2,2041,1.0,0,0,1,d,a,631.0,12,2005,216,1,42,2019,202,0
925,2,2023,7,13,26,2207,1.0,1,0,0,d,a,178.0,7,2014,108,1,44,2010,500,1
13,4,2024,2,38,3,1474,1.0,1,0,1,b,c,1052.0,4,2021,34,0,29,2012,500,0
7,5,2024,4,50,4,2106,1.0,1,0,1,a,c,915.0,2,2019,62,1,25,2023,77,0
706,4,2024,4,48,16,1853,1.0,1,0,0,a,a,1510.0,1,2013,135,0,5,2011,500,0
965,7,2024,7,33,12,2357,1.0,0,0,1,a,a,674.0,11,2018,68,1,30,2015,471,1
198,1,2023,7,4,28,1155,1.0,0,0,1,a,b,832.0,5,2015,98,1,31,2014,441,1
189,7,2023,2,18,15,827,1.0,0,0,1,a,c,1034.0,7,2010,151,0,7,2021,115,0
720,6,2024,5,52,18,3291,1.0,1,0,1,b,a,684.0,5,2018,72,1,15,2012,500,1
178,5,2023,2,16,3,1010,1.0,0,0,1,a,b,1092.0,11,2015,87,0,27,2022,41,1
66,1,2024,7,13,21,1541,1.0,0,0,0,c,a,994.0,3,2016,100,1,9,2023,56,0
1106,2,2024,10,15,18,3691,1.0,0,0,0,c,a,1153.0,11,2007,203,1,48,2014,487,1
1096,6,2024,5,5,14,710,1.0,1,c,0,c,a,517.0,6,2020,47,0,9,2019,256,1
870,6,2023,12,41,19,2421,1.0,0,0,0,a,a,676.0,5,2017,79,1,2,2014,500,1
130,1,2023,5,4,26,1108,1.0,0,0,0,a,a,664.0,7,2019,46,0,20,2015,400,0
366,6,2023,8,30,12,1028,1.0,0,0,0,a,a,716.0,9,2022,11,1,26,2013,500,1
1006,2,2024,2,12,7,1067,1.0,1,0,1,a,a,333.0,12,2015,98,0,22,2016,406,0
1108,7,2024,7,38,15,1727,1.0,0,0,1,a,c,1019.0,5,2016,98,0,39,2020,207,0
136,6,2024,8,9,7,1597,1.0,0,0,1,c,b,905.0,9,2012,143,1,33,2010,500,0
675,5,2024,3,23,24,3237,1.0,0,0,1,a,a,1273.0,3,2001,276,1,37,2023,38,0
970,6,2023,2,25,6,556,1.0,0,0,1,a,a,319.0,11,2021,15,1,31,2022,46,0
62,4,2024,5,20,13,2252,1.0,1,0,1,a,a,1157.0,8,2020,45,0,26,2019,254,0
993,7,2023,12,26,10,3952,1.0,1,0,1,a,a,731.0,6,2008,186,0,26,2015,416,0
28,6,2024,12,8,3,572,1.0,0,0,0,a,a,806.0,10,2019,62,1,32,2021,132,0
717,4,2024,2,9,3,2301,1.0,1,,1,a,c,833.0,6,2003,248,1,14,2022,99,0
167,6,2023,9,46,23,1868,1.0,1,0,0,c,a,1208.0,7,2000,278,0,3,2014,500,0
234,1,2023,7,5,16,739,1.0,1,0,1,c,a,889.0,11,2012,128,0,51,2013,474,0
942,5,2023,8,8,10,2619,1.0,1,0,0,b,a,835.0,11,2002,249,1,33,2010,500,1
801,6,2023,11,35,26,1065,1.0,0,0,1,a,a,683.0,9,2014,110,1,46,2020,145,0
968,1,2024,6,22,10,2576,1.0,0,0,1,a,b,958.0,10,2007,200,1,39,2011,500,1
771,4,2024,4,21,16,2591,1.0,0,0,0,a,a,512.0,10,2014,114,0,39,2020,190,0
179,2,2023,9,30,1,1088,1.0,0,0,1,c,c,1547.0,8,2016,85,0,25,2020,161,1
85,6,2023,2,5,21,2647,1.0,0,0,1,d,a,423.0,6,2022,8,1,6,2018,259,0
1020,4,2024,3,8,16,967,1.0,1,0,1,a,a,478.0,10,2017,77,1,29,2019,239,0
1016,6,2024,11,50,18,2230,1.0,0,0,0,a,a,590.0,11,2016,96,0,22,2018,340,0
830,3,2023,11,42,25,2708,1.0,0,0,0,a,a,772.0,7,2005,220,1,11,2015,447,1
320,7,2023,6,38,7,3305,1.0,1,c,0,a,c,216.0,4,2004,230,0,5,2012,500,1
834,4,2023,12,12,10,2414,1.0,1,0,1,a,c,609.0,3,2014,117,0,16,2010,500,0
943,7,2024,7,10,27,2337,1.0,1,0,0,c,a,647.0,6,2005,229,1,34,2014,496,1
382,7,2023,5,40,24,2001,1.0,0,0,1,a,c,860.0,10,2002,247,1,11,2014,497,1
825,5,2024,7,8,15,2098,1.0,1,0,0,c,c,512.0,7,2001,276,0,39,2013,500,0
908,2,2024,11,11,10,3267,1.0,1,0,1,a,a,1221.0,5,2012,150,1,18,2021,149,1
349,1,2024,11,6,21,1351,1.0,0,0,0,a,a,584.0,11,2007,204,0,20,2020,194,0
551,6,2023,11,5,14,3910,1.0,1,c,1,a,a,773.0,11,2006,204,1,39,2013,486,1
788,4,2024,4,34,20,3910,1.0,1,0,0,a,c,618.0,4,2011,156,1,16,2021,174,0
1114,6,2023,8,8,26,2498,1.0,0,0,1,d,c,1386.0,2,2003,246,0,21,2022,39,1
68,1,2024,12,30,11,2124,1.0,0,0,1,a,a,503.0,10,2015,110,0,41,2016,405,1
458,4,2023,1,41,25,1311,1.0,1,0,1,a,a,824.0,5,2015,92,1,18,2020,179,0
480,6,2023,2,45,23,2034,1.0,0,0,0,a,a,557.0,12,2002,242,0,12,2011,500,0
39,7,2023,12,31,16,2848,1.0,0,0,0,c,c,981.0,5,2013,127,0,21,2014,478,0
437,4,2023,2,24,23,3892,1.0,0,0,0,a,c,932.0,7,2002,247,1,21,2022,55,1
219,3,2023,8,4,28,2502,1.0,0,0,0,c,a,657.0,5,2001,267,1,29,2023,0,1
655,6,2024,12,21,17,3239,1.0,0,0,0,d,c,884.0,10,2017,86,1,18,2017,367,0
865,2,2024,8,45,18,2436,1.0,1,0,0,a,a,898.0,3,2002,269,1,47,2016,414,0
909,2,2023,7,14,2,269,1.0,0,0,0,a,c,957.0,10,2019,45,0,43,2020,127,1
1004,6,2024,6,6,8,3011,1.0,0,0,1,c,c,936.0,7,2013,131,0,24,2019,242,1
1003,4,2023,3,26,25,2927,1.0,0,0,1,a,a,921.0,4,2002,251,1,41,2021,89,0
87,2,2023,10,22,19,2733,1.0,0,0,0,c,c,376.0,11,2019,47,0,34,2018,248,0
680,3,2024,7,37,20,1181,1.0,0,,0,a,a,649.0,3,2022,28,1,8,2013,500,0
96,5,2023,8,26,15,344,1.0,0,0,1,a,a,1029.0,11,2011,141,1,13,2021,117,1
900,2,2024,9,34,12,2589,1.0,1,c,0,b,c,772.0,10,2012,143,1,9,2019,285,0
444,4,2024,7,33,10,754,1.0,0,0,1,a,c,576.0,8,2009,179,0,46,2014,500,1
541,2,2024,6,33,3,203,1.0,0,0,0,a,b,773.0,10,2017,80,1,10,2013,500,1
213,3,2023,10,35,5,2340,1.0,1,,1,a,c,351.0,9,2018,61,0,7,2010,500,1
56,5,2024,11,29,21,3794,1.0,1,0,1,a,a,1066.0,3,2010,176,1,8,2016,437,0
265,1,2023,9,37,12,3847,1.0,0,0,0,d,a,1164.0,11,2004,226,0,26,2021,115,1
549,1,2024,4,14,3,779,1.0,0,0,0,a,a,606.0,1,2003,255,0,37,2021,133,1
987,2,2023,10,6,25,3930,1.0,0,0,0,a,a,908.0,4,2014,114,0,26,2020,136,0
711,4,2023,2,22,22,658,1.0,1,0,1,a,c,565.0,11,2008,171,1,44,2016,342,0
735,6,2023,12,28,21,3141,1.0,0,0,1,c,b,598.0,6,2017,78,1,38,2016,354,0
933,7,2024,8,48,20,476,1.0,1,0,1,c,a,1289.0,3,2002,269,0,34,2018,326,1
676,1,2024,6,28,12,1774,1.0,1,0,1,c,a,815.0,8,2019,58,1,14,2020,222,0
509,4,2023,7,34,8,1090,1.0,0,0,1,a,a,740.0,11,2006,200,1,6,2012,500,1
280,4,2023,9,14,7,1698,1.0,1,0,1,a,a,333.0,6,2010,159,1,16,2012,500,1
380,4,2023,2,34,1,2684,1.0,1,0,1,b,b,1159.0,5,2014,105,1,12,2013,500,0
250,2,2024,8,40,17,1838,1.0,0,0,0,a,c,376.0,12,2009,176,0,46,2016,410,1
701,4,2023,7,25,19,2308,1.0,0,0,1,c,a,471.0,7,2003,240,0,15,2019,218,1
24,6,2023,3,30,16,1471,1.0,1,0,0,a,a,284.0,5,2010,154,0,52,2012,500,0
496,4,2024,7,36,20,3542,1.0,0,0,0,a,a,697.0,11,2016,92,1,51,2021,141,1
63,6,2024,10,27,4,2720,1.0,1,0,0,a,a,1300.0,12,2008,190,0,51,2012,500,1
612,4,2023,1,24,19,3514,1.0,1,0,1,a,c,705.0,11,2000,266,1,37,2011,500,0
1025,4,2024,10,40,17,2097,1.0,0,0,0,a,c,705.0,4,2005,234,0,38,2019,262,1
1113,2,2023,3,41,23,933,1.0,1,0,0,c,c,761.0,9,2002,246,1,12,2022,81,0
577,3,2024,5,45,6,2421,1.0,1,0,0,b,a,858.0,7,2013,130,0,10,2012,500,0
296,3,2023,7,5,25,2678,1.0,0,,1,b,c,879.0,9,2007,190,0,38,2015,383,1
131,1,2023,11,40,28,510,1.0,0,0,1,c,a,464.0,11,2003,240,1,4,2022,88,0
1000,2,2023,12,48,6,713,1.0,1,0,0,a,a,1647.0,6,2005,222,0,35,2015,429,0
468,2,2023,6,7,20,2531,1.0,1,0,0,a,a,1093.0,4,2015,98,0,30,2011,500,1
723,1,2023,7,31,3,2186,1.0,0,0,1,a,a,994.0,3,2001,268,1,48,2016,347,0
899,4,2023,5,8,19,2128,1.0,0,0,0,a,a,949.0,4,2012,133,1,48,2022,12,1
369,6,2024,1,3,7,2338,1.0,0,0,0,d,a,1213.0,6,2000,283,1,29,2011,500,0
663,2,2023,4,49,27,2921,1.0,0,0,0,a,a,1100.0,11,2008,173,0,10,2013,500,0
420,4,2023,1,3,26,3196,1.0,0,0,0,c,a,666.0,3,2016,82,1,40,2020,119,0
491,1,2023,2,19,22,1794,1.0,0,,0,a,a,830.0,4,2014,106,0,11,2016,372,0
99,2,2024,10,37,26,2547,1.0,0,0,1,a,a,1168.0,7,2005,231,0,17,2017,384,1
701,5,2023,8,14,13,881,1.0,0,0,0,a,c,1008.0,1,2019,55,0,27,2022,39,0
204,2,2023,2,6,26,695,1.0,0,0,0,a,c,1057.0,7,2004,223,1,31,2018,235,1
602,4,2024,7,2,16,839,1.0,0,0,0,a,c,976.0,1,2021,42,0,15,2021,143,0
1047,2,2023,3,18,24,2108,1.0,0,0,1,b,b,577.0,10,2000,269,0,4,2019,222,1
1094,1,2024,6,39,8,2416,1.0,0,0,1,a,a,704.0,4,2009,182,1,22,2010,500,1
964,2,2023,8,3,13,1191,1.0,0,0,0,b,c,1162.0,2,2001,270,1,47,2016,320,0
1025,2,2023,9,38,11,1674,1.0,1,0,1,a,a,881.0,12,2020,33,0,44,2019,202,0
1062,1,2024,12,38,4,2839,1.0,0,0,1,c,a,920.0,9,2006,219,0,20,2011,500,1
417,1,2024,5,47,9,227,1.0,0,0,0,b,a,1468.0,10,2012,139,0,41,2014,500,0
752,1,2024,2,41,1,3798,1.0,0,0,1,a,a,1018.0,3,2005,227,1,42,2023,51,1
35,6,2023,3,42,25,3171,1.0,0,c,0,c,a,894.0,12,2002,243,1,41,2017,313,0
166,2,2023,6,6,8,2389,1.0,0,0,1,a,a,1234.0,12,2008,174,1,8,2016,362,1
52,5,2023,8,26,8,778,1.0,1,0,0,b,c,1134.0,12,2014,104,0,12,2018,274,0
384,3,2024,9,28,18,3107,1.0,0,0,1,a,a,883.0,7,2002,266,0,6,2010,500,0
140,4,2024,2,48,4,3112,1.0,0,0,1,b,a,344.0,12,2000,278,0,44,2012,500,1
732,3,2024,1,25,17,3054,1.0,0,0,1,a,a,1052.0,9,2007,196,1,29,2015,464,1
164,5,2023,8,12,19,2017,1.0,0,0,1,a,a,1072.0,7,2008,181,1,9,2022,55,1
881,4,2023,6,38,21,355,1.0,1,,1,a,a,1111.0,7,2008,179,0,13,2020,181,0
724,6,2024,7,32,11,504,1.0,0,0,1,a,c,797.0,5,2016,98,1,20,2022,116,1
969,4,2024,5,18,3,1585,1.0,1,,0,c,a,703.0,11,2001,270,0,42,2019,236,0
801,5,2023,9,5,5,203,1.0,0,0,0,c,a,818.0,7,2012,134,1,8,2018,257,1
203,7,2024,3,46,19,763,1.0,0,0,0,a,b,578.0,10,2018,65,1,28,2019,278,1
236,1,2024,8,9,25,3854,1.0,1,0,1,a,a,733.0,8,2007,204,0,35,2020,182,0
980,5,2024,2,36,15,3276,1.0,1,0,0,a,b,1031.0,5,2006,213,1,45,2013,500,0
745,2,2023,6,8,8,2277,1.0,0,0,1,a,b,708.0,7,2018,59,0,40,2014,436,0
969,5,2024,12,28,24,1408,1.0,0,0,0,a,a,693.0,11,2018,73,1,10,2014,500,0
997,2,2024,3,47,17,3209,1.0,1,0,0,d,a,1363.0,7,2016,92,1,20,2020,235,1
910,3,2023,4,17,22,1992,1.0,1,0,0,a,a,708.0,4,2007,192,1,40,2020,133,0
946,2,2024,8,49,27,2929,1.0,0,0,0,d,a,610.0,6,2004,242,0,36,2011,500,0
771,4,2023,9,46,27,3014,1.0,0,0,1,a,b,545.0,10,2022,11,0,41,2012,500,0
1012,1,2024,6,39,12,3616,1.0,1,0,0,a,c,764.0,6,2010,168,1,29,2015,478,0
798,2,2024,6,18,19,490,1.0,1,0,1,b,c,544.0,4,2006,218,1,47,2012,500,1
309,5,2023,7,32,16,3739,1.0,0,0,1,b,a,928.0,12,2020,31,1,48,2017,296,0
422,6,2024,8,31,6,2819,1.0,0,0,1,a,c,410.0,4,2021,40,0,3,2015,496,0
297,2,2023,4,48,20,2945,1.0,0,0,0,a,a,271.0,6,2011,142,0,15,2014,500,0
1084,7,2023,3,37,9,1843,1.0,0,,1,a,a,630.0,1,2006,206,1,41,2022,48,0
837,4,2023,12,27,1,342,1.0,0,0,0,c,b,895.0,10,2014,110,0,31,2017,308,0
519,7,2023,6,23,26,3132,1.0,0,0,0,a,c,1185.0,6,2005,216,0,10,2017,325,1
49,6,2024,12,47,4,1000,1.0,0,0,0,c,b,915.0,5,2017,91,0,29,2017,382,0
907,7,2023,11,38,5,640,1.0,0,0,1,d,b,810.0,3,2002,260,1,17,2017,333,0
54,5,2024,8,41,8,945,1.0,0,0,1,a,c,149.0,4,2004,244,1,15,2014,500,1
508,6,2023,6,8,18,1468,1.0,0,0,0,a,a,1170.0,11,2022,7,0,39,2018,229,0
770,5,2023,3,32,5,1295,1.0,0,0,0,b,c,538.0,12,2011,135,0,49,2011,500,0
1062,7,2023,12,52,27,3918,1.0,0,0,0,a,b,654.0,4,2021,32,1,42,2010,500,1
804,1,2023,12,51,5,3695,1.0,1,0,0,a,a,193.0,9,2002,255,1,28,2019,231,1
854,6,2024,8,22,1,3465,1.0,1,0,1,a,a,859.0,9,2012,143,1,51,2012,500,1
406,5,2024,7,44,4,1860,1.0,1,0,0,d,c,1588.0,4,2022,27,0,45,2014,500,0
698,5,2024,8,36,5,1963,1.0,0,0,1,d,a,778.0,8,2007,204,0,6,2012,500,1
752,2,2024,1,43,5,1905,1.0,0,0,1,a,c,580.0,2,2004,239,0,35,2023,60,0
236,1,2023,7,37,12,429,1.0,1,0,1,a,c,774.0,3,2017,76,1,1,2022,88,0
932,2,2024,11,3,18,2155,1.0,1,0,0,a,c,1178.0,12,2019,59,1,25,2016,394,0
816,2,2024,3,26,27,3087,1.0,1,0,1,a,a,1088.0,12,2010,159,0,35,2023,43,1
429,3,2023,12,38,22,3434,1.0,0,0,1,a,a,690.0,6,2007,198,1,14,2011,500,1
299,5,2023,10,17,5,3881,1.0,1,0,1,a,a,1139.0,5,2013,125,0,37,2022,32,1
403,6,2024,8,31,9,1024,1.0,1,0,1,a,a,1268.0,2,2004,246,1,9,2021,178,0
614,4,2023,7,13,8,2717,1.0,0,0,1,d,c,1143.0,12,2001,259,0,35,2013,498,1
192,2,2024,5,36,1,1905,1.0,1,0,0,a,c,597.0,4,2019,61,0,44,2017,356,1
768,5,2023,1,20,9,2907,1.0,0,0,1,b,a,1033.0,7,2012,126,1,28,2010,500,1
958,3,2023,3,2,1,2460,1.0,0,0,1,a,a,759.0,4,2008,179,0,33,2016,333,1
1086,7,2023,7,11,20,3024,1.0,1,0,1,a,a,850.0,7,2014,108,1,27,2023,0,0
784,3,2024,2,24,24,2419,1.0,1,0,0,a,a,605.0,6,2022,20,1,34,2021,146,0
171,7,2024,10,10,6,3002,1.0,1,0,0,a,a,380.0,10,2010,168,0,11,2020,207,1
1046,4,2023,2,29,4,338,1.0,0,0,1,a,a,660.0,3,2019,47,0,33,2010,500,0
893,2,2023,5,41,11,3578,1.0,0,0,1,d,b,390.0,8,2019,45,1,38,2020,159,0
919,2,2024,5,20,6,1497,1.0,0,0,1,a,c,525.0,12,2010,161,0,20,2021,156,0
1056,4,2024,8,45,25,1679,1.0,0,0,1,c,a,763.0,8,2022,24,1,39,2012,500,1
32,2,2023,12,3,14,836,1.0,0,0,1,c,a,674.0,9,2002,255,1,29,2012,500,0
601,4,2024,8,19,3,3250,1.0,1,,1,a,a,469.0,10,2002,262,0,43,2014,496,1
1078,6,2023,10,35,17,2022,1.0,0,0,1,a,a,402.0,7,2003,243,1,37,2023,0,0
846,1,2024,1,21,5,900,1.0,0,0,0,c,b,880.0,1,2011,156,1,26,2022,99,0
732,3,2024,3,10,16,950,1.0,0,,1,a,a,1009.0,2,2007,205,1,15,2012,500,0
992,4,2023,3,29,7,3621,1.0,1,0,1,a,a,775.0,11,2019,40,0,16,2019,221,0
1090,6,2023,2,27,24,2891,1.0,0,0,0,c,c,759.0,12,2006,194,0,18,2011,500,1
724,6,2024,2,27,3,2891,1.0,1,0,1,c,a,481.0,5,2004,237,1,38,2014,500,1
997,4,2023,2,51,21,1436,1.0,1,0,1,a,a,529.0,1,2020,37,1,35,2019,224,1
687,4,2023,3,32,17,1323,1.0,1,0,0,c,a,936.0,7,2009,164,0,35,2012,500,1
637,1,2023,10,22,9,2541,1.0,1,0,1,a,b,439.0,3,2013,127,0,17,2014,473,1
466,5,2023,2,26,16,3472,1.0,1,0,1,a,a,762.0,8,2022,6,1,32,2015,410,1
572,7,2024,10,25,20,2257,1.0,1,0,1,a,a,615.0,11,2006,215,1,37,2021,144,0
764,5,2024,6,18,5,767,1.0,0,0,1,b,a,507.0,8,2019,58,1,39,2018,291,1
232,7,2024,10,6,19,3503,1.0,0,0,0,a,a,648.0,4,2013,138,1,25,2016,397,0
792,2,2024,8,30,21,2281,1.0,0,0,1,b,a,1245.0,11,2000,285,0,34,2021,152,1
660,3,2023,4,19,3,3923,1.0,1,0,0,a,c,882.0,11,2003,233,0,46,2014,441,0
859,7,2023,1,21,28,1103,1.0,0,0,0,a,b,1499.0,11,2013,110,1,44,2016,341,1
469,3,2024,4,7,6,1023,1.0,1,0,0,a,a,773.0,3,2015,109,1,33,2018,286,0
678,7,2024,11,43,2,3765,1.0,1,,1,c,c,923.0,4,2011,163,0,40,2021,159,1
961,2,2023,1,18,4,2147,1.0,0,0,1,d,c,149.0,10,2009,159,0,10,2023,8,1
972,7,2024,3,12,21,3095,1.0,0,0,0,a,a,600.0,5,2013,130,0,41,2012,500,1
304,1,2024,9,44,5,3299,1.0,0,0,0,a,a,541.0,4,2014,125,1,20,2019,284,1
136,4,2024,5,27,19,2391,1.0,1,0,0,a,a,598.0,4,2020,49,0,26,2015,469,0
154,2,2023,11,52,19,3101,1.0,1,0,1,d,b,1080.0,4,2005,223,1,35,2018,277,0
830,3,2024,10,42,7,3832,1.0,1,0,0,a,c,875.0,11,2016,95,0,52,2018,302,1
712,6,2023,11,41,14,3732,1.0,1,0,1,a,c,360.0,1,2017,82,1,21,2013,500,0
321,3,2023,10,3,2,261,1.0,1,0,1,a,a,447.0,12,2014,106,0,27,2015,392,1
837,2,2023,1,14,15,3064,1.0,1,0,0,a,a,839.0,7,2011,138,0,6,2012,500,0
323,1,2023,4,48,19,2847,1.0,1,0,0,c,a,790.0,6,2008,178,1,39,2012,500,0
715,7,2024,9,48,24,2224,1.0,1,,0,c,a,1145.0,11,2007,202,0,36,2020,220,1
1065,7,2024,5,13,19,1680,1.0,0,0,1,a,b,337.0,12,2013,125,0,20,2019,253,1
720,1,2024,4,33,2,1122,1.0,1,0,0,c,a,1040.0,11,2013,125,1,34,2011,500,0
551,1,2023,11,51,2,3168,1.0,1,0,0,a,a,1039.0,11,2012,132,0,43,2021,112,0
337,6,2023,2,46,11,1638,1.0,1,,0,a,c,546.0,7,2018,55,1,29,2013,500,0
112,3,2023,12,3,14,3446,1.0,1,,1,a,a,700.0,1,2006,215,1,23,2015,396,1
737,4,2024,4,4,13,1357,1.0,0,0,0,c,a,1111.0,12,2009,172,1,20,2013,500,1
1112,1,2023,2,23,27,507,1.0,0,0,1,a,c,64.0,2,2011,144,0,10,2018,273,1
503,3,2023,7,40,10,3761,1.0,0,0,1,a,c,943.0,2,2021,29,1,18,2015,438,1
239,4,2023,8,28,3,265,1.0,1,0,0,a,a,1052.0,11,2016,81,1,42,2019,194,0
338,1,2024,11,38,27,2127,1.0,1,0,0,c,a,822.0,12,2011,155,1,5,2019,293,0
1088,7,2024,1,15,8,746,1.0,0,0,0,c,c,839.0,2,2007,203,0,51,2023,16,1
1079,4,2024,4,20,21,3236,1.0,1,c,1,a,c,343.0,6,2010,166,0,27,2013,500,0
825,3,2024,3,44,8,2830,1.0,1,0,1,b,a,289.0,11,2012,136,0,9,2018,347,0
909,6,2024,2,12,12,550,1.0,0,0,1,b,a,759.0,12,2004,230,1,30,2013,500,1
713,6,2024,6,8,1,3552,1.0,0,0,1,c,a,1165.0,10,2010,164,0,28,2013,500,1
476,6,2023,3,24,24,1506,1.0,0,0,0,b,c,724.0,11,2015,88,0,19,2021,109,1
910,5,2024,10,9,8,3799,1.0,1,0,0,a,c,901.0,12,2005,226,0,46,2021,119,1
182,2,2024,5,21,24,2524,1.0,0,0,0,b,a,401.0,6,2020,47,1,7,2023,66,0
622,3,2023,3,4,19,2547,1.0,1,0,0,a,a,751.0,1,2014,110,0,31,2016,337,0
683,4,2024,5,48,5,553,1.0,0,0,1,c,a,393.0,10,2012,139,1,51,2011,500,1
196,6,2024,7,11,23,272,1.0,0,0,0,a,c,1186.0,3,2014,124,0,24,2020,195,1
361,3,2024,11,21,11,260,1.0,1,,1,c,a,517.0,8,2001,279,0,6,2018,327,1
897,3,2024,5,34,16,3097,1.0,1,0,0,a,a,699.0,2,2000,291,0,51,2018,295,0
679,4,2024,5,3,21,2663,1.0,0,0,0,a,c,799.0,10,2019,55,1,5,2010,500,0
481,1,2023,10,12,27,3981,1.0,0,0,1,d,a,727.0,5,2018,65,0,46,2022,18,1
469,3,2023,6,52,11,3961,1.0,1,0,1,c,a,731.0,2,2010,160,1,11,2012,500,0
443,1,2023,4,8,19,1651,1.0,1,0,1,d,b,834.0,11,2006,197,0,14,2019,202,0
211,1,2024,11,37,11,2441,1.0,1,0,0,a,a,709.0,7,2005,232,0,11,2018,338,1
672,1,2024,6,3,23,449,1.0,1,0,0,a,a,1153.0,3,2017,87,1,47,2018,268,0
1026,6,2023,12,31,8,2531,1.0,0,0,1,a,a,1146.0,11,2004,229,1,21,2019,218,1
864,1,2023,7,15,24,533,1.0,0,0,0,a,a,268.0,5,2007,194,1,14,2021,105,0
819,7,2024,5,33,17,452,1.0,0,0,0,b,c,704.0,5,2006,216,0,36,2020,205,0
97,1,2024,7,17,4,352,1.0,0,0,1,a,a,997.0,11,2019,56,0,38,2014,499,1
677,4,2023,11,19,3,2235,1.0,0,0,0,a,a,641.0,7,2003,244,1,13,2012,500,1
952,4,2023,3,44,16,1762,1.0,1,0,1,a,a,1275.0,11,2017,64,0,15,2011,500,0
861,3,2023,8,11,5,391,1.0,0,0,0,a,a,654.0,2,2014,114,1,51,2010,500,1
330,7,2024,6,6,7,2214,1.0,0,,1,a,c,257.0,12,2014,114,1,25,2015,449,1
738,1,2023,2,46,3,563,1.0,0,0,0,a,b,573.0,7,2019,43,0,22,2018,284,0
138,7,2023,8,43,27,3356,1.0,0,0,1,c,a,737.0,10,2012,130,0,44,2012,500,0
76,3,2024,11,30,24,1514,1.0,1,0,1,b,a,721.0,11,2010,168,1,50,2018,292,0
359,5,2023,5,22,20,3123,1.0,0,0,0,a,a,324.0,3,2022,14,0,49,2014,441,0
740,1,2023,10,37,10,3712,1.0,0,0,0,a,a,427.0,7,2017,75,0,18,2019,227,0
124,5,2023,2,20,9,1690,1.0,1,0,1,d,a,616.0,3,2021,23,0,38,2022,34,0
850,2,2023,4,25,24,3966,1.0,0,0,0,b,a,519.0,6,2017,70,0,26,2017,311,1
548,1,2024,11,29,16,3774,1.0,0,0,1,a,c,1342.0,7,2020,52,0,33,2017,360,1
1026,1,2024,11,39,9,1236,1.0,1,0,0,a,a,834.0,12,2017,83,1,22,2017,381,1
176,4,2023,4,47,18,1089,1.0,0,0,1,c,b,1342.0,2,2010,158,1,15,2019,240,1
315,5,2023,4,41,18,2917,1.0,0,0,0,a,a,1106.0,11,2004,221,1,16,2021,129,0
1048,2,2023,4,48,15,665,1.0,0,0,1,c,c,1053.0,10,2021,18,0,15,2014,500,1
40,4,2023,11,37,25,1246,1.0,1,0,1,c,a,543.0,12,2011,143,1,24,2017,325,0
24,3,2023,2,46,27,3811,1.0,0,0,0,c,a,931.0,4,2012,130,0,15,2020,187,0
37,1,2023,9,19,21,3431,1.0,0,0,0,d,a,1394.0,11,2020,34,0,48,2019,179,1
266,6,2023,3,38,27,1572,1.0,1,0,1,c,a,1057.0,1,2010,158,0,43,2012,500,1
790,4,2023,1,22,15,548,1.0,0,0,0,c,b,866.0,9,2006,196,0,39,2016,347,1
1007,4,2024,2,30,18,965,1.0,1,0,0,c,a,1090.0,9,2002,257,1,17,2018,325,1
130,3,2024,5,38,24,3069,1.0,1,0,1,b,c,348.0,3,2011,158,0,52,2017,350,1
584,2,2023,6,38,16,893,1.0,1,0,1,b,b,564.0,12,2016,78,0,51,2016,351,0
146,4,2024,7,14,24,2074,1.0,0,0,0,c,c,1277.0,8,2001,275,1,40,2013,500,0
490,1,2024,4,7,27,549,1.0,0,0,0,a,a,1248.0,3,2008,193,1,1,2019,266,0
329,4,2024,6,51,3,3654,1.0,1,0,1,b,a,707.0,4,2005,230,1,5,2016,462,0
947,2,2024,1,4,19,973,1.0,0,0,1,c,b,208.0,6,2013,127,1,35,2019,229,1
544,3,2024,4,13,7,1394,1.0,1,0,0,c,a,266.0,2,2014,122,1,3,2012,500,0
555,6,2023,5,22,16,2830,1.0,0,0,0,c,a,967.0,10,2018,55,1,4,2011,500,0
558,4,2024,4,26,15,3496,1.0,0,0,0,a,c,692.0,12,2014,112,0,26,2022,104,0
899,3,2023,7,19,14,3974,1.0,0,0,0,a,a,509.0,5,2007,194,0,6,2020,169,0
393,3,2023,2,5,26,263,1.0,1,0,0,d,b,1052.0,12,2016,74,0,15,2014,458,0
201,5,2024,8,36,1,2273,1.0,0,0,0,b,a,693.0,5,2006,219,1,39,2012,500,0
962,1,2023,5,40,23,1129,1.0,1,0,1,a,a,374.0,3,2002,254,1,24,2012,500,1
912,4,2024,10,35,5,1689,1.0,1,0,0,a,c,850.0,1,2022,33,0,37,2011,500,1
366,2,2023,3,4,13,3124,1.0,0,0,1,a,c,976.0,4,2016,83,0,38,2010,500,0
429,5,2023,3,2,8,231,1.0,1,0,0,a,c,367.0,3,2020,36,1,51,2023,0,0
408,5,2024,1,8,13,3054,1.0,0,0,0,c,c,442.0,6,2002,259,1,51,2017,321,0
966,1,2023,7,42,28,802,1.0,0,0,0,a,c,497.0,1,2000,282,1,1,2012,500,1
962,5,2024,1,9,27,3255,1.0,0,0,1,c,c,924.0,12,2022,13,1,46,2022,67,0
1028,5,2024,7,23,6,1628,1.0,1,0,1,a,c,1094.0,3,2020,52,0,3,2020,228,1
922,6,2024,12,46,11,423,1.0,0,0,0,c,a,498.0,9,2007,207,0,4,2018,354,0
518,3,2024,2,29,11,499,1.0,0,0,0,a,a,618.0,10,2010,160,0,49,2013,500,1
990,4,2024,4,42,25,1357,1.0,1,0,1,a,a,354.0,3,2009,181,1,34,2010,500,0
656,1,2024,11,44,4,369,1.0,0,0,1,a,c,873.0,7,2000,292,0,19,2016,441,1
301,2,2023,9,17,4,3368,1.0,0,0,0,c,c,615.0,6,2012,135,1,49,2010,500,0
593,4,2024,2,50,3,355,1.0,0,0,0,a,c,872.0,2,2007,204,1,21,2016,445,0
687,4,2024,3,24,5,350,1.0,1,0,1,a,c,738.0,4,2017,83,1,10,2020,222,1
711,7,2024,8,35,5,3826,1.0,0,0,1,a,c,842.0,5,2020,51,1,28,2021,163,0
910,4,2024,2,50,22,768,1.0,0,0,0,a,a,199.0,7,2001,271,0,10,2010,500,1
799,6,2023,7,16,7,3178,1.0,0,0,1,a,c,760.0,6,2006,205,1,17,2015,415,1
738,4,2023,2,47,28,3477,1.0,1,,0,a,c,886.0,10,2021,16,1,28,2017,331,1
306,6,2023,6,37,17,1532,1.0,0,c,0,b,a,223.0,8,2014,106,0,9,2012,500,1
579,7,2024,11,28,25,3768,1.0,1,0,0,c,a,1164.0,3,2022,32,0,19,2014,500,0
399,1,2024,10,43,3,3143,1.0,0,0,1,a,c,1099.0,2,2014,128,1,30,2023,65,1
185,2,2023,2,39,20,1932,1.0,0,0,1,c,b,1117.0,8,2019,42,0,1,2023,38,1
662,4,2024,10,17,3,1389,1.0,0,0,0,d,a,807.0,12,2001,274,0,44,2011,500,1
384,1,2023,12,37,16,3553,1.0,1,,0,d,a,1046.0,7,2015,101,0,15,2011,500,0
388,4,2024,9,1,18,599,1.0,1,0,1,c,a,1364.0,10,2004,239,0,11,2012,500,0
30,4,2024,4,43,7,3338,1.0,0,0,0,c,a,432.0,6,2005,226,0,29,2022,118,1
368,2,2024,12,24,16,3923,1.0,0,0,1,c,a,1156.0,6,2022,30,1,14,2021,166,1
866,2,2023,5,3,22,3386,1.0,0,0,1,c,b,860.0,11,2010,150,1,14,2011,500,1
428,5,2024,11,19,12,1321,1.0,1,0,0,a,b,224.0,5,2021,42,1,26,2017,357,1
756,7,2024,7,50,7,1694,1.0,1,0,0,a,a,874.0,4,2007,207,1,19,2019,291,0
44,7,2023,5,40,26,3251,1.0,1,0,0,d,a,1024.0,7,2000,274,0,6,2010,500,0
172,4,2023,4,28,2,290,1.0,1,0,0,a,a,1080.0,8,2006,200,0,42,2018,246,0
193,3,2023,1,31,28,3399,1.0,1,0,1,a,a,992.0,8,2013,113,0,9,2013,500,0
1054,6,2023,1,43,13,3802,1.0,0,,1,b,c,1083.0,6,2012,127,1,26,2011,500,0
834,4,2024,1,8,10,2590,1.0,1,0,0,a,a,914.0,12,2014,109,0,4,2012,500,0
564,5,2023,6,32,2,2106,1.0,1,0,1,a,c,468.0,6,2012,132,1,33,2014,467,1
15,5,2024,7,11,12,1174,1.0,1,0,0,a,a,778.0,11,2007,200,1,43,2015,436,0
412,5,2024,1,13,27,2551,1.0,0,0,0,c,c,1037.0,7,2012,138,1,35,2023,30,1
52,4,2024,11,32,11,3206,1.0,1,0,0,b,a,760.0,11,2007,204,0,20,2018,324,1
979,3,2023,4,35,25,3430,1.0,1,0,1,a,a,736.0,6,2014,106,0,36,2023,0,1
441,7,2023,12,39,27,420,1.0,0,0,1,a,a,342.0,1,2012,143,0,34,2015,421,0
223,3,2023,6,30,9,1660,1.0,1,0,1,c,b,927.0,3,2001,267,0,1,2013,500,0
1015,1,2024,6,32,11,733,1.0,0,0,0,a,a,1066.0,12,2008,186,1,12,2015,488,1
74,7,2023,8,14,10,3622,1.0,0,0,0,c,c,908.0,2,2020,42,1,25,2013,500,1
587,4,2024,4,21,13,1875,1.0,1,0,0,a,a,903.0,4,2014,120,1,8,2017,377,0
632,6,2023,1,43,28,3823,1.0,0,0,1,a,a,759.0,4,2001,261,1,49,2011,500,0
225,2,2023,9,36,27,1879,1.0,1,0,0,a,a,1115.0,2,2013,127,0,24,2020,168,0
1080,2,2023,3,4,18,2653,1.0,1,0,1,d,a,1487.0,9,2018,54,1,33,2022,23,1
663,6,2023,6,49,21,376,1.0,1,0,1,c,c,708.0,9,2016,81,1,1,2021,152,1
100,6,2024,11,49,27,2264,1.0,0,0,1,c,a,1136.0,10,2008,193,1,5,2021,200,1
1061,4,2023,7,38,5,2288,1.0,0,0,1,c,a,555.0,8,2005,215,1,31,2012,500,1
8,5,2023,12,41,20,1045,1.0,1,0,1,a,a,660.0,4,2011,152,1,2,2016,403,1
30,1,2024,3,46,25,1222,1.0,1,0,1,b,c,434.0,12,2000,279,0,7,2016,455,0
470,5,2024,6,13,19,3390,1.0,1,0,0,a,a,1071.0,2,2000,292,1,44,2021,125,0
304,6,2024,7,50,16,2650,1.0,1,0,1,d,a,762.0,8,2006,215,0,39,2021,167,0
812,1,2023,5,41,26,2342,1.0,0,0,0,b,c,394.0,1,2013,124,0,51,2017,302,1
664,6,2024,2,37,14,3790,1.0,1,0,1,a,a,1154.0,1,2008,193,1,40,2019,257,0
345,3,2024,1,30,20,558,1.0,0,0,1,c,a,414.0,1,2020,48,0,30,2021,156,1
207,6,2023,3,42,28,3884,1.0,1,0,1,a,a,1023.0,3,2021,24,0,23,2010,500,0
925,6,2023,8,41,15,3590,1.0,1,0,1,a,a,889.0,8,2021,24,1,45,2012,500,0
102,1,2023,2,7,24,1681,1.0,0,0,1,a,b,114.0,10,2007,184,0,50,2010,500,0
672,2,2023,3,17,21,2029,1.0,1,0,0,a,c,801.0,3,2021,24,1,19,2015,414,0
344,7,2023,1,45,11,1073,1.0,0,0,1,b,c,684.0,8,2017,65,1,48,2021,101,0
885,3,2024,1,31,23,3693,1.0,1,0,0,a,a,325.0,4,2007,201,1,51,2011,500,0
150,4,2023,4,21,11,3358,1.0,0,0,0,a,a,1014.0,2,2010,158,1,24,2017,309,1
1067,3,2024,12,13,3,2139,1.0,0,0,1,a,a,788.0,3,2008,201,1,45,2010,500,0
210,3,2023,7,27,10,2288,1.0,1,0,1,c,b,900.0,11,2017,68,0,34,2021,97,0
1063,4,2024,5,14,8,2609,1.0,1,0,1,a,b,600.0,1,2007,208,0,5,2018,321,0
283,1,2023,9,17,16,3225,1.0,0,0,1,d,a,995.0,10,2019,47,0,49,2015,384,0
1012,6,2024,3,10,28,2106,1.0,1,0,0,a,b,599.0,5,2005,226,1,7,2011,500,1
162,3,2024,10,11,5,3572,1.0,1,0,1,a,a,1209.0,12,2009,178,1,50,2013,500,0
481,7,2024,9,1,10,3784,1.0,0,0,1,c,a,940.0,5,2018,76,0,2,2021,155,0
446,4,2024,1,48,13,1059,1.0,0,0,1,d,a,599.0,7,2007,198,0,19,2016,445,0
975,6,2024,9,36,4,3294,1.0,0,0,0,a,a,1044.0,6,2003,255,0,11,2013,500,0
413,5,2023,12,51,1,1660,1.0,0,0,0,b,c,842.0,6,2002,258,0,25,2014,494,0
670,7,2023,10,10,10,3470,1.0,0,0,0,a,c,1026.0,8,2018,62,0,44,2020,122,0
430,1,2023,6,35,27,1144,1.0,1,0,0,c,a,441.0,4,2018,62,0,33,2011,500,0
52,3,2023,12,17,13,3635,1.0,1,0,1,a,a,189.0,4,2015,104,0,28,2015,405,1
596,5,2024,8,6,3,2348,1.0,1,0,0,c,c,831.0,9,2002,263,1,36,2019,230,0
851,2,2023,6,46,2,418,1.0,1,0,1,a,a,563.0,4,2011,146,0,30,2012,500,0
611,6,2023,12,22,17,2627,1.0,0,0,0,d,a,1004.0,11,2003,241,1,34,2019,196,1
313,2,2024,12,52,16,3582,1.0,1,0,1,a,c,1056.0,7,2004,245,0,14,2016,454,1
1049,1,2023,5,14,9,3037,1.0,0,0,1,a,a,515.0,2,2019,51,1,17,2014,465,1
851,4,2024,3,22,6,3305,1.0,1,0,0,c,c,1299.0,9,2007,198,1,50,2011,500,1
773,2,2024,8,44,6,2502,1.0,0,0,1,b,a,882.0,2,2008,198,0,27,2016,433,1
411,4,2023,5,36,8,2146,1.0,0,0,0,c,c,669.0,8,2001,261,0,50,2019,194,1
260,2,2024,6,30,1,2686,1.0,0,0,0,a,b,1115.0,6,2015,108,0,9,2023,73,0
460,3,2023,2,19,26,264,1.0,0,0,1,a,a,1056.0,7,2005,211,1,40,2015,395,0
253,7,2023,10,13,12,558,1.0,0,0,1,a,c,741.0,7,2015,99,0,22,2011,500,1
92,6,2024,2,51,14,1573,1.0,0,0,1,b,a,404.0,5,2015,105,1,48,2016,419,1
301,3,2023,5,32,11,2479,1.0,1,0,1,c,c,435.0,4,2001,265,0,42,2016,354,1
369,6,2023,4,11,23,843,1.0,1,0,1,c,a,789.0,8,2020,32,0,32,2023,0,1
138,7,2024,10,35,6,1403,1.0,0,0,0,a,a,1048.0,2,2002,272,0,39,2017,360,1
431,6,2023,4,13,25,3406,1.0,0,0,0,d,a,172.0,6,2021,22,0,40,2011,500,0
420,7,2024,1,32,6,1098,1.0,0,0,0,d,a,809.0,4,2001,273,1,49,2012,500,1
783,7,2023,2,7,15,3415,1.0,0,0,1,a,a,737.0,10,2018,52,1,6,2019,209,0
722,6,2024,8,32,1,1985,1.0,0,0,0,a,a,1105.0,4,2014,124,1,6,2010,500,1
1017,2,2024,11,43,6,3794,1.0,0,0,0,a,a,54.0,12,2010,167,0,52,2017,355,0
287,3,2024,6,12,1,3573,1.0,0,0,0,b,a,883.0,3,2017,87,0,25,2016,403,1
943,5,2024,9,44,8,2920,1.0,1,0,1,c,a,559.0,1,2000,296,1,30,2023,66,0
790,6,2023,10,9,17,3192,1.0,0,c,0,a,b,874.0,1,2013,129,0,30,2019,187,1
401,4,2023,4,3,24,3718,1.0,0,0,1,a,a,1641.0,5,2002,251,1,35,2018,228,0
226,1,2023,10,17,20,2768,1.0,0,0,1,b,c,1313.0,7,2002,255,0,36,2014,449,0
895,2,2023,5,49,11,807,1.0,1,0,0,b,a,868.0,8,2022,9,1,41,2021,112,0
1099,6,2024,7,3,11,3584,1.0,1,,0,a,b,291.0,10,2017,81,1,42,2022,65,1
807,1,2024,11,8,8,2516,1.0,1,0,0,a,b,605.0,1,2013,142,1,47,2022,65,0
396,4,2023,4,10,9,3349,1.0,1,0,1,b,c,1163.0,1,2001,267,1,22,2019,196,1
365,5,2023,7,13,9,1878,1.0,0,0,0,a,c,687.0,4,2010,159,1,50,2017,275,0
12,2,2023,2,51,3,2828,1.0,0,0,1,a,c,443.0,4,2017,70,1,47,2011,500,1
427,2,2023,10,52,24,506,1.0,1,0,0,a,a,808.0,9,2008,181,0,45,2021,111,0
556,4,2023,12,3,22,3324,1.0,0,c,0,a,a,728.0,7,2021,29,1,25,2018,238,1
434,4,2023,5,27,1,3303,1.0,1,0,0,a,a,1198.0,4,2008,181,1,23,2019,212,1
675,6,2024,6,35,11,2166,1.0,0,0,0,a,b,505.0,12,2007,198,0,50,2017,349,0
789,1,2024,11,29,3,3203,1.0,1,0,1,c,a,550.0,6,2002,269,1,23,2013,500,0
700,3,2023,10,22,1,1541,1.0,1,0,0,a,c,966.0,12,2001,262,0,18,2010,500,0
894,5,2023,3,10,8,499,1.0,1,0,1,b,a,909.0,4,2015,95,0,14,2011,500,0
1052,4,2023,5,10,25,2561,1.0,0,0,0,a,c,849.0,1,2013,124,0,44,2022,18,1
1055,4,2024,3,36,16,3590,1.0,0,c,0,a,a,861.0,12,2001,267,1,14,2021,178,1
32,4,2023,7,32,15,2953,1.0,0,0,1,a,c,1477.0,5,2005,218,0,9,2021,127,0
100,5,2023,10,28,17,1121,1.0,0,0,1,d,c,558.0,10,2004,228,1,51,2011,500,0
422,1,2023,2,24,28,3465,1.0,0,0,0,a,a,706.0,1,2013,121,1,33,2012,500,0
1020,5,2023,5,8,20,1327,1.0,0,0,0,a,a,1249.0,2,2010,159,0,8,2012,500,1
852,7,2024,1,46,3,3861,1.0,1,0,0,c,c,632.0,7,2019,54,0,16,2016,446,1
215,3,2024,3,23,16,1501,1.0,1,0,1,a,a,1147.0,7,2007,200,1,52,2014,491,1
636,2,2023,6,27,12,1978,1.0,0,0,0,c,a,919.0,1,2003,245,0,52,2023,0,1
1020,3,2023,12,2,23,2890,1.0,1,0,0,a,a,307.0,9,2009,171,1,40,2016,326,0
53,4,2024,2,8,5,455,1.0,1,0,1,c,c,594.0,7,2005,223,0,51,2019,217,1
763,2,2023,1,20,21,1084,1.0,1,0,1,c,a,829.0,8,2013,113,1,21,2022,51,1
865,7,2024,10,39,6,3979,1.0,0,0,1,a,c,290.0,10,2017,84,0,30,2020,217,0
899,1,2024,6,35,10,1593,1.0,0,0,0,c,b,830.0,2,2012,148,0,4,2017,395,1
295,5,2024,3,52,13,3469,1.0,0,0,1,a,c,542.0,11,2014,112,0,50,2017,366,0
511,5,2023,9,29,11,1031,1.0,0,0,0,c,a,516.0,11,2019,46,1,26,2017,315,1
650,4,2023,7,43,23,2641,1.0,1,0,0,a,a,2318.0,2,2002,257,0,52,2010,500,0
438,5,2023,10,22,9,1882,1.0,1,0,1,c,a,1224.0,9,2014,109,0,50,2011,500,0
1022,6,2023,8,13,6,1862,1.0,0,0,1,c,a,1121.0,12,2000,272,0,44,2017,281,0
533,5,2024,10,23,25,2275,1.0,0,0,1,c,a,335.0,2,2007,212,0,27,2013,500,0
288,1,2024,12,15,26,3257,1.0,1,0,1,a,a,383.0,10,2014,122,1,8,2018,319,0
754,5,2024,1,48,15,3582,1.0,1,0,0,d,a,1004.0,10,2003,243,1,40,2018,320,1
697,1,2024,6,2,21,2304,1.0,1,0,0,a,c,50.0,1,2009,185,1,30,2015,440,0
450,2,2023,3,16,19,1879,1.0,0,0,0,b,c,517.0,11,2014,100,0,23,2020,149,1
1025,4,2023,12,24,14,947,1.0,0,0,1,b,c,525.0,2,2004,238,1,11,2015,429,0
258,3,2023,1,19,22,1403,1.0,0,0,0,b,a,662.0,7,2004,222,1,34,2011,500,1
861,1,2024,6,19,14,973,1.0,1,0,1,a,a,1143.0,10,2007,200,0,47,2010,500,1
13,4,2023,5,49,7,359,1.0,1,,1,a,c,1259.0,3,2002,254,0,8,2010,500,1
1093,1,2023,6,41,14,2729,1.0,1,0,1,a,a,998.0,6,2020,36,1,30,2011,500,1
774,2,2023,4,41,22,1873,1.0,0,c,1,a,a,424.0,5,2003,239,0,40,2023,1,1
534,4,2023,12,3,13,2820,1.0,0,0,0,a,a,467.0,6,2019,54,1,37,2023,0,1
652,6,2023,1,43,20,2841,1.0,0,0,1,a,a,1168.0,3,2000,274,1,52,2012,500,0
782,6,2024,3,15,20,2296,1.0,1,0,0,a,a,1032.0,8,2012,139,0,15,2019,260,1
1105,2,2024,10,31,1,3861,1.0,1,0,1,a,a,1144.0,2,2011,164,0,13,2013,500,1
891,3,2023,6,6,3,2648,1.0,1,0,0,c,c,479.0,10,2010,152,0,42,2010,500,0
926,5,2024,12,26,27,3555,1.0,0,0,0,c,c,670.0,7,2022,29,0,46,2016,396,0
929,6,2024,10,20,12,3354,1.0,1,,0,a,b,1180.0,6,2018,76,0,24,2018,308,1
1046,4,2024,6,16,7,784,1.0,0,0,1,a,a,1070.0,3,2020,51,1,16,2013,500,0
356,1,2023,4,21,15,3342,1.0,0,0,1,d,a,1071.0,12,2018,52,0,16,2019,213,0
259,7,2023,9,37,25,1214,1.0,1,0,1,c,c,960.0,11,2008,178,1,39,2017,310,0
9,5,2024,6,22,13,3194,1.0,1,0,1,a,c,581.0,11,2014,115,1,5,2017,381,1
977,2,2024,5,10,23,1986,1.0,1,0,0,a,c,995.0,8,2008,189,0,35,2012,500,0
485,3,2023,11,47,14,2714,1.0,0,0,0,c,c,861.0,2,2014,117,1,37,2022,62,1
684,3,2023,4,17,18,3067,1.0,1,0,0,a,a,626.0,7,2020,33,1,48,2022,21,1
108,4,2023,1,26,12,772,1.0,1,0,1,c,c,607.0,6,2015,91,0,44,2014,450,1
51,4,2023,7,37,7,1202,1.0,0,0,0,b,a,857.0,7,2010,156,0,28,2014,477,1
845,6,2024,7,33,28,382,1.0,0,0,0,a,a,787.0,1,2015,114,1,9,2020,232,1
787,6,2023,6,2,21,1364,1.0,1,0,1,a,a,691.0,5,2011,145,1,44,2020,114,1
815,6,2024,2,12,11,2385,1.0,0,0,0,a,a,802.0,4,2014,118,0,17,2014,500,1
52,1,2023,8,10,20,2259,1.0,1,0,0,c,c,636.0,10,2013,118,1,11,2023,0,1
286,2,2023,8,12,22,2229,1.0,1,,0,a,a,929.0,2,2012,138,0,11,2013,500,1
157,6,2023,4,38,15,2046,1.0,1,0,0,a,a,910.0,12,2002,244,0,35,2011,500,1
95,5,2023,6,42,19,3371,1.0,0,0,0,a,a,931.0,2,2011,148,0,40,2019,210,0
720,7,2023,2,24,12,3050,1.0,0,0,1,a,a,260.0,2,2003,240,0,46,2010,500,0
341,2,2023,11,4,27,674,1.0,1,0,0,a,b,515.0,6,2006,209,0,49,2014,423,0
871,4,2023,8,39,3,1546,1.0,0,c,0,d,c,528.0,9,2016,83,0,7,2010,500,1
623,1,2023,11,48,23,904,1.0,1,0,0,a,a,342.0,3,2019,56,0,8,2011,500,1
809,6,2024,7,51,9,1781,1.0,0,0,0,b,b,1242.0,7,2017,84,1,25,2010,500,1
234,6,2024,7,50,19,776,1.0,1,0,0,a,a,868.0,3,2001,280,1,29,2022,125,0
383,2,2023,5,22,7,3919,1.0,0,0,0,b,a,594.0,11,2019,42,0,39,2023,0,1
275,5,2024,9,2,21,3855,1.0,0,,0,c,a,604.0,2,2015,115,0,18,2018,296,1
820,6,2024,6,34,19,1183,1.0,0,0,1,d,c,326.0,7,2007,203,1,34,2016,416,0
478,5,2023,5,13,5,1678,1.0,0,0,1,b,a,243.0,10,2017,67,1,24,2016,353,0
708,3,2024,10,52,13,1889,1.0,0,0,1,a,a,931.0,1,2015,117,0,17,2019,295,1
353,5,2023,3,1,20,1532,1.0,0,0,0,c,c,1548.0,1,2003,242,0,12,2011,500,0
584,4,2024,11,17,13,3565,1.0,0,0,0,d,c,1045.0,7,2008,196,0,51,2017,330,1
268,6,2024,12,22,21,1006,1.0,1,0,0,b,c,818.0,4,2001,284,0,39,2020,191,1
201,7,2023,1,13,6,2553,1.0,0,0,0,c,c,561.0,5,2014,104,1,52,2019,169,1
237,6,2023,4,42,19,3406,1.0,1,0,0,a,c,739.0,12,2001,256,1,21,2017,333,0
564,5,2024,8,24,8,1371,1.0,1,0,0,a,c,170.0,5,2022,27,0,12,2018,324,0
222,1,2024,1,12,8,3472,1.0,0,0,1,a,a,756.0,5,2014,116,1,21,2010,500,0
337,2,2024,4,32,5,3179,1.0,1,0,1,d,a,708.0,9,2011,151,0,12,2022,124,1
740,1,2024,7,23,14,874,1.0,0,0,1,a,a,347.0,2,2001,281,1,7,2016,432,0
554,4,2023,3,44,2,1263,1.0,0,0,1,a,a,280.0,1,2002,254,0,52,2021,96,1
616,4,2024,11,7,5,1635,1.0,0,0,0,a,a,938.0,12,2006,215,0,24,2015,451,0
1015,3,2023,4,31,26,3693,1.0,1,0,0,a,c,350.0,3,2011,145,1,27,2013,500,0
794,5,2024,4,8,23,2554,1.0,0,0,0,a,b,1402.0,3,2004,241,0,46,2021,118,1
1056,5,2024,6,11,27,1681,1.0,0,0,1,a,a,327.0,4,2003,254,0,39,2023,24,0
927,2,2024,1,14,27,1574,1.0,1,0,1,b,a,1048.0,5,2009,176,0,30,2015,452,1
1007,7,2023,5,44,17,3419,1.0,0,0,1,c,c,235.0,11,2005,210,0,4,2023,40,0
80,1,2024,4,21,7,1683,1.0,0,0,0,d,a,927.0,1,2020,51,1,35,2013,500,0
405,3,2023,10,22,7,291,1.0,0,c,0,c,a,602.0,2,2002,260,0,31,2012,500,1
634,2,2023,6,6,12,3130,1.0,1,0,1,d,a,707.0,1,2005,221,1,52,2017,266,1
200,5,2024,8,11,17,307,1.0,1,0,1,c,a,883.0,5,2013,135,1,42,2020,177,1
211,7,2024,9,6,1,3074,1.0,1,0,0,a,a,533.0,1,2011,164,1,40,2017,330,0
789,7,2024,2,4,19,1118,1.0,1,0,1,d,a,1054.0,7,2009,175,0,3,2013,500,0
940,2,2024,7,8,2,3692,1.0,0,0,0,d,b,953.0,10,2013,129,0,42,2013,500,0
735,6,2023,12,50,4,2853,1.0,1,0,0,a,c,508.0,3,2000,285,0,4,2012,500,1
472,4,2023,10,36,25,1728,1.0,1,0,1,c,a,404.0,8,2005,218,0,9,2018,287,0
1076,2,2023,8,2,8,2877,1.0,0,0,1,b,b,768.0,11,2010,153,0,26,2013,496,1
317,4,2023,6,29,8,3933,1.0,0,0,1,a,a,915.0,7,2012,131,1,40,2017,301,0
956,4,2024,5,18,10,526,1.0,0,0,0,d,a,547.0,2,2006,219,1,9,2021,165,0
856,6,2024,3,45,10,1290,1.0,0,0,1,a,a,811.0,11,2016,88,0,7,2021,194,1
1011,7,2024,4,10,19,2070,1.0,0,0,1,d,c,1020.0,7,2007,201,1,21,2022,93,1
988,4,2023,4,33,14,2251,1.0,0,0,1,a,b,922.0,9,2000,271,0,26,2013,500,1
685,2,2023,2,12,3,3411,1.0,0,0,0,a,a,649.0,10,2002,244,1,42,2023,0,0
964,2,2023,4,48,27,3763,1.0,1,0,1,a,a,1191.0,9,2000,271,1,8,2022,92,0
1003,6,2024,2,41,28,3514,1.0,1,0,1,b,a,586.0,4,2019,58,0,10,2014,500,1
1091,3,2024,12,33,23,3404,1.0,1,0,0,a,a,148.0,8,2007,208,0,43,2014,500,1
259,1,2023,7,3,3,2865,1.0,0,0,1,a,c,209.0,5,2021,26,1,19,2012,500,0
800,6,2023,12,43,23,2615,1.0,0,0,0,a,c,669.0,4,2012,140,0,50,2021,97,0
771,3,2023,6,41,28,518,1.0,0,0,1,d,a,637.0,2,2021,28,1,13,2016,392,1
219,6,2023,8,24,1,1489,1.0,1,,1,a,c,681.0,6,2006,206,0,15,2023,9,1
183,1,2024,5,30,2,2888,1.0,0,0,1,c,c,613.0,11,2017,78,1,31,2023,51,0
1018,3,2024,12,35,12,2165,1.0,0,0,0,a,c,640.0,10,2012,146,0,40,2016,411,1
44,4,2023,4,9,9,3640,1.0,1,0,1,b,c,462.0,11,2000,269,1,20,2014,457,0
269,6,2024,12,49,3,2490,1.0,1,0,0,a,a,973.0,2,2018,82,0,8,2018,353,1
1076,7,2024,11,2,12,3583,1.0,1,0,0,b,c,724.0,1,2006,226,1,23,2022,83,1
377,6,2024,11,2,10,3207,1.0,1,c,1,c,c,1083.0,3,2008,200,0,30,2019,232,1
50,1,2023,8,42,26,763,1.0,0,0,1,a,a,866.0,3,2000,281,0,32,2023,10,1
80,4,2023,8,2,1,2394,1.0,0,0,1,c,c,612.0,3,2021,29,1,26,2013,496,1
998,5,2024,10,22,7,628,1.0,0,,0,a,a,699.0,6,2003,256,1,9,2013,500,0
773,5,2023,3,18,7,3755,1.0,1,0,1,a,a,850.0,4,2018,59,0,11,2021,111,0
938,1,2023,9,1,4,3476,1.0,0,0,0,d,c,441.0,7,2018,62,1,36,2013,485,0
585,3,2024,3,35,27,1651,1.0,0,0,0,d,a,861.0,5,2000,286,0,33,2023,54,0
812,7,2023,6,35,18,1917,1.0,0,0,0,a,a,958.0,9,2013,117,0,34,2015,417,0
1095,4,2023,4,11,14,2202,1.0,0,0,1,c,c,53.0,1,2000,279,1,25,2021,90,1
456,5,2023,7,26,17,1463,1.0,0,0,1,c,b,487.0,2,2001,269,1,48,2012,500,0
6,4,2023,8,28,22,247,1.0,1,0,0,a,a,994.0,11,2004,225,0,26,2017,314,0
595,3,2024,12,17,10,3215,1.0,1,0,1,a,b,901.0,5,2012,151,0,34,2015,451,0
987,6,2023,12,29,1,1045,1.0,0,0,0,d,c,716.0,8,2019,52,0,27,2016,366,0
55,7,2023,8,45,15,1420,1.0,1,0,0,a,a,808.0,5,2002,255,0,15,2019,238,1
465,5,2023,9,22,22,1924,1.0,0,0,1,a,a,768.0,8,2000,277,0,18,2020,160,1
881,7,2024,6,32,6,440,1.0,1,0,0,b,a,1183.0,8,2015,106,1,28,2013,500,0
739,5,2024,7,24,15,2808,1.0,0,c,0,c,a,392.0,5,2003,254,1,29,2017,359,1
476,4,2023,6,44,19,230,1.0,0,0,1,a,a,1095.0,4,2021,26,1,42,2012,500,1
656,4,2024,5,27,18,846,1.0,0,0,1,a,c,892.0,11,2019,54,0,2,2017,389,0
524,4,2024,10,23,6,1837,1.0,0,0,0,a,a,1181.0,1,2010,177,1,29,2018,306,1
38,5,2024,9,49,4,587,1.0,1,0,0,a,a,992.0,2,2001,283,1,24,2011,500,0
995,5,2023,1,34,5,3811,1.0,0,0,1,a,b,926.0,5,2001,260,1,49,2019,193,0
306,5,2023,4,40,16,1547,1.0,0,,0,b,c,772.0,4,2018,60,1,51,2011,500,1
896,4,2023,10,46,27,2233,1.0,0,0,0,b,c,763.0,9,2019,49,1,35,2014,479,1
482,4,2023,10,30,21,2857,1.0,1,0,1,d,c,1292.0,2,2014,116,1,30,2011,500,0
43,1,2023,2,42,20,1430,1.0,1,0,1,c,a,358.0,3,2017,71,0,12,2020,186,1
356,2,2024,10,40,17,2731,1.0,0,0,0,a,a,547.0,4,2011,162,1,49,2019,251,0
739,6,2024,9,47,15,843,1.0,1,0,1,a,a,1076.0,1,2013,140,0,24,2017,387,0
36,7,2023,12,51,11,1701,1.0,1,0,0,a,c,978.0,8,2012,136,0,9,2019,250,1
1008,4,2023,3,38,7,2379,1.0,1,0,0,a,a,1403.0,4,2011,143,0,34,2010,500,1
560,4,2023,6,19,19,2302,1.0,0,c,1,b,c,620.0,10,2015,92,0,24,2018,255,0
695,6,2023,2,4,2,2153,1.0,1,0,1,c,a,822.0,3,2006,203,1,28,2013,496,0
323,6,2023,11,49,28,2505,1.0,0,0,0,a,c,1175.0,3,2021,32,1,2,2016,411,0
847,4,2024,12,10,15,2777,1.0,0,0,1,c,a,938.0,8,2014,124,1,31,2022,83,0
935,3,2024,11,49,1,3374,1.0,0,0,0,a,c,1179.0,10,2008,193,0,19,2010,500,0
1024,1,2023,12,39,8,1273,1.0,0,0,1,c,b,604.0,6,2019,54,1,33,2015,422,0
77,2,2023,7,13,13,2272,1.0,1,0,1,a,c,970.0,7,2000,276,1,45,2017,280,0
241,1,2023,5,40,15,3500,1.0,0,0,0,a,a,339.0,9,2020,32,0,49,2015,407,0
921,4,2023,5,51,19,1423,1.0,0,0,0,d,a,1218.0,10,2022,7,0,26,2011,500,1
745,4,2024,11,47,1,2979,1.0,0,,0,d,a,887.0,7,2008,196,0,8,2011,500,1
900,6,2024,8,40,2,1461,1.0,1,0,0,b,a,980.0,1,2009,187,0,34,2020,214,0
227,7,2023,7,34,19,3039,1.0,0,0,0,d,a,658.0,11,2002,248,1,47,2015,403,1
259,2,2023,2,31,7,1730,1.0,1,0,0,a,c,911.0,10,2011,136,1,1,2011,500,1
1109,5,2024,8,27,24,3939,1.0,0,0,1,a,a,1192.0,5,2022,27,1,13,2020,222,0
581,7,2023,10,19,25,3550,1.0,1,0,0,d,c,488.0,3,2008,187,1,30,2013,500,1
776,2,2023,10,29,24,3093,1.0,0,0,1,a,c,1301.0,6,2008,184,1,39,2015,406,0
356,7,2023,9,47,22,2445,1.0,0,,1,c,a,932.0,2,2009,175,0,46,2014,469,1
793,3,2023,3,39,9,3683,1.0,1,0,1,a,a,592.0,9,2011,138,0,35,2019,212,1
122,4,2023,10,33,2,1313,1.0,0,0,1,a,a,623.0,4,2002,258,0,16,2011,500,1
236,6,2023,4,6,23,2531,1.0,0,,1,a,a,965.0,2,2015,98,1,6,2023,0,1
392,1,2023,3,36,7,3640,1.0,1,0,1,a,b,643.0,10,2020,29,1,22,2021,118,1
356,1,2023,3,46,13,2306,1.0,0,0,0,a,c,1082.0,3,2005,216,0,49,2021,101,0
889,3,2023,6,30,28,2121,1.0,0,0,0,a,a,883.0,7,2002,251,1,50,2012,500,0
894,2,2024,7,45,15,2465,1.0,1,0,1,a,a,1274.0,5,2020,50,1,32,2016,429,1
81,2,2024,8,52,15,1765,1.0,0,0,1,a,a,959.0,5,2009,183,1,39,2014,500,1
590,1,2024,6,14,28,1371,1.0,0,0,0,a,a,1120.0,11,2002,259,0,42,2016,388,1
564,7,2024,8,26,2,2512,1.0,0,0,1,a,a,854.0,6,2016,98,0,27,2014,500,1
1010,6,2023,11,11,14,3023,1.0,1,,1,a,c,394.0,6,2003,245,0,33,2011,500,0
41,6,2023,2,17,22,3222,1.0,1,0,0,a,a,779.0,7,2009,163,0,24,2013,500,0
307,7,2023,5,46,26,1715,1.0,0,0,0,a,c,356.0,6,2018,59,1,50,2021,100,1
224,7,2023,7,8,18,1782,1.0,1,0,0,c,a,807.0,10,2016,81,1,28,2011,500,0
1064,1,2023,9,4,21,3200,1.0,0,0,1,c,a,936.0,12,2018,57,0,47,2013,477,1
268,5,2024,2,27,21,3809,1.0,0,0,1,b,c,598.0,7,2005,223,1,23,2022,108,0
951,7,2023,7,6,28,3625,1.0,0,0,0,b,a,557.0,8,2010,155,0,5,2023,1,0
154,5,2023,7,15,2,3792,1.0,0,0,1,a,a,1184.0,4,2006,207,0,5,2014,478,0
913,1,2023,10,43,4,594,1.0,1,0,0,d,a,294.0,1,2004,237,0,30,2017,325,0
387,5,2023,7,8,14,1453,1.0,0,0,0,b,a,1248.0,10,2012,129,1,29,2012,500,0
548,1,2024,3,52,16,1073,1.0,1,0,1,c,c,1010.0,10,2012,137,1,18,2014,500,0
905,1,2023,6,41,7,1305,1.0,1,0,0,a,c,310.0,11,2011,139,1,50,2010,500,0
380,7,2024,11,8,14,1332,1.0,1,0,1,b,a,50.0,2,2001,285,0,23,2021,141,0
1083,4,2024,3,48,11,1177,1.0,1,0,0,b,a,482.0,1,2022,26,1,11,2011,500,0
325,6,2024,7,52,16,561,1.0,1,0,1,a,a,586.0,12,2003,247,1,39,2016,429,0
54,1,2023,9,46,17,1093,1.0,0,0,1,a,c,772.0,8,2004,229,0,24,2012,500,0
495,6,2024,6,22,19,1012,1.0,0,0,0,a,c,689.0,1,2022,29,1,25,2017,361,0
531,5,2023,6,29,17,3267,1.0,0,,1,a,c,1003.0,3,2013,123,0,33,2014,464,0
975,7,2024,7,3,20,914,1.0,0,0,1,a,a,543.0,8,2004,239,1,27,2017,340,1
907,5,2023,1,10,15,2072,1.0,0,0,0,d,a,787.0,12,2016,73,0,30,2010,500,1
361,7,2023,11,2,17,3828,1.0,1,0,0,a,a,702.0,6,2012,137,0,35,2013,487,1
304,4,2024,1,14,27,486,1.0,0,0,1,d,a,797.0,3,2015,106,1,26,2013,500,0
474,1,2023,7,27,12,2418,1.0,0,0,0,a,c,949.0,3,2004,232,1,12,2018,275,0
1087,6,2024,11,27,9,752,1.0,0,c,0,a,a,832.0,8,2021,39,0,34,2013,500,1
534,3,2024,2,50,20,769,1.0,0,0,1,a,c,1034.0,1,2005,229,1,24,2015,494,1
487,1,2023,1,3,18,1527,1.0,0,0,0,d,a,1012.0,5,2001,260,0,47,2010,500,0
120,3,2023,11,23,16,3646,1.0,1,0,0,b,c,380.0,6,2007,197,0,51,2023,0,1
715,6,2024,1,19,14,1395,1.0,1,,0,a,c,950.0,6,2003,247,1,20,2014,500,1
1014,1,2024,9,43,20,391,1.0,0,c,1,c,a,616.0,10,2002,263,0,8,2022,139,0
762,7,2023,6,36,20,933,1.0,1,0,1,c,c,949.0,11,2015,91,0,50,2019,194,1
382,1,2024,2,18,17,3615,1.0,1,0,0,c,a,946.0,6,2000,284,1,14,2022,108,0
410,4,2024,6,51,5,2796,1.0,0,0,1,a,a,573.0,2,2021,40,0,47,2010,500,1
1007,1,2024,2,39,8,923,1.0,1,0,0,c,c,857.0,4,2020,46,1,49,2011,500,1
194,6,2024,6,1,28,3555,1.0,0,0,0,a,a,797.0,1,2009,185,0,8,2017,357,0
117,6,2024,7,7,2,3825,1.0,1,,1,a,a,1020.0,8,2018,71,1,43,2011,500,0
175,4,2024,12,18,13,2731,1.0,1,0,0,a,c,949.0,9,2010,171,1,38,2021,136,0
338,6,2024,2,45,24,2981,1.0,1,0,1,a,a,1021.0,2,2012,144,0,48,2022,101,0
1072,2,2023,8,44,22,2905,1.0,1,0,0,c,c,927.0,3,2008,185,1,26,2018,278,1
72,5,2024,11,52,26,2838,1.0,0,0,0,d,b,253.0,6,2010,173,0,47,2022,109,0
642,1,2023,10,51,17,2408,1.0,0,0,1,a,c,1032.0,3,2015,103,1,16,2022,87,1
369,1,2024,4,36,6,3504,1.0,0,,0,c,a,892.0,7,2014,117,1,31,2021,161,0
300,3,2023,2,3,15,3042,1.0,1,0,0,a,a,1530.0,7,2013,115,1,47,2017,268,0
307,1,2024,12,37,18,2312,1.0,0,0,0,a,a,1023.0,5,2011,163,0,5,2014,500,0
67,3,2024,1,13,14,3180,1.0,1,0,0,c,a,1095.0,11,2010,158,1,19,2014,500,0
1000,4,2023,1,33,6,1075,1.0,0,0,0,c,a,1094.0,1,2022,12,0,35,2013,500,0
53,1,2023,3,7,21,3306,1.0,0,0,0,a,a,864.0,11,2002,244,0,24,2021,87,1
530,6,2023,1,21,6,2550,1.0,0,0,1,a,a,592.0,7,2007,186,0,1,2014,488,1
1,3,2024,3,46,14,280,1.0,1,0,1,a,b,891.0,10,2002,257,1,8,2015,500,0
314,7,2023,5,30,3,1240,1.0,0,0,0,a,a,948.0,3,2014,110,0,8,2011,500,0
247,2,2024,11,36,28,312,1.0,0,,1,a,c,705.0,4,2001,283,1,31,2016,421,0
1021,1,2024,9,1,10,1894,1.0,1,0,0,a,a,153.0,10,2007,203,0,38,2015,431,1
33,2,2024,11,43,11,2598,1.0,1,0,1,a,a,541.0,9,2008,194,1,33,2010,500,0
1013,7,2024,9,32,5,843,1.0,0,0,0,c,c,755.0,10,2018,71,0,25,2023,59,0
972,5,2024,3,14,11,2733,1.0,0,0,1,a,c,1484.0,12,2018,63,1,49,2010,500,0
974,6,2023,5,15,26,2602,1.0,0,0,1,d,c,678.0,1,2001,268,0,10,2023,5,0
198,7,2024,10,47,5,234,1.0,1,0,1,a,b,1590.0,9,2005,229,1,25,2021,178,1
635,3,2023,2,48,21,2486,1.0,1,0,0,c,a,835.0,1,2007,193,0,49,2021,103,1
351,1,2023,2,38,10,2157,1.0,0,,1,a,a,741.0,5,2014,105,0,38,2018,260,0
111,2,2023,10,32,28,206,1.0,0,0,1,a,a,715.0,5,2001,269,1,36,2017,308,0
1042,1,2024,8,31,5,2439,1.0,1,0,0,a,a,1036.0,10,2022,22,0,24,2020,215,1
503,3,2024,7,27,3,2389,1.0,0,0,0,a,a,626.0,9,2018,70,1,28,2012,500,0
441,5,2023,6,13,9,2457,1.0,0,0,0,d,c,803.0,8,2005,214,1,34,2010,500,0
1054,2,2024,9,42,23,2826,1.0,0,0,0,a,c,481.0,12,2014,117,1,40,2013,500,1
731,6,2024,5,21,24,662,1.0,0,0,0,c,a,437.0,5,2022,24,0,15,2017,370,1
462,1,2023,7,43,1,3410,1.0,0,0,0,a,a,1018.0,7,2014,108,0,35,2023,8,0
815,3,2024,1,24,8,524,1.0,0,0,0,a,a,276.0,4,2008,189,0,41,2014,500,0
1036,7,2024,12,16,4,1670,1.0,1,0,0,a,a,632.0,10,2011,158,1,45,2016,387,0
1054,3,2023,6,25,16,1562,1.0,0,0,0,c,a,948.0,8,2019,46,1,44,2019,189,1
658,6,2023,3,51,9,3922,1.0,0,0,1,a,a,656.0,12,2018,51,0,6,2023,45,1
774,6,2023,3,18,3,2089,1.0,1,c,1,d,c,675.0,10,2018,53,0,40,2018,238,0
436,3,2024,4,1,16,1479,1.0,0,0,0,a,a,1217.0,5,2017,83,1,41,2014,480,1
857,7,2024,3,46,26,3862,1.0,0,0,0,d,c,1085.0,7,2017,80,0,10,2016,452,0
302,7,2023,9,39,27,1109,1.0,1,0,1,c,b,1199.0,7,2014,110,1,42,2020,153,1
560,4,2023,9,8,23,582,1.0,0,0,1,c,a,560.0,11,2009,166,1,11,2017,309,1
975,6,2023,6,37,20,1798,1.0,0,0,1,a,c,1028.0,7,2020,35,1,43,2015,410,0
521,2,2023,12,3,28,3509,1.0,1,0,1,a,a,805.0,6,2019,54,1,5,2014,466,0
971,7,2023,7,27,23,3943,1.0,0,0,1,a,c,291.0,3,2014,112,1,20,2012,500,0
195,3,2023,5,51,18,357,1.0,0,0,1,c,c,588.0,1,2011,148,1,16,2012,500,0
496,1,2024,3,28,6,2582,1.0,1,0,1,c,a,1495.0,5,2009,178,1,2,2015,494,1
9,7,2023,2,44,10,3586,1.0,0,0,1,d,b,622.0,8,2002,246,1,38,2011,500,1
826,5,2024,1,1,9,2473,1.0,0,0,0,a,a,1139.0,6,2015,103,1,41,2019,220,0
216,6,2024,3,46,7,3126,1.0,0,0,1,c,a,934.0,1,2018,74,0,3,2023,95,1
196,3,2023,7,15,28,1075,1.0,1,c,1,a,a,434.0,9,2011,142,1,37,2023,0,0
845,2,2024,12,29,10,2578,1.0,0,0,0,a,c,1335.0,11,2006,217,0,39,2014,500,0
403,3,2024,5,44,26,3431,1.0,0,0,1,a,a,956.0,11,2022,18,0,16,2023,80,1
146,5,2024,5,43,22,2399,1.0,0,0,1,a,a,736.0,12,2002,257,1,5,2015,500,1
583,4,2023,6,6,12,1925,1.0,1,0,0,b,c,1236.0,10,2014,104,1,24,2010,500,0
114,3,2023,5,52,10,3723,1.0,0,0,0,b,a,365.0,5,2005,216,0,29,2017,335,1
995,2,2024,5,10,20,297,1.0,1,0,0,c,a,706.0,4,2020,49,1,41,2022,73,0
392,1,2024,8,40,8,2927,1.0,0,0,0,a,b,1111.0,12,2018,68,0,52,2011,500,0
510,7,2023,2,2,13,2617,1.0,0,0,1,c,c,1011.0,2,2015,96,0,14,2020,144,1
965,7,2024,12,47,19,3367,1.0,0,0,0,a,a,1064.0,2,2021,46,0,43,2012,500,0
1054,5,2024,5,14,14,3145,1.0,0,,0,d,b,1007.0,1,2005,232,1,32,2018,294,1
771,5,2024,4,28,24,2343,1.0,0,0,1,a,a,845.0,3,2015,109,0,18,2012,500,0
280,3,2023,7,10,12,3846,1.0,1,0,1,c,c,525.0,5,2005,218,0,32,2012,500,0
1099,5,2024,11,10,20,1907,1.0,1,0,1,a,c,589.0,2,2005,237,0,6,2011,500,1
277,7,2024,5,45,23,3898,1.0,0,0,1,a,b,1017.0,6,2008,191,1,10,2020,243,0
719,7,2023,4,8,25,2931,1.0,0,0,1,a,b,545.0,5,2021,23,0,36,2019,180,0
3,5,2024,2,48,20,2050,1.0,0,0,1,b,a,345.0,5,2019,57,1,9,2010,500,0
634,4,2023,7,15,19,259,1.0,0,0,0,a,a,1170.0,5,2009,170,1,22,2017,305,1
1032,7,2024,9,51,4,1894,1.0,0,0,0,b,b,1830.0,12,2006,213,0,37,2023,66,1
869,2,2024,8,47,6,3304,1.0,0,0,1,d,b,716.0,7,2017,85,1,44,2016,419,1
95,5,2023,11,15,1,449,1.0,0,0,0,a,b,507.0,7,2021,28,1,10,2019,213,1
119,4,2023,4,50,19,2308,1.0,0,0,0,a,c,1330.0,4,2000,276,1,16,2020,190,0
770,7,2023,11,43,11,2399,1.0,1,0,1,d,a,687.0,11,2016,84,0,29,2020,170,1
528,7,2024,8,47,16,331,1.0,0,,1,a,a,798.0,1,2008,199,0,4,2018,355,1
261,5,2023,4,30,22,901,1.0,0,0,0,a,a,159.0,1,2003,243,1,47,2016,347,0
893,4,2024,11,32,2,3555,1.0,0,0,0,a,a,321.0,4,2010,175,0,6,2012,500,1
628,1,2023,6,24,19,1733,1.0,1,0,1,a,c,896.0,9,2000,273,1,44,2015,396,1
165,3,2023,7,17,17,2117,1.0,1,0,1,a,a,653.0,12,2006,199,0,15,2018,262,0
1100,1,2024,9,23,12,3763,1.0,1,0,1,a,a,504.0,3,2009,186,0,26,2011,500,0
951,7,2023,10,43,5,3481,1.0,0,0,1,a,c,951.0,6,2015,100,0,5,2021,142,0
647,4,2024,10,22,2,1969,1.0,0,0,1,a,a,736.0,3,2016,103,1,39,2023,35,0
698,3,2024,6,49,7,2244,1.0,0,0,0,a,c,754.0,1,2009,185,1,27,2011,500,1
605,3,2024,9,8,2,2882,1.0,1,0,1,c,a,1099.0,11,2010,166,1,52,2011,500,0
798,5,2023,4,20,24,3326,1.0,0,,0,c,a,769.0,5,2001,263,0,50,2018,230,0
610,1,2024,6,40,27,1447,1.0,0,0,1,a,a,528.0,10,2022,20,0,22,2017,382,0
480,7,2024,11,49,2,3120,1.0,0,0,1,a,a,1082.0,2,2015,117,1,49,2010,500,1
39,7,2024,10,6,8,3639,1.0,1,0,1,a,a,839.0,8,2002,266,0,47,2017,323,0
627,5,2024,5,24,1,1643,1.0,0,0,1,a,a,628.0,6,2005,227,1,47,2018,289,1
190,5,2023,2,50,15,3638,1.0,1,0,1,a,a,1053.0,7,2008,175,0,21,2018,289,1
785,4,2024,12,39,19,2591,1.0,1,0,0,a,b,448.0,11,2016,97,0,15,2010,500,1
945,6,2024,7,34,4,1956,1.0,1,0,1,a,c,721.0,8,2016,95,0,35,2015,467,0
837,3,2024,6,48,27,3616,1.0,0,0,1,a,b,718.0,7,2000,287,1,25,2015,491,0
288,4,2023,12,16,18,1519,1.0,0,0,0,c,a,1342.0,8,2007,196,1,28,2019,196,0
123,3,2023,3,21,1,3713,1.0,0,0,0,d,b,1253.0,7,2015,92,0,24,2012,500,0
674,6,2023,3,2,18,3058,1.0,1,0,0,a,a,709.0,6,2009,165,0,23,2021,83,1
834,4,2023,8,46,7,1402,1.0,1,0,0,b,a,1218.0,6,2002,254,1,10,2010,500,0
282,2,2024,6,47,9,399,1.0,1,0,0,b,c,793.0,11,2018,67,0,35,2021,168,0
408,4,2024,2,22,15,2597,1.0,0,0,1,a,a,1026.0,12,2002,254,0,6,2020,224,1
457,6,2023,6,51,1,1868,1.0,1,0,0,a,a,662.0,6,2007,192,1,42,2020,165,0
875,2,2024,4,29,28,838,1.0,0,0,0,c,a,1231.0,12,2013,124,0,12,2014,500,0
946,3,2024,10,38,18,602,1.0,1,0,1,a,a,1336.0,5,2012,149,1,20,2023,70,1
300,3,2024,3,43,15,3134,1.0,0,0,1,a,a,738.0,12,2004,231,1,51,2011,500,1
490,5,2024,5,48,2,2068,1.0,0,0,1,d,a,1038.0,5,2022,24,0,13,2023,87,0
382,6,2023,9,46,16,3485,1.0,0,0,1,a,a,1437.0,2,2017,79,0,16,2013,500,1
597,6,2024,4,10,10,3066,1.0,1,0,1,d,a,1248.0,4,2021,36,0,20,2015,458,0
305,2,2023,10,47,17,2084,1.0,1,0,1,b,a,782.0,11,2005,215,0,24,2021,127,0
681,7,2024,7,32,10,1975,1.0,0,0,1,a,a,479.0,2,2002,269,1,25,2019,267,1
472,5,2023,2,50,3,1488,1.0,0,0,1,a,c,1254.0,10,2008,172,0,24,2021,130,1
850,1,2024,11,45,4,1066,1.0,1,,1,c,a,574.0,12,2000,287,0,25,2022,124,1
1005,4,2023,10,42,26,3451,1.0,1,0,0,a,b,680.0,4,2021,30,1,12,2021,134,0
700,4,2024,6,32,16,3073,1.0,0,0,1,d,a,813.0,2,2014,124,0,21,2010,500,0
913,6,2023,3,52,19,2743,1.0,0,0,0,d,a,555.0,5,2020,34,0,44,2011,500,1
215,2,2023,7,1,16,2196,1.0,0,0,0,c,c,1388.0,4,2018,63,0,32,2022,21,0
49,3,2024,2,42,6,362,1.0,0,0,0,a,a,784.0,5,2012,141,0,13,2022,133,1
653,2,2023,3,16,3,1171,1.0,1,0,1,c,a,596.0,2,2021,25,1,11,2013,500,1
391,4,2024,6,34,3,3843,1.0,1,0,0,b,a,1236.0,9,2007,201,0,10,2016,440,1
199,3,2023,5,1,2,3059,1.0,1,,0,a,a,774.0,10,2002,247,0,29,2023,0,0
773,6,2024,2,39,19,2566,1.0,0,0,1,a,c,608.0,12,2013,122,0,37,2011,500,1
768,7,2024,7,41,5,1219,1.0,0,0,1,a,b,675.0,2,2019,65,1,35,2013,500,1
832,7,2023,11,38,26,1165,1.0,1,0,1,c,a,883.0,10,2020,37,0,47,2022,43,1
936,7,2023,3,33,26,572,1.0,0,c,1,d,c,1117.0,5,2008,178,1,48,2015,401,1
39,1,2024,12,1,12,1731,1.0,1,0,0,a,a,1467.0,3,2008,201,0,10,2017,355,0
539,4,2023,11,41,20,3760,1.0,0,0,0,c,c,1197.0,11,2010,156,1,4,2015,453,0
78,1,2024,3,3,1,860,1.0,1,0,0,a,a,901.0,6,2015,105,0,8,2011,500,1
577,7,2023,12,39,27,1378,1.0,0,0,0,a,c,1187.0,3,2009,177,0,4,2011,500,0
487,2,2023,9,12,23,784,1.0,0,0,0,a,c,1120.0,2,2001,271,1,21,2016,355,1
261,2,2023,6,42,26,2551,1.0,1,0,1,a,a,858.0,2,2019,52,0,9,2019,241,0
772,3,2024,3,25,21,1508,1.0,0,,0,a,b,602.0,7,2008,188,0,23,2010,500,1
1054,6,2023,11,19,18,3821,1.0,1,0,0,b,a,730.0,1,2016,94,1,9,2017,322,1
1113,4,2023,3,41,9,3542,1.0,0,,1,a,b,893.0,10,2010,149,0,26,2023,15,0
953,1,2023,10,40,19,1135,1.0,1,0,0,a,b,946.0,2,2005,224,1,3,2019,245,1
42,4,2024,10,36,7,2837,1.0,1,0,1,a,a,979.0,12,2001,274,0,20,2018,328,0
404,6,2023,6,19,1,921,1.0,0,0,1,d,b,85.0,8,2006,202,1,42,2016,341,0
422,2,2024,12,13,17,3972,1.0,1,0,1,b,a,876.0,6,2009,186,0,27,2022,90,0
196,5,2023,10,48,25,3416,1.0,0,0,0,c,a,1175.0,10,2017,72,1,49,2014,467,1
267,6,2024,5,44,22,2260,1.0,0,0,1,a,c,1125.0,11,2002,258,0,46,2021,154,0
450,6,2024,8,21,22,2242,1.0,1,0,0,b,a,415.0,9,2009,179,0,32,2020,197,0
755,1,2023,10,44,27,330,1.0,1,0,1,b,b,976.0,5,2017,77,1,48,2012,500,0
278,6,2023,2,42,14,3188,1.0,1,0,0,a,c,953.0,12,2014,98,1,18,2013,500,0
854,7,2023,3,48,9,1497,1.0,0,0,1,a,a,796.0,5,2011,142,1,25,2016,387,0
973,4,2024,1,3,28,3654,1.0,1,0,0,a,c,846.0,7,2007,198,1,29,2017,338,0
799,7,2023,3,23,20,1472,1.0,0,0,1,a,a,1062.0,3,2021,24,0,44,2016,343,0
601,5,2024,11,49,14,2277,1.0,0,0,0,a,c,310.0,1,2019,70,0,26,2023,75,0
588,3,2023,12,29,25,611,1.0,0,0,0,c,c,967.0,1,2004,239,1,31,2011,500,0
938,4,2023,9,10,10,3835,1.0,1,,1,d,c,835.0,5,2017,76,0,37,2017,285,0
607,5,2024,3,44,18,3071,1.0,1,0,0,c,c,1023.0,4,2015,107,0,16,2020,236,0
66,6,2023,10,16,7,1888,1.0,1,0,1,a,b,727.0,4,2017,78,0,32,2011,500,1
132,5,2024,7,52,27,1775,1.0,0,0,1,d,a,722.0,4,2012,147,0,30,2015,490,0
1010,1,2024,8,36,26,2406,1.0,0,,0,a,a,755.0,1,2017,91,1,4,2018,344,0
73,2,2023,8,23,14,3855,1.0,1,0,0,a,a,525.0,9,2001,263,1,50,2015,389,0
658,2,2024,2,42,6,1879,1.0,0,0,0,a,c,700.0,3,2004,239,0,38,2018,316,1
891,7,2023,11,51,1,2650,1.0,1,0,1,a,c,843.0,4,2012,139,0,30,2013,500,0
215,2,2023,5,25,28,1518,1.0,1,0,1,c,a,891.0,1,2007,196,1,52,2020,129,0
600,2,2024,12,48,13,1146,1.0,0,0,1,a,c,344.0,7,2001,281,1,29,2019,279,1
88,7,2024,1,29,19,1429,1.0,0,0,0,c,a,373.0,11,2012,134,0,21,2010,500,1
248,1,2023,1,3,3,1869,1.0,1,0,1,a,c,944.0,8,2003,233,1,42,2016,325,0
497,3,2023,1,19,18,1068,1.0,1,0,1,a,a,681.0,1,2016,84,1,17,2017,314,1
281,6,2023,4,11,3,1970,1.0,0,0,0,a,c,989.0,1,2016,87,1,39,2021,76,1
957,7,2024,11,22,27,1127,1.0,0,0,1,d,c,578.0,12,2000,287,1,6,2015,484,1
664,6,2023,10,12,21,1693,1.0,1,0,0,a,c,1403.0,1,2000,285,1,7,2016,369,0
444,5,2024,5,38,14,753,1.0,0,0,1,a,a,1044.0,12,2001,269,0,4,2011,500,0
217,2,2023,4,2,8,1643,1.0,0,0,0,c,a,1199.0,6,2003,238,0,45,2013,477,1
1020,5,2024,3,28,1,1361,1.0,1,0,0,a,a,767.0,1,2016,98,0,42,2011,500,0
295,2,2024,3,26,21,2714,1.0,0,0,0,a,a,759.0,3,2007,204,0,45,2018,293,1
1031,2,2024,5,49,21,369,1.0,0,0,1,b,c,1121.0,5,2022,24,0,9,2018,352,0
179,2,2023,4,4,5,757,1.0,1,0,0,c,b,540.0,1,2013,123,1,50,2016,318,1
1023,3,2023,10,2,13,3883,1.0,0,0,0,a,b,909.0,12,2015,94,0,15,2023,0,1
895,5,2023,4,13,19,2599,1.0,0,0,0,c,a,1024.0,12,2020,28,1,19,2023,0,0
798,3,2024,11,18,9,2472,1.0,1,0,1,a,a,377.0,11,2007,204,1,16,2013,500,0
770,4,2023,10,15,13,3508,1.0,1,0,1,a,a,751.0,12,2005,214,1,47,2021,72,0
261,2,2023,1,6,17,3828,1.0,0,0,1,c,a,837.0,5,2022,8,1,47,2011,500,0
346,5,2024,4,32,3,849,1.0,0,0,1,c,c,1085.0,4,2019,60,0,28,2021,160,1
882,2,2023,8,11,26,2017,1.0,1,,1,a,c,474.0,10,2003,238,0,39,2014,440,0
692,1,2024,11,50,18,2502,1.0,1,0,1,d,c,695.0,7,2005,232,1,4,2012,500,1
158,1,2023,2,26,12,2408,1.0,0,0,0,a,a,908.0,9,2010,149,1,9,2022,69,1
543,5,2023,2,4,8,2275,1.0,0,0,0,a,a,1162.0,1,2009,169,0,40,2014,432,1
69,5,2023,1,19,18,883,1.0,0,0,0,a,a,1126.0,2,2008,179,0,9,2022,62,1
277,3,2023,10,30,11,2753,1.0,1,c,1,b,a,1109.0,12,2002,250,1,21,2013,500,1
158,6,2023,1,35,10,276,1.0,0,0,0,a,a,1062.0,5,2005,212,0,16,2019,227,1
1104,4,2024,5,49,28,824,1.0,0,0,0,d,c,695.0,5,2021,36,1,28,2016,437,1
642,4,2024,1,15,16,3848,1.0,1,0,0,a,a,443.0,12,2009,169,0,3,2016,428,0
1102,2,2023,4,52,21,2500,1.0,0,0,0,b,a,579.0,4,2001,264,0,51,2010,500,0
1056,4,2023,5,35,13,877,1.0,0,0,0,a,a,1006.0,10,2022,7,1,14,2013,500,0
1107,4,2023,12,14,24,2687,1.0,1,0,0,a,a,332.0,8,2010,160,1,48,2014,434,1
5,4,2023,7,37,3,1570,1.0,1,0,0,b,c,1374.0,8,2021,23,1,14,2014,491,0
719,2,2023,6,14,4,958,1.0,1,0,1,a,b,273.0,11,2016,79,1,52,2011,500,0
135,1,2023,9,42,12,3609,1.0,0,0,1,d,a,483.0,4,2022,17,1,12,2016,394,1
821,5,2023,11,12,16,1073,1.0,0,0,1,b,a,823.0,11,2013,120,0,35,2015,393,0
843,2,2024,9,40,18,1650,1.0,1,0,1,d,a,670.0,8,2017,85,0,29,2017,375,1
540,2,2023,5,10,1,1285,1.0,0,0,1,d,a,610.0,4,2010,157,1,40,2012,500,1
399,1,2024,6,9,20,758,1.0,1,0,1,a,a,609.0,9,2019,57,1,26,2014,500,1
178,1,2023,5,28,12,3525,1.0,1,0,0,a,a,907.0,1,2000,280,0,23,2011,500,1
41,5,2023,2,10,27,2845,1.0,0,0,1,a,c,1181.0,11,2011,135,0,34,2019,184,1
539,6,2023,4,14,17,1913,1.0,0,0,0,a,b,518.0,8,2015,92,1,30,2012,500,1
537,5,2024,8,28,4,881,1.0,0,0,1,b,c,746.0,1,2009,187,1,12,2017,380,1
501,4,2024,9,26,28,1425,1.0,1,0,1,c,a,611.0,4,2007,209,1,20,2022,110,1
318,3,2024,3,36,11,3198,1.0,0,0,1,a,c,304.0,7,2017,80,0,41,2019,255,0
364,2,2024,6,7,21,359,1.0,0,0,1,c,c,426.0,4,2008,194,0,52,2011,500,1
280,1,2023,1,38,3,2310,1.0,1,0,1,a,a,537.0,4,2007,189,0,31,2013,500,0
199,7,2023,8,44,21,1377,1.0,0,0,1,a,a,980.0,1,2005,223,0,26,2013,500,0
914,3,2024,9,16,21,2644,1.0,0,0,1,c,c,380.0,10,2019,59,1,41,2017,339,0
276,5,2024,4,14,24,3090,1.0,0,,0,a,a,1135.0,10,2012,138,0,15,2017,363,0
835,1,2024,1,37,3,906,1.0,0,0,0,c,c,1075.0,3,2020,46,0,21,2014,500,1
134,5,2024,1,41,25,3627,1.0,0,0,1,c,c,628.0,7,2006,210,1,39,2017,366,1
439,1,2023,6,44,5,1286,1.0,0,0,1,a,c,1147.0,12,2003,234,0,48,2022,48,1
500,3,2024,2,6,12,3099,1.0,0,0,1,a,a,522.0,6,2009,176,1,25,2015,449,1
487,1,2024,4,38,16,675,1.0,1,0,1,c,a,847.0,2,2021,38,1,11,2018,339,0
1005,5,2023,2,25,28,3522,1.0,1,0,0,d,b,875.0,9,2011,137,1,20,2013,500,0
678,4,2023,3,4,12,2686,1.0,1,0,1,c,a,1515.0,6,2004,225,1,17,2018,247,1
1020,1,2024,6,45,3,2196,1.0,0,0,1,c,c,907.0,11,2001,271,0,24,2022,125,0
535,3,2024,3,17,20,3207,1.0,0,0,0,a,a,767.0,6,2010,165,0,40,2010,500,1
54,7,2023,10,4,16,2257,1.0,1,0,1,a,a,874.0,12,2013,118,1,49,2011,500,0
849,2,2023,12,47,14,1664,1.0,0,0,1,c,a,836.0,2,2004,238,0,31,2021,120,1
926,4,2023,4,23,14,1089,1.0,0,0,0,c,a,1146.0,11,2011,137,0,5,2021,122,0
179,7,2024,6,19,6,2508,1.0,1,0,0,c,a,571.0,11,2004,235,1,23,2017,360,0
244,6,2024,4,34,16,1416,1.0,0,0,1,c,a,1312.0,8,2016,92,0,22,2011,500,0
778,1,2023,1,29,15,1238,1.0,0,0,0,a,c,355.0,8,2021,17,0,18,2020,167,0
831,7,2023,8,41,25,3848,1.0,0,0,0,b,c,1158.0,9,2003,239,0,2,2010,500,1
524,3,2024,1,47,1,1077,1.0,1,0,1,d,c,1298.0,6,2014,115,0,33,2011,500,0
625,2,2023,1,33,27,2668,1.0,1,0,1,b,a,256.0,6,2020,31,1,18,2011,500,1
63,6,2024,12,4,6,1144,1.0,1,0,0,d,a,1154.0,2,2004,250,1,34,2016,386,1
500,2,2023,3,19,4,1335,1.0,0,0,0,a,a,765.0,9,2013,114,0,39,2012,500,0
132,2,2023,10,22,21,3245,1.0,1,0,1,a,a,746.0,2,2020,44,1,39,2010,500,1
234,2,2023,10,17,4,3009,1.0,0,0,1,a,c,883.0,10,2002,252,0,32,2015,401,1
1007,7,2023,8,23,3,250,1.0,1,,1,a,a,776.0,8,2007,192,1,36,2014,455,0
