Store,DayOfWeek,year,month,week,day,Customers,Open,Promo,StateHoliday,SchoolHoliday,StoreType,Assortment,CompetitionDistance,CompetitionOpenSinceMonth,CompetitionOpenSinceYear,competition_open,Promo2,Promo2SinceWeek,Promo2SinceYear,promo_2_open,IsPromo2Month
100,7,2024,8,18,15,3602,1.0,0,0,0,a,a,350.0,8,2017,84,0,39,2019,239,0
863,1,2023,9,12,13,745,1.0,0,0,0,a,c,1276.0,6,2008,183,1,49,2014,431,0
730,3,2024,4,28,3,2950,1.0,0,0,0,a,a,1124.0,2,2014,122,1,41,2013,500,0
490,4,2024,5,35,4,736,1.0,0,0,0,a,a,925.0,5,2012,144,1,23,2019,272,1
483,6,2023,12,14,17,3786,1.0,0,0,1,a,c,870.0,9,2013,123,0,8,2023,6,1
958,1,2024,11,40,16,2587,1.0,0,0,1,c,c,1234.0,4,2016,103,0,3,2023,89,1
96,4,2023,5,34,16,932,1.0,0,0,1,b,c,1183.0,9,2008,176,0,42,2016,356,0
778,2,2023,3,9,5,1312,1.0,1,0,0,a,a,1167.0,2,2011,145,0,16,2021,97,1
225,6,2023,4,49,15,3603,1.0,1,0,1,a,a,957.0,1,2013,123,0,20,2012,500,0
106,5,2024,7,3,2,2649,1.0,0,0,0,c,a,715.0,5,2003,254,1,44,2021,115,0
588,4,2023,7,34,5,1071,1.0,1,a,1,a,a,1050.0,3,2004,232,0,26,2023,8,1
1088,3,2023,3,23,14,3318,1.0,0,0,1,c,a,1065.0,11,2002,244,0,50,2017,285,1
821,2,2023,1,34,18,2929,1.0,1,0,0,a,c,763.0,5,2004,224,0,29,2017,317,1
849,7,2023,6,41,19,492,1.0,0,c,1,d,a,715.0,6,2010,156,0,44,2017,309,1
800,5,2023,10,36,28,1276,1.0,1,0,0,a,a,1160.0,5,2021,29,1,7,2011,500,1
877,3,2024,2,34,24,3409,1.0,0,0,0,a,c,1319.0,4,2021,34,0,21,2022,117,0
573,3,2023,5,44,11,1533,1.0,1,0,1,b,c,595.0,12,2017,65,0,10,2020,190,1
143,6,2023,2,37,22,342,1.0,1,0,1,a,a,741.0,9,2012,125,0,3,2022,86,1
937,6,2024,3,43,3,2494,1.0,1,0,1,c,b,925.0,2,2004,241,1,52,2011,500,0
503,4,2023,8,21,25,3615,1.0,0,0,1,a,a,966.0,3,2008,185,0,27,2021,98,1
558,3,2024,4,11,11,2314,1.0,0,0,0,a,a,663.0,1,2017,87,0,19,2015,460,0
414,5,2023,4,13,22,3907,1.0,0,0,0,a,a,1385.0,4,2020,36,1,20,2021,97,1
204,5,2023,12,32,28,633,1.0,1,0,1,b,b,947.0,8,2022,16,1,13,2023,19,1
1034,5,2023,3,28,20,2736,1.0,0,c,0,c,c,979.0,12,2008,171,0,7,2022,73,1
872,1,2023,3,5,26,2668,1.0,1,0,1,a,c,1348.0,6,2011,141,0,48,2022,9,1
718,4,2023,12,11,1,3940,1.0,0,0,0,c,a,685.0,1,2011,155,1,6,2011,500,0
449,5,2024,7,51,5,2180,1.0,0,0,0,c,a,793.0,1,2001,282,0,21,2014,500,1
918,7,2023,1,38,18,3323,1.0,1,0,0,a,a,444.0,5,2002,248,0,8,2014,498,1
609,4,2024,6,40,16,752,1.0,0,0,0,a,c,768.0,4,2001,278,1,49,2017,355,1
495,3,2024,7,11,4,368,1.0,0,0,1,a,c,373.0,7,2016,96,1,11,2023,52,0
503,4,2023,4,4,21,2922,1.0,1,0,0,a,c,1044.0,2,2005,218,0,21,2019,191,1
254,2,2024,7,16,2,214,1.0,1,0,0,c,a,946.0,3,2016,100,1,40,2017,340,1
103,1,2023,8,45,28,3524,1.0,1,0,1,a,a,737.0,7,2008,181,1,30,2021,119,0
619,5,2023,4,27,5,279,1.0,1,0,1,a,a,790.0,4,2018,60,1,20,2012,500,0
990,7,2023,10,41,13,2816,1.0,1,0,0,c,a,1048.0,5,2002,257,1,30,2019,219,1
72,6,2024,6,26,24,1917,1.0,0,0,0,a,a,479.0,3,2007,207,0,23,2017,367,0
957,5,2024,12,26,15,2652,1.0,1,a,1,c,a,881.0,1,2004,251,0,16,2012,500,0
923,1,2023,2,32,21,2568,1.0,0,0,1,c,a,1030.0,5,2010,153,0,32,2019,208,1
309,7,2024,4,50,20,1888,1.0,0,0,0,a,a,285.0,4,2012,144,0,19,2021,187,0
705,4,2024,9,23,27,2029,1.0,0,0,1,a,c,1025.0,11,2003,250,1,50,2021,129,0
185,3,2023,11,31,13,2112,1.0,0,0,1,a,c,318.0,11,2015,96,1,25,2021,110,0
846,7,2024,3,48,28,2773,1.0,1,0,1,d,c,785.0,6,2022,21,1,40,2021,164,1
782,6,2024,12,20,15,2899,1.0,1,0,1,a,a,471.0,4,2000,296,0,13,2016,423,0
396,6,2024,3,44,26,1908,1.0,1,0,1,c,c,1249.0,6,2001,273,0,34,2010,500,0
76,2,2024,5,28,21,1539,1.0,0,0,1,d,a,473.0,8,2021,33,0,30,2023,50,0
1083,7,2023,4,46,4,361,1.0,0,0,1,a,a,325.0,5,2014,107,1,39,2016,371,0
497,4,2023,6,25,19,3161,1.0,1,0,1,c,a,860.0,10,2021,20,0,25,2018,260,1
996,4,2024,11,33,25,1059,1.0,1,0,0,b,a,696.0,12,2016,95,1,38,2010,500,0
756,6,2023,9,17,4,1849,1.0,0,0,1,a,c,369.0,5,2016,88,1,4,2022,65,1
868,5,2023,10,34,24,3971,1.0,1,0,1,d,c,978.0,2,2003,248,0,36,2022,50,0
848,2,2024,4,17,3,3182,1.0,0,0,0,a,a,223.0,2,2011,158,1,40,2022,81,0
218,3,2023,12,32,25,1514,1.0,1,0,1,c,b,509.0,11,2008,181,1,26,2012,500,0
406,3,2023,6,42,23,2004,1.0,1,b,1,c,a,647.0,5,2019,49,1,2,2021,144,0
521,7,2024,8,23,5,1434,1.0,0,0,1,a,a,1061.0,4,2000,292,0,30,2018,305,0
556,6,2023,9,23,21,2579,1.0,1,0,1,a,b,1209.0,8,2000,277,0,41,2012,500,0
49,3,2023,8,17,4,780,1.0,1,0,0,a,c,1151.0,12,2012,128,0,24,2017,305,1
610,6,2024,8,38,16,3820,1.0,0,c,0,a,c,774.0,6,2022,26,1,5,2016,449,1
173,6,2023,6,31,26,3951,1.0,1,0,0,c,a,92.0,4,2022,14,1,21,2018,270,0
829,3,2023,8,27,6,1334,1.0,0,0,1,a,a,937.0,11,2013,117,0,52,2011,500,0
762,3,2023,11,2,5,1075,1.0,0,0,0,d,a,1261.0,1,2009,178,0,15,2017,299,0
1029,7,2024,5,6,12,2249,1.0,1,0,0,a,a,1190.0,11,2006,210,1,28,2019,238,1
831,4,2023,7,1,11,2657,1.0,1,0,1,a,a,959.0,7,2022,12,1,19,2020,138,0
409,2,2024,3,45,2,2645,1.0,1,0,1,a,a,463.0,1,2004,242,1,38,2020,215,0
1079,6,2023,5,45,13,359,1.0,1,0,0,a,a,662.0,3,2002,254,1,23,2018,282,0
459,5,2023,10,4,8,2901,1.0,1,0,1,b,a,1400.0,9,2011,145,1,20,2019,192,1
364,4,2024,8,3,4,452,1.0,0,0,0,a,b,395.0,10,2009,178,1,31,2011,500,0
1010,6,2024,3,41,8,1499,1.0,0,0,1,b,a,476.0,3,2011,156,1,30,2021,167,1
414,7,2024,7,28,1,2923,1.0,0,0,1,b,a,1103.0,8,2020,47,0,26,2015,470,0
86,3,2023,10,17,26,3570,1.0,0,0,0,a,c,691.0,12,2006,202,0,14,2017,315,0
524,3,2024,2,32,28,2613,1.0,0,0,0,a,c,465.0,9,2020,41,0,6,2017,390,1
888,2,2024,1,13,11,806,1.0,0,0,0,a,a,1278.0,9,2004,232,1,36,2023,29,0
212,5,2023,5,11,25,2784,1.0,1,b,1,a,a,958.0,3,2007,194,0,18,2014,461,1
517,3,2023,8,20,13,340,1.0,1,0,0,c,a,705.0,8,2000,276,1,32,2015,404,0
145,3,2024,4,47,26,1077,1.0,0,0,0,a,c,476.0,9,2015,103,1,20,2020,235,1
766,5,2023,10,40,5,670,1.0,0,0,0,a,a,1434.0,2,2019,56,0,45,2018,255,0
531,3,2024,11,10,8,3942,1.0,0,0,1,a,a,813.0,4,2020,55,0,37,2014,493,1
369,4,2024,7,30,21,1599,1.0,1,c,0,a,c,1239.0,11,2003,248,0,22,2014,500,1
254,4,2023,5,46,7,2321,1.0,0,0,0,d,c,1088.0,12,2017,65,1,18,2021,132,1
630,2,2023,1,50,24,3204,1.0,1,a,0,c,a,664.0,3,2003,238,0,39,2021,115,0
747,1,2023,10,40,12,3884,1.0,0,0,1,c,a,666.0,9,2014,109,0,1,2012,500,0
1049,6,2023,11,7,12,3982,1.0,0,0,0,a,a,1254.0,7,2016,88,0,3,2015,420,1
488,1,2023,6,13,13,823,1.0,0,0,1,a,a,1259.0,8,2003,238,0,5,2020,164,0
180,3,2024,7,12,23,1696,1.0,0,0,0,a,a,257.0,7,2002,264,1,18,2011,500,0
929,5,2023,10,8,1,1739,1.0,1,a,0,c,c,985.0,11,2001,263,1,26,2012,500,1
703,1,2024,9,10,22,3225,1.0,0,0,1,a,c,784.0,6,2016,99,0,16,2012,500,0
781,5,2023,2,17,22,1475,1.0,0,a,0,a,b,510.0,8,2014,102,1,10,2017,319,0
109,6,2023,9,29,23,1078,1.0,0,0,1,b,b,899.0,9,2002,252,1,17,2016,376,1
349,5,2023,12,21,28,3069,1.0,1,0,1,c,a,415.0,7,2011,149,0,26,2014,463,0
857,3,2024,10,22,22,2081,1.0,1,a,1,a,a,680.0,11,2018,71,0,16,2011,500,1
928,1,2023,6,13,15,3040,1.0,1,0,1,a,c,580.0,3,2005,219,1,30,2018,243,1
486,7,2023,7,8,14,1643,1.0,0,0,1,d,a,670.0,12,2013,115,1,20,2021,92,0
898,3,2024,4,52,11,2048,1.0,0,0,0,a,a,799.0,9,2006,211,0,49,2012,500,0
939,6,2024,8,32,24,234,1.0,0,0,0,d,a,515.0,12,2006,212,0,52,2019,240,1
433,2,2023,3,12,11,261,1.0,0,0,1,a,c,1292.0,5,2009,166,1,35,2021,81,0
1002,2,2024,5,43,17,201,1.0,0,0,0,d,a,968.0,6,2008,191,1,29,2017,378,0
322,6,2023,4,44,3,865,1.0,1,0,0,d,a,1358.0,1,2011,147,0,2,2018,302,1
268,7,2023,5,51,9,1520,1.0,0,0,0,a,a,772.0,12,2004,221,0,33,2012,500,1
761,7,2023,5,9,8,391,1.0,1,0,0,c,c,655.0,10,2008,175,1,20,2023,0,0
710,6,2023,1,34,13,810,1.0,1,a,1,a,a,1348.0,4,2014,105,0,16,2023,18,0
156,2,2023,9,51,15,3418,1.0,1,0,0,a,a,647.0,1,2008,188,0,42,2019,217,0
929,7,2024,6,42,21,3447,1.0,1,0,0,a,c,767.0,9,2015,105,1,3,2022,143,1
223,5,2023,12,12,13,1301,1.0,1,0,0,b,b,1036.0,9,2002,255,0,14,2018,258,0
898,2,2024,3,47,5,3796,1.0,0,0,1,a,a,449.0,7,2003,248,1,41,2019,266,1
9,1,2024,9,22,16,648,1.0,1,0,0,a,a,1033.0,2,2019,67,1,49,2021,129,0
889,7,2024,3,26,2,319,1.0,1,0,1,d,c,995.0,12,2010,159,0,27,2010,500,0
878,2,2024,7,30,24,1545,1.0,1,0,0,c,a,1201.0,6,2014,121,0,28,2013,500,1
871,6,2024,6,41,22,1205,1.0,0,0,0,a,c,1087.0,9,2017,81,1,51,2012,500,1
742,1,2024,6,7,7,493,1.0,0,c,0,a,c,1210.0,11,2003,247,0,5,2018,314,1
526,2,2023,8,29,8,3420,1.0,1,0,0,a,c,787.0,7,2022,13,1,26,2013,500,1
787,2,2023,10,43,1,3919,1.0,1,0,0,a,a,561.0,2,2009,176,0,13,2015,446,0
309,2,2024,4,29,11,1227,1.0,0,0,0,d,a,1453.0,11,2020,41,1,25,2016,420,0
871,5,2024,11,15,2,1397,1.0,0,b,1,d,a,362.0,9,2009,182,0,48,2020,175,0
620,7,2023,3,3,27,2929,1.0,0,0,0,a,a,392.0,11,2009,160,0,31,2017,284,0
512,7,2024,4,29,4,3745,1.0,0,0,1,a,a,990.0,8,2013,128,1,52,2010,500,0
564,6,2023,4,37,19,1290,1.0,0,0,1,a,a,1307.0,11,2004,221,0,27,2019,218,0
635,2,2024,12,29,16,2794,1.0,0,0,0,a,a,877.0,11,2014,121,0,45,2015,452,1
42,7,2023,2,51,7,287,1.0,1,0,1,a,b,1120.0,3,2022,11,1,9,2011,500,0
156,4,2023,5,32,23,2351,1.0,0,0,0,a,a,221.0,3,2014,110,1,17,2019,223,0
274,4,2023,6,27,4,3951,1.0,1,0,0,a,a,670.0,2,2001,268,0,15,2013,500,1
128,5,2023,10,3,25,2006,1.0,0,0,1,a,a,258.0,10,2016,84,1,40,2016,327,0
491,6,2023,6,30,21,2637,1.0,1,0,1,c,b,1054.0,3,2000,279,0,27,2023,3,0
746,7,2023,12,9,18,2812,1.0,1,0,1,c,a,356.0,6,2002,258,0,12,2013,500,1
730,5,2023,9,38,25,2602,1.0,0,0,0,a,c,437.0,10,2006,203,0,9,2022,81,1
526,5,2023,9,9,12,2807,1.0,0,0,1,a,a,974.0,6,2007,195,1,20,2016,353,1
954,6,2023,10,48,8,3569,1.0,1,0,0,c,a,1139.0,1,2000,285,1,8,2023,40,1
631,2,2023,2,16,5,239,1.0,0,0,0,a,c,772.0,5,2000,273,0,37,2021,83,1
89,3,2023,6,23,26,3561,1.0,1,0,0,c,a,991.0,2,2018,64,1,45,2021,82,1
853,5,2023,8,8,12,3649,1.0,0,0,0,a,b,981.0,5,2010,159,0,51,2012,500,1
641,1,2023,3,11,24,3635,1.0,0,0,0,d,c,755.0,9,2004,222,0,13,2021,102,0
708,3,2023,2,48,10,1598,1.0,1,0,0,a,a,492.0,7,2009,163,0,23,2015,441,1
631,6,2023,2,15,27,2415,1.0,0,0,0,c,a,989.0,9,2015,89,1,27,2022,40,1
618,7,2024,10,27,25,1542,1.0,0,0,1,a,c,1004.0,2,2016,104,0,26,2023,53,1
101,4,2024,8,52,9,3393,1.0,1,0,1,c,c,1088.0,10,2006,214,1,24,2018,340,0
624,3,2024,4,33,14,1745,1.0,0,0,0,b,b,914.0,6,2003,250,0,12,2022,125,1
887,4,2024,9,3,23,1389,1.0,1,0,0,a,a,469.0,4,2022,29,1,6,2017,361,0
339,5,2024,9,19,7,2804,1.0,0,0,0,c,a,1027.0,8,2014,121,0,21,2010,500,0
673,4,2023,10,21,1,387,1.0,1,0,0,a,c,820.0,2,2022,20,0,5,2022,68,1
35,1,2024,11,15,9,1628,1.0,1,0,0,a,b,675.0,6,2007,209,1,4,2017,375,0
388,4,2024,11,13,17,983,1.0,0,0,0,a,a,732.0,6,2002,269,1,28,2010,500,0
487,3,2024,3,27,4,1620,1.0,1,0,1,c,a,613.0,2,2008,193,1,45,2010,500,0
1096,5,2024,10,20,10,1905,1.0,0,b,1,c,c,1087.0,12,2007,202,0,29,2020,199,0
240,7,2023,5,16,26,441,1.0,0,0,0,a,a,395.0,5,2016,84,1,2,2022,66,1
309,7,2024,5,22,3,3485,1.0,0,0,0,c,c,522.0,1,2016,100,0,44,2019,238,1
456,5,2024,8,18,2,1783,1.0,1,0,1,d,a,721.0,6,2001,278,1,36,2016,398,1
1107,3,2023,8,12,12,1563,1.0,0,0,1,c,a,1304.0,12,2013,116,1,16,2014,464,0
952,4,2024,6,24,1,768,1.0,0,0,0,a,a,1136.0,9,2007,201,1,15,2015,477,1
39,2,2023,12,49,1,3984,1.0,1,0,1,a,a,328.0,8,2014,112,1,47,2014,470,1
261,7,2024,3,27,6,3451,1.0,0,0,0,a,a,1225.0,11,2009,172,0,25,2013,500,0
917,6,2024,2,32,3,2031,1.0,0,0,1,a,a,1225.0,2,2012,144,0,8,2011,500,1
66,6,2023,1,52,23,1471,1.0,0,0,0,a,a,468.0,7,2016,78,1,15,2017,349,1
955,3,2024,10,32,4,1976,1.0,0,0,0,c,a,64.0,4,2006,222,0,14,2013,500,0
314,3,2023,5,12,15,3851,1.0,0,0,1,b,c,798.0,9,2004,224,0,21,2012,500,0
1024,6,2024,6,21,20,1041,1.0,0,0,0,b,a,1157.0,11,2016,91,1,18,2013,500,1
328,4,2024,8,26,18,2801,1.0,0,0,0,a,a,1297.0,1,2021,43,1,29,2021,153,0
485,5,2024,6,25,19,3633,1.0,0,0,1,a,b,559.0,2,2010,172,1,17,2018,320,0
739,4,2024,7,8,11,3073,1.0,0,0,0,c,a,1346.0,12,2022,19,1,34,2016,390,1
141,4,2023,1,6,25,3506,1.0,0,0,0,a,a,152.0,6,2004,223,1,26,2018,240,1
622,5,2023,2,19,2,3801,1.0,0,0,1,d,c,710.0,4,2018,58,0,49,2017,282,1
564,6,2023,12,48,4,427,1.0,1,0,0,a,a,695.0,2,2022,22,1,44,2016,368,1
875,3,2023,6,38,24,1107,1.0,1,0,0,a,a,1166.0,5,2006,205,1,18,2021,124,1
1111,6,2023,3,44,2,748,1.0,0,0,1,c,c,1209.0,1,2003,242,1,3,2020,197,0
741,2,2023,5,10,6,2355,1.0,0,0,0,c,c,1106.0,3,2015,98,1,31,2012,500,0
457,3,2023,5,22,5,1748,1.0,0,0,1,a,c,415.0,3,2019,50,0,18,2021,108,1
454,7,2023,4,31,1,354,1.0,0,0,0,c,a,1079.0,2,2001,266,1,47,2012,500,0
467,7,2024,4,23,4,2318,1.0,0,0,1,a,b,973.0,12,2014,112,1,22,2011,500,1
908,7,2023,9,22,17,582,1.0,0,0,1,a,a,319.0,10,2020,35,0,16,2015,422,0
359,3,2024,2,19,19,1747,1.0,0,a,1,a,a,200.0,12,2000,278,1,18,2015,469,0
187,6,2023,4,3,3,1593,1.0,1,0,0,b,a,1131.0,3,2011,145,1,45,2021,62,0
373,7,2023,6,45,27,3595,1.0,0,0,1,c,c,766.0,4,2001,266,0,6,2019,247,1
26,7,2024,7,49,3,2793,1.0,1,0,1,a,a,434.0,4,2004,243,1,50,2010,500,1
119,1,2023,11,5,20,2571,1.0,0,0,1,c,c,758.0,7,2011,148,0,13,2016,356,1
101,6,2023,12,22,23,3360,1.0,0,0,1,c,c,929.0,3,2007,201,0,45,2021,81,0
861,7,2024,4,27,15,886,1.0,0,0,0,a,a,795.0,3,2001,277,1,29,2020,206,1
806,6,2023,7,41,14,1174,1.0,0,0,1,a,a,354.0,12,2018,55,1,30,2017,323,0
777,2,2023,1,52,4,3058,1.0,1,0,1,a,c,1386.0,5,2004,224,0,11,2018,301,1
515,6,2024,8,22,7,3046,1.0,1,0,0,a,a,1121.0,10,2020,46,0,38,2017,348,0
800,1,2023,2,39,24,281,1.0,1,0,1,d,c,719.0,3,2004,227,1,34,2013,500,1
180,4,2024,1,49,10,1052,1.0,0,0,1,c,a,731.0,12,2011,145,1,26,2017,387,1
1005,5,2023,9,44,1,1062,1.0,0,0,0,a,a,928.0,9,2016,84,0,24,2019,228,0
559,4,2024,3,16,21,223,1.0,1,0,1,a,a,481.0,11,2011,148,0,32,2010,500,1
1046,5,2024,6,43,20,2712,1.0,1,0,0,a,a,917.0,7,2009,179,0,25,2019,278,1
170,2,2024,2,22,2,406,1.0,0,a,1,a,c,421.0,11,2017,75,0,51,2013,500,0
555,5,2024,9,1,2,3397,1.0,0,0,1,a,a,799.0,5,2000,292,0,3,2010,500,0
777,5,2023,10,40,4,2425,1.0,1,0,0,a,a,469.0,6,2019,52,0,14,2020,182,0
553,5,2024,7,44,2,3094,1.0,1,0,1,a,b,485.0,1,2015,114,1,45,2015,467,0
498,3,2023,11,18,18,2089,1.0,0,0,1,a,c,1314.0,3,2017,80,1,42,2015,392,1
186,3,2024,6,24,4,3886,1.0,1,0,0,a,a,838.0,10,2009,176,0,19,2018,317,1
425,2,2024,3,19,17,1227,1.0,1,0,1,a,c,882.0,4,2008,191,1,27,2017,356,1
267,4,2023,2,7,5,2320,1.0,1,0,1,a,a,217.0,2,2013,120,1,2,2018,265,0
337,5,2024,3,52,28,224,1.0,0,0,1,a,c,641.0,4,2014,119,0,10,2023,94,0
763,3,2023,3,2,21,3365,1.0,0,0,0,a,c,958.0,5,2021,22,1,50,2019,160,1
703,3,2024,4,29,11,2358,1.0,1,0,0,a,c,878.0,9,2019,55,0,34,2010,500,0
678,3,2024,3,1,13,868,1.0,0,0,0,d,b,174.0,2,2001,277,1,3,2013,500,1
404,2,2023,8,36,2,3306,1.0,0,0,1,a,c,882.0,1,2003,247,1,42,2016,358,1
1071,5,2024,2,47,2,3959,1.0,0,0,1,b,a,930.0,9,2021,29,1,21,2016,442,1
98,6,2024,8,34,16,460,1.0,0,0,1,a,c,1205.0,2,2008,198,0,30,2015,472,1
382,3,2023,5,32,1,3413,1.0,1,0,0,a,c,623.0,6,2013,119,1,45,2012,500,1
132,7,2024,9,44,18,2998,1.0,0,0,1,a,a,147.0,9,2001,276,0,44,2011,500,0
378,4,2023,7,51,11,1546,1.0,0,0,0,c,c,521.0,7,2002,252,0,8,2012,500,1
1073,2,2024,11,45,4,2611,1.0,0,0,1,d,c,491.0,2,2009,189,1,20,2023,77,0
409,3,2023,6,13,15,3184,1.0,1,0,1,a,c,1041.0,9,2016,81,0,15,2015,414,0
1014,1,2024,4,30,16,2021,1.0,1,0,1,a,a,50.0,1,2017,87,0,48,2023,34,0
552,1,2024,8,43,21,2732,1.0,1,0,1,c,c,685.0,3,2020,53,1,41,2014,500,1
781,3,2023,8,16,6,383,1.0,0,0,0,a,a,1248.0,2,2004,234,1,34,2014,450,0
511,4,2023,6,36,16,3716,1.0,0,0,0,a,c,822.0,7,2004,227,0,4,2016,396,1
297,6,2024,7,2,24,3709,1.0,0,c,0,c,a,1089.0,9,2012,142,0,42,2023,12,0
853,1,2024,6,46,8,998,1.0,0,0,1,a,b,327.0,8,2012,142,0,30,2017,380,1
1081,6,2023,4,32,24,2014,1.0,1,0,0,b,a,339.0,2,2000,278,1,15,2010,500,0
294,2,2023,4,39,21,1107,1.0,1,0,0,a,c,1251.0,5,2010,155,0,24,2013,500,1
869,1,2023,11,43,13,1718,1.0,0,0,1,a,a,850.0,2,2020,45,1,24,2023,19,0
292,5,2024,9,12,25,1246,1.0,0,0,1,d,c,851.0,5,2003,256,0,16,2012,500,1
800,6,2023,2,24,28,3473,1.0,0,0,0,a,c,485.0,3,2018,59,0,48,2021,80,0
880,5,2024,12,45,7,2840,1.0,0,0,1,a,a,850.0,9,2010,171,0,48,2023,49,1
502,1,2023,9,9,28,3413,1.0,0,0,1,a,c,476.0,10,2012,131,1,3,2013,500,0
822,1,2024,1,43,1,3213,1.0,0,0,1,a,b,1176.0,10,2014,111,0,49,2017,358,1
304,3,2023,9,15,4,2963,1.0,1,0,1,a,a,1638.0,3,2016,90,1,22,2018,253,0
89,4,2023,8,30,2,833,1.0,0,0,1,a,a,965.0,1,2014,115,0,42,2021,92,0
108,7,2024,11,27,11,3351,1.0,0,0,1,a,a,630.0,1,2002,274,1,41,2021,142,1
499,3,2024,6,36,27,3175,1.0,1,0,1,a,a,60.0,11,2006,211,0,32,2010,500,1
1007,2,2023,7,44,17,672,1.0,1,0,1,c,a,315.0,11,2019,44,0,39,2014,473,0
143,7,2023,4,19,18,533,1.0,1,0,1,a,a,1286.0,3,2000,277,0,36,2023,0,0
509,2,2023,4,9,3,3091,1.0,1,0,1,d,a,511.0,11,2016,77,0,45,2014,432,1
785,1,2023,8,22,15,1682,1.0,0,0,1,a,c,709.0,7,2011,145,0,23,2013,500,0
226,3,2023,10,32,11,1446,1.0,1,0,0,a,a,1017.0,3,2002,259,1,39,2018,253,1
805,3,2024,11,40,14,1706,1.0,0,0,0,d,c,1265.0,4,2002,271,1,51,2012,500,1
342,5,2023,10,40,8,3496,1.0,1,0,0,c,c,760.0,4,2022,18,0,50,2012,500,1
902,7,2024,8,18,6,1582,1.0,1,0,0,a,c,699.0,10,2000,286,0,8,2021,166,1
646,7,2023,7,49,27,1606,1.0,1,0,1,a,a,841.0,3,2000,280,0,26,2011,500,0
610,3,2023,5,5,16,1717,1.0,1,0,0,c,a,632.0,3,2000,278,1,27,2022,30,0
198,7,2024,10,7,12,406,1.0,0,a,1,a,c,648.0,9,2014,121,0,33,2013,500,0
517,5,2023,4,2,3,342,1.0,1,0,1,a,c,944.0,4,2021,24,0,34,2011,500,0
956,1,2024,4,49,22,1774,1.0,1,0,0,a,c,876.0,4,2003,252,1,45,2020,212,1
22,7,2023,11,10,14,263,1.0,1,0,1,c,a,1459.0,10,2018,61,0,28,2012,500,1
846,1,2024,8,32,11,3075,1.0,1,0,0,b,a,952.0,12,2016,92,0,37,2015,463,0
550,5,2024,5,43,19,1812,1.0,0,a,1,a,a,1165.0,7,2005,226,0,47,2014,500,1
803,6,2024,11,40,4,2103,1.0,0,b,1,d,b,499.0,10,2001,277,0,6,2017,398,0
740,2,2023,12,50,15,1477,1.0,1,0,1,a,c,978.0,11,2011,145,0,34,2016,380,0
482,2,2023,4,3,25,3101,1.0,0,0,0,c,a,603.0,8,2001,260,1,20,2012,500,0
345,4,2023,7,22,13,1824,1.0,0,0,0,a,a,939.0,10,2002,249,1,48,2013,494,0
700,7,2024,6,27,1,334,1.0,0,0,1,c,a,1027.0,1,2010,173,0,29,2012,500,1
157,2,2023,9,37,7,2055,1.0,0,0,0,a,a,835.0,1,2018,68,1,32,2010,500,1
652,5,2023,12,33,2,873,1.0,1,0,0,a,a,1542.0,11,2022,13,0,40,2019,201,1
106,4,2023,7,30,15,2461,1.0,0,0,0,a,a,1248.0,2,2014,113,0,13,2016,381,1
725,1,2023,10,16,11,2341,1.0,0,0,1,c,a,1173.0,9,2006,205,0,29,2011,500,0
702,5,2023,8,6,4,2003,1.0,0,0,1,a,b,1049.0,6,2007,194,1,41,2014,433,1
95,6,2023,11,23,20,1664,1.0,0,c,1,a,c,1349.0,10,2014,109,0,41,2019,190,1
845,5,2023,5,14,5,2464,1.0,0,0,0,a,a,389.0,8,2003,237,1,12,2013,500,1
464,2,2024,5,29,10,2784,1.0,1,0,1,b,a,1231.0,1,2011,160,1,44,2015,453,1
878,2,2023,6,42,28,3538,1.0,0,a,0,c,c,523.0,5,2017,73,0,9,2020,189,1
47,3,2023,12,29,2,3857,1.0,0,0,1,a,a,651.0,9,2019,51,0,14,2019,223,0
201,4,2024,8,31,7,515,1.0,0,0,1,a,a,988.0,12,2001,272,0,45,2019,246,1
551,4,2024,2,3,9,2707,1.0,0,0,0,c,a,1190.0,10,2006,208,1,33,2015,438,0
210,2,2023,1,34,15,521,1.0,0,0,1,a,c,474.0,11,2005,206,0,29,2016,369,0
368,4,2024,7,23,7,1785,1.0,0,0,0,a,a,666.0,12,2012,139,0,29,2021,150,0
737,3,2024,10,7,28,3016,1.0,0,0,1,a,c,849.0,11,2004,239,1,51,2022,60,0
162,5,2024,6,12,1,2260,1.0,1,0,1,a,a,764.0,7,2021,35,0,12,2010,500,1
756,6,2024,7,41,27,3269,1.0,0,0,0,d,a,1076.0,5,2021,38,0,16,2021,181,1
116,5,2024,10,48,15,3668,1.0,0,0,0,b,a,1851.0,7,2007,207,0,26,2022,126,1
196,1,2023,7,27,2,3900,1.0,0,0,0,a,c,946.0,10,2009,165,0,44,2023,0,0
656,7,2023,11,51,4,2757,1.0,1,0,1,c,a,599.0,6,2010,161,1,29,2013,500,1
885,1,2024,8,10,3,2758,1.0,0,a,1,a,a,431.0,10,2000,286,1,38,2017,336,0
191,7,2024,9,16,9,3252,1.0,0,0,0,d,c,722.0,9,2020,48,0,43,2010,500,1
335,1,2023,10,49,10,1085,1.0,0,a,1,a,a,538.0,3,2017,79,0,47,2011,500,0
1032,4,2023,8,10,18,1345,1.0,1,0,1,d,a,960.0,12,2007,188,0,24,2017,298,0
1104,1,2024,1,35,9,1496,1.0,0,0,0,c,c,956.0,11,2012,134,1,24,2012,500,0
648,1,2023,6,12,21,3028,1.0,1,0,0,c,a,681.0,8,2008,178,1,5,2013,500,1
499,5,2024,2,18,9,1534,1.0,1,0,1,a,a,1415.0,3,2005,227,1,5,2014,500,1
387,6,2024,7,25,8,729,1.0,0,0,1,c,c,599.0,3,2006,220,0,26,2016,415,1
683,1,2024,2,19,8,3234,1.0,0,0,1,c,a,784.0,11,2002,255,0,39,2012,500,0
659,7,2024,7,46,10,3049,1.0,1,0,1,a,a,1012.0,1,2018,78,1,44,2021,158,1
329,3,2024,5,51,24,2457,1.0,0,0,0,a,a,1088.0,6,2015,107,0,22,2019,289,0
26,3,2024,1,27,7,3549,1.0,0,0,0,b,a,1203.0,8,2021,29,0,30,2021,153,0
169,3,2024,2,28,8,3209,1.0,1,b,0,d,a,949.0,3,2000,287,1,43,2022,89,1
1069,4,2024,7,3,27,3620,1.0,1,0,0,c,a,1135.0,11,2014,116,0,17,2018,298,0
467,2,2024,1,13,19,1187,1.0,0,0,0,a,a,620.0,7,2012,138,0,9,2015,472,1
538,3,2023,11,3,6,643,1.0,0,b,1,b,a,1095.0,1,2014,118,1,48,2023,0,0
521,2,2024,10,45,25,1497,1.0,1,0,0,a,a,1091.0,4,2022,30,0,29,2017,380,0
873,1,2023,9,12,6,3353,1.0,0,0,1,a,a,1274.0,5,2008,184,0,9,2016,367,0
73,3,2024,3,18,5,3713,1.0,0,0,0,c,a,319.0,3,2003,252,1,14,2015,472,1
93,5,2024,10,44,13,617,1.0,0,0,1,b,c,548.0,12,2000,286,0,17,2010,500,1
308,6,2023,8,38,20,3450,1.0,0,0,1,c,a,1067.0,5,2011,147,1,11,2023,27,1
543,3,2023,5,33,6,2017,1.0,1,0,1,a,a,50.0,7,2004,226,0,23,2021,114,1
749,3,2023,1,3,22,3308,1.0,1,0,1,a,c,968.0,7,2003,234,1,43,2019,168,1
548,6,2024,7,30,5,2793,1.0,1,0,1,c,a,1138.0,3,2003,256,0,39,2013,500,1
492,5,2023,10,30,22,428,1.0,0,0,1,a,c,647.0,7,2006,207,1,48,2022,34,0
1046,6,2023,1,17,3,2040,1.0,0,0,1,d,b,691.0,5,2002,248,1,44,2012,500,0
180,7,2024,1,39,14,538,1.0,0,0,0,d,a,498.0,1,2011,156,1,17,2013,500,0
638,6,2024,5,49,18,1491,1.0,1,0,1,c,a,664.0,5,2015,108,0,4,2010,500,0
605,7,2023,7,14,8,3078,1.0,0,0,1,c,a,672.0,8,2006,203,0,8,2014,474,1
528,3,2023,6,18,18,2798,1.0,1,a,1,a,c,615.0,2,2003,244,1,42,2014,444,0
901,3,2024,6,17,20,2877,1.0,1,0,1,a,a,599.0,10,2013,128,1,18,2021,155,1
298,3,2024,4,44,19,2711,1.0,1,0,0,c,c,739.0,8,2001,272,0,38,2014,500,1
1064,2,2024,1,5,12,255,1.0,0,0,0,a,c,735.0,4,2016,93,0,24,2023,33,0
370,6,2023,1,47,22,2414,1.0,1,0,1,c,c,1382.0,8,2008,173,0,47,2014,468,1
608,6,2023,2,41,21,2043,1.0,0,0,1,a,a,702.0,4,2009,166,1,27,2017,326,1
581,6,2023,9,26,10,2208,1.0,0,0,1,c,c,923.0,8,2005,217,0,47,2018,239,0
948,2,2024,10,31,21,1008,1.0,0,0,0,a,c,647.0,2,2006,224,1,14,2021,173,1
490,4,2023,6,47,26,2881,1.0,1,0,0,c,a,643.0,8,2003,238,1,41,2020,162,1
318,2,2023,1,41,23,2508,1.0,0,0,1,a,c,309.0,1,2012,132,1,28,2022,65,0
25,7,2024,5,15,21,1731,1.0,0,0,0,b,a,349.0,1,2003,256,1,10,2023,57,1
406,2,2024,12,3,22,414,1.0,0,0,1,d,c,458.0,4,2015,116,0,13,2011,500,0
922,2,2024,3,35,23,461,1.0,0,0,1,a,a,875.0,3,2005,228,1,17,2011,500,0
12,4,2023,6,8,9,1564,1.0,0,0,0,a,a,1143.0,6,2013,120,0,9,2016,363,1
1000,7,2023,7,5,21,2242,1.0,0,0,1,a,b,284.0,2,2012,137,0,49,2012,500,0
606,7,2023,4,52,6,3988,1.0,0,0,1,b,a,655.0,3,2014,109,0,12,2016,404,1
157,1,2023,6,25,11,2949,1.0,0,0,0,b,a,410.0,2,2017,76,0,32,2018,253,0
337,3,2024,6,34,27,2044,1.0,1,0,1,b,a,741.0,11,2012,139,1,30,2013,500,0
618,2,2023,6,12,8,1336,1.0,0,0,1,a,c,1143.0,9,2019,45,1,29,2011,500,0
352,3,2024,9,6,24,840,1.0,1,c,0,a,a,686.0,3,2005,234,0,33,2023,25,1
122,4,2024,7,4,12,734,1.0,1,0,1,c,b,806.0,2,2017,89,0,48,2015,424,1
743,2,2024,1,19,6,473,1.0,1,0,1,c,a,1257.0,11,2007,194,1,51,2021,124,1
750,1,2023,1,1,3,3664,1.0,1,0,0,a,a,957.0,9,2014,100,1,46,2018,215,0
133,4,2023,5,22,16,260,1.0,0,0,0,a,a,592.0,11,2011,138,1,24,2019,206,1
314,1,2023,11,17,13,3482,1.0,0,a,1,a,a,868.0,3,2020,44,0,38,2020,135,1
272,2,2023,1,28,15,2417,1.0,1,0,1,c,c,572.0,5,2006,200,1,10,2013,500,1
736,1,2023,1,31,2,2550,1.0,1,0,0,c,c,946.0,2,2011,143,0,46,2013,500,1
815,1,2023,9,17,8,3842,1.0,0,0,0,b,c,975.0,6,2003,243,0,11,2023,6,0
811,4,2024,6,24,1,3189,1.0,0,0,1,b,c,410.0,2,2014,124,0,6,2019,278,1
1047,6,2023,3,5,9,759,1.0,0,0,0,c,c,873.0,1,2000,278,1,44,2014,429,1
858,6,2024,3,16,27,3881,1.0,1,0,0,a,c,785.0,7,2009,176,0,40,2019,236,1
358,1,2023,8,51,5,869,1.0,1,0,0,a,a,983.0,12,2000,272,1,8,2015,459,0
121,1,2023,7,52,20,2363,1.0,1,0,1,a,c,1069.0,8,2007,191,1,51,2022,53,0
686,3,2023,8,26,1,2634,1.0,1,0,1,d,a,963.0,10,2011,142,0,6,2017,332,1
1022,5,2023,4,49,16,1127,1.0,0,0,0,b,a,729.0,10,2007,186,1,3,2014,500,1
1088,6,2023,7,27,26,2595,1.0,0,0,1,a,a,1100.0,12,2008,175,1,50,2019,185,0
257,6,2024,11,7,10,2627,1.0,1,0,1,c,a,558.0,2,2003,261,1,12,2020,203,0
264,3,2023,4,46,6,3923,1.0,0,0,1,a,a,424.0,4,2016,84,0,13,2015,449,1
42,2,2023,5,22,16,3675,1.0,0,0,1,a,a,50.0,8,2018,57,1,42,2020,136,1
158,1,2024,2,32,8,1718,1.0,1,0,0,b,a,799.0,10,2010,160,1,32,2013,500,1
619,2,2023,8,34,25,2822,1.0,0,a,0,d,c,574.0,10,2001,262,0,28,2013,500,1
610,1,2024,1,17,24,3319,1.0,1,0,0,a,a,939.0,9,2001,268,1,52,2021,121,1
414,7,2023,3,39,19,299,1.0,0,0,1,a,a,229.0,4,2015,95,0,5,2018,294,0
346,2,2024,9,27,18,2802,1.0,1,0,0,d,c,626.0,5,2021,40,1,49,2010,500,0
926,6,2023,1,20,17,3685,1.0,0,0,0,c,b,961.0,1,2019,48,0,14,2019,214,0
513,4,2023,12,16,21,656,1.0,1,0,1,b,c,511.0,4,2009,176,0,33,2014,451,1
902,4,2024,5,39,13,3063,1.0,0,a,1,a,a,943.0,2,2011,159,1,17,2013,500,1
1074,4,2024,5,13,28,429,1.0,0,0,0,a,a,653.0,12,2003,245,0,16,2015,465,1
354,6,2023,7,7,10,1726,1.0,0,0,1,a,c,810.0,2,2001,269,0,17,2016,354,1
227,1,2024,8,46,1,3314,1.0,1,0,0,a,a,999.0,5,2017,87,1,30,2022,120,1
1063,1,2023,6,18,20,3952,1.0,0,0,1,c,b,1106.0,11,2009,163,1,46,2016,336,1
708,3,2023,11,34,19,2965,1.0,0,0,1,c,a,848.0,12,2011,143,1,6,2014,496,1
325,3,2023,12,38,28,2942,1.0,1,0,1,c,a,576.0,5,2007,199,1,35,2020,159,0
694,4,2024,3,44,12,1184,1.0,0,b,1,a,c,683.0,6,2007,201,0,45,2017,363,1
575,6,2023,9,33,12,3336,1.0,1,0,1,a,a,1011.0,7,2022,14,1,39,2010,500,1
1010,5,2024,4,37,16,2703,1.0,1,0,0,c,a,514.0,10,2018,66,1,51,2018,298,1
286,2,2023,12,44,11,3784,1.0,0,0,0,a,c,767.0,10,2015,98,1,1,2017,355,1
1106,3,2024,4,50,22,2490,1.0,1,0,1,a,a,704.0,7,2008,189,1,19,2018,343,1
1044,6,2024,4,3,12,350,1.0,0,0,0,a,a,789.0,5,2016,95,1,23,2012,500,0
202,2,2023,9,39,22,2141,1.0,1,0,1,a,a,517.0,5,2007,196,1,28,2016,375,0
184,4,2023,10,10,12,3142,1.0,1,0,0,a,a,264.0,8,2011,146,1,17,2019,201,1
595,4,2023,2,47,7,3194,1.0,1,0,1,a,b,976.0,11,2003,231,0,14,2019,241,1
51,6,2024,7,3,28,1668,1.0,1,0,0,c,a,1109.0,1,2016,102,1,45,2019,218,1
334,6,2023,5,13,15,849,1.0,0,0,0,a,a,282.0,10,2001,259,0,13,2023,0,0
486,4,2024,8,10,20,3502,1.0,0,0,1,b,a,931.0,6,2016,98,0,50,2017,324,1
1081,3,2023,7,32,17,3328,1.0,0,0,0,b,c,1145.0,2,2013,125,1,2,2016,394,1
1107,3,2024,12,1,11,3539,1.0,1,0,0,a,a,999.0,2,2001,286,1,23,2017,342,0
169,3,2023,12,1,28,2748,1.0,0,0,0,a,c,695.0,5,2011,151,0,32,2014,437,1
995,2,2024,8,27,11,3348,1.0,1,0,1,a,a,537.0,3,2005,233,0,51,2014,496,0
102,5,2024,9,51,28,1730,1.0,1,0,0,a,a,844.0,2,2010,175,1,40,2019,271,0
835,2,2023,11,28,13,3160,1.0,0,0,0,a,c,894.0,4,2000,283,1,1,2014,495,1
943,5,2024,3,24,1,2055,1.0,0,0,0,d,a,849.0,11,2016,88,1,39,2020,193,0
994,6,2023,9,35,2,3218,1.0,0,a,0,a,b,766.0,9,2011,144,1,17,2020,174,1
250,7,2023,10,29,28,756,1.0,0,0,1,a,c,495.0,3,2008,187,0,45,2023,0,1
997,1,2024,2,21,15,1326,1.0,0,0,1,d,c,947.0,9,2020,41,0,41,2011,500,0
130,6,2024,11,31,11,1014,1.0,1,a,1,c,a,961.0,6,2014,125,0,10,2015,489,0
579,1,2024,9,1,23,1744,1.0,1,0,0,c,c,880.0,9,2014,120,1,19,2020,190,1
524,3,2023,5,13,18,3295,1.0,1,0,1,a,a,853.0,3,2003,242,1,43,2016,334,1
353,2,2023,6,36,19,637,1.0,0,0,1,c,c,1324.0,1,2011,149,0,48,2019,196,0
25,2,2023,6,18,20,2975,1.0,0,0,0,b,a,633.0,4,2016,86,1,32,2020,142,1
861,2,2024,12,3,6,3356,1.0,0,0,1,c,a,1204.0,12,2021,36,1,12,2022,95,1
375,1,2023,12,7,3,2750,1.0,1,0,1,c,a,600.0,7,2013,125,1,21,2013,500,1
738,6,2023,10,46,21,2654,1.0,0,0,1,a,a,1153.0,1,2003,249,1,42,2013,500,0
458,1,2023,8,18,1,726,1.0,0,0,1,d,c,1190.0,12,2015,92,0,32,2016,350,1
417,3,2023,2,2,21,2528,1.0,0,0,1,d,a,732.0,10,2001,256,1,11,2017,303,0
989,5,2023,11,38,4,1060,1.0,0,0,1,b,a,1318.0,7,2007,196,0,15,2022,75,0
106,7,2023,2,28,8,1135,1.0,1,0,1,a,b,961.0,9,2021,17,1,11,2010,500,1
822,6,2024,3,24,20,3473,1.0,1,0,0,c,a,557.0,3,2018,72,1,25,2013,500,1
833,1,2024,1,47,18,2537,1.0,0,0,0,a,c,708.0,8,2020,41,0,24,2022,127,0
424,7,2023,12,17,22,3975,1.0,0,a,1,b,a,1160.0,11,2008,181,1,29,2018,248,0
293,5,2024,6,30,18,1927,1.0,1,0,1,a,a,1097.0,6,2015,108,0,50,2019,240,1
6,2,2024,3,39,2,1559,1.0,1,0,1,c,a,503.0,1,2016,98,0,34,2013,500,0
1045,4,2023,1,32,24,3982,1.0,1,0,0,d,a,778.0,10,2005,207,1,31,2018,261,0
1057,7,2023,5,11,7,2565,1.0,0,0,1,a,a,881.0,9,2021,20,0,20,2015,407,0
269,3,2023,9,36,4,3479,1.0,1,0,0,c,c,668.0,9,2022,12,0,34,2020,158,0
36,2,2023,12,39,25,369,1.0,1,0,1,c,a,1527.0,8,2002,256,0,50,2011,500,1
137,7,2024,7,7,6,2198,1.0,0,0,1,a,c,890.0,2,2017,89,0,1,2013,500,1
76,7,2024,8,9,16,3304,1.0,0,0,1,a,a,801.0,2,2010,174,1,19,2019,250,0
927,7,2023,11,36,14,3272,1.0,1,0,1,a,b,1177.0,10,2015,97,0,3,2018,293,1
995,7,2024,11,7,22,2917,1.0,1,0,1,c,a,710.0,11,2012,144,0,11,2021,152,1
171,7,2023,4,46,2,825,1.0,1,0,1,a,a,1122.0,1,2005,219,0,4,2021,146,1
833,4,2024,12,6,3,2277,1.0,1,0,0,a,a,320.0,7,2002,269,1,31,2010,500,1
200,2,2024,7,51,12,585,1.0,1,0,1,a,a,684.0,7,2011,156,1,43,2011,500,1
410,5,2023,12,35,14,3247,1.0,1,0,1,a,a,1135.0,5,2019,55,0,49,2014,454,0
669,2,2023,2,24,23,2596,1.0,0,0,1,a,a,1291.0,8,2018,54,0,13,2023,11,0
803,4,2024,2,14,17,936,1.0,0,0,0,b,a,588.0,11,2006,207,1,37,2016,393,0
976,5,2024,11,18,5,2961,1.0,0,0,1,a,c,553.0,10,2019,61,0,18,2022,104,0
50,7,2023,9,39,28,2933,1.0,1,0,0,c,a,990.0,2,2008,187,1,17,2010,500,1
220,3,2023,3,40,13,401,1.0,1,0,0,c,a,633.0,6,2012,129,1,32,2023,8,0
313,2,2023,11,11,28,538,1.0,0,0,1,c,a,739.0,12,2007,191,0,36,2010,500,0
347,6,2024,2,29,28,963,1.0,0,0,0,a,a,1083.0,3,2012,143,1,31,2021,154,1
1113,1,2024,9,52,2,466,1.0,0,0,0,b,a,657.0,11,2012,142,0,6,2022,150,1
867,4,2024,3,14,15,2241,1.0,1,0,1,c,b,230.0,6,2016,93,0,22,2014,500,0
358,6,2024,1,37,12,3543,1.0,1,0,1,a,b,430.0,7,2010,162,1,15,2014,500,1
1084,4,2024,10,9,14,438,1.0,0,0,1,a,b,823.0,4,2012,150,1,1,2018,320,0
557,3,2024,11,44,9,2535,1.0,0,0,0,a,a,261.0,12,2014,119,1,3,2020,249,0
559,6,2023,2,9,16,1811,1.0,1,a,0,b,a,731.0,7,2009,163,0,24,2011,500,1
484,3,2024,2,16,14,3377,1.0,0,0,0,a,c,402.0,7,2012,139,0,6,2013,500,1
161,5,2023,8,24,6,2031,1.0,0,0,0,d,a,1312.0,6,2001,266,1,39,2020,141,0
1042,4,2023,1,20,9,2741,1.0,0,a,0,c,a,1470.0,2,2020,35,1,3,2021,121,1
16,1,2024,9,9,5,3702,1.0,1,0,0,c,a,503.0,10,2002,263,0,13,2012,500,1
195,4,2024,11,34,24,717,1.0,0,0,0,d,c,897.0,4,2020,55,1,52,2022,86,1
257,1,2024,10,2,19,1399,1.0,0,0,1,c,a,532.0,3,2017,91,0,37,2022,69,0
312,7,2023,3,52,11,1224,1.0,1,0,1,a,c,727.0,10,2021,17,0,29,2022,75,0
147,5,2024,3,3,12,840,1.0,0,0,0,a,a,1361.0,3,2000,288,0,1,2013,500,0
21,3,2023,9,18,3,2662,1.0,0,0,1,c,c,680.0,9,2004,228,1,3,2019,223,0
756,4,2023,1,49,9,228,1.0,0,a,0,a,a,734.0,6,2001,259,1,48,2012,500,0
1081,5,2023,7,9,26,1666,1.0,1,0,1,d,c,537.0,10,2009,165,0,42,2012,500,1
136,2,2024,6,4,1,662,1.0,0,0,0,a,a,1164.0,1,2020,53,0,50,2010,500,0
331,3,2023,9,39,5,2537,1.0,0,0,1,a,c,50.0,10,2017,71,0,43,2016,360,1
565,3,2024,3,4,24,3053,1.0,1,0,0,c,a,687.0,3,2016,96,0,1,2019,263,1
1035,2,2023,10,47,15,1974,1.0,1,0,0,c,c,806.0,11,2019,47,0,42,2012,500,0
775,6,2023,9,24,1,1890,1.0,1,0,1,c,c,622.0,5,2000,280,1,24,2012,500,0
855,1,2024,3,46,14,1909,1.0,1,0,1,a,a,1079.0,1,2018,74,0,37,2013,500,1
648,6,2023,5,13,21,955,1.0,0,b,1,a,a,1181.0,6,2007,191,0,22,2012,500,1
465,3,2024,1,8,10,1627,1.0,0,0,1,b,a,396.0,1,2015,108,1,38,2021,126,0
223,4,2024,6,51,11,3745,1.0,1,0,0,d,c,1448.0,4,2017,86,1,44,2012,500,1
964,2,2023,4,40,18,356,1.0,0,0,1,a,c,393.0,9,2015,91,0,51,2013,500,0
897,3,2024,2,48,17,3192,1.0,1,0,1,b,a,1207.0,7,2009,175,0,29,2014,500,0
28,6,2024,7,17,26,825,1.0,0,0,1,a,a,865.0,9,2014,118,1,15,2012,500,1
798,2,2024,7,22,7,634,1.0,0,0,1,c,a,669.0,11,2010,164,0,32,2023,42,1
95,1,2024,2,31,8,1285,1.0,0,0,1,a,a,697.0,6,2014,116,1,26,2012,500,1
824,4,2024,3,24,5,1222,1.0,0,0,1,d,a,810.0,7,2010,164,0,11,2016,429,1
921,2,2024,1,13,19,1401,1.0,0,0,1,a,c,883.0,1,2009,180,1,38,2017,339,0
147,3,2023,9,20,15,3427,1.0,1,0,0,c,a,544.0,4,2004,233,0,5,2013,500,0
484,4,2024,5,32,10,3637,1.0,1,0,0,c,c,750.0,9,2008,188,1,21,2016,427,1
138,4,2024,1,2,20,2831,1.0,0,0,0,a,c,589.0,1,2016,96,0,37,2012,500,1
633,5,2024,3,18,11,755,1.0,1,0,1,a,a,455.0,5,2020,46,0,48,2016,386,1
1035,5,2024,12,16,6,3793,1.0,1,a,1,b,a,575.0,2,2002,274,1,33,2010,500,0
91,6,2023,4,4,16,3420,1.0,1,0,0,b,a,475.0,11,2004,221,1,51,2016,317,0
444,1,2024,9,7,13,489,1.0,0,0,1,c,a,694.0,7,2011,158,1,44,2015,431,1
1086,3,2024,6,26,12,1671,1.0,0,0,1,b,c,950.0,8,2016,94,1,13,2014,500,1
336,1,2023,3,6,13,3146,1.0,0,0,0,a,a,856.0,9,2003,234,0,44,2011,500,0
148,1,2023,4,18,26,538,1.0,0,0,0,d,a,1412.0,3,2007,193,0,18,2023,0,1
545,2,2024,1,30,7,490,1.0,1,0,1,a,c,157.0,1,2001,276,0,33,2010,500,1
567,5,2023,9,46,8,2502,1.0,1,0,1,b,a,961.0,5,2001,268,1,11,2012,500,0
740,7,2024,5,6,16,1479,1.0,0,0,0,d,a,822.0,3,2003,254,1,28,2011,500,1
350,6,2023,6,23,2,1878,1.0,0,0,0,d,c,1065.0,4,2016,86,1,36,2023,0,1
1066,5,2023,2,6,5,3052,1.0,1,0,0,a,a,1035.0,4,2019,46,0,48,2014,426,1
581,6,2024,10,23,16,2270,1.0,0,0,1,a,a,771.0,10,2011,156,1,50,2016,389,0
320,2,2024,3,25,15,2901,1.0,0,a,0,b,a,872.0,4,2004,239,1,42,2020,191,1
1071,6,2024,7,42,19,679,1.0,1,0,0,a,a,597.0,2,2021,41,1,30,2010,500,0
1032,7,2024,11,23,4,208,1.0,1,0,1,c,a,1004.0,12,2006,215,1,46,2010,500,0
557,1,2024,9,49,24,1156,1.0,0,0,1,a,b,256.0,1,2003,260,1,6,2012,500,0
28,4,2024,8,8,14,967,1.0,0,0,0,a,a,1053.0,3,2003,257,0,52,2019,216,1
666,6,2024,11,3,5,1431,1.0,0,b,1,a,a,813.0,5,2008,198,0,11,2023,44,0
620,4,2024,3,1,9,3158,1.0,0,0,0,c,a,674.0,1,2016,98,1,21,2018,292,0
166,6,2024,12,19,7,777,1.0,0,0,1,c,a,750.0,11,2009,181,1,48,2022,75,0
707,7,2023,7,11,13,679,1.0,0,0,0,a,c,772.0,5,2010,158,1,38,2022,25,0
938,4,2023,5,5,14,962,1.0,1,0,1,a,c,1209.0,10,2007,187,1,45,2013,480,0
119,1,2024,4,13,13,1440,1.0,0,0,0,a,c,1790.0,2,2021,38,1,36,2012,500,0
807,3,2024,9,51,13,949,1.0,0,0,1,b,a,1186.0,7,2015,110,1,32,2012,500,1
157,2,2024,12,42,26,898,1.0,0,0,0,c,a,650.0,2,2015,118,1,10,2021,188,1
835,4,2023,9,1,27,2402,1.0,1,0,0,c,c,1009.0,3,2010,162,0,52,2019,157,1
468,5,2024,1,48,14,623,1.0,0,0,1,d,c,1022.0,5,2012,140,0,34,2022,118,1
8,4,2023,6,11,27,785,1.0,0,0,0,a,c,542.0,11,2020,31,0,35,2017,288,0
1078,2,2024,9,22,23,3379,1.0,1,0,1,c,a,442.0,4,2015,113,1,23,2023,51,0
186,3,2024,5,18,23,269,1.0,1,0,1,a,a,801.0,10,2018,67,0,50,2022,72,0
665,5,2024,10,22,7,433,1.0,1,0,0,b,a,1062.0,2,2000,296,0,24,2021,154,1
203,1,2024,9,40,13,463,1.0,0,0,0,a,a,336.0,4,2019,65,0,10,2021,186,0
1041,2,2023,1,38,10,2236,1.0,0,0,0,c,a,604.0,8,2021,17,0,10,2011,500,1
824,7,2023,7,31,3,2840,1.0,1,0,1,c,a,992.0,6,2015,97,0,37,2020,150,0
897,1,2024,3,33,3,2832,1.0,0,0,1,a,a,833.0,7,2021,32,1,39,2023,46,0
482,3,2024,6,38,18,2822,1.0,1,0,0,c,a,1245.0,9,2013,129,0,11,2014,500,1
522,2,2024,5,10,12,418,1.0,0,0,0,c,a,397.0,1,2006,220,0,37,2021,129,0
708,1,2023,10,21,24,1509,1.0,1,0,0,d,a,1526.0,9,2013,121,0,52,2014,437,1
876,3,2023,11,6,19,2607,1.0,0,0,0,a,a,359.0,11,2014,108,1,28,2012,500,1
945,4,2023,6,37,3,2791,1.0,0,0,1,d,a,211.0,10,2003,236,1,51,2020,142,1
20,2,2023,7,23,24,1469,1.0,1,0,1,c,c,802.0,4,2004,231,1,9,2012,500,1
740,1,2023,8,34,14,3417,1.0,0,0,0,c,a,480.0,5,2006,207,0,21,2016,377,1
122,1,2024,8,30,16,3367,1.0,0,a,1,a,c,808.0,12,2012,140,1,29,2023,53,0
322,5,2024,8,15,28,3109,1.0,0,0,0,c,a,798.0,10,2003,250,0,19,2012,500,0
925,7,2023,10,8,18,3231,1.0,0,0,0,c,b,761.0,12,2017,70,1,6,2012,500,1
280,2,2023,12,51,1,3905,1.0,0,0,1,b,a,567.0,11,2002,253,1,24,2023,27,0
889,3,2023,10,16,5,3216,1.0,0,0,0,d,b,950.0,6,2021,28,1,18,2020,154,0
517,3,2024,2,6,12,2424,1.0,1,0,0,a,c,725.0,2,2015,108,1,11,2016,411,0
260,3,2023,6,16,2,1714,1.0,0,0,0,b,a,1151.0,3,2007,195,1,20,2015,412,1
373,2,2024,6,47,5,1575,1.0,1,0,0,a,c,766.0,4,2008,194,1,22,2023,77,1
592,1,2024,7,14,23,3325,1.0,1,0,0,a,c,531.0,11,2015,104,1,46,2020,176,0
854,4,2023,7,52,4,1324,1.0,1,0,1,a,c,314.0,4,2002,255,1,26,2022,78,1
676,3,2024,9,24,5,2593,1.0,1,0,1,a,a,768.0,5,2016,100,1,22,2011,500,0
1041,3,2024,6,45,15,2110,1.0,0,0,0,a,a,439.0,11,2012,139,0,21,2017,388,1
968,2,2023,4,34,3,1638,1.0,0,0,1,a,c,415.0,2,2005,218,1,32,2020,158,0
840,7,2023,6,3,8,1913,1.0,0,0,0,a,c,978.0,8,2020,34,0,15,2010,500,1
673,5,2024,11,27,27,506,1.0,1,a,0,c,c,287.0,7,2014,124,0,46,2017,345,1
324,3,2024,4,22,18,2895,1.0,0,0,1,a,a,1244.0,12,2003,244,0,22,2010,500,1
461,2,2024,1,11,27,453,1.0,0,0,0,a,c,868.0,6,2015,103,0,23,2022,92,0
133,6,2024,12,29,10,480,1.0,1,0,1,a,c,807.0,7,2009,185,1,4,2019,285,1
418,7,2023,3,6,18,1155,1.0,0,0,0,a,c,510.0,11,2017,64,0,46,2012,500,0
1034,1,2024,8,37,7,2219,1.0,0,0,1,a,b,1049.0,12,2011,152,1,25,2017,376,1
475,7,2023,10,43,11,1338,1.0,1,0,0,d,a,819.0,9,2022,13,0,8,2011,500,0
127,5,2023,4,5,5,3544,1.0,0,0,0,b,b,614.0,9,2021,19,0,9,2021,100,1
727,1,2024,5,25,24,3724,1.0,0,0,1,a,b,880.0,11,2000,282,0,19,2012,500,1
1074,6,2024,4,35,6,1694,1.0,1,0,0,a,a,315.0,12,2009,172,1,41,2018,306,0
968,1,2024,2,4,6,3999,1.0,0,0,0,a,a,329.0,9,2004,233,1,5,2011,500,0
306,1,2023,2,21,13,538,1.0,0,0,0,c,c,484.0,4,2010,154,0,7,2012,500,1
507,1,2023,3,14,13,745,1.0,0,0,1,d,a,925.0,8,2003,235,1,30,2023,0,0
593,4,2024,6,3,9,1519,1.0,0,0,1,a,a,819.0,3,2012,147,1,26,2015,445,1
277,5,2024,7,42,10,3782,1.0,0,0,1,a,b,1135.0,7,2003,252,1,50,2011,500,0
300,3,2024,1,24,9,2113,1.0,0,0,1,b,c,544.0,6,2014,115,0,40,2019,244,0
264,1,2024,11,40,26,2884,1.0,0,0,1,a,b,992.0,12,2010,167,1,35,2012,500,1
1109,2,2023,9,31,17,2680,1.0,0,0,0,a,a,786.0,7,2022,14,1,18,2018,273,1
832,6,2023,1,46,26,2094,1.0,0,0,1,c,a,537.0,12,2020,25,1,33,2021,117,0
938,7,2023,11,52,28,3740,1.0,1,0,1,b,a,936.0,10,2013,121,0,31,2019,229,0
911,6,2023,1,32,19,3827,1.0,0,0,1,a,a,800.0,11,2010,146,1,15,2013,500,0
1070,1,2023,7,19,24,1902,1.0,0,0,1,c,c,631.0,3,2016,88,0,20,2013,500,1
118,6,2024,6,22,4,2912,1.0,0,0,1,a,a,833.0,10,2015,104,1,49,2013,500,1
984,5,2023,7,43,27,2570,1.0,0,0,1,a,a,781.0,4,2003,243,1,28,2018,275,1
75,4,2023,12,23,14,2455,1.0,0,0,0,c,c,774.0,7,2008,185,0,25,2019,206,1
531,2,2024,12,28,20,585,1.0,1,0,0,b,a,696.0,6,2022,30,0,42,2017,350,0
663,7,2023,4,11,7,996,1.0,1,0,0,b,a,429.0,4,2007,192,1,14,2015,413,1
400,4,2023,7,52,3,3962,1.0,1,0,1,c,a,842.0,12,2000,271,1,12,2010,500,1
163,1,2024,12,34,25,1128,1.0,1,0,0,b,a,579.0,11,2019,61,0,52,2021,138,0
215,2,2023,9,18,13,2676,1.0,0,0,0,c,a,514.0,7,2021,26,1,42,2019,184,1
920,3,2024,11,31,4,3663,1.0,1,0,1,b,c,748.0,1,2015,118,0,23,2018,320,1
356,1,2024,6,21,19,2489,1.0,1,0,0,a,c,1040.0,3,2014,123,1,50,2011,500,0
347,3,2023,4,9,2,1017,1.0,1,0,1,c,c,876.0,3,2008,181,0,20,2014,457,1
1030,4,2024,7,46,13,3466,1.0,0,0,1,a,b,661.0,12,2008,187,1,36,2014,500,1
161,7,2024,10,47,20,322,1.0,0,0,0,c,a,649.0,5,2021,41,1,2,2018,357,1
1021,1,2024,12,44,21,2947,1.0,1,0,1,a,c,1011.0,1,2019,71,0,37,2021,163,0
1027,5,2024,9,20,13,1211,1.0,1,0,1,a,a,101.0,8,2011,157,1,10,2022,114,1
668,7,2024,9,14,11,2633,1.0,1,0,0,c,a,1059.0,12,2007,201,0,13,2017,365,1
185,6,2024,7,3,24,2026,1.0,1,0,1,b,a,258.0,7,2004,240,0,43,2015,428,1
174,7,2024,4,39,6,2362,1.0,1,0,1,a,a,395.0,6,2000,286,1,11,2015,496,1
318,2,2023,6,18,3,1651,1.0,1,0,1,a,a,666.0,3,2011,147,1,26,2020,148,1
644,6,2024,6,47,5,2209,1.0,1,b,0,c,a,1471.0,11,2012,139,0,48,2014,500,0
172,7,2024,10,46,23,3756,1.0,0,0,0,d,a,1323.0,2,2015,116,0,50,2015,464,0
509,3,2024,7,7,14,3340,1.0,0,0,0,a,a,1032.0,12,2018,67,0,24,2021,139,0
129,4,2023,10,48,2,1790,1.0,0,0,0,a,a,927.0,3,2008,187,0,5,2017,355,1
603,4,2023,1,8,5,3776,1.0,1,c,1,a,a,261.0,2,2003,239,1,15,2016,357,1
24,4,2024,10,26,1,3578,1.0,1,0,1,a,a,867.0,5,2019,65,0,33,2020,201,1
791,3,2024,7,25,23,2583,1.0,0,0,1,a,a,655.0,1,2017,90,1,18,2014,500,1
62,7,2023,12,50,13,2459,1.0,1,0,0,c,a,575.0,1,2012,143,0,38,2010,500,1
218,7,2023,6,35,2,335,1.0,0,0,1,a,a,866.0,3,2000,279,0,52,2021,87,0
195,3,2023,6,46,7,2191,1.0,0,0,1,a,b,679.0,9,2010,153,1,33,2016,377,0
927,6,2024,2,31,18,1008,1.0,0,0,1,a,b,1081.0,10,2014,112,1,33,2014,500,0
60,3,2023,10,43,17,808,1.0,1,0,0,a,a,239.0,3,2019,55,0,28,2011,500,0
479,6,2024,9,45,23,3461,1.0,0,0,1,a,a,843.0,8,2011,157,0,10,2022,139,1
660,5,2023,11,45,1,1229,1.0,1,0,0,a,c,556.0,5,2010,162,0,31,2020,170,1
576,4,2023,2,22,2,2538,1.0,1,0,1,a,a,697.0,6,2008,176,1,49,2013,493,0
759,1,2023,3,20,1,3495,1.0,1,0,0,c,a,911.0,5,2009,166,0,36,2018,244,1
896,5,2024,11,52,12,2471,1.0,0,a,0,a,a,485.0,11,2000,288,0,40,2016,428,0
439,3,2023,1,40,21,3163,1.0,0,0,1,b,c,869.0,7,2002,246,1,45,2014,463,0
924,2,2024,7,48,19,3145,1.0,1,0,0,c,a,756.0,7,2017,84,1,21,2014,500,1
355,2,2024,5,31,6,1900,1.0,1,0,0,a,c,622.0,11,2008,186,1,18,2011,500,1
1098,7,2023,12,49,19,3702,1.0,0,0,0,a,b,679.0,8,2019,52,0,51,2023,0,0
563,1,2024,11,38,19,3654,1.0,0,0,1,c,a,774.0,2,2009,189,1,24,2022,118,0
821,6,2023,11,39,6,1483,1.0,1,0,0,a,a,590.0,3,2022,20,0,39,2022,52,0
976,7,2023,4,10,21,3312,1.0,1,0,0,a,a,822.0,5,2004,227,1,34,2014,444,0
884,1,2023,8,30,12,895,1.0,0,0,0,c,a,737.0,2,2004,234,0,7,2023,23,0
950,5,2023,9,39,2,625,1.0,0,0,1,b,a,637.0,9,2013,120,1,17,2013,500,1
599,5,2024,12,40,11,2214,1.0,0,0,0,d,a,1297.0,6,2018,78,0,17,2021,179,0
49,3,2024,1,50,22,2502,1.0,1,0,0,a,b,945.0,1,2003,252,0,10,2011,500,1
550,5,2024,12,18,20,2417,1.0,1,0,0,a,c,705.0,5,2011,163,1,41,2014,497,0
203,3,2024,5,16,8,3235,1.0,0,0,0,a,c,864.0,10,2005,223,0,51,2018,277,0
992,4,2024,2,51,22,1685,1.0,1,0,0,a,a,512.0,11,2016,87,1,51,2023,52,0
264,4,2023,8,52,11,3271,1.0,0,0,1,a,c,689.0,12,2012,128,1,11,2013,500,0
255,6,2023,10,10,13,3628,1.0,1,0,0,a,c,724.0,12,2015,94,1,24,2016,350,0
279,5,2023,2,20,3,547,1.0,0,0,1,a,c,446.0,8,2006,198,0,13,2021,111,0
717,3,2024,1,50,28,1907,1.0,0,0,1,a,c,936.0,12,2006,205,1,4,2016,462,1
637,7,2024,11,11,24,1053,1.0,0,0,1,a,a,668.0,12,2014,119,0,33,2019,238,1
1058,6,2023,12,41,6,2694,1.0,0,0,0,a,c,713.0,8,2008,184,0,45,2015,412,0
465,7,2024,2,6,16,1769,1.0,0,a,1,b,a,649.0,5,2015,105,0,5,2010,500,1
315,6,2024,11,10,22,1270,1.0,1,0,0,a,c,1708.0,12,2003,251,0,34,2013,500,1
55,3,2024,11,41,15,1156,1.0,1,0,0,c,a,621.0,5,2006,222,0,2,2017,403,1
8,6,2024,12,32,6,1548,1.0,1,0,0,a,a,199.0,2,2002,274,0,44,2010,500,1
417,3,2024,3,29,28,613,1.0,0,0,1,a,a,340.0,2,2002,265,0,4,2013,500,1
1033,2,2024,7,45,8,597,1.0,0,0,1,d,a,1048.0,7,2006,216,0,23,2023,74,1
584,4,2024,12,16,10,2589,1.0,1,b,0,d,a,1221.0,1,2011,167,0,7,2010,500,0
997,7,2023,11,27,11,3782,1.0,1,0,0,a,c,615.0,2,2003,249,1,22,2013,500,1
114,4,2024,8,32,25,2128,1.0,1,0,1,a,a,1204.0,3,2002,269,0,23,2018,321,0
105,3,2023,3,39,15,3723,1.0,1,0,1,c,a,1042.0,7,2020,32,1,29,2017,322,0
930,4,2024,2,18,21,788,1.0,0,a,1,a,a,763.0,6,2011,152,1,44,2012,500,1
120,3,2023,4,33,26,3898,1.0,1,0,0,a,a,742.0,7,2016,81,0,52,2010,500,0
58,5,2023,1,24,26,2428,1.0,0,0,1,a,a,874.0,7,2016,78,1,18,2022,58,1
451,3,2023,3,29,24,3026,1.0,0,0,1,a,c,1083.0,12,2002,243,0,49,2017,292,0
1032,4,2023,1,45,26,435,1.0,1,0,1,c,c,939.0,3,2014,106,0,23,2018,282,0
769,3,2023,10,21,27,2495,1.0,1,0,0,b,a,617.0,6,2019,52,1,7,2010,500,0
111,3,2023,8,35,28,1655,1.0,0,c,1,a,a,768.0,8,2010,156,0,32,2012,500,1
934,7,2023,7,49,19,3614,1.0,0,0,0,a,c,1414.0,4,2019,51,0,38,2011,500,1
941,3,2023,10,40,4,3211,1.0,0,0,1,a,a,895.0,3,2021,31,0,16,2023,24,1
893,1,2024,5,52,4,3484,1.0,1,0,0,c,c,1081.0,1,2012,148,0,31,2020,229,0
1007,3,2024,5,31,23,3582,1.0,0,a,0,c,a,982.0,4,2002,265,0,23,2017,372,0
268,4,2024,3,15,9,2938,1.0,0,0,0,a,c,902.0,4,2014,119,1,8,2019,267,0
1093,1,2023,6,52,23,1131,1.0,0,0,1,c,a,853.0,3,2020,39,0,21,2012,500,0
358,3,2023,3,34,27,1275,1.0,0,a,1,a,c,1089.0,4,2013,119,1,23,2023,11,0
895,2,2024,8,13,19,3466,1.0,0,0,1,b,c,1036.0,9,2018,71,0,18,2017,359,1
646,4,2023,12,17,22,2486,1.0,1,0,0,a,a,899.0,10,2012,134,1,48,2017,281,0
870,6,2023,7,14,8,3588,1.0,0,0,0,a,a,612.0,7,2009,168,1,21,2023,0,0
701,7,2024,4,44,13,3221,1.0,0,0,0,a,a,936.0,1,2021,39,1,33,2011,500,0
717,3,2024,9,5,28,2506,1.0,0,0,1,c,a,800.0,9,2003,252,1,1,2015,472,0
688,7,2023,10,39,23,779,1.0,0,0,0,a,c,728.0,2,2010,164,0,17,2011,500,0
869,2,2024,6,29,6,3932,1.0,0,0,0,a,a,1624.0,1,2003,257,1,47,2015,450,1
825,6,2023,4,4,27,1123,1.0,0,0,1,c,a,358.0,7,2015,93,0,47,2013,477,1
151,4,2024,9,32,14,1135,1.0,0,0,1,c,a,1108.0,6,2021,39,1,51,2016,397,1
922,6,2023,3,40,24,755,1.0,0,0,1,a,a,561.0,4,2022,11,1,3,2019,245,0
598,6,2023,12,38,15,462,1.0,0,0,1,a,c,859.0,12,2005,216,1,45,2013,500,0
361,4,2024,4,28,17,1625,1.0,0,0,0,c,b,1591.0,2,2016,98,0,14,2010,500,0
574,2,2023,5,18,5,3405,1.0,1,0,0,a,b,531.0,1,2020,40,1,1,2012,500,0
1079,4,2024,9,9,10,3490,1.0,1,0,1,a,a,603.0,8,2019,61,1,5,2020,212,1
957,6,2023,1,1,21,2065,1.0,0,0,0,a,c,815.0,6,2011,139,1,40,2018,221,0
930,7,2024,3,19,24,1395,1.0,0,0,1,a,a,566.0,10,2004,233,1,31,2023,40,1
517,7,2024,2,33,3,1516,1.0,0,0,1,b,a,1085.0,1,2010,169,1,30,2022,107,0
875,2,2023,5,2,3,3691,1.0,0,0,1,c,a,660.0,6,2017,71,1,46,2012,500,0
430,5,2024,7,52,20,409,1.0,0,0,0,a,c,1016.0,2,2014,125,1,5,2020,255,1
766,1,2023,3,31,13,418,1.0,0,0,0,d,c,421.0,1,2008,182,0,5,2011,500,1
714,5,2023,5,16,24,445,1.0,0,0,1,b,b,278.0,6,2004,227,1,49,2011,500,1
279,7,2023,10,51,2,3574,1.0,1,0,0,b,a,751.0,9,2014,109,0,32,2021,123,1
298,1,2024,12,10,10,544,1.0,0,0,0,a,a,349.0,2,2009,190,1,41,2015,437,0
69,5,2024,1,50,1,3777,1.0,0,0,0,a,a,1275.0,11,2010,158,0,28,2023,74,0
156,7,2024,8,15,20,897,1.0,0,0,0,b,b,361.0,7,2021,37,0,8,2010,500,1
484,6,2024,1,20,25,2283,1.0,1,0,1,c,c,509.0,6,2000,283,0,28,2017,356,0
533,3,2024,7,23,5,3887,1.0,0,0,0,a,b,944.0,12,2005,223,0,51,2014,492,0
185,1,2023,11,52,10,640,1.0,1,0,1,a,a,644.0,4,2021,31,0,7,2023,45,0
465,7,2024,10,14,24,1269,1.0,1,0,1,a,a,364.0,3,2021,43,0,7,2019,267,1
674,7,2024,3,51,2,2964,1.0,0,0,0,a,a,1432.0,10,2006,209,0,19,2020,240,1
260,5,2023,4,19,27,3304,1.0,1,0,1,a,c,520.0,2,2022,14,0,24,2014,463,1
378,7,2024,10,15,25,3647,1.0,0,0,1,a,c,761.0,11,2004,239,1,33,2022,86,1
410,1,2023,10,34,5,273,1.0,0,0,1,a,a,757.0,10,2001,264,0,9,2021,129,0
564,5,2023,4,37,4,3152,1.0,1,0,1,c,b,1033.0,12,2007,184,1,49,2020,144,1
409,1,2023,1,18,20,1422,1.0,0,0,1,c,b,959.0,6,2012,127,0,8,2016,374,0
822,7,2023,6,7,1,2319,1.0,0,0,0,a,a,572.0,8,2000,274,0,11,2022,48,0
366,5,2023,8,21,15,3643,1.0,0,0,1,a,a,722.0,11,2003,237,0,51,2019,178,1
484,7,2024,6,29,2,3628,1.0,0,0,1,a,a,752.0,2,2018,76,0,20,2010,500,0
424,4,2024,12,3,15,903,1.0,0,a,0,a,c,1045.0,4,2014,128,1,30,2022,77,0
204,1,2024,10,5,10,1988,1.0,1,0,0,c,a,470.0,6,2013,136,1,23,2010,500,1
765,1,2023,10,48,20,1279,1.0,1,0,0,a,a,1425.0,8,2022,14,0,14,2019,242,0
263,3,2023,1,2,25,2536,1.0,0,0,1,c,a,592.0,9,2005,208,1,27,2013,495,1
332,6,2023,11,22,14,3340,1.0,0,0,1,a,b,817.0,12,2020,35,0,41,2022,33,0
884,2,2024,10,40,18,1408,1.0,0,0,0,d,a,472.0,6,2008,196,1,1,2020,247,1
1058,6,2023,5,18,17,661,1.0,1,0,0,c,c,431.0,3,2021,26,0,46,2021,76,0
748,2,2024,8,26,28,444,1.0,1,0,0,c,a,558.0,3,2018,77,0,10,2019,276,1
1022,4,2024,10,5,7,402,1.0,0,0,1,d,c,529.0,10,2004,240,0,48,2017,321,1
953,2,2024,11,42,7,1592,1.0,1,0,1,a,a,696.0,6,2004,245,0,51,2022,95,0
537,4,2024,7,33,11,3870,1.0,0,0,1,a,a,526.0,8,2012,143,1,49,2014,500,0
859,4,2023,1,45,21,1156,1.0,0,0,1,a,c,1029.0,7,2011,138,1,34,2017,323,0
367,1,2024,8,45,25,1738,1.0,1,b,1,c,a,585.0,10,2005,226,1,48,2014,500,0
514,4,2024,9,19,8,2764,1.0,1,0,0,c,a,552.0,3,2005,234,1,45,2011,500,0
598,6,2024,1,3,4,2699,1.0,1,0,1,a,c,702.0,3,2020,46,0,34,2022,73,0
1071,7,2024,10,19,18,1226,1.0,1,0,0,c,a,1118.0,9,2017,85,1,47,2016,388,0
947,3,2024,3,8,17,683,1.0,0,0,1,a,a,884.0,6,2004,237,1,18,2010,500,1
546,7,2024,11,28,11,794,1.0,0,0,0,a,c,790.0,10,2016,97,1,44,2021,140,1
728,7,2023,7,8,6,1036,1.0,1,0,1,b,b,390.0,2,2003,245,0,49,2023,0,1
226,7,2024,4,48,24,527,1.0,0,0,0,a,a,477.0,4,2010,168,1,34,2019,274,1
897,3,2024,1,32,24,1947,1.0,1,0,1,a,a,436.0,12,2000,277,1,7,2014,500,1
617,6,2023,1,14,21,2653,1.0,1,b,0,c,a,1212.0,11,2014,98,0,12,2022,54,0
594,4,2024,9,48,17,2765,1.0,0,0,0,a,a,979.0,1,2004,248,1,9,2020,247,1
855,1,2023,5,41,8,3654,1.0,0,0,1,a,a,562.0,10,2005,211,1,28,2013,500,0
706,2,2024,11,23,12,1314,1.0,0,0,0,a,a,651.0,1,2004,250,1,23,2014,500,1
81,5,2023,3,8,2,2688,1.0,1,0,0,a,c,572.0,2,2004,229,1,44,2023,0,1
322,2,2023,12,18,7,3561,1.0,0,0,0,c,a,554.0,11,2001,265,0,15,2023,3,0
198,4,2024,12,31,13,307,1.0,0,0,1,c,a,958.0,2,2012,154,1,9,2019,282,0
820,6,2023,2,40,13,3168,1.0,0,0,1,a,c,734.0,4,2019,46,1,33,2010,500,0
40,2,2023,8,14,3,535,1.0,0,0,1,c,c,1444.0,2,2006,210,0,8,2013,500,0
226,4,2023,12,39,27,2295,1.0,0,a,1,c,c,1195.0,8,2017,76,1,48,2014,459,0
667,2,2023,4,15,8,3356,1.0,1,0,0,c,a,1213.0,1,2012,135,0,5,2017,322,0
775,4,2024,1,13,15,1945,1.0,0,b,1,b,b,1021.0,4,2005,225,1,26,2022,91,0
562,2,2024,11,24,14,2327,1.0,0,0,1,a,c,693.0,4,2001,283,0,50,2021,130,0
960,7,2023,6,9,14,2554,1.0,1,0,0,c,a,999.0,8,2018,58,0,29,2013,500,1
1025,1,2024,1,22,24,2395,1.0,0,0,1,a,a,715.0,6,2000,283,0,43,2011,500,0
148,7,2023,11,19,21,2980,1.0,0,0,1,a,a,1309.0,3,2009,176,0,23,2013,500,0
1063,6,2024,9,15,25,3464,1.0,0,0,0,a,c,941.0,6,2000,291,1,40,2013,500,1
686,6,2023,1,41,11,712,1.0,1,0,0,a,a,899.0,6,2017,67,0,37,2022,56,1
710,6,2023,4,18,8,1780,1.0,0,0,1,a,a,858.0,5,2022,11,1,27,2010,500,0
107,2,2023,1,37,12,3440,1.0,0,0,1,c,a,1342.0,7,2007,186,0,6,2021,135,0
694,7,2024,12,38,16,1649,1.0,0,0,0,a,c,390.0,4,2007,212,0,51,2019,247,0
810,5,2024,1,35,10,2059,1.0,0,0,0,a,a,1371.0,5,2012,140,1,3,2011,500,0
648,7,2023,10,15,13,3020,1.0,1,0,1,d,a,764.0,10,2011,144,0,19,2019,204,1
95,7,2024,7,44,5,3754,1.0,0,0,1,a,c,398.0,4,2008,195,0,34,2018,322,0
584,5,2024,7,13,17,1156,1.0,0,0,1,a,a,594.0,4,2008,195,1,40,2010,500,0
1044,3,2023,10,15,20,3831,1.0,0,0,1,c,a,325.0,2,2004,236,0,28,2013,500,0
807,1,2024,11,46,15,2897,1.0,0,b,1,d,a,1016.0,9,2005,230,1,21,2014,500,1
154,1,2024,2,18,25,316,1.0,0,c,0,c,a,509.0,9,2013,125,1,22,2013,500,0
1071,3,2023,1,37,28,3474,1.0,0,0,1,a,a,871.0,9,2016,76,1,51,2018,246,0
1070,6,2024,2,3,26,1661,1.0,0,0,0,a,a,1160.0,3,2017,83,0,18,2018,297,1
189,4,2023,9,32,3,1272,1.0,1,0,0,c,a,618.0,6,2011,147,0,45,2012,500,1
893,4,2024,7,46,25,2199,1.0,0,0,0,c,c,740.0,4,2017,87,1,3,2011,500,0
454,2,2023,2,37,10,2389,1.0,0,0,0,a,a,429.0,10,2013,112,1,35,2019,210,1
662,4,2024,3,31,13,2250,1.0,0,a,0,c,a,703.0,5,2008,190,1,36,2016,411,1
497,5,2023,7,45,12,409,1.0,1,c,0,b,b,1592.0,5,2008,182,0,36,2013,500,0
873,7,2024,9,16,8,3325,1.0,1,0,0,a,c,1053.0,6,2011,159,1,22,2013,500,1
1112,6,2024,5,20,25,1498,1.0,1,0,0,a,a,741.0,10,2007,199,1,36,2010,500,0
887,5,2023,12,4,18,736,1.0,0,0,0,a,a,636.0,9,2017,75,1,24,2021,84,0
1039,7,2024,12,37,28,2350,1.0,0,0,0,d,a,807.0,10,2004,242,1,31,2021,162,1
1055,3,2024,10,38,27,2565,1.0,1,0,0,a,c,859.0,6,2001,280,0,47,2017,355,1
101,7,2024,6,40,12,593,1.0,1,0,1,c,c,694.0,10,2011,152,0,35,2014,500,0
283,3,2023,11,39,21,3781,1.0,0,0,0,a,a,979.0,11,2001,264,0,39,2013,500,0
805,1,2024,9,7,15,2482,1.0,1,0,0,c,a,534.0,7,2004,242,1,51,2014,476,0
658,3,2023,7,35,14,3987,1.0,0,0,1,a,a,532.0,9,2008,178,1,12,2022,75,0
56,1,2023,6,40,21,2747,1.0,1,0,1,d,b,931.0,11,2000,271,0,31,2011,500,0
106,1,2024,10,11,20,238,1.0,0,a,0,a,a,469.0,11,2005,227,0,35,2021,132,0
581,7,2024,7,25,26,991,1.0,1,0,0,c,a,1039.0,4,2012,147,0,37,2014,500,0
688,6,2024,3,48,22,3895,1.0,0,0,0,b,a,816.0,9,2008,186,0,7,2013,500,1
188,2,2023,12,22,18,2326,1.0,0,0,0,a,b,272.0,6,2020,42,0,40,2021,86,1
191,6,2024,1,40,26,664,1.0,0,0,1,d,c,853.0,2,2002,263,1,11,2023,81,1
145,1,2024,9,28,3,482,1.0,0,0,0,a,a,314.0,5,2016,100,1,22,2023,58,0
630,2,2023,8,35,22,2240,1.0,0,a,0,c,c,1028.0,12,2013,116,0,38,2013,500,1
9,5,2024,8,33,11,2457,1.0,1,0,1,a,a,745.0,12,2014,116,0,14,2018,331,1
639,3,2023,1,34,13,1136,1.0,0,0,1,c,b,1375.0,10,2015,87,0,7,2014,495,1
531,6,2023,6,41,22,940,1.0,1,0,0,d,c,1141.0,12,2001,258,0,36,2012,500,1
520,7,2024,11,48,8,2504,1.0,0,0,1,c,a,502.0,7,2018,76,0,15,2015,500,0
758,1,2024,3,16,25,1855,1.0,0,0,0,a,a,214.0,10,2007,197,0,43,2010,500,1
583,1,2023,9,49,14,340,1.0,0,0,1,a,a,593.0,2,2014,115,0,47,2012,500,1
812,7,2023,11,33,10,419,1.0,0,0,1,c,c,454.0,4,2006,211,0,19,2018,274,0
852,4,2023,12,31,10,1105,1.0,1,0,1,a,a,1368.0,3,2009,177,1,39,2019,200,1
1026,4,2024,7,18,12,2343,1.0,1,0,0,d,a,817.0,12,2016,91,0,12,2013,500,0
892,4,2023,4,22,27,1342,1.0,1,a,1,a,a,1100.0,8,2021,20,0,49,2017,285,0
578,4,2024,9,34,3,256,1.0,0,0,0,a,a,734.0,12,2020,45,0,13,2020,229,0
549,5,2024,6,19,15,3679,1.0,0,0,1,c,a,766.0,5,2016,97,0,46,2022,77,0
263,5,2023,8,15,24,2835,1.0,0,0,1,a,c,810.0,5,2012,135,1,41,2017,286,1
669,2,2024,9,43,14,2417,1.0,0,0,1,a,a,1152.0,9,2012,144,0,17,2013,500,0
156,5,2024,9,22,16,1128,1.0,1,0,1,a,a,913.0,7,2022,26,0,43,2019,239,0
1039,5,2024,3,34,10,2891,1.0,0,0,0,d,a,503.0,5,2004,238,1,33,2012,500,0
943,1,2023,10,2,4,3795,1.0,1,0,0,b,c,1307.0,4,2021,30,0,35,2011,500,1
134,3,2023,7,5,18,2768,1.0,1,0,1,d,a,732.0,7,2014,108,0,20,2015,401,1
877,6,2023,12,45,26,1323,1.0,0,0,1,a,a,683.0,1,2014,119,0,13,2014,500,0
131,5,2024,8,8,15,1690,1.0,1,0,1,a,a,50.0,3,2013,137,0,37,2012,500,0
805,1,2024,11,42,13,3730,1.0,1,0,1,a,a,1010.0,1,2018,82,1,3,2010,500,0
98,1,2023,12,47,4,253,1.0,1,0,1,a,a,850.0,2,2015,106,1,19,2023,28,0
545,5,2023,12,26,27,1040,1.0,0,0,0,a,a,850.0,3,2002,261,0,8,2019,226,0
734,4,2024,9,46,25,606,1.0,1,0,0,a,a,699.0,1,2017,92,0,1,2020,253,1
813,7,2023,8,23,26,2636,1.0,0,0,0,a,b,647.0,1,2016,91,0,1,2010,500,1
467,4,2023,2,50,11,1943,1.0,0,0,0,c,a,709.0,10,2021,16,1,5,2021,149,1
1028,7,2024,5,13,18,706,1.0,1,0,0,a,a,959.0,3,2021,38,1,49,2015,432,0
864,2,2023,6,23,13,3776,1.0,1,0,1,a,c,1012.0,7,2021,23,0,41,2020,138,1
233,4,2023,10,21,7,2296,1.0,0,0,0,a,a,751.0,2,2000,284,1,52,2016,333,0
749,1,2023,8,41,6,1145,1.0,1,0,0,a,a,1105.0,12,2014,104,0,5,2013,500,1
815,5,2023,6,3,11,3794,1.0,0,b,1,c,c,796.0,3,2021,27,1,52,2013,471,1
373,2,2024,2,44,16,2853,1.0,0,0,1,c,a,669.0,9,2022,17,0,32,2011,500,1
824,4,2024,9,2,4,693,1.0,1,0,0,c,b,880.0,8,2012,145,0,42,2021,116,0
1002,3,2024,6,17,20,3341,1.0,0,0,0,a,a,412.0,10,2020,44,1,45,2016,388,0
912,2,2023,1,31,13,424,1.0,0,0,1,a,c,890.0,8,2020,29,1,14,2020,173,0
851,1,2024,4,8,25,3645,1.0,0,0,0,c,a,357.0,7,2000,285,0,39,2021,125,1
708,4,2023,11,26,8,1695,1.0,0,0,1,d,a,512.0,10,2020,37,1,34,2012,500,1
302,7,2024,2,52,2,1315,1.0,0,0,0,a,c,214.0,10,2014,112,0,22,2014,500,0
887,2,2023,5,43,9,403,1.0,0,0,0,a,a,767.0,5,2013,120,0,26,2011,500,1
407,3,2024,7,2,28,3738,1.0,0,0,1,c,a,1303.0,12,2004,235,1,11,2010,500,0
594,2,2023,2,31,10,2326,1.0,0,0,0,d,a,785.0,12,2021,14,1,10,2023,21,0
351,6,2023,2,32,20,2510,1.0,0,0,1,a,a,1013.0,9,2006,197,0,48,2019,192,1
350,3,2023,12,4,24,3431,1.0,1,0,1,a,b,1526.0,12,2009,168,1,39,2016,329,1
176,7,2023,8,34,8,2131,1.0,0,a,1,c,a,941.0,2,2006,210,1,30,2012,500,1
1072,2,2023,3,28,18,1301,1.0,0,0,1,c,a,590.0,7,2022,8,0,37,2018,251,1
165,1,2024,3,36,6,3157,1.0,1,0,1,a,a,632.0,8,2011,151,1,22,2017,378,1
97,5,2024,6,16,11,2214,1.0,0,0,1,a,a,820.0,12,2002,258,0,13,2013,500,1
1044,5,2023,9,14,9,1107,1.0,0,0,1,b,c,630.0,2,2000,283,1,49,2010,500,0
619,7,2024,9,39,19,3409,1.0,0,0,0,c,a,653.0,10,2022,23,0,52,2016,403,1
489,7,2024,3,38,25,3287,1.0,0,0,0,c,a,1116.0,1,2005,230,0,12,2017,390,1
823,7,2024,9,9,8,1139,1.0,1,0,0,a,a,1128.0,5,2017,88,0,42,2021,123,1
428,5,2024,11,12,9,2669,1.0,1,0,0,a,a,326.0,9,2000,290,0,23,2015,457,0
143,3,2024,3,31,23,3699,1.0,1,c,1,c,a,575.0,4,2020,47,0,37,2011,500,1
814,4,2024,1,44,13,3237,1.0,0,0,1,a,c,681.0,11,2014,110,1,6,2022,142,0
197,1,2024,12,11,15,955,1.0,1,0,1,a,a,1000.0,12,2005,228,0,25,2015,454,0
617,4,2024,7,12,20,3451,1.0,0,0,1,a,a,1163.0,2,2020,53,0,7,2020,213,0
1059,3,2023,10,43,4,414,1.0,1,0,1,a,c,1631.0,4,2006,210,0,43,2010,500,0
1044,1,2023,4,37,25,2545,1.0,1,0,0,c,a,680.0,1,2022,15,0,21,2010,500,0
403,2,2023,4,47,11,2143,1.0,0,0,1,a,c,695.0,9,2013,115,0,14,2010,500,0
871,4,2024,3,41,19,339,1.0,1,0,1,c,a,997.0,11,2010,160,1,37,2021,160,0
684,3,2023,3,50,13,2958,1.0,0,0,0,b,a,615.0,8,2001,259,0,50,2013,500,0
535,7,2024,6,10,22,1331,1.0,1,0,0,a,a,778.0,2,2005,232,1,18,2021,148,1
157,4,2024,2,15,18,3438,1.0,0,0,0,c,a,695.0,3,2001,275,1,38,2023,29,1
420,7,2024,11,13,5,3536,1.0,0,0,1,a,c,50.0,1,2019,70,0,36,2019,237,0
727,5,2023,7,3,6,2443,1.0,1,0,1,c,a,857.0,6,2002,253,1,26,2023,0,0
1101,1,2024,11,41,25,2582,1.0,1,0,1,a,a,765.0,9,2002,266,0,42,2023,51,1
6,2,2024,7,35,15,397,1.0,1,0,0,d,c,1201.0,2,2002,269,1,7,2020,236,1
801,5,2023,4,5,8,3582,1.0,0,0,0,a,a,822.0,11,2022,5,1,46,2021,63,1
944,4,2024,7,11,5,2789,1.0,0,0,1,b,a,444.0,4,2022,27,1,22,2018,301,0
1061,3,2023,2,10,4,1661,1.0,0,0,1,a,a,743.0,7,2016,79,1,3,2013,500,0
473,4,2024,10,21,26,525,1.0,1,0,0,a,a,193.0,9,2001,277,0,52,2011,500,0
133,7,2024,9,24,28,2117,1.0,0,0,1,a,c,457.0,7,2011,158,0,41,2015,451,1
303,3,2023,2,16,12,3623,1.0,1,0,1,a,a,1011.0,6,2021,20,1,43,2016,337,0
949,1,2023,7,49,6,3477,1.0,0,0,1,a,b,746.0,5,2002,254,0,8,2014,500,0
979,3,2023,7,12,12,574,1.0,0,0,0,a,a,1097.0,6,2018,61,1,40,2011,500,0
711,7,2023,3,30,4,3095,1.0,1,0,1,c,a,230.0,3,2000,276,0,37,2017,305,1
137,6,2024,2,23,16,510,1.0,0,0,0,a,a,747.0,4,2018,70,0,47,2016,392,1
136,6,2023,10,21,18,1634,1.0,1,0,0,a,a,677.0,10,2012,132,0,20,2023,1,0
534,7,2023,4,43,28,1899,1.0,1,0,0,d,a,1107.0,11,2020,29,1,49,2023,0,1
656,1,2024,7,51,9,285,1.0,0,0,0,c,a,1022.0,11,2009,176,0,37,2018,326,0
37,2,2024,3,1,6,721,1.0,0,0,1,a,a,1013.0,4,2018,71,0,14,2021,143,1
765,1,2024,8,25,4,3545,1.0,0,0,0,a,a,1282.0,4,2019,64,1,12,2014,500,0
608,1,2024,1,7,11,2591,1.0,0,0,1,a,a,710.0,1,2007,204,0,47,2023,12,1
14,6,2023,5,23,17,3188,1.0,1,0,0,b,a,1221.0,4,2014,109,0,34,2023,0,1
107,7,2024,7,33,2,2371,1.0,0,0,1,c,c,507.0,8,2010,167,0,7,2011,500,0
507,2,2023,6,22,22,1906,1.0,0,0,0,b,a,496.0,4,2009,170,0,7,2019,223,0
806,6,2024,8,17,13,269,1.0,1,0,1,d,a,1046.0,9,2018,71,0,44,2016,389,0
921,4,2024,3,17,23,2275,1.0,0,0,1,c,c,369.0,1,2005,230,1,9,2013,500,1
481,1,2024,6,16,13,3128,1.0,0,0,0,d,a,992.0,5,2002,265,0,12,2015,472,1
330,7,2024,10,17,5,976,1.0,0,0,0,b,a,850.0,4,2011,162,0,32,2022,89,0
1080,7,2024,5,20,1,2065,1.0,1,0,0,c,c,1142.0,6,2018,71,0,45,2022,79,0
512,4,2023,2,36,16,1765,1.0,0,0,1,c,a,802.0,1,2003,241,0,18,2014,486,1
352,5,2024,11,5,16,3509,1.0,1,0,1,c,a,837.0,6,2007,209,0,35,2016,386,1
494,3,2024,10,3,23,820,1.0,1,a,0,a,a,973.0,10,2015,108,1,37,2017,330,0
14,6,2024,9,27,25,600,1.0,1,0,0,a,a,621.0,11,2010,166,1,32,2020,203,0
337,4,2023,10,36,5,1000,1.0,0,0,0,a,a,608.0,4,2013,126,0,36,2016,364,0
575,7,2023,10,14,9,793,1.0,1,0,0,a,a,962.0,6,2012,136,0,12,2015,418,0
1025,1,2024,9,11,6,3416,1.0,0,0,1,d,a,811.0,9,2018,72,1,33,2022,82,0
824,2,2023,7,33,3,1190,1.0,1,0,0,c,a,698.0,6,2020,37,0,1,2015,448,0
872,7,2023,1,20,1,1577,1.0,0,0,1,a,a,795.0,7,2010,150,0,38,2013,500,0
608,3,2023,8,39,3,1177,1.0,0,0,0,a,a,1298.0,5,2009,171,0,42,2014,465,0
124,3,2024,4,8,15,3295,1.0,1,0,1,a,a,687.0,11,2006,209,0,42,2014,486,1
436,6,2023,10,7,5,2723,1.0,0,0,0,c,a,678.0,8,2010,158,1,2,2017,317,0
1112,2,2023,6,29,6,2000,1.0,1,0,0,d,a,308.0,12,2019,42,1,48,2019,189,1
50,4,2023,11,21,4,3235,1.0,1,0,1,a,a,807.0,10,2011,145,0,23,2011,500,1
981,3,2024,8,38,21,468,1.0,0,0,1,a,c,1017.0,5,2015,111,0,5,2022,137,0
764,2,2024,7,27,18,2778,1.0,0,0,1,d,c,1071.0,4,2009,183,0,28,2013,500,1
317,7,2023,12,19,27,1573,1.0,1,0,0,c,a,852.0,2,2016,94,1,30,2011,500,0
868,2,2023,6,9,4,1641,1.0,0,0,1,c,a,1107.0,8,2016,82,0,21,2019,196,1
934,1,2024,5,9,6,801,1.0,1,0,1,a,c,1039.0,9,2012,140,0,39,2012,500,0
49,5,2023,5,40,13,568,1.0,0,0,0,a,b,1154.0,5,2021,24,1,29,2020,167,1
119,7,2024,11,12,19,2835,1.0,0,0,1,c,c,1115.0,1,2020,58,1,12,2023,52,1
743,1,2023,10,27,4,3430,1.0,0,0,0,a,c,1291.0,10,2003,240,0,33,2019,202,0
1115,5,2024,2,43,6,3663,1.0,0,0,0,c,c,769.0,3,2005,227,0,14,2020,237,1
27,4,2023,6,47,12,1125,1.0,0,0,1,c,a,422.0,7,2021,23,0,7,2016,404,1
743,6,2024,5,14,1,3099,1.0,0,0,1,a,a,1019.0,1,2009,184,1,14,2014,500,1
153,1,2023,8,6,12,622,1.0,1,0,1,a,a,1054.0,1,2007,199,1,48,2018,218,0
725,7,2024,1,41,22,3158,1.0,1,0,1,c,a,1291.0,11,2018,62,1,30,2015,479,1
695,5,2024,9,36,15,2351,1.0,0,0,0,d,c,1204.0,9,2013,132,0,17,2022,123,1
101,6,2024,9,18,13,3475,1.0,1,0,0,a,c,1404.0,1,2003,260,0,20,2016,414,0
760,3,2023,3,31,14,456,1.0,0,0,0,c,a,1006.0,2,2002,253,0,45,2016,350,0
1001,7,2023,2,10,27,3151,1.0,1,0,0,a,a,889.0,6,2018,56,0,35,2019,183,0
963,5,2024,8,37,15,1974,1.0,0,0,1,d,c,405.0,9,2017,83,0,41,2012,500,0
33,1,2024,4,38,15,2360,1.0,1,0,1,c,c,912.0,6,2008,190,0,32,2017,370,1
275,7,2023,12,16,27,2247,1.0,0,a,0,a,c,654.0,11,2019,49,0,52,2020,120,1
269,6,2023,10,25,5,2914,1.0,0,0,0,c,b,883.0,8,2002,254,1,35,2020,146,0
506,3,2023,12,18,3,2476,1.0,1,0,0,c,c,836.0,8,2019,52,1,21,2013,500,0
160,4,2024,7,2,13,1780,1.0,0,0,0,c,a,962.0,4,2001,279,0,14,2010,500,0
953,3,2024,12,7,9,1854,1.0,0,0,0,a,a,791.0,9,2014,123,0,3,2012,500,1
867,4,2024,1,50,6,468,1.0,1,0,0,c,a,1101.0,11,2019,50,1,40,2021,166,0
902,7,2024,4,24,4,2952,1.0,1,0,1,c,a,50.0,1,2014,123,0,49,2013,500,1
221,7,2023,1,8,25,2881,1.0,0,0,1,a,c,877.0,9,2017,64,0,35,2010,500,1
17,2,2023,9,3,18,2354,1.0,0,0,0,a,a,1181.0,11,2007,190,1,26,2018,237,0
1016,7,2023,7,19,20,2942,1.0,1,0,0,c,b,1381.0,6,2006,205,0,7,2022,64,1
323,4,2024,4,52,4,1222,1.0,0,0,0,b,a,1040.0,10,2006,210,0,34,2013,500,1
732,5,2023,4,21,10,1050,1.0,1,0,1,a,c,1325.0,5,2002,251,1,11,2010,500,1
1015,6,2023,8,52,18,3714,1.0,1,0,0,c,a,871.0,3,2006,209,1,33,2011,500,1
41,4,2023,3,26,15,3824,1.0,0,0,1,a,a,821.0,10,2005,209,0,16,2011,500,0
7,4,2023,7,40,20,3440,1.0,1,0,0,c,a,979.0,4,2017,75,1,46,2012,500,1
7,4,2024,8,41,19,399,1.0,1,b,0,a,a,819.0,10,2004,238,0,49,2012,500,0
175,7,2023,3,2,12,2285,1.0,0,0,0,a,a,585.0,4,2003,239,1,13,2018,249,1
58,3,2023,3,1,22,2996,1.0,1,0,0,d,b,665.0,5,2016,82,1,17,2013,500,0
915,2,2024,5,48,8,341,1.0,1,a,0,c,a,486.0,9,2012,140,1,48,2017,364,1
676,3,2023,8,49,3,3880,1.0,0,a,1,a,c,979.0,5,2004,231,1,2,2015,463,1
1093,2,2023,4,7,26,3190,1.0,0,0,1,d,c,823.0,10,2016,78,1,27,2019,188,1
894,3,2023,5,34,1,1374,1.0,0,0,0,d,a,712.0,1,2004,232,0,8,2019,234,0
1074,1,2024,7,49,8,2124,1.0,0,0,0,c,a,650.0,1,2018,78,1,23,2018,338,0
266,1,2023,3,50,4,3667,1.0,0,0,0,a,a,972.0,1,2000,278,0,2,2022,100,1
321,6,2024,7,16,7,3443,1.0,1,0,1,a,a,1054.0,4,2013,135,0,8,2012,500,1
948,1,2024,2,43,12,3340,1.0,0,b,0,c,a,481.0,1,2013,133,0,21,2017,386,1
274,4,2024,2,34,4,3939,1.0,1,0,0,d,c,434.0,5,2008,189,0,4,2015,498,1
64,6,2023,3,49,14,3027,1.0,1,0,1,a,c,1106.0,1,2015,98,1,42,2017,319,1
747,6,2024,4,8,26,3754,1.0,0,0,1,a,a,407.0,10,2008,186,0,31,2011,500,0
894,4,2023,1,32,4,3824,1.0,0,0,1,a,c,984.0,2,2015,95,0,24,2014,476,1
1080,2,2023,12,2,26,274,1.0,0,0,0,a,c,1305.0,12,2005,216,0,25,2023,0,1
1035,7,2024,4,19,12,2685,1.0,1,0,1,b,a,1306.0,11,2013,125,1,44,2021,131,0
135,6,2023,10,1,17,1469,1.0,1,a,0,a,c,1041.0,9,2017,73,1,44,2015,373,0
861,5,2023,11,24,13,2080,1.0,0,0,0,b,c,1033.0,10,2022,13,1,3,2011,500,1
944,1,2023,10,43,9,837,1.0,0,0,1,b,c,1496.0,10,2008,180,0,36,2019,215,0
779,1,2023,10,35,4,2767,1.0,0,0,0,a,c,120.0,11,2010,155,1,25,2014,478,0
915,3,2023,2,17,17,3372,1.0,1,c,1,c,a,681.0,7,2010,151,0,41,2014,444,1
935,2,2024,5,23,26,1764,1.0,1,0,1,a,a,1075.0,8,2019,57,0,41,2011,500,1
498,7,2024,9,20,15,2853,1.0,0,0,1,a,c,719.0,6,2022,27,1,37,2014,500,0
45,2,2023,7,39,17,1434,1.0,0,0,0,a,a,1192.0,8,2014,107,0,36,2012,500,1
509,2,2024,1,14,19,3048,1.0,1,0,1,a,a,808.0,5,2018,68,1,12,2010,500,0
225,7,2023,7,5,11,512,1.0,1,0,1,a,a,860.0,2,2001,269,0,45,2018,220,1
127,6,2023,10,27,4,3544,1.0,1,0,0,d,a,738.0,12,2017,70,1,37,2023,0,1
140,2,2023,10,44,15,1636,1.0,1,0,1,a,a,663.0,9,2018,61,0,15,2011,500,0
778,3,2023,5,25,25,2118,1.0,0,a,1,a,c,656.0,9,2016,80,1,13,2010,500,0
563,4,2023,3,11,9,3252,1.0,1,a,0,c,a,901.0,4,2013,119,0,27,2011,500,1
602,5,2023,4,3,25,313,1.0,0,0,1,d,a,588.0,10,2020,30,1,18,2017,297,0
831,7,2023,4,50,24,3792,1.0,0,b,1,a,a,1106.0,7,2015,93,1,36,2021,118,1
612,7,2024,5,40,7,2534,1.0,0,0,0,a,a,1016.0,1,2019,64,0,22,2014,500,0
703,7,2023,4,9,17,3905,1.0,0,0,1,a,c,1150.0,12,2004,220,0,9,2011,500,1
96,1,2023,6,4,21,2294,1.0,1,0,1,a,c,481.0,12,2015,90,1,21,2011,500,1
950,2,2023,1,7,14,984,1.0,1,0,1,a,c,310.0,11,2010,146,0,43,2018,224,1
501,4,2024,4,20,20,2413,1.0,1,0,1,c,a,819.0,6,2019,58,0,44,2014,496,1
174,1,2023,4,43,26,2371,1.0,0,0,0,a,c,1690.0,3,2020,37,1,17,2014,494,1
907,3,2024,2,9,18,3698,1.0,1,0,0,a,a,1200.0,1,2019,61,0,42,2013,500,0
820,2,2023,11,43,24,2387,1.0,1,0,1,c,b,654.0,9,2004,230,1,5,2022,90,0
60,7,2023,9,1,23,1743,1.0,1,b,1,a,b,947.0,11,2011,142,1,52,2015,365,0
216,1,2024,11,39,23,868,1.0,1,0,0,a,a,1038.0,2,2000,297,0,40,2019,259,0
18,2,2023,7,15,24,1438,1.0,0,0,0,c,a,409.0,9,2022,10,0,3,2020,168,1
302,2,2023,2,50,7,2410,1.0,0,0,1,a,b,1231.0,1,2005,217,1,37,2010,500,0
112,2,2023,11,25,1,1602,1.0,0,0,1,a,a,770.0,10,2014,109,1,26,2013,500,1
792,4,2024,6,15,5,1578,1.0,0,0,0,a,c,793.0,1,2011,161,1,46,2022,73,1
583,3,2024,9,13,7,255,1.0,1,0,1,b,a,827.0,12,2020,45,1,13,2022,104,1
1093,7,2024,5,43,20,3781,1.0,1,0,0,b,a,1163.0,3,2018,74,0,47,2015,464,1
836,2,2024,6,21,15,3379,1.0,1,0,1,a,c,593.0,5,2017,85,0,46,2012,500,0
682,4,2023,6,19,14,1169,1.0,0,0,1,a,a,308.0,9,2014,105,1,15,2014,472,0
568,5,2024,4,39,1,722,1.0,0,0,1,a,a,917.0,11,2002,257,1,23,2023,68,0
61,5,2023,7,28,20,3372,1.0,1,0,0,a,a,207.0,5,2021,26,0,34,2019,202,0
79,6,2024,9,35,11,3379,1.0,0,0,0,c,a,730.0,12,2001,273,0,13,2011,500,0
688,2,2023,1,24,22,3608,1.0,1,0,0,d,a,1176.0,1,2010,156,0,52,2020,128,1
5,4,2023,2,4,4,2280,1.0,1,0,0,a,c,994.0,6,2008,176,1,10,2012,500,0
48,6,2024,11,1,9,2996,1.0,0,0,1,a,a,1133.0,12,2008,191,0,13,2014,500,1
245,7,2023,7,3,2,2972,1.0,0,0,1,c,b,1006.0,4,2022,15,0,27,2016,340,0
986,5,2024,12,30,8,1015,1.0,0,b,0,a,a,1543.0,7,2005,233,0,25,2014,500,1
512,5,2023,8,27,26,2191,1.0,0,0,1,a,a,644.0,6,2013,122,1,3,2019,232,0
792,7,2024,8,39,14,1189,1.0,1,0,1,d,a,939.0,5,2005,231,1,48,2012,500,0
459,5,2024,11,47,13,3064,1.0,0,0,1,a,c,689.0,10,2020,49,1,13,2022,138,0
194,7,2023,8,10,8,3890,1.0,0,c,1,a,a,1107.0,7,2016,85,1,6,2018,264,1
414,1,2024,4,50,8,490,1.0,0,0,0,a,a,802.0,9,2009,175,1,27,2014,500,1
103,3,2024,7,49,19,488,1.0,1,0,0,b,a,1336.0,7,2001,276,0,49,2023,52,0
859,1,2024,3,33,28,1204,1.0,0,a,1,b,a,661.0,12,2003,243,1,1,2016,448,1
205,1,2023,5,28,21,644,1.0,1,0,1,a,b,1242.0,6,2005,215,1,26,2015,418,0
420,4,2024,9,10,21,234,1.0,0,0,1,c,a,998.0,10,2009,179,1,48,2010,500,0
1093,2,2024,2,10,14,3918,1.0,0,0,1,a,a,810.0,8,2020,42,0,47,2023,15,1
661,3,2023,9,1,3,2413,1.0,0,a,0,d,a,983.0,10,2002,251,0,9,2021,96,1
512,4,2023,8,34,21,3152,1.0,0,0,1,a,b,898.0,11,2013,117,0,33,2012,500,0
606,5,2023,4,23,23,2351,1.0,0,0,0,a,c,927.0,3,2007,193,0,44,2023,0,1
875,7,2024,1,10,15,3036,1.0,1,0,1,b,a,758.0,4,2001,273,1,35,2021,131,1
284,6,2023,9,7,3,2807,1.0,0,0,1,a,b,610.0,4,2014,113,0,35,2015,388,1
710,3,2024,10,4,20,808,1.0,0,0,1,b,a,719.0,6,2016,100,0,41,2022,67,0
974,3,2024,9,34,26,771,1.0,0,0,0,a,a,315.0,6,2022,27,0,24,2017,374,1
639,6,2023,6,36,7,2057,1.0,1,0,1,a,b,1073.0,1,2011,149,1,4,2019,240,0
498,1,2023,8,33,5,1609,1.0,0,0,1,a,a,449.0,11,2007,189,0,34,2012,500,1
162,4,2024,5,6,21,3394,1.0,0,0,0,a,c,755.0,11,2019,54,0,33,2011,500,1
277,3,2023,5,3,10,1363,1.0,0,0,1,a,a,1014.0,8,2005,213,0,45,2017,270,1
1055,2,2024,4,6,21,1449,1.0,1,0,1,a,b,1072.0,4,2015,108,1,49,2014,477,0
604,5,2024,3,40,20,2210,1.0,1,0,0,a,a,288.0,10,2021,29,0,18,2023,74,1
336,3,2024,12,39,8,932,1.0,0,a,0,c,c,792.0,4,2000,296,0,50,2011,500,0
467,2,2023,8,16,2,3462,1.0,1,0,1,c,a,958.0,4,2021,28,1,1,2020,171,1
645,5,2024,3,3,16,241,1.0,0,0,0,a,c,836.0,12,2004,231,0,51,2018,264,0
600,2,2024,11,17,12,3420,1.0,1,b,1,a,a,1223.0,12,2011,155,0,8,2022,113,1
781,5,2023,2,43,24,2565,1.0,0,0,0,a,a,573.0,8,2005,210,1,34,2023,9,0
288,2,2024,8,8,11,3574,1.0,1,0,0,a,c,205.0,3,2003,257,0,36,2022,76,1
724,4,2024,2,42,7,1316,1.0,1,c,1,a,a,1063.0,2,2016,96,1,33,2015,477,1
494,6,2024,5,25,25,3621,1.0,0,0,1,a,b,659.0,12,2011,149,1,52,2019,233,1
1049,2,2023,8,8,21,3481,1.0,1,a,0,d,a,292.0,4,2011,148,0,29,2012,500,0
177,6,2023,12,49,18,1935,1.0,1,0,1,c,c,772.0,9,2011,147,0,7,2016,406,0
166,6,2023,12,27,27,1277,1.0,1,0,0,a,c,1189.0,5,2017,79,1,32,2013,500,1
515,7,2023,11,35,22,948,1.0,1,0,1,a,a,441.0,6,2022,17,0,16,2013,500,1
567,2,2023,3,6,25,775,1.0,0,0,0,a,c,1521.0,12,2011,135,0,32,2017,286,1
771,6,2024,2,20,23,2415,1.0,1,0,1,a,a,569.0,8,2003,246,1,20,2011,500,0
451,7,2023,11,33,12,3849,1.0,1,0,0,a,b,846.0,6,2007,197,0,3,2017,342,1
1019,6,2024,12,34,2,2349,1.0,0,0,1,a,c,454.0,5,2011,163,0,34,2015,468,0
529,2,2023,4,4,18,3866,1.0,0,0,1,a,c,832.0,3,2002,253,0,5,2013,500,0
145,6,2023,1,32,22,3071,1.0,0,0,1,a,b,780.0,7,2005,210,1,18,2017,326,0
133,1,2023,8,50,28,2803,1.0,1,0,0,c,c,373.0,7,2004,229,1,33,2020,173,1
1086,5,2023,1,41,20,2954,1.0,0,0,1,a,a,1668.0,2,2022,11,1,46,2018,255,1
150,4,2024,1,11,16,3727,1.0,0,0,0,d,c,671.0,5,2009,176,1,17,2011,500,1
1057,4,2024,12,48,17,3460,1.0,1,0,1,a,a,672.0,8,2020,52,1,16,2017,396,0
311,4,2024,6,36,4,814,1.0,0,0,1,a,a,1111.0,1,2012,149,1,16,2018,332,0
105,1,2023,2,3,1,2422,1.0,0,0,0,a,c,1364.0,12,2011,134,0,30,2019,181,0
340,4,2024,8,7,2,1949,1.0,0,0,0,a,a,1158.0,11,2021,33,1,11,2015,464,1
686,7,2023,5,48,26,3540,1.0,0,0,0,a,a,460.0,8,2015,93,1,28,2011,500,1
478,4,2024,7,11,23,975,1.0,1,0,0,a,c,884.0,1,2005,234,0,42,2011,500,0
876,2,2024,11,6,8,3315,1.0,0,0,1,a,a,256.0,7,2006,220,1,5,2014,500,1
682,7,2023,3,24,12,2019,1.0,0,c,1,a,a,1091.0,11,2015,88,0,51,2018,233,0
447,1,2023,8,28,14,3742,1.0,1,0,0,a,a,329.0,1,2000,283,1,28,2020,156,0
708,4,2023,10,30,7,3206,1.0,1,0,1,c,a,579.0,10,2003,240,0,33,2019,205,1
1084,4,2023,6,35,12,1510,1.0,1,0,0,b,a,819.0,11,2001,259,1,33,2014,470,1
460,4,2024,12,52,10,3410,1.0,0,0,0,c,a,954.0,1,2016,107,1,50,2016,418,0
172,7,2024,6,40,20,912,1.0,1,0,1,d,c,742.0,3,2010,171,1,35,2010,500,1
456,3,2024,6,2,22,215,1.0,1,0,1,a,a,1276.0,9,2000,285,0,46,2021,112,0
937,7,2023,11,5,3,2125,1.0,0,0,1,c,c,1037.0,11,2017,72,0,15,2014,458,1
243,1,2024,8,1,14,1680,1.0,0,0,1,a,c,1013.0,10,2015,106,1,12,2017,353,0
1059,6,2023,11,21,28,677,1.0,1,0,0,a,a,451.0,7,2016,88,1,34,2016,351,0
656,5,2024,10,19,25,3977,1.0,0,0,1,b,c,1330.0,8,2003,254,1,8,2014,500,0
671,2,2023,9,49,23,348,1.0,0,0,0,a,a,579.0,7,2020,38,0,6,2012,500,1
354,2,2023,3,20,21,2439,1.0,0,0,0,a,b,1341.0,7,2004,224,1,12,2023,8,1
1027,6,2024,5,2,1,1191,1.0,1,0,0,a,c,1427.0,10,2013,127,0,15,2011,500,1
41,5,2023,11,46,28,1325,1.0,1,0,1,a,c,974.0,1,2012,142,0,6,2023,40,0
334,5,2023,8,14,21,1002,1.0,0,0,0,a,a,1130.0,3,2005,221,0,38,2011,500,1
467,1,2024,4,48,25,1678,1.0,1,0,1,c,a,50.0,1,2008,195,0,31,2011,500,1
533,5,2023,4,41,26,2736,1.0,0,0,0,a,a,761.0,10,2001,258,1,11,2022,82,0
529,7,2024,10,46,8,1425,1.0,1,0,1,a,c,1151.0,9,2010,169,1,15,2023,83,1
165,1,2024,3,43,1,2942,1.0,0,0,0,a,a,1097.0,1,2015,110,0,49,2022,98,0
252,4,2024,2,8,19,1900,1.0,0,0,1,d,a,454.0,2,2007,204,1,48,2020,168,0
107,4,2024,10,33,13,3183,1.0,0,0,1,d,a,732.0,4,2012,150,0,7,2016,442,0
639,7,2024,4,22,1,1889,1.0,0,0,1,b,a,59.0,3,2021,37,0,32,2011,500,0
392,2,2024,10,33,8,1589,1.0,0,a,0,a,a,944.0,7,2005,231,0,17,2018,328,1
631,4,2024,7,39,28,2126,1.0,0,0,1,a,a,255.0,6,2006,217,1,19,2017,384,0
658,6,2024,12,27,11,2808,1.0,1,0,0,a,a,1159.0,5,2002,271,0,32,2020,203,1
783,1,2023,7,17,8,1965,1.0,0,0,0,c,a,1175.0,2,2012,137,1,52,2010,500,1
610,6,2023,11,48,19,3643,1.0,0,0,0,a,a,678.0,8,2004,231,0,31,2011,500,1
723,6,2024,11,35,19,2161,1.0,0,0,0,c,a,976.0,10,2019,61,0,50,2018,297,0
655,6,2023,3,47,10,1324,1.0,0,b,0,a,a,755.0,8,2006,199,1,43,2021,108,0
728,5,2023,12,13,24,306,1.0,1,0,1,c,c,893.0,10,2015,98,1,41,2023,0,0
688,6,2023,9,44,17,1691,1.0,0,0,1,a,a,476.0,11,2004,226,0,42,2017,314,1
353,6,2024,2,17,5,406,1.0,0,0,0,a,a,1007.0,11,2007,195,0,42,2015,443,1
275,7,2023,1,24,10,335,1.0,0,0,0,a,a,328.0,8,2003,233,1,14,2016,374,1
878,3,2024,4,45,24,1610,1.0,0,0,1,b,a,271.0,1,2012,147,1,51,2017,358,0
383,4,2024,1,19,3,1303,1.0,0,0,0,c,c,783.0,5,2000,284,0,48,2018,283,1
613,5,2024,5,14,1,3562,1.0,0,0,1,a,c,757.0,6,2001,275,0,32,2013,500,0
220,2,2023,12,48,19,2974,1.0,1,0,1,d,a,902.0,9,2011,147,0,37,2015,427,0
482,6,2024,6,51,13,3205,1.0,0,0,1,a,a,625.0,11,2012,139,0,46,2017,369,1
591,6,2024,1,17,8,2272,1.0,1,a,0,a,a,1386.0,8,2007,197,1,8,2021,165,0
699,5,2023,6,16,14,618,1.0,1,0,0,a,b,868.0,5,2009,169,0,4,2021,116,1
587,3,2024,3,12,6,3433,1.0,1,0,1,a,a,890.0,10,2009,173,1,52,2020,168,0
403,3,2023,11,2,11,2080,1.0,0,0,1,c,c,879.0,9,2017,74,1,29,2013,493,0
1073,4,2024,2,29,7,1830,1.0,1,0,0,a,a,1121.0,10,2010,160,0,38,2015,459,0
572,5,2023,10,14,17,2497,1.0,0,0,1,a,c,993.0,8,2019,50,1,27,2017,299,0
902,6,2024,6,45,19,822,1.0,0,0,1,a,a,953.0,8,2004,238,1,27,2023,70,1
822,5,2024,1,9,26,2028,1.0,0,0,1,c,a,1041.0,5,2004,236,0,2,2014,500,0
623,7,2023,9,34,2,2501,1.0,1,0,1,d,a,273.0,5,2009,172,0,16,2022,70,1
989,7,2024,6,27,10,2850,1.0,1,a,1,c,a,284.0,4,2001,278,0,5,2020,230,0
144,5,2023,10,32,8,2100,1.0,0,0,0,a,c,797.0,4,2015,102,0,23,2018,269,0
1027,3,2024,8,6,17,3989,1.0,0,c,0,a,a,761.0,8,2008,192,0,2,2019,264,0
949,5,2024,10,25,15,3962,1.0,0,0,1,a,a,994.0,5,2008,197,1,42,2021,139,1
562,3,2023,6,33,25,566,1.0,0,0,1,d,c,826.0,2,2012,136,0,16,2019,225,0
818,5,2023,1,18,26,514,1.0,0,0,0,a,a,995.0,1,2001,264,0,39,2019,187,0
581,6,2024,2,46,22,2159,1.0,0,0,0,d,a,446.0,11,2008,183,1,3,2015,500,1
300,3,2023,6,28,6,3345,1.0,0,0,0,c,a,817.0,6,2022,12,0,2,2015,442,0
892,4,2024,5,19,2,2147,1.0,0,0,1,c,a,418.0,7,2014,118,0,23,2018,308,1
275,1,2024,10,2,26,1024,1.0,0,0,1,c,c,936.0,11,2013,131,0,41,2021,117,0
351,6,2024,5,9,27,2337,1.0,1,0,0,a,a,257.0,2,2011,159,1,43,2019,226,1
580,4,2023,11,25,8,3783,1.0,1,0,0,a,c,924.0,12,2010,155,1,29,2023,0,0
934,4,2024,3,21,2,834,1.0,1,0,0,a,a,379.0,9,2021,30,1,32,2019,249,1
429,4,2024,5,46,20,1892,1.0,0,0,0,a,a,705.0,8,2021,33,1,36,2015,478,0
551,2,2023,10,41,17,2625,1.0,0,0,0,c,c,1088.0,6,2009,172,0,36,2018,265,0
47,5,2023,2,9,25,1694,1.0,1,0,0,a,c,888.0,9,2021,17,0,39,2018,230,1
130,6,2023,4,31,17,368,1.0,0,0,0,c,a,326.0,3,2001,265,1,2,2022,81,0
63,3,2023,10,24,22,2744,1.0,1,0,1,c,a,618.0,4,2007,198,0,23,2013,500,0
81,1,2024,8,6,23,3016,1.0,1,a,1,a,a,370.0,12,2006,212,1,44,2013,500,1
969,3,2023,10,35,1,2689,1.0,0,0,0,a,c,312.0,4,2016,90,1,23,2012,500,1
939,2,2024,7,28,5,2720,1.0,0,0,1,a,a,855.0,9,2013,130,1,8,2010,500,0
917,3,2023,11,5,22,2695,1.0,1,a,1,a,a,988.0,12,2010,155,0,35,2019,178,1
62,5,2023,11,25,6,1455,1.0,0,0,0,c,a,952.0,8,2005,219,1,16,2023,9,0
87,1,2023,12,39,6,263,1.0,1,0,0,c,c,1001.0,4,2011,152,0,27,2018,272,0
313,6,2024,2,18,22,3958,1.0,0,0,0,c,a,816.0,11,2006,207,0,27,2010,500,1
631,2,2024,8,19,6,977,1.0,0,0,1,a,b,738.0,10,2011,154,1,37,2015,450,0
373,7,2023,2,6,5,3349,1.0,0,0,1,c,b,498.0,7,2007,187,0,49,2022,9,0
544,6,2024,3,11,1,2254,1.0,0,0,1,b,a,688.0,2,2020,49,0,37,2010,500,1
193,2,2023,4,52,14,2250,1.0,1,0,0,d,a,424.0,6,2017,70,1,52,2018,260,0
815,4,2023,8,33,18,279,1.0,0,c,0,c,a,566.0,6,2004,230,0,1,2016,396,1
350,1,2023,6,10,21,3963,1.0,1,0,0,c,a,847.0,3,2021,27,0,41,2022,21,1
75,1,2024,11,26,26,2208,1.0,1,0,0,a,c,785.0,5,2015,114,0,22,2017,368,0
829,7,2024,4,11,19,3354,1.0,0,b,0,c,a,1739.0,2,2008,194,1,38,2017,337,1
1007,6,2024,8,24,22,3155,1.0,0,0,0,a,a,416.0,9,2012,143,1,5,2020,227,1
17,2,2023,10,8,6,724,1.0,0,a,1,a,a,782.0,6,2004,232,1,28,2021,84,1
487,2,2023,12,33,10,3800,1.0,1,0,0,a,b,393.0,9,2001,267,0,2,2017,343,0
923,2,2024,3,30,9,2446,1.0,0,0,1,a,a,704.0,6,2009,177,0,35,2020,203,0
788,3,2023,9,33,2,903,1.0,1,0,0,a,c,716.0,9,2017,72,0,12,2021,125,0
956,3,2024,2,24,28,2407,1.0,0,0,0,a,a,1073.0,9,2008,185,0,8,2017,380,1
463,3,2024,7,15,7,2542,1.0,0,0,0,c,a,685.0,2,2008,197,0,5,2020,218,1
416,4,2023,5,13,13,2681,1.0,0,0,1,c,a,763.0,6,2022,11,0,14,2015,415,1
791,2,2024,12,12,10,1421,1.0,0,0,1,d,c,691.0,9,2022,27,1,50,2014,482,1
172,7,2024,10,23,2,3774,1.0,1,0,1,c,b,400.0,8,2010,170,1,52,2010,500,0
267,6,2023,12,24,26,1100,1.0,0,0,1,a,a,624.0,3,2001,273,0,5,2019,227,1
670,6,2024,11,36,7,2069,1.0,0,0,1,c,a,705.0,10,2015,109,0,51,2013,500,1
746,2,2024,5,3,3,3386,1.0,0,0,1,b,c,842.0,3,2016,98,0,31,2021,128,1
134,5,2023,9,15,10,494,1.0,0,0,1,a,c,988.0,12,2021,21,0,17,2023,0,1
567,6,2024,1,45,5,1733,1.0,1,0,1,d,a,750.0,9,2021,28,0,50,2022,99,1
407,2,2023,7,48,28,2021,1.0,0,0,1,d,c,744.0,4,2014,111,1,13,2013,500,1
560,6,2024,1,49,6,3137,1.0,0,0,0,a,c,304.0,3,2002,262,0,10,2019,299,0
1069,3,2024,9,16,9,3193,1.0,0,0,1,c,a,982.0,11,2005,226,1,12,2020,212,0
86,6,2024,12,8,8,3228,1.0,0,0,1,a,a,611.0,7,2016,101,0,8,2017,364,0
1110,4,2023,9,11,1,1562,1.0,0,0,1,d,a,1044.0,10,2013,119,1,26,2017,297,1
502,6,2024,11,7,1,2068,1.0,0,0,0,b,a,1215.0,10,2010,169,1,8,2016,415,0
861,2,2023,3,50,15,302,1.0,1,0,0,a,c,764.0,1,2009,170,1,12,2014,500,0
474,3,2023,12,46,7,3326,1.0,0,0,0,c,a,513.0,9,2016,87,1,20,2018,286,0
347,2,2023,7,43,3,1352,1.0,0,0,1,a,a,815.0,5,2009,170,0,34,2023,9,0
860,2,2024,9,38,9,1976,1.0,0,0,0,a,a,925.0,11,2003,250,0,45,2013,500,1
767,3,2023,10,18,8,2792,1.0,1,0,1,c,b,725.0,3,2022,19,1,4,2010,500,0
161,3,2023,8,25,12,3150,1.0,0,0,0,c,a,651.0,1,2008,187,1,33,2010,500,0
787,1,2024,4,44,28,526,1.0,0,0,0,a,a,989.0,8,2006,212,1,6,2018,350,0
840,5,2023,8,43,9,3115,1.0,0,a,1,c,a,969.0,7,2001,265,0,52,2013,500,0
433,4,2023,8,27,20,1628,1.0,1,0,0,a,c,716.0,7,2010,157,0,15,2016,376,0
1033,6,2023,11,44,22,1787,1.0,1,0,0,a,a,324.0,4,2022,19,0,45,2023,0,0
715,5,2023,6,19,2,705,1.0,0,0,0,c,a,957.0,6,2003,240,0,41,2011,500,1
372,2,2024,7,22,15,2923,1.0,1,0,0,a,c,590.0,12,2005,223,0,17,2012,500,0
12,1,2023,7,44,13,2008,1.0,0,0,0,a,a,884.0,10,2004,225,0,17,2012,500,1
753,3,2023,2,20,15,594,1.0,0,0,1,d,b,865.0,12,2002,242,1,17,2016,367,0
234,4,2024,2,40,5,737,1.0,0,0,0,c,a,253.0,4,2013,130,1,25,2019,275,0
844,2,2024,1,24,14,2941,1.0,1,0,1,b,c,844.0,11,2006,206,0,23,2012,500,0
586,6,2024,8,16,4,614,1.0,0,0,0,b,a,974.0,5,2017,87,1,35,2011,500,1
521,5,2024,6,12,27,2180,1.0,0,0,0,c,a,1011.0,12,2009,174,1,25,2011,500,0
183,6,2024,11,32,17,2851,1.0,0,0,0,c,a,855.0,11,2014,120,1,42,2021,146,1
794,1,2023,9,25,1,3665,1.0,1,0,0,a,c,227.0,2,2002,259,1,25,2010,500,1
185,6,2024,2,20,15,800,1.0,1,0,1,a,c,1203.0,12,2007,194,1,16,2018,316,0
466,2,2024,2,39,26,1324,1.0,0,0,1,a,a,943.0,8,2009,174,0,17,2018,334,0
933,4,2023,5,1,21,788,1.0,0,0,0,a,a,459.0,10,2001,259,0,39,2011,500,1
1027,4,2023,12,5,8,3543,1.0,1,0,0,a,a,584.0,7,2009,173,0,8,2017,309,0
1103,6,2023,1,51,25,2451,1.0,0,b,0,b,a,889.0,3,2010,154,1,15,2014,500,1
1069,2,2024,3,35,6,3936,1.0,1,0,1,c,a,1024.0,12,2009,171,1,17,2017,382,0
620,2,2024,1,29,7,365,1.0,0,0,0,d,c,674.0,2,2011,155,1,34,2011,500,1
224,3,2024,5,1,5,2882,1.0,1,0,1,a,a,1068.0,10,2018,67,0,7,2019,254,1
936,3,2023,12,32,26,325,1.0,0,0,0,a,c,282.0,3,2017,81,1,24,2021,112,1
894,2,2023,9,23,21,614,1.0,0,0,0,a,a,507.0,10,2000,275,1,36,2010,500,1
1105,2,2023,6,32,15,1839,1.0,1,b,0,a,c,201.0,6,2014,108,0,49,2017,295,1
726,2,2024,2,3,19,1593,1.0,0,0,0,a,a,551.0,3,2020,47,1,23,2019,240,1
158,4,2024,5,29,8,1587,1.0,1,0,1,d,a,1272.0,3,2020,50,1,52,2010,500,1
561,3,2024,7,31,2,457,1.0,1,c,1,a,c,1437.0,4,2007,207,1,32,2020,207,0
500,3,2024,4,16,24,2269,1.0,1,0,0,c,a,890.0,11,2018,65,1,41,2017,339,0
940,6,2024,9,3,27,1494,1.0,1,0,1,a,c,628.0,10,2018,71,1,13,2014,500,1
438,2,2024,12,51,1,3975,1.0,0,0,0,a,c,754.0,9,2008,195,0,48,2016,419,0
367,7,2023,3,37,2,3200,1.0,1,0,1,c,c,962.0,8,2019,43,1,14,2019,231,0
90,6,2023,4,33,16,1851,1.0,0,a,1,d,c,351.0,6,2014,106,1,8,2019,233,1
932,2,2023,2,40,2,3108,1.0,1,0,1,a,a,648.0,11,2017,63,1,5,2020,191,0
843,3,2023,9,35,21,2389,1.0,0,0,1,d,a,1250.0,4,2017,77,0,35,2010,500,0
46,2,2023,6,7,27,2082,1.0,0,0,0,a,b,506.0,12,2017,66,1,33,2021,78,1
484,2,2023,4,24,8,3693,1.0,0,0,0,c,a,595.0,5,2022,11,0,11,2010,500,0
535,3,2024,3,47,9,2432,1.0,1,0,1,a,a,824.0,5,2019,58,0,46,2019,261,1
524,1,2023,1,15,25,2036,1.0,1,0,0,a,a,905.0,6,2009,163,1,15,2014,468,0
1025,1,2024,6,51,10,2353,1.0,0,0,1,c,b,632.0,9,2012,141,0,32,2010,500,0
169,4,2024,9,4,7,3168,1.0,0,0,1,c,a,843.0,9,2014,120,0,28,2019,236,1
342,5,2024,3,18,3,3017,1.0,0,0,0,c,a,1002.0,10,2019,53,1,31,2017,351,0
202,3,2024,1,19,24,2284,1.0,1,0,0,a,c,1408.0,2,2009,179,1,39,2019,240,1
273,7,2023,6,33,26,871,1.0,1,0,1,c,c,782.0,2,2007,196,1,49,2015,400,1
1012,3,2024,9,10,3,2621,1.0,0,0,0,a,a,808.0,11,2016,94,1,38,2013,500,0
1049,7,2023,5,12,23,1836,1.0,0,0,1,a,a,1278.0,12,2021,17,0,48,2018,224,1
50,2,2024,4,35,5,3743,1.0,0,0,1,a,c,655.0,2,2020,50,0,46,2013,500,0
705,4,2023,2,15,4,3652,1.0,1,0,0,a,a,423.0,11,2003,231,1,19,2021,100,1
260,6,2023,9,46,11,202,1.0,1,b,1,a,b,895.0,4,2021,29,0,30,2019,224,0
215,1,2024,11,46,13,3996,1.0,0,0,0,c,c,1143.0,12,2018,71,0,11,2023,87,1
326,7,2024,10,16,24,3623,1.0,0,0,1,a,a,928.0,12,2003,250,0,49,2010,500,0
217,3,2023,7,30,20,3647,1.0,1,0,1,b,a,791.0,8,2000,275,0,51,2018,239,1
547,4,2024,9,18,5,2091,1.0,0,c,0,a,a,385.0,3,2004,246,0,47,2017,335,1
1111,5,2023,5,18,17,1228,1.0,0,0,1,c,a,802.0,10,2021,19,1,39,2022,31,0
654,5,2024,1,35,25,2505,1.0,1,0,1,a,a,1190.0,2,2017,83,1,45,2015,458,0
807,1,2023,5,16,19,3555,1.0,1,0,1,a,a,450.0,5,2013,120,1,42,2023,0,0
551,7,2023,9,8,7,1910,1.0,0,b,1,b,c,747.0,8,2014,109,0,12,2013,500,1
16,5,2023,8,14,4,3944,1.0,1,0,0,d,c,704.0,1,2009,175,1,14,2021,104,1
94,7,2023,12,49,13,1191,1.0,0,0,1,d,a,611.0,5,2020,43,1,28,2017,333,0
300,4,2023,12,14,14,3441,1.0,0,0,1,a,a,894.0,10,2003,242,1,22,2023,0,0
272,5,2023,3,19,10,450,1.0,1,0,0,d,a,953.0,2,2007,193,0,39,2013,500,0
938,4,2023,1,33,4,3389,1.0,0,0,1,b,a,950.0,5,2004,224,1,39,2013,500,0
941,7,2023,4,6,4,3791,1.0,1,a,0,d,a,527.0,1,2019,51,0,51,2017,267,1
953,6,2024,11,14,15,2869,1.0,0,0,1,a,a,326.0,8,2012,147,1,41,2017,337,1
711,7,2023,10,10,27,2570,1.0,0,0,0,a,a,899.0,1,2015,105,1,1,2012,500,0
621,4,2024,2,49,17,1763,1.0,0,0,0,a,a,668.0,4,2021,34,0,18,2019,291,0
724,6,2024,2,49,13,3519,1.0,0,0,1,c,a,1371.0,7,2004,235,0,18,2015,499,0
454,3,2023,7,40,27,681,1.0,0,0,0,a,b,1385.0,3,2022,16,0,33,2012,500,0
748,4,2024,8,13,20,1305,1.0,0,0,0,a,c,1417.0,3,2002,269,1,18,2017,359,0
886,6,2023,12,33,21,698,1.0,0,0,1,b,b,538.0,11,2017,73,0,51,2019,190,1
851,1,2023,10,35,17,1256,1.0,0,0,0,d,c,991.0,10,2016,84,1,16,2010,500,1
685,5,2024,3,46,22,2188,1.0,1,0,1,b,a,1081.0,1,2018,74,1,23,2022,127,1
65,1,2024,1,9,15,1475,1.0,0,0,0,c,a,1048.0,11,2003,242,1,43,2018,278,0
809,5,2024,8,39,18,1797,1.0,0,0,0,a,c,714.0,6,2022,26,0,20,2013,500,0
409,4,2023,7,11,18,1077,1.0,1,0,0,d,a,1204.0,2,2018,65,0,3,2020,164,1
830,4,2024,12,30,22,1540,1.0,0,0,1,a,a,820.0,11,2002,265,1,18,2021,168,0
602,4,2023,7,46,26,2092,1.0,1,0,1,a,c,858.0,5,2012,134,0,19,2023,27,1
983,4,2023,7,4,9,1012,1.0,1,0,0,a,b,359.0,4,2018,63,0,32,2021,76,1
378,3,2023,4,8,20,3757,1.0,1,0,0,a,c,1013.0,2,2010,158,1,38,2012,500,1
1039,4,2024,2,43,1,3609,1.0,1,0,0,c,a,742.0,11,2008,183,0,29,2012,500,0
942,4,2023,11,1,15,3529,1.0,1,a,0,c,c,959.0,4,2006,211,0,22,2012,500,1
370,6,2024,10,36,26,205,1.0,0,0,1,a,a,891.0,8,2011,158,1,27,2022,113,0
539,4,2024,2,27,19,2081,1.0,0,0,1,a,a,874.0,3,2022,23,1,8,2014,500,1
593,5,2024,9,19,8,3221,1.0,1,0,1,a,c,806.0,11,2013,130,0,10,2014,500,0
858,6,2024,5,45,17,1525,1.0,1,0,1,a,a,1056.0,10,2016,91,1,32,2022,117,1
769,7,2024,6,45,11,1080,1.0,0,0,1,d,b,760.0,7,2017,83,1,46,2012,500,0
950,1,2023,11,17,13,2524,1.0,1,0,1,b,c,383.0,5,2017,78,1,28,2015,405,0
413,5,2023,11,1,7,209,1.0,0,0,1,a,c,991.0,8,2009,171,1,4,2014,465,0
563,2,2024,3,7,18,2526,1.0,0,0,1,a,a,577.0,6,2017,81,1,52,2014,475,1
481,2,2023,4,6,6,1915,1.0,0,0,0,c,a,423.0,12,2007,184,0,17,2018,249,0
1015,6,2023,10,52,13,2798,1.0,0,0,0,c,c,513.0,9,2013,121,1,39,2020,169,1
341,1,2023,12,32,27,2794,1.0,0,0,0,d,a,905.0,1,2006,215,1,47,2013,500,0
655,6,2023,1,36,22,2235,1.0,0,0,0,a,a,791.0,10,2021,15,0,52,2010,500,0
134,6,2023,11,13,12,2418,1.0,0,0,0,a,a,180.0,3,2016,92,0,7,2018,266,1
949,7,2023,6,45,28,301,1.0,1,0,0,a,a,705.0,4,2013,122,1,10,2017,347,1
429,5,2024,8,38,1,3929,1.0,1,0,0,c,c,1171.0,6,2010,170,1,34,2019,264,1
380,7,2023,1,40,27,488,1.0,1,0,1,a,a,685.0,3,2011,142,1,40,2016,364,0
650,1,2024,9,25,10,3911,1.0,1,0,1,c,c,770.0,12,2017,81,1,44,2020,189,1
557,7,2024,9,37,23,3900,1.0,0,0,1,a,a,1133.0,12,2006,213,0,29,2018,320,1
946,2,2023,8,29,27,2928,1.0,1,0,0,c,a,1059.0,2,2019,54,0,9,2020,176,0
593,3,2024,10,20,17,3035,1.0,1,0,0,a,a,1127.0,4,2006,222,1,38,2020,190,0
577,1,2024,12,31,18,313,1.0,1,0,0,c,c,50.0,5,2003,259,1,35,2016,412,0
118,3,2024,11,17,21,3803,1.0,0,0,1,a,a,1340.0,9,2016,98,0,25,2014,500,0
25,6,2023,9,50,7,2207,1.0,0,0,1,c,a,1011.0,8,2016,85,1,34,2018,276,1
445,2,2023,12,38,5,1490,1.0,0,0,1,a,a,1558.0,9,2007,195,0,12,2018,286,0
1113,6,2023,9,39,10,2745,1.0,1,0,1,c,a,585.0,1,2014,116,0,43,2018,256,0
1023,5,2024,9,38,14,2232,1.0,1,0,1,c,a,291.0,7,2016,98,1,3,2017,399,0
702,5,2024,7,24,21,1574,1.0,0,0,0,a,a,822.0,3,2018,76,0,44,2014,500,0
704,7,2024,10,50,8,1423,1.0,0,0,0,a,a,737.0,3,2021,43,1,44,2011,500,0
437,4,2024,1,11,16,648,1.0,0,0,0,a,b,1016.0,10,2019,51,1,36,2015,443,1
198,3,2024,7,30,1,3653,1.0,0,0,0,a,a,1142.0,2,2010,173,0,43,2022,91,0
10,7,2024,6,4,1,2730,1.0,1,0,0,b,c,794.0,1,2005,233,0,48,2020,164,1
378,4,2023,11,16,28,1293,1.0,0,0,1,a,c,748.0,6,2002,257,1,9,2020,163,1
353,5,2024,1,30,24,2947,1.0,0,0,0,a,c,977.0,9,2013,124,0,29,2020,209,0
214,3,2023,8,26,25,2836,1.0,0,0,1,a,b,743.0,7,2015,97,0,34,2022,44,0
289,2,2023,3,49,10,731,1.0,0,0,1,a,a,718.0,2,2015,97,0,50,2013,500,0
28,2,2024,11,32,15,865,1.0,1,0,1,a,a,1131.0,10,2000,289,0,39,2020,201,1
678,2,2024,11,22,19,1077,1.0,1,0,0,c,a,1198.0,5,2016,102,0,31,2010,500,1
1035,2,2023,3,23,8,599,1.0,0,0,1,a,a,1145.0,9,2018,54,0,29,2013,500,1
771,6,2023,11,32,21,3327,1.0,0,0,0,d,c,770.0,3,2016,92,0,8,2010,500,0
500,1,2023,6,42,20,791,1.0,1,0,0,c,a,178.0,11,2012,127,1,17,2016,389,0
469,5,2023,12,15,12,3283,1.0,1,0,1,a,a,776.0,4,2000,284,1,23,2011,500,0
343,7,2023,9,31,13,2211,1.0,0,0,1,c,a,593.0,12,2011,141,0,46,2015,401,0
159,6,2024,1,30,9,643,1.0,1,0,0,b,b,781.0,5,2014,116,0,45,2011,500,1
668,3,2024,3,1,23,3409,1.0,0,0,0,b,a,619.0,9,2013,126,0,34,2010,500,0
632,1,2023,5,48,28,859,1.0,0,0,0,a,a,814.0,7,2013,118,0,6,2016,406,1
9,6,2023,3,30,28,3997,1.0,0,0,0,c,a,508.0,1,2011,146,1,38,2015,408,0
464,1,2023,2,13,22,253,1.0,0,0,0,a,c,436.0,2,2012,132,0,24,2015,405,0
310,5,2023,12,33,10,2566,1.0,0,0,0,a,b,1187.0,5,2007,199,0,34,2014,467,0
190,5,2024,11,36,22,1391,1.0,1,0,0,a,a,529.0,3,2013,140,0,23,2015,481,0
784,2,2024,6,48,7,2227,1.0,0,0,0,a,c,820.0,8,2006,214,0,38,2010,500,1
587,6,2024,3,2,26,3390,1.0,0,0,0,b,a,1106.0,2,2011,157,0,12,2016,406,0
707,2,2023,3,22,8,3190,1.0,0,0,0,a,a,1094.0,8,2009,163,0,8,2021,118,1
796,2,2024,11,10,12,1269,1.0,0,0,1,a,a,1058.0,3,2016,104,0,12,2011,500,0
1095,6,2023,4,30,3,442,1.0,1,0,1,c,a,911.0,3,2020,37,1,48,2012,500,0
896,7,2023,1,27,3,1277,1.0,0,0,0,a,b,1037.0,5,2014,104,1,4,2020,179,1
692,2,2024,5,25,12,3275,1.0,1,0,1,a,a,1232.0,7,2003,250,1,15,2017,374,1
981,7,2024,6,52,16,2158,1.0,1,0,1,a,c,948.0,5,2015,109,1,18,2013,500,1
533,7,2024,8,28,1,3081,1.0,0,a,0,d,a,269.0,5,2007,207,1,44,2020,192,0
1099,6,2024,5,22,24,2079,1.0,1,0,0,c,a,661.0,5,2001,276,1,19,2014,500,1
849,1,2024,12,4,4,2212,1.0,0,0,0,b,a,1029.0,5,2004,247,0,47,2018,269,1
726,3,2024,8,16,28,445,1.0,1,0,1,c,c,632.0,5,2022,27,1,52,2017,328,1
1008,5,2023,12,47,8,287,1.0,1,0,0,c,a,1306.0,11,2009,169,0,34,2012,500,1
575,7,2023,5,24,11,2872,1.0,1,0,0,c,a,801.0,7,2004,226,1,18,2020,162,1
804,6,2023,8,48,5,968,1.0,1,0,0,c,a,846.0,6,2003,242,1,32,2018,276,0
318,3,2023,5,28,24,1570,1.0,0,0,1,c,a,1157.0,9,2014,104,0,35,2012,500,1
1074,2,2023,9,29,21,1604,1.0,0,0,0,b,a,765.0,7,2017,74,0,6,2020,179,1
696,7,2023,9,23,3,2605,1.0,0,0,1,a,c,873.0,12,2008,177,0,44,2018,239,0
872,2,2024,4,29,3,3776,1.0,0,0,1,a,a,1090.0,7,2002,261,0,23,2021,162,1
514,3,2024,12,4,18,3079,1.0,0,0,0,a,a,378.0,3,2008,201,0,44,2021,116,1
967,7,2024,11,3,25,2626,1.0,0,0,1,a,c,734.0,7,2015,112,0,32,2014,491,0
83,4,2023,11,25,4,3372,1.0,1,0,0,d,c,1069.0,10,2002,253,1,45,2023,0,1
128,2,2024,3,32,7,2138,1.0,1,0,1,c,b,840.0,3,2006,216,0,5,2010,500,0
566,1,2023,9,29,16,752,1.0,0,0,1,c,a,1260.0,3,2000,282,1,3,2014,494,1
817,4,2023,2,23,4,2056,1.0,0,0,1,c,c,347.0,8,2010,150,0,6,2018,277,1
903,7,2023,2,16,9,3916,1.0,0,0,1,d,a,313.0,11,2003,231,1,46,2017,282,0
491,4,2023,12,37,1,3163,1.0,0,0,1,c,a,1051.0,5,2004,235,1,52,2013,500,0
725,5,2023,2,32,14,1528,1.0,1,0,1,a,a,1080.0,7,2002,247,0,52,2012,500,1
617,2,2024,11,3,21,1429,1.0,0,0,0,a,a,762.0,8,2016,99,0,18,2020,193,0
1073,6,2024,6,24,12,3688,1.0,1,0,0,a,a,940.0,8,2011,154,1,14,2022,114,1
730,6,2024,4,37,8,559,1.0,0,0,0,a,c,1044.0,2,2021,38,1,19,2019,278,1
465,5,2023,1,41,12,3744,1.0,1,c,0,a,a,576.0,5,2009,164,0,43,2017,310,0
1082,6,2024,9,15,15,2772,1.0,1,0,0,a,a,608.0,12,2005,225,0,14,2020,209,0
120,5,2024,9,49,5,3269,1.0,0,0,0,a,a,877.0,11,2004,238,1,29,2013,500,0
1098,3,2023,6,34,4,1450,1.0,1,0,0,a,a,1091.0,10,2021,20,1,34,2023,0,0
172,6,2024,10,23,6,2664,1.0,0,0,1,d,c,470.0,1,2013,141,0,19,2011,500,1
322,6,2023,4,33,28,1437,1.0,0,0,1,a,c,761.0,6,2007,190,1,25,2018,268,1
916,6,2023,7,46,21,265,1.0,1,0,1,c,b,747.0,1,2015,102,1,35,2014,479,0
819,2,2023,4,12,4,1927,1.0,1,0,0,a,c,945.0,4,2012,132,1,42,2022,22,0
1082,5,2024,7,8,9,3923,1.0,0,0,1,d,a,817.0,11,2002,260,0,10,2013,500,1
837,1,2023,2,23,12,1122,1.0,0,0,0,c,a,656.0,5,2016,81,0,27,2018,256,1
711,5,2023,6,5,6,815,1.0,0,0,0,d,a,1195.0,3,2002,255,1,9,2012,500,0
387,4,2023,7,44,24,3702,1.0,1,a,0,a,c,658.0,9,2004,226,1,1,2012,500,1
6,3,2024,7,51,27,3658,1.0,0,0,1,b,a,732.0,10,2016,93,1,34,2015,485,0
139,7,2023,6,32,7,3418,1.0,0,0,0,a,a,343.0,8,2010,154,0,26,2021,110,0
333,7,2023,8,51,1,3910,1.0,0,0,0,a,a,606.0,10,2005,214,1,14,2013,500,0
46,1,2023,7,4,8,3966,1.0,1,0,1,c,a,975.0,9,2001,262,1,3,2019,209,1
567,2,2024,4,33,17,3689,1.0,1,0,1,a,b,916.0,8,2013,128,1,50,2017,347,1
867,2,2024,3,24,23,3865,1.0,0,0,0,a,c,1000.0,11,2016,88,1,43,2023,33,1
1075,7,2024,8,15,10,3029,1.0,0,0,1,c,a,985.0,4,2004,244,0,49,2014,486,0
547,4,2023,12,17,8,1394,1.0,1,0,1,a,a,1446.0,6,2009,174,1,6,2013,500,0
976,6,2023,10,29,7,1941,1.0,0,0,1,c,a,596.0,7,2007,195,0,1,2022,80,1
1099,6,2024,8,34,1,1646,1.0,1,0,0,a,a,334.0,9,2020,47,1,12,2014,500,1
959,6,2023,12,9,1,2136,1.0,1,0,0,a,a,505.0,6,2018,66,1,6,2013,500,0
519,1,2024,11,32,12,2853,1.0,1,b,0,a,a,609.0,6,2006,221,1,24,2021,164,1
363,1,2024,7,49,18,1118,1.0,1,a,1,a,a,528.0,2,2011,161,0,34,2021,171,0
1091,3,2023,2,1,1,260,1.0,1,0,0,c,b,848.0,8,2021,18,1,11,2010,500,1
270,3,2024,8,46,6,2490,1.0,1,0,0,c,c,1196.0,2,2007,210,1,21,2021,181,1
459,6,2024,8,32,26,3976,1.0,1,0,1,a,a,1282.0,6,2003,254,0,29,2018,315,0
83,2,2023,4,18,28,3474,1.0,0,0,1,a,c,971.0,5,2006,203,0,17,2013,500,0
885,3,2023,11,39,18,241,1.0,0,0,0,c,b,1462.0,10,2013,121,0,24,2017,327,0
725,2,2023,11,33,15,2475,1.0,0,0,1,a,a,713.0,6,2022,17,0,31,2013,500,1
95,2,2024,4,40,17,2219,1.0,1,0,1,a,a,330.0,1,2007,207,1,50,2012,500,1
248,2,2023,6,5,11,1814,1.0,0,0,1,a,a,1136.0,7,2001,263,1,17,2011,500,0
620,2,2023,3,4,6,2741,1.0,1,0,0,c,a,268.0,3,2004,228,1,5,2012,500,1
603,4,2024,3,34,11,1820,1.0,0,0,1,a,a,593.0,5,2009,178,1,46,2018,300,0
895,3,2023,4,16,20,3673,1.0,0,0,1,a,a,976.0,4,2002,252,0,30,2021,90,1
297,4,2023,5,13,19,3649,1.0,1,0,0,d,c,789.0,2,2000,279,1,25,2016,352,1
1032,4,2024,4,22,19,2647,1.0,1,0,1,d,c,763.0,12,2015,100,0,38,2010,500,0
496,6,2023,2,38,18,1942,1.0,0,0,0,c,a,466.0,4,2018,58,0,52,2016,350,0
918,7,2023,6,10,2,2468,1.0,0,0,1,c,c,817.0,7,2005,215,1,7,2020,159,1
266,4,2023,8,51,18,3620,1.0,0,0,0,d,c,1121.0,10,2012,130,1,45,2021,110,1
42,5,2023,4,22,25,1341,1.0,0,0,0,b,a,826.0,5,2013,119,0,34,2020,144,0
62,6,2023,7,8,19,3500,1.0,0,0,0,c,a,571.0,12,2015,91,0,31,2015,393,0
416,5,2024,4,4,17,2445,1.0,1,0,0,a,b,446.0,5,2022,23,0,45,2019,219,0
1063,1,2024,9,45,7,441,1.0,0,0,1,a,c,577.0,12,2020,45,0,16,2010,500,0
55,7,2023,8,6,23,3048,1.0,1,0,1,c,c,938.0,6,2007,194,0,41,2015,381,1
412,2,2024,12,22,13,968,1.0,0,b,0,c,a,923.0,1,2022,35,0,30,2017,356,1
122,3,2024,1,35,8,2159,1.0,1,0,1,a,c,580.0,11,2000,278,0,49,2010,500,0
1039,5,2024,11,27,14,3811,1.0,0,0,0,b,a,157.0,11,2022,24,0,25,2010,500,1
753,3,2024,5,14,4,3162,1.0,0,0,0,c,a,946.0,12,2003,245,1,38,2021,132,1
851,2,2024,1,6,26,2858,1.0,1,0,1,a,a,551.0,2,2002,263,0,26,2013,500,0
796,7,2024,9,37,20,464,1.0,1,0,0,c,b,1027.0,11,2002,262,0,21,2011,500,0
733,1,2023,3,26,10,3464,1.0,0,0,1,a,a,593.0,5,2002,250,1,20,2018,266,1
863,2,2024,3,3,23,1474,1.0,0,0,0,b,a,524.0,11,2010,160,0,48,2013,500,1
10,7,2023,12,10,2,390,1.0,0,0,0,d,c,866.0,12,2014,108,1,44,2023,0,1
965,6,2023,3,30,11,3847,1.0,1,0,0,c,a,1527.0,3,2017,72,1,12,2023,18,1
825,1,2024,7,9,19,924,1.0,0,0,1,c,c,1045.0,5,2000,290,1,46,2021,119,0
825,6,2023,3,21,1,1429,1.0,0,0,0,c,a,861.0,4,2006,203,0,31,2014,458,0
439,7,2023,2,7,20,740,1.0,1,0,1,a,a,928.0,4,2003,238,0,6,2022,53,0
893,1,2023,1,42,23,2563,1.0,0,0,0,c,a,295.0,8,2003,233,0,40,2013,500,1
426,3,2023,1,33,17,3497,1.0,1,0,1,a,c,483.0,5,2017,68,0,9,2013,500,1
55,4,2024,6,41,6,2175,1.0,1,0,0,b,c,67.0,8,2014,118,0,46,2023,47,1
1013,1,2024,6,3,21,3503,1.0,0,b,0,a,a,1339.0,9,2004,237,1,24,2019,239,1
262,2,2023,1,20,10,3759,1.0,0,0,1,a,b,1278.0,3,2006,202,0,48,2011,500,0
114,2,2023,5,14,21,3515,1.0,1,0,1,a,c,938.0,1,2021,28,1,26,2022,40,1
694,2,2023,4,33,18,818,1.0,1,0,1,a,a,861.0,9,2013,115,1,5,2012,500,1
261,3,2023,7,43,3,982,1.0,0,0,0,a,a,355.0,3,2005,220,0,40,2019,211,1
957,4,2024,12,12,3,1337,1.0,0,0,1,a,c,754.0,3,2021,45,0,38,2016,390,1
495,2,2024,9,41,1,2624,1.0,0,0,0,a,a,1358.0,8,2004,241,1,16,2010,500,0
6,3,2023,12,31,3,3477,1.0,1,0,1,a,c,859.0,4,2006,212,0,11,2021,124,0
1062,2,2023,3,43,9,1388,1.0,0,0,0,d,a,651.0,3,2015,96,1,45,2019,206,1
574,6,2024,3,5,1,2731,1.0,0,0,1,a,c,293.0,4,2011,155,0,41,2022,68,1
294,2,2024,10,52,27,911,1.0,0,0,0,c,c,1234.0,7,2001,279,0,16,2018,348,1
756,7,2023,4,23,26,2263,1.0,1,0,0,a,a,799.0,11,2018,53,0,37,2020,142,0
592,4,2023,11,15,5,3162,1.0,1,0,0,c,a,293.0,12,2005,215,0,13,2022,54,1
34,6,2023,6,10,9,1700,1.0,1,0,1,c,b,543.0,9,2015,93,0,10,2023,0,0
848,5,2024,3,52,21,820,1.0,0,0,1,d,c,437.0,11,2007,196,1,35,2017,381,1
448,2,2023,11,46,19,1762,1.0,1,0,0,c,a,780.0,7,2017,76,0,44,2010,500,0
781,5,2023,7,7,17,3096,1.0,1,0,1,c,a,882.0,5,2020,38,1,48,2014,427,1
999,2,2024,10,24,28,3752,1.0,0,0,0,a,c,669.0,10,2017,84,0,25,2018,311,1
681,1,2024,6,39,18,2541,1.0,0,0,1,a,a,1053.0,4,2021,38,0,8,2011,500,0
749,2,2023,2,31,19,2750,1.0,1,0,1,a,b,844.0,10,2012,124,0,29,2011,500,1
284,2,2023,9,10,15,1793,1.0,0,0,1,c,a,1139.0,12,2001,261,0,36,2015,390,1
265,1,2023,2,19,15,3730,1.0,0,0,0,c,c,713.0,5,2012,129,1,51,2022,20,0
463,1,2024,8,20,9,3505,1.0,1,0,1,a,a,1734.0,8,2010,168,0,6,2014,500,0
951,7,2023,6,16,15,3894,1.0,0,0,1,c,c,651.0,10,2016,80,0,35,2023,0,0
585,4,2024,10,50,26,3480,1.0,0,0,1,a,a,549.0,10,2005,228,1,27,2021,179,1
389,3,2024,11,11,11,2278,1.0,1,0,1,c,c,512.0,3,2016,104,0,31,2014,500,0
870,7,2024,5,37,4,3849,1.0,1,0,1,b,a,757.0,12,2010,161,1,5,2013,500,1
952,2,2024,11,48,17,2517,1.0,1,0,0,a,b,304.0,7,2015,112,1,1,2021,203,1
1007,3,2023,2,42,22,2486,1.0,1,0,1,c,c,908.0,1,2009,169,1,32,2020,166,1
334,6,2023,2,42,27,2694,1.0,0,0,0,a,c,248.0,2,2008,180,0,11,2018,291,0
792,5,2024,12,9,16,906,1.0,0,0,0,c,a,869.0,9,2004,243,0,32,2023,29,1
659,3,2023,7,7,23,3388,1.0,0,0,1,c,a,415.0,6,2019,49,1,2,2011,500,0
501,2,2023,6,41,8,1578,1.0,1,0,1,a,a,706.0,2,2001,268,0,42,2015,415,0
443,1,2023,2,39,12,2704,1.0,0,c,1,a,a,1001.0,7,2005,211,0,18,2018,281,0
128,1,2023,4,39,12,3408,1.0,1,0,0,a,c,1511.0,8,2009,164,1,24,2011,500,1
307,2,2023,9,22,10,635,1.0,0,0,1,b,c,497.0,1,2003,248,0,18,2023,4,0
613,6,2024,10,28,21,1343,1.0,1,0,1,c,b,775.0,5,2021,41,1,22,2018,318,0
989,5,2024,11,1,25,3781,1.0,0,0,0,a,a,603.0,6,2007,209,1,28,2014,493,1
966,4,2024,5,16,10,1572,1.0,0,0,1,a,a,559.0,10,2005,223,1,34,2013,500,1
210,6,2024,6,28,4,2711,1.0,1,b,1,a,a,606.0,8,2005,226,0,36,2010,500,1
758,2,2023,2,7,24,2334,1.0,0,0,0,a,a,1067.0,2,2004,228,1,52,2018,215,0
95,2,2024,1,7,24,3505,1.0,0,0,0,a,c,674.0,8,2015,101,0,10,2023,49,0
753,3,2024,6,3,27,2139,1.0,0,0,0,b,a,1495.0,11,2011,151,1,46,2010,500,1
382,7,2023,7,11,8,1814,1.0,0,0,0,a,a,945.0,1,2005,222,1,32,2015,395,0
502,5,2024,2,52,21,262,1.0,1,0,0,c,c,517.0,12,2020,38,0,17,2019,295,1
801,6,2023,5,37,21,2003,1.0,0,a,1,a,a,710.0,2,2015,99,1,48,2016,353,0
474,2,2023,8,50,23,2423,1.0,1,0,0,b,a,579.0,8,2009,168,1,37,2019,221,1
901,6,2023,10,14,23,2817,1.0,0,0,0,a,a,1060.0,5,2011,149,0,10,2019,212,1
595,1,2023,12,32,27,3164,1.0,1,0,0,a,a,328.0,9,2015,99,0,10,2023,22,1
1114,2,2023,5,47,14,3150,1.0,0,0,0,a,a,418.0,11,2003,234,1,35,2018,272,0
712,4,2024,5,19,3,1945,1.0,0,0,1,c,a,643.0,11,2018,66,0,38,2019,241,1
331,1,2024,11,35,6,498,1.0,1,0,0,d,b,1025.0,11,2005,228,0,3,2014,500,0
865,7,2023,9,37,25,1166,1.0,0,0,1,a,a,1190.0,10,2000,275,0,33,2012,500,1
455,7,2024,4,44,24,1747,1.0,0,a,1,a,a,1234.0,4,2011,156,1,28,2011,500,1
596,4,2023,9,51,1,3920,1.0,1,0,0,b,b,979.0,6,2020,39,1,51,2011,500,1
153,3,2024,2,32,11,3125,1.0,0,0,1,a,a,795.0,9,2016,89,0,39,2021,149,0
134,1,2023,6,31,7,3599,1.0,0,0,0,c,a,1058.0,3,2007,195,0,48,2010,500,0
641,5,2023,4,46,9,3970,1.0,1,0,1,a,a,477.0,7,2009,165,1,2,2016,408,1
209,4,2024,12,36,18,706,1.0,0,0,0,c,a,267.0,7,2013,137,0,40,2018,308,0
1113,6,2024,1,19,15,244,1.0,0,0,0,b,a,951.0,12,2005,217,0,18,2019,261,0
955,5,2024,11,33,14,2381,1.0,0,0,1,a,c,518.0,1,2018,82,1,29,2010,500,0
782,1,2024,4,29,13,1206,1.0,1,0,0,c,a,800.0,2,2006,218,1,46,2022,87,0
820,1,2024,1,12,18,3501,1.0,1,0,1,a,a,856.0,1,2004,240,0,46,2016,382,0
664,6,2023,8,27,20,1966,1.0,1,0,1,c,a,894.0,7,2002,253,0,12,2010,500,1
68,2,2023,9,33,2,235,1.0,0,0,0,c,a,1101.0,7,2015,98,0,13,2011,500,1
438,7,2023,2,47,4,1047,1.0,0,0,0,b,c,1070.0,8,2000,270,1,38,2022,61,0
553,1,2023,1,31,10,1497,1.0,0,0,0,a,c,879.0,3,2018,58,1,46,2023,0,0
1021,6,2023,2,9,13,302,1.0,1,0,0,a,c,687.0,4,2022,10,1,32,2020,133,0
245,7,2023,5,52,28,1406,1.0,0,0,0,a,a,852.0,6,2002,251,0,3,2014,500,1
555,4,2023,2,31,25,2250,1.0,0,0,0,c,a,641.0,1,2002,253,1,9,2023,22,1
384,1,2024,9,15,19,3594,1.0,0,0,1,b,c,761.0,10,2021,35,0,39,2013,500,1
150,7,2023,1,40,2,2667,1.0,1,0,1,a,a,1605.0,1,2002,252,1,39,2013,500,0
115,2,2024,10,21,3,554,1.0,0,0,1,c,a,875.0,9,2009,181,1,47,2020,182,1
408,4,2024,11,20,13,1781,1.0,1,0,1,c,a,955.0,6,2020,53,0,28,2014,500,1
92,7,2023,9,44,17,3121,1.0,1,0,0,c,a,608.0,12,2003,237,1,23,2017,333,1
75,6,2023,12,46,19,1605,1.0,0,0,0,a,c,1126.0,9,2015,99,1,6,2019,248,0
392,1,2024,12,28,4,2339,1.0,0,0,1,a,c,1048.0,6,2008,198,1,41,2012,500,0
226,6,2024,1,20,25,3945,1.0,1,0,0,a,b,1050.0,9,2010,160,0,50,2022,74,1
619,2,2023,5,45,14,723,1.0,0,0,0,c,a,884.0,2,2021,27,0,3,2012,500,1
20,6,2023,10,10,17,2014,1.0,0,c,1,c,c,1130.0,3,2014,115,1,26,2023,0,1
337,5,2024,5,39,2,2516,1.0,1,0,1,c,b,1202.0,6,2007,203,1,19,2013,500,1
506,3,2024,9,31,24,3232,1.0,0,0,1,a,c,905.0,11,2021,34,1,39,2015,460,0
1074,3,2023,10,45,16,3380,1.0,1,0,0,c,a,786.0,10,2013,120,0,40,2013,500,1
708,1,2023,12,22,7,1291,1.0,1,0,0,c,c,1088.0,5,2002,259,0,12,2017,322,1
983,7,2024,4,44,9,1974,1.0,0,0,1,a,a,549.0,4,2009,180,0,50,2010,500,0
383,2,2023,5,1,10,3354,1.0,0,0,0,a,b,605.0,12,2005,209,0,8,2012,500,1
502,3,2024,1,40,1,3387,1.0,1,0,0,a,c,804.0,7,2014,114,1,41,2017,363,0
469,4,2023,4,4,27,3330,1.0,0,0,1,b,c,298.0,2,2019,50,1,39,2019,173,0
990,5,2024,4,34,23,2736,1.0,0,0,1,a,c,1068.0,3,2000,289,0,9,2023,77,0
1070,4,2023,6,11,25,1217,1.0,0,0,1,a,a,531.0,11,2017,67,1,36,2021,79,0
1074,4,2023,6,51,10,1599,1.0,0,0,0,a,b,679.0,11,2021,19,0,15,2022,88,1
839,5,2024,11,41,16,2692,1.0,0,0,1,c,a,756.0,11,2022,24,1,15,2021,182,1
561,7,2023,10,6,13,1166,1.0,0,0,1,c,b,832.0,1,2015,105,1,5,2020,157,1
604,3,2024,9,47,14,2791,1.0,0,a,1,c,a,717.0,10,2007,203,1,39,2014,500,1
1094,6,2023,1,14,17,2157,1.0,0,a,1,c,a,800.0,2,2003,239,0,42,2022,24,0
318,6,2024,6,29,13,1881,1.0,0,0,1,b,c,802.0,10,2021,32,0,27,2023,54,1
387,7,2024,9,5,22,1550,1.0,1,0,1,c,c,686.0,11,2009,178,0,41,2017,328,1
1001,7,2024,3,6,2,3140,1.0,1,0,0,a,a,588.0,5,2007,202,1,19,2011,500,1
431,6,2023,6,13,6,1968,1.0,1,0,0,c,a,1144.0,3,2016,87,0,30,2010,500,1
263,2,2024,9,28,25,1366,1.0,1,0,0,c,a,189.0,9,2016,96,1,41,2016,403,1
625,6,2024,10,29,25,1658,1.0,0,0,1,c,a,758.0,1,2018,81,1,23,2018,318,1
363,6,2024,11,45,23,2040,1.0,0,0,0,a,a,679.0,7,2020,52,1,33,2017,376,1
994,3,2023,6,9,11,2546,1.0,0,0,1,a,c,946.0,4,2020,38,1,8,2022,53,1
1014,5,2023,5,39,13,3962,1.0,0,0,1,a,a,384.0,6,2003,239,1,27,2017,324,1
342,2,2023,5,1,1,1493,1.0,0,0,1,a,a,670.0,10,2003,235,1,45,2019,164,0
591,4,2024,9,16,8,878,1.0,0,0,0,a,c,789.0,12,2004,237,1,41,2020,183,1
1098,6,2024,6,10,21,3916,1.0,0,0,1,a,a,1141.0,5,2014,121,1,16,2022,98,1
828,2,2023,5,7,10,761,1.0,0,c,0,a,a,920.0,4,2013,121,1,29,2018,238,1
241,3,2024,3,31,14,3634,1.0,1,0,1,c,a,465.0,11,2019,52,1,33,2017,362,1
659,6,2024,6,47,4,740,1.0,0,0,0,b,a,674.0,5,2019,61,1,49,2011,500,0
692,4,2023,3,35,14,1582,1.0,0,0,0,c,a,1086.0,3,2018,60,1,44,2018,251,1
729,7,2023,7,45,21,3992,1.0,0,0,1,a,c,460.0,11,2001,260,1,43,2012,500,1
28,1,2024,11,31,17,829,1.0,0,0,0,a,a,796.0,12,2015,107,0,40,2015,459,1
334,6,2024,10,3,16,807,1.0,0,0,1,a,c,817.0,4,2019,66,1,19,2017,348,0
953,6,2023,6,18,26,2514,1.0,0,0,0,c,c,704.0,2,2022,16,1,20,2011,500,0
270,7,2024,12,43,7,922,1.0,1,0,0,a,c,1629.0,2,2007,214,0,25,2019,278,1
335,2,2024,12,3,9,292,1.0,0,0,0,c,c,696.0,8,2017,88,1,23,2013,500,1
360,7,2024,6,6,18,2840,1.0,0,0,0,a,c,955.0,4,2009,182,0,50,2017,320,1
198,3,2024,10,44,14,3845,1.0,0,a,1,a,c,590.0,8,2003,254,1,46,2014,500,0
174,3,2024,5,4,28,3086,1.0,0,0,1,a,a,978.0,10,2007,199,1,47,2014,477,1
387,3,2024,11,50,2,3864,1.0,1,0,0,a,a,1081.0,1,2005,238,1,32,2015,486,1
975,5,2023,5,40,4,2202,1.0,0,0,0,a,c,644.0,11,2020,30,1,10,2010,500,0
2,5,2024,4,35,10,2533,1.0,0,a,1,c,c,804.0,1,2004,243,1,8,2012,500,1
316,4,2023,2,28,13,3934,1.0,0,0,1,a,c,551.0,2,2003,240,1,15,2021,117,1
68,1,2024,11,5,25,2114,1.0,0,0,0,a,b,477.0,9,2013,134,1,34,2011,500,0
627,7,2023,4,22,14,347,1.0,0,0,0,a,c,1131.0,8,2013,116,1,19,2016,367,0
280,2,2024,10,43,13,1107,1.0,0,0,0,d,c,654.0,12,2012,142,1,35,2011,500,1
884,1,2023,2,48,5,2559,1.0,1,0,1,b,b,96.0,7,2003,235,0,46,2017,314,1
653,5,2023,7,24,13,3457,1.0,1,0,1,b,a,1350.0,6,2011,145,1,18,2019,214,0
874,3,2023,6,44,15,2504,1.0,0,0,0,a,a,579.0,9,2021,21,0,49,2016,359,1
708,5,2024,6,41,17,1741,1.0,0,0,0,c,a,746.0,10,2002,260,0,27,2020,222,0
489,7,2024,3,3,17,1420,1.0,0,0,1,a,a,1312.0,9,2018,66,1,42,2013,500,0
960,1,2023,1,33,13,2796,1.0,1,0,0,c,a,777.0,5,2002,248,1,4,2017,341,1
532,2,2024,5,33,5,3617,1.0,1,0,0,c,a,771.0,12,2005,221,1,15,2013,500,0
1060,4,2024,6,29,5,1256,1.0,1,0,0,a,c,452.0,4,2020,50,0,49,2017,344,0
1110,6,2023,10,41,5,2300,1.0,0,0,0,a,a,330.0,5,2006,209,0,47,2010,500,1
657,5,2024,6,47,18,1824,1.0,0,0,0,a,b,770.0,4,2012,146,1,30,2013,500,1
753,3,2023,3,29,24,1136,1.0,0,0,1,a,a,929.0,4,2008,179,0,2,2019,235,0
286,5,2023,4,17,25,1740,1.0,1,0,0,a,c,912.0,3,2014,109,0,4,2020,169,1
909,7,2024,8,52,9,535,1.0,0,0,1,a,a,676.0,7,2009,181,0,22,2013,500,1
749,4,2023,6,51,3,2214,1.0,0,0,1,a,a,826.0,9,2010,153,1,47,2013,500,1
1007,7,2024,11,36,18,607,1.0,1,0,1,c,b,269.0,6,2018,77,0,20,2014,500,1
298,6,2024,6,34,2,2001,1.0,0,0,1,a,a,958.0,12,2012,138,0,46,2013,500,0
879,3,2024,7,6,18,3609,1.0,0,a,1,b,a,868.0,6,2012,145,1,28,2023,30,1
525,2,2024,1,21,11,753,1.0,1,0,1,a,c,1412.0,6,2018,67,1,8,2019,273,0
207,6,2024,3,11,24,1151,1.0,1,0,1,a,c,822.0,1,2009,182,0,30,2015,449,0
191,2,2024,11,27,18,2939,1.0,0,0,0,a,a,537.0,11,2018,72,0,19,2016,424,1
627,3,2023,5,43,21,3646,1.0,0,0,1,c,c,805.0,2,2016,87,0,12,2017,343,0
357,2,2023,6,12,12,3831,1.0,0,0,1,a,a,722.0,2,2020,40,0,36,2017,288,1
114,5,2024,8,52,24,656,1.0,0,0,0,b,a,950.0,12,2010,164,1,11,2015,500,1
477,3,2023,1,7,15,1108,1.0,0,0,0,c,a,828.0,7,2012,126,0,48,2023,0,0
729,5,2023,7,6,18,3938,1.0,0,0,1,b,a,442.0,1,2002,258,1,42,2014,432,1
356,7,2023,5,51,11,2121,1.0,0,0,0,a,a,329.0,6,2002,251,0,41,2015,426,0
1066,6,2024,2,6,13,3366,1.0,1,0,0,a,c,899.0,8,2002,258,1,4,2010,500,0
870,7,2023,6,39,24,254,1.0,0,0,1,b,a,1235.0,1,2014,113,0,50,2016,353,1
572,1,2023,6,40,12,641,1.0,1,0,0,c,c,844.0,10,2007,188,0,26,2021,118,1
1043,4,2023,3,18,1,976,1.0,1,0,0,c,a,1064.0,9,2006,198,1,39,2023,0,1
483,2,2023,7,4,11,527,1.0,0,0,1,c,b,1124.0,1,2013,126,0,10,2016,358,0
156,7,2024,9,17,11,3585,1.0,0,0,0,a,a,900.0,8,2009,181,1,40,2011,500,1
40,5,2023,4,4,12,3253,1.0,1,0,0,c,a,576.0,3,2003,241,0,17,2020,143,0
1046,3,2024,12,35,2,1683,1.0,0,0,0,b,a,879.0,9,2012,147,1,37,2018,310,1
1071,4,2024,8,47,4,496,1.0,0,0,0,d,b,1182.0,5,2012,147,1,15,2023,84,1
825,5,2023,10,52,10,603,1.0,1,0,0,c,c,979.0,3,2003,247,1,49,2017,315,1
115,4,2024,1,42,12,1196,1.0,0,0,0,a,a,1044.0,7,2006,210,0,37,2010,500,1
328,4,2024,10,41,1,2962,1.0,0,0,1,c,a,681.0,6,2005,232,0,24,2022,121,0
46,1,2024,5,46,11,3244,1.0,1,0,1,b,a,759.0,5,2015,108,1,24,2019,282,1
58,4,2023,9,41,9,2249,1.0,1,0,0,a,a,784.0,11,2005,214,1,1,2021,144,1
275,3,2023,10,34,1,3648,1.0,0,0,1,a,b,805.0,8,2000,278,1,16,2011,500,0
638,6,2024,4,52,8,3726,1.0,1,0,0,a,a,1170.0,6,2006,214,1,42,2016,426,0
74,7,2024,4,17,8,3117,1.0,1,0,0,a,c,116.0,3,2010,169,1,44,2016,389,0
1098,6,2024,1,22,5,499,1.0,0,0,0,c,c,829.0,7,2017,78,1,52,2013,500,0
508,1,2024,8,48,22,3581,1.0,0,0,0,a,a,796.0,1,2001,283,0,5,2021,199,1
295,6,2023,10,17,3,3651,1.0,0,0,1,c,c,409.0,11,2020,35,0,14,2012,500,0
576,3,2024,5,16,17,2327,1.0,0,0,0,a,c,1022.0,1,2007,208,0,40,2011,500,1
882,3,2023,2,8,19,2476,1.0,0,0,0,c,a,603.0,9,2007,185,1,19,2013,500,1
349,7,2024,4,15,23,3162,1.0,0,0,0,c,c,713.0,5,2000,287,1,13,2023,54,0
53,7,2023,5,31,16,2451,1.0,0,b,0,c,a,1375.0,9,2006,200,0,15,2011,500,1
57,1,2023,11,47,16,1507,1.0,0,0,0,a,c,1123.0,5,2010,162,0,48,2018,259,1
950,3,2024,2,8,22,2848,1.0,0,0,1,d,c,992.0,1,2014,121,0,45,2012,500,1
125,6,2024,5,36,24,3183,1.0,0,c,0,a,c,934.0,12,2017,77,1,1,2015,500,0
709,4,2024,8,40,6,737,1.0,1,0,0,c,c,771.0,10,2012,142,0,44,2017,360,0
429,2,2023,3,47,23,2783,1.0,0,0,1,a,c,1420.0,1,2002,254,0,29,2010,500,1
867,4,2023,11,40,13,858,1.0,0,0,0,a,a,1061.0,1,2009,178,0,44,2013,500,0
68,7,2024,11,9,3,2384,1.0,1,0,1,b,c,595.0,7,2016,100,1,33,2018,288,1
1002,2,2023,5,26,18,609,1.0,0,b,0,a,b,400.0,12,2014,101,1,36,2010,500,1
779,6,2023,9,50,28,3970,1.0,0,0,0,a,c,990.0,7,2013,122,1,31,2016,383,0
501,6,2024,10,48,4,2737,1.0,0,0,1,a,c,803.0,1,2011,165,1,39,2018,321,0
231,7,2023,9,32,1,1985,1.0,1,0,0,a,a,391.0,9,2011,144,0,43,2013,500,0
1090,3,2024,3,51,26,2114,1.0,1,0,0,d,a,949.0,6,2022,21,0,27,2012,500,1
337,2,2023,1,35,17,2553,1.0,1,a,0,b,c,739.0,8,2013,113,1,6,2016,393,1
547,4,2024,5,4,7,673,1.0,0,0,1,a,c,979.0,5,2013,132,1,5,2020,207,0
440,4,2024,2,48,23,2137,1.0,0,0,0,c,c,953.0,1,2007,205,1,22,2010,500,1
258,3,2024,4,9,12,2920,1.0,1,0,1,b,a,638.0,1,2011,159,1,25,2014,500,0
465,6,2024,8,20,10,1189,1.0,0,0,0,c,a,1010.0,8,2016,96,1,45,2023,27,0
169,6,2023,8,13,9,2021,1.0,1,0,1,b,a,671.0,8,2019,48,1,2,2014,479,0
2,2,2024,3,38,17,1455,1.0,1,0,1,a,a,690.0,4,2017,83,0,47,2014,500,0
324,6,2024,1,2,4,811,1.0,0,0,1,a,c,660.0,1,2015,108,0,3,2020,207,1
125,2,2024,3,34,11,3919,1.0,0,b,1,c,a,1159.0,10,2017,77,0,26,2016,424,1
463,3,2024,6,45,9,2452,1.0,0,0,1,c,a,736.0,2,2000,292,0,22,2015,491,0
962,1,2024,10,41,2,1690,1.0,0,0,0,c,a,1232.0,3,2006,223,1,30,2020,219,0
182,3,2024,5,16,22,1485,1.0,0,0,0,a,c,1355.0,6,2005,227,1,3,2010,500,0
2,7,2024,4,47,1,2781,1.0,1,0,0,c,b,598.0,9,2015,103,0,40,2019,267,1
124,4,2023,7,19,27,611,1.0,0,0,0,a,a,50.0,12,2017,67,1,7,2015,428,1
567,5,2023,1,36,3,2354,1.0,0,0,1,c,a,1133.0,8,2003,233,1,41,2022,47,1
307,1,2024,3,27,11,1074,1.0,1,0,0,a,a,717.0,12,2004,231,1,30,2020,205,0
546,5,2023,1,4,3,3581,1.0,0,0,1,c,a,560.0,8,2011,137,0,47,2023,0,0
33,3,2024,7,1,11,3180,1.0,0,0,1,d,c,643.0,11,2022,20,0,51,2011,500,1
372,6,2024,6,10,18,3079,1.0,0,0,0,a,a,696.0,3,2000,291,1,44,2012,500,1
458,7,2023,7,49,3,754,1.0,0,0,0,c,a,1209.0,1,2020,42,0,24,2022,77,1
481,4,2024,8,50,15,506,1.0,0,0,1,b,a,868.0,9,2004,239,0,22,2015,496,1
615,1,2024,5,22,22,1942,1.0,1,0,0,a,a,1205.0,12,2006,209,1,35,2021,143,1
871,4,2024,11,51,13,1550,1.0,0,0,0,a,a,968.0,9,2014,122,1,34,2019,277,1
521,1,2023,12,3,4,2952,1.0,0,0,0,c,b,727.0,5,2016,91,0,42,2016,325,1
938,4,2024,2,51,20,2905,1.0,1,0,1,a,a,703.0,6,2020,44,0,26,2010,500,1
591,1,2023,12,13,6,1709,1.0,1,0,0,a,a,988.0,2,2000,286,1,25,2011,500,0
291,5,2024,3,2,1,813,1.0,0,0,0,c,c,1066.0,5,2001,274,0,7,2020,203,0
256,3,2023,3,40,13,1432,1.0,1,0,0,b,c,1119.0,9,2010,150,1,9,2011,500,0
360,2,2024,7,20,8,2113,1.0,0,0,1,c,a,742.0,2,2012,149,0,43,2010,500,0
667,1,2024,1,16,1,1163,1.0,0,0,1,b,a,873.0,6,2005,223,0,52,2013,500,0
271,7,2024,5,40,22,1407,1.0,1,0,0,a,c,995.0,4,2014,121,1,32,2022,112,0
1020,6,2023,3,18,17,1114,1.0,0,0,0,c,a,705.0,6,2006,201,0,18,2018,260,1
536,6,2024,6,40,26,446,1.0,1,0,1,a,c,480.0,10,2021,32,0,4,2020,244,0
963,1,2024,10,11,14,2484,1.0,0,0,0,a,c,578.0,11,2004,239,1,3,2019,268,1
762,3,2023,12,5,13,3989,1.0,0,0,1,b,a,748.0,5,2015,103,1,36,2017,281,0
372,7,2024,3,17,24,3817,1.0,1,0,0,d,a,1019.0,10,2012,137,0,34,2013,500,1
255,5,2024,7,32,3,3731,1.0,0,0,1,a,c,1198.0,9,2002,262,0,15,2016,433,0
830,1,2024,6,12,11,2703,1.0,0,0,1,d,a,413.0,12,2013,126,0,10,2017,366,1
369,1,2024,5,8,23,3040,1.0,0,0,1,c,a,641.0,9,2003,248,1,4,2023,56,1
276,2,2024,8,39,9,443,1.0,1,0,1,a,a,713.0,7,2012,145,1,36,2022,107,1
1038,7,2024,12,26,25,963,1.0,0,0,0,a,b,1058.0,9,2014,123,1,32,2020,202,0
539,2,2024,5,23,8,2883,1.0,0,0,1,a,c,662.0,4,2001,277,0,18,2021,161,1
55,7,2023,1,13,12,3956,1.0,1,0,1,b,b,691.0,9,2004,220,0,39,2021,78,1
552,5,2024,11,1,26,3651,1.0,0,0,1,a,a,396.0,9,2006,218,0,44,2019,217,0
514,7,2024,12,3,7,2597,1.0,1,0,0,a,a,965.0,8,2021,40,0,27,2021,132,1
964,6,2024,4,36,28,613,1.0,0,0,1,a,b,772.0,2,2005,230,0,14,2011,500,1
794,3,2024,7,5,2,3871,1.0,1,0,1,d,a,624.0,7,2021,36,0,1,2010,500,0
214,6,2023,11,13,8,1408,1.0,0,0,1,a,c,742.0,9,2012,134,0,42,2016,335,1
168,2,2023,7,48,17,361,1.0,0,0,0,a,b,1158.0,3,2021,28,1,30,2010,500,1
674,3,2024,6,18,17,3119,1.0,1,0,0,a,a,519.0,10,2019,56,0,19,2014,500,0
53,2,2023,12,39,26,859,1.0,0,0,0,a,c,568.0,11,2006,205,1,1,2012,500,0
356,1,2023,10,18,27,1346,1.0,0,0,1,a,a,1196.0,7,2012,135,0,43,2023,0,1
155,1,2023,7,49,19,2773,1.0,0,0,0,c,a,843.0,12,2016,79,0,49,2019,208,1
23,2,2024,2,43,19,3868,1.0,0,0,1,b,a,1021.0,11,2001,267,1,26,2010,500,0
1025,1,2023,6,25,9,3647,1.0,1,0,1,a,a,941.0,6,2015,96,1,14,2018,271,1
101,3,2023,9,36,23,821,1.0,0,0,1,c,a,809.0,11,2010,154,1,33,2020,159,1
11,1,2023,4,22,19,867,1.0,1,0,1,a,a,716.0,12,2000,268,1,46,2014,444,1
1041,1,2023,7,50,1,3274,1.0,1,0,1,c,c,1069.0,2,2019,53,0,31,2022,71,0
210,7,2023,8,19,24,1404,1.0,0,0,0,a,b,1169.0,12,2006,200,1,1,2023,18,1
911,1,2024,2,44,11,496,1.0,0,0,0,c,a,1145.0,1,2020,49,1,11,2023,85,0
35,1,2024,7,33,14,2435,1.0,1,0,1,d,c,464.0,6,2004,241,1,6,2011,500,1
172,1,2023,9,34,14,2696,1.0,1,c,1,c,c,1211.0,12,2012,129,1,22,2016,376,1
124,1,2024,3,19,23,3998,1.0,0,0,0,a,a,713.0,9,2008,186,1,24,2020,203,1
788,4,2023,7,44,8,2048,1.0,1,0,1,a,c,593.0,4,2020,39,1,28,2016,380,0
692,6,2023,9,39,11,3238,1.0,1,0,0,c,a,769.0,8,2021,25,1,40,2016,363,1
531,6,2024,1,43,2,2230,1.0,1,0,0,a,a,1069.0,3,2017,82,0,6,2014,500,0
270,5,2024,8,42,10,3709,1.0,1,0,0,a,a,982.0,3,2019,65,1,50,2015,460,0
100,1,2024,4,9,3,2052,1.0,1,0,0,a,a,743.0,11,2017,77,1,14,2019,255,1
635,6,2023,5,46,17,2765,1.0,0,0,1,a,a,1071.0,1,2006,208,0,28,2010,500,1
258,1,2023,8,44,26,3860,1.0,1,0,1,a,a,862.0,12,2021,20,0,11,2021,137,0
659,5,2023,1,13,14,3534,1.0,0,0,1,a,a,648.0,6,2012,127,1,19,2020,150,1
767,3,2023,1,52,26,1723,1.0,0,0,0,b,c,608.0,1,2007,192,0,44,2011,500,1
948,7,2024,6,28,28,2126,1.0,0,0,1,a,c,943.0,10,2004,236,1,3,2020,233,0
551,3,2023,12,17,2,2452,1.0,0,0,1,a,b,795.0,1,2016,95,0,26,2017,303,1
6,5,2024,1,12,15,671,1.0,0,0,0,a,b,407.0,4,2006,213,1,31,2014,500,1
313,4,2024,10,19,15,1087,1.0,0,0,1,d,c,1074.0,3,2015,115,1,30,2016,405,1
952,4,2024,1,2,11,2896,1.0,0,0,0,b,a,676.0,10,2001,267,0,20,2017,346,1
595,7,2023,6,36,24,472,1.0,0,0,0,b,a,1298.0,5,2014,109,0,20,2012,500,0
691,5,2024,6,37,12,2485,1.0,0,a,1,c,a,399.0,8,2014,118,1,48,2018,301,1
511,3,2023,6,35,2,2042,1.0,0,0,1,b,a,766.0,1,2012,137,0,13,2018,282,1
182,4,2024,1,29,16,2044,1.0,1,0,0,a,a,610.0,9,2015,100,0,25,2015,472,0
1000,5,2023,10,19,6,3414,1.0,0,0,0,b,a,527.0,9,2022,13,1,19,2016,364,0
862,3,2024,4,38,10,1244,1.0,0,0,1,a,a,674.0,4,2019,60,1,40,2018,310,1
1110,2,2024,10,46,15,3205,1.0,1,0,0,b,a,1351.0,11,2010,167,0,42,2017,368,1
954,4,2024,8,5,21,3179,1.0,0,0,1,a,c,863.0,6,2020,50,0,45,2016,376,1
325,1,2024,7,20,8,3971,1.0,1,0,0,d,a,582.0,9,2021,34,1,5,2023,67,1
284,2,2024,4,52,11,3317,1.0,1,b,0,a,a,271.0,3,2003,253,1,6,2022,150,0
278,3,2024,8,45,2,2126,1.0,0,a,0,a,a,304.0,12,2008,188,0,20,2015,493,0
1025,6,2023,12,52,11,1583,1.0,1,0,0,b,a,659.0,3,2017,81,0,23,2020,185,1
621,6,2024,12,10,17,3168,1.0,0,0,1,a,c,630.0,8,2011,160,0,4,2021,162,1
507,2,2024,11,25,18,3725,1.0,1,0,1,a,a,753.0,2,2003,261,0,47,2011,500,1
1080,3,2024,3,7,9,1267,1.0,0,0,1,c,a,138.0,1,2010,170,1,47,2018,272,0
673,2,2023,8,46,2,1605,1.0,0,0,1,c,c,792.0,2,2008,186,0,23,2021,127,0
1015,6,2024,5,27,17,2088,1.0,0,0,0,c,a,1128.0,12,2016,89,1,41,2010,500,0
1098,2,2023,12,13,19,608,1.0,0,0,1,a,b,1307.0,3,2011,153,0,30,2014,451,1
89,6,2024,12,5,3,1393,1.0,0,0,1,a,b,252.0,11,2003,253,1,35,2021,126,1
404,6,2023,11,39,15,832,1.0,0,0,1,a,a,580.0,7,2001,268,0,46,2023,0,0
819,5,2023,2,43,3,3134,1.0,0,0,1,b,a,564.0,2,2006,204,1,5,2023,38,0
907,3,2023,4,46,13,2079,1.0,0,0,0,b,a,864.0,6,2003,238,1,13,2018,293,1
166,7,2023,9,51,18,2494,1.0,0,0,0,a,a,454.0,6,2020,39,0,23,2010,500,1
356,5,2023,9,43,21,503,1.0,0,0,1,a,a,1325.0,4,2006,209,1,47,2010,500,1
612,5,2024,5,41,20,2379,1.0,1,0,0,a,b,833.0,8,2014,117,0,31,2021,166,1
892,6,2023,2,43,22,2929,1.0,1,0,1,a,a,783.0,11,2002,243,1,21,2020,178,0
126,7,2024,2,52,7,2819,1.0,0,0,1,a,a,1298.0,11,2010,159,1,2,2012,500,1
670,1,2023,9,25,24,3221,1.0,1,0,1,a,a,815.0,7,2021,26,1,31,2011,500,1
331,7,2024,6,40,10,633,1.0,0,0,0,a,a,940.0,11,2014,115,1,15,2012,500,0
242,6,2024,6,43,11,2287,1.0,1,0,0,a,b,595.0,12,2006,210,0,18,2022,129,0
575,2,2023,10,7,23,2032,1.0,0,0,0,a,a,409.0,2,2017,80,0,52,2020,111,1
462,3,2024,1,36,10,3594,1.0,1,0,1,a,c,637.0,8,2011,149,1,28,2023,60,0
709,6,2024,10,18,3,2824,1.0,0,0,1,c,c,1476.0,10,2005,228,0,8,2011,500,0
355,2,2024,4,7,21,3826,1.0,1,0,0,a,a,1010.0,1,2022,27,1,3,2019,264,1
918,4,2023,12,9,19,296,1.0,1,0,0,a,c,902.0,8,2021,28,1,21,2022,40,0
88,5,2023,12,6,17,1900,1.0,0,0,0,a,a,527.0,11,2013,121,0,4,2017,314,0
961,5,2024,7,47,5,2872,1.0,0,0,1,a,a,1093.0,4,2000,291,1,23,2020,232,0
34,7,2023,4,41,18,538,1.0,0,0,1,a,a,413.0,11,2009,161,1,22,2018,279,0
821,1,2024,3,6,6,2674,1.0,0,0,0,a,a,350.0,12,2011,147,0,46,2010,500,1
387,3,2023,3,33,16,1078,1.0,1,0,1,a,c,652.0,8,2021,19,1,18,2016,379,0
428,7,2024,12,35,15,482,1.0,0,c,0,c,a,1406.0,8,2016,100,0,15,2013,500,0
22,4,2023,3,28,22,2698,1.0,0,0,1,c,a,1389.0,7,2005,212,1,33,2011,500,1
783,2,2023,6,32,28,1820,1.0,1,0,0,a,c,685.0,5,2011,145,1,34,2018,258,1
185,3,2024,6,48,6,1741,1.0,0,0,1,a,a,618.0,6,2004,240,1,2,2023,98,1
735,3,2024,9,27,4,1436,1.0,0,0,1,d,b,328.0,7,2010,170,0,5,2010,500,0
809,4,2024,11,35,16,2803,1.0,0,0,0,a,a,843.0,6,2012,149,0,9,2014,500,0
943,2,2024,7,30,27,2551,1.0,0,0,1,d,c,869.0,10,2011,153,0,41,2019,249,1
790,5,2023,10,21,5,2733,1.0,0,0,1,c,a,1057.0,10,2009,168,1,11,2014,478,0
337,4,2023,7,47,14,3193,1.0,0,0,0,a,c,1093.0,5,2010,158,1,52,2011,500,0
824,5,2023,6,22,12,2500,1.0,1,0,1,a,a,761.0,7,2018,59,0,23,2012,500,0
921,2,2024,2,42,9,484,1.0,1,0,0,a,c,987.0,3,2011,155,0,49,2010,500,1
354,5,2023,3,32,19,799,1.0,0,0,1,c,c,610.0,3,2000,276,1,13,2023,19,0
139,7,2024,6,36,9,3967,1.0,0,0,1,a,c,981.0,5,2017,85,0,23,2016,429,0
993,1,2023,1,40,14,1286,1.0,0,0,1,c,a,668.0,1,2014,108,0,8,2023,32,0
165,3,2023,4,39,24,1824,1.0,1,0,1,a,a,958.0,11,2016,77,1,44,2019,203,0
663,5,2023,6,30,11,1635,1.0,0,0,1,c,c,934.0,2,2016,88,0,32,2014,466,1
264,5,2023,6,33,1,3962,1.0,1,0,0,c,b,841.0,4,2003,242,1,4,2023,29,1
141,5,2023,10,27,25,3332,1.0,1,0,1,a,c,1058.0,4,2022,18,0,39,2013,500,1
866,4,2024,12,18,8,2037,1.0,1,0,0,a,c,349.0,3,2022,33,1,47,2012,500,0
161,5,2023,9,38,22,2792,1.0,0,0,0,a,a,501.0,5,2003,244,0,36,2021,106,0
748,5,2024,1,46,22,2295,1.0,0,0,1,c,a,739.0,9,2005,220,1,43,2017,367,0
773,1,2024,5,37,15,2650,1.0,1,0,1,c,a,387.0,11,2005,222,0,15,2015,490,1
68,6,2024,9,41,3,3824,1.0,1,0,1,a,b,698.0,3,2022,30,1,23,2018,330,1
193,4,2024,8,44,27,2754,1.0,0,0,0,c,a,708.0,3,2021,41,0,45,2023,51,1
886,1,2023,6,20,20,628,1.0,0,0,0,a,a,1213.0,6,2006,204,0,32,2013,500,1
566,3,2023,6,4,12,2112,1.0,0,0,0,a,c,863.0,4,2014,110,1,32,2022,24,0
136,4,2023,5,18,24,3314,1.0,1,0,1,c,a,1129.0,10,2005,211,0,40,2022,30,0
1106,1,2024,7,40,23,350,1.0,0,0,1,a,a,911.0,3,2000,292,1,32,2020,216,0
296,7,2024,3,43,22,1556,1.0,0,0,1,c,a,659.0,5,2005,226,1,7,2012,500,1
5,2,2023,7,27,5,964,1.0,0,0,1,a,a,860.0,7,2001,264,0,12,2011,500,1
1031,3,2023,3,41,18,2939,1.0,1,0,1,b,a,1039.0,5,2019,46,0,41,2011,500,1
19,4,2024,9,4,9,733,1.0,0,a,1,a,c,1178.0,8,2018,73,1,13,2019,251,0
617,6,2024,11,34,3,2571,1.0,1,0,1,a,c,780.0,10,2004,241,0,35,2015,467,1
1108,6,2024,7,36,10,443,1.0,1,0,0,a,b,326.0,7,2013,132,1,25,2023,63,1
645,6,2024,5,27,3,3711,1.0,1,0,0,c,c,305.0,6,2004,239,0,33,2010,500,0
652,2,2024,12,38,3,1414,1.0,0,b,0,a,a,722.0,12,2013,132,0,13,2015,493,1
433,6,2024,8,26,21,1748,1.0,0,0,0,a,a,119.0,12,2020,44,0,17,2013,500,1
142,6,2023,6,28,15,3193,1.0,0,0,1,a,a,1359.0,12,2020,30,1,36,2022,44,1
639,4,2023,1,32,12,1642,1.0,0,0,1,a,c,999.0,1,2019,48,0,9,2011,500,1
1001,4,2024,1,42,6,637,1.0,0,0,1,b,a,629.0,11,2005,218,0,17,2015,493,0
102,1,2024,3,13,22,3638,1.0,1,0,1,c,c,487.0,11,2004,232,1,52,2022,65,1
982,6,2023,3,16,18,623,1.0,0,a,1,c,a,1128.0,10,2003,233,0,8,2023,8,0
463,7,2024,9,22,17,2088,1.0,1,0,1,a,c,486.0,9,2002,264,0,31,2022,95,0
598,4,2023,7,11,6,672,1.0,0,0,1,a,a,515.0,5,2014,110,0,8,2019,211,1
185,4,2024,12,18,4,2851,1.0,1,0,1,a,c,590.0,9,2015,111,1,37,2012,500,1
694,4,2023,7,19,4,1225,1.0,1,0,0,a,a,854.0,7,2020,36,0,7,2011,500,0
204,1,2024,11,17,1,3742,1.0,0,0,1,c,a,1006.0,10,2002,265,0,30,2015,455,0
305,5,2024,7,22,28,968,1.0,1,0,1,a,c,1178.0,5,2006,218,1,23,2016,415,0
805,6,2023,5,27,11,2744,1.0,1,0,0,d,a,1133.0,9,2016,80,0,36,2017,303,0
57,7,2023,9,37,19,253,1.0,0,0,0,a,c,820.0,10,2015,95,1,1,2010,500,1
499,7,2024,6,16,28,629,1.0,1,0,0,c,c,1126.0,11,2009,175,1,27,2019,249,0
663,4,2023,4,44,27,1250,1.0,1,0,1,c,c,619.0,3,2003,241,0,29,2015,431,0
148,7,2023,6,25,9,3558,1.0,1,0,0,c,a,274.0,11,2011,139,1,13,2011,500,1
329,4,2024,8,38,14,3985,1.0,1,0,1,c,a,619.0,3,2003,257,1,16,2022,126,1
384,5,2023,5,6,13,2531,1.0,0,0,0,a,a,578.0,12,2012,125,0,37,2014,437,1
740,5,2023,9,10,1,1478,1.0,1,0,0,c,b,630.0,1,2020,44,0,29,2013,500,1
1090,7,2023,12,24,22,1386,1.0,0,0,0,a,a,532.0,3,2004,237,0,31,2016,357,1
933,6,2024,5,20,17,1002,1.0,0,0,1,a,c,682.0,8,2002,261,0,49,2023,23,1
212,1,2023,4,26,11,1494,1.0,1,0,0,a,c,1006.0,7,2016,81,0,22,2021,108,0
21,1,2023,5,9,16,2083,1.0,0,0,1,a,a,1335.0,9,2000,272,1,46,2011,500,0
58,3,2023,11,25,21,2803,1.0,0,0,0,d,c,302.0,5,2022,18,1,51,2019,182,0
665,4,2023,3,36,1,1071,1.0,1,0,0,a,a,434.0,1,2017,74,1,30,2019,214,1
175,5,2023,12,38,19,336,1.0,1,0,0,a,a,583.0,8,2009,172,0,12,2022,78,0
258,4,2023,5,13,25,2326,1.0,1,a,0,a,a,1050.0,7,2008,178,1,22,2023,0,1
945,4,2023,11,18,21,1122,1.0,1,0,0,b,c,759.0,7,2008,184,0,3,2020,171,1
975,7,2023,10,28,18,1722,1.0,0,0,1,c,c,603.0,5,2009,173,0,37,2019,199,0
936,3,2024,10,27,3,2904,1.0,0,0,1,d,a,1035.0,11,2019,59,1,15,2014,500,1
283,4,2023,11,42,21,3607,1.0,0,0,1,b,a,1107.0,10,2018,61,0,49,2022,45,1
691,4,2023,3,21,22,2230,1.0,1,0,0,a,a,814.0,3,2004,228,1,34,2023,0,0
682,4,2024,8,35,14,3726,1.0,1,0,1,a,a,575.0,1,2004,247,0,26,2023,61,0
207,7,2024,2,46,17,1222,1.0,0,0,0,a,a,901.0,3,2012,143,0,10,2023,88,1
618,7,2024,4,16,18,2909,1.0,0,0,0,b,c,750.0,1,2014,123,1,6,2018,322,0
586,4,2023,1,43,4,3922,1.0,1,0,1,d,c,748.0,9,2016,76,0,35,2023,8,0
442,4,2023,9,18,8,1019,1.0,0,0,1,a,a,666.0,8,2007,193,0,40,2020,134,1
839,5,2023,8,18,23,3005,1.0,0,0,1,a,c,1097.0,6,2011,146,0,14,2013,500,0
756,2,2023,9,34,28,2000,1.0,0,0,0,c,b,895.0,8,2002,253,1,1,2010,500,0
594,3,2023,3,33,8,3546,1.0,0,0,1,b,a,1131.0,10,2010,149,1,17,2023,16,1
810,2,2024,4,29,12,1360,1.0,0,0,0,c,c,1221.0,10,2015,102,0,40,2015,457,0
851,2,2023,9,13,26,3850,1.0,1,0,0,a,a,958.0,6,2007,195,0,31,2022,34,1
633,1,2024,10,6,5,3233,1.0,1,0,0,a,a,668.0,8,2007,206,0,5,2014,500,1
299,5,2023,11,48,8,2879,1.0,0,0,0,a,a,1132.0,7,2010,160,1,6,2015,458,0
846,1,2023,1,46,2,310,1.0,1,a,0,a,c,960.0,12,2019,37,0,6,2021,144,0
801,5,2024,5,47,7,514,1.0,1,0,0,c,a,1601.0,10,2013,127,1,40,2017,371,0
1097,4,2024,1,27,18,2717,1.0,0,0,0,a,a,913.0,4,2021,33,1,41,2019,246,1
168,3,2023,10,46,10,2019,1.0,0,0,1,a,a,1029.0,11,2001,263,0,22,2014,492,1
468,6,2024,2,25,28,1428,1.0,0,0,0,d,a,907.0,5,2019,57,1,36,2018,301,0
1031,4,2023,10,4,25,3399,1.0,0,0,1,a,a,790.0,10,2001,264,1,2,2016,366,1
574,6,2023,2,11,26,2027,1.0,0,0,0,a,a,742.0,12,2007,182,1,30,2023,0,1
1052,5,2024,1,15,21,1944,1.0,1,0,1,d,c,908.0,10,2009,171,1,15,2016,416,0
14,1,2023,11,20,20,1427,1.0,0,0,1,a,a,976.0,2,2005,225,1,43,2011,500,1
40,2,2023,6,49,15,3930,1.0,0,0,1,c,a,1166.0,3,2022,15,0,26,2020,179,1
888,4,2023,6,18,28,1586,1.0,0,0,0,a,c,913.0,10,2020,32,1,45,2023,0,0
400,7,2023,8,32,3,1186,1.0,1,0,0,c,c,681.0,2,2013,126,1,30,2022,54,0
581,2,2023,4,15,21,2762,1.0,1,0,0,a,a,722.0,1,2010,159,0,24,2011,500,1
478,1,2023,9,34,4,329,1.0,0,a,0,a,a,423.0,4,2017,77,1,50,2023,0,1
455,7,2024,6,30,10,2462,1.0,1,a,1,d,a,1318.0,6,2016,96,1,52,2014,498,0
1048,7,2024,4,8,8,2345,1.0,1,0,1,b,a,658.0,2,2011,158,1,24,2021,140,1
105,2,2023,5,25,17,1127,1.0,0,0,1,a,c,1110.0,2,2019,51,1,19,2018,266,0
862,3,2023,1,6,23,3122,1.0,0,0,1,a,a,903.0,5,2004,224,0,34,2023,0,0
992,5,2024,4,47,3,365,1.0,1,0,1,a,a,911.0,8,2006,212,1,9,2014,500,0
734,2,2023,8,37,17,3930,1.0,1,0,0,a,a,785.0,7,2000,277,1,21,2018,276,1
441,3,2024,2,49,7,3452,1.0,1,0,0,a,a,584.0,10,2002,256,0,44,2019,265,0
179,3,2024,2,46,3,866,1.0,0,0,1,a,a,529.0,12,2004,230,0,47,2012,500,1
762,5,2023,8,12,12,2070,1.0,0,0,1,d,c,1339.0,1,2014,115,0,22,2020,146,0
523,3,2023,6,37,17,948,1.0,1,a,0,c,a,854.0,9,2019,45,0,21,2012,500,0
167,3,2023,2,6,6,2551,1.0,1,0,1,d,a,1158.0,2,2013,120,1,46,2021,64,1
402,3,2023,9,50,11,1539,1.0,1,0,0,a,c,1235.0,5,2010,160,0,11,2011,500,0
1073,6,2023,10,41,27,2056,1.0,1,0,1,a,a,697.0,5,2006,209,0,4,2012,500,1
296,2,2024,1,36,10,3836,1.0,1,0,1,b,a,947.0,9,2002,256,0,4,2016,448,1
199,2,2023,3,52,28,2551,1.0,0,0,1,a,a,834.0,4,2013,119,0,6,2012,500,1
761,2,2024,5,45,24,3495,1.0,1,0,1,a,a,473.0,11,2003,246,1,46,2011,500,0
223,7,2024,9,45,11,2582,1.0,1,0,0,c,a,764.0,5,2018,76,0,3,2010,500,1
1026,7,2023,1,6,17,2002,1.0,0,0,1,c,a,996.0,10,2009,159,0,18,2014,456,1
958,4,2023,10,2,20,257,1.0,0,0,0,a,c,670.0,12,2008,178,1,32,2016,334,0
1097,2,2023,4,50,14,538,1.0,1,0,1,a,c,723.0,7,2000,273,1,32,2010,500,0
1018,6,2024,2,14,12,2226,1.0,1,0,0,a,a,768.0,2,2005,228,0,44,2011,500,0
272,4,2023,11,23,10,2115,1.0,1,0,0,b,a,1453.0,9,2000,278,0,52,2018,231,1
237,6,2024,2,3,4,2108,1.0,1,0,0,a,c,270.0,6,2016,92,1,21,2014,500,0
383,3,2024,2,33,1,3412,1.0,0,0,1,c,a,970.0,5,2011,153,1,13,2020,228,0
524,7,2024,12,43,10,564,1.0,1,0,1,a,a,744.0,6,2018,78,1,5,2021,194,1
982,6,2024,7,44,23,2703,1.0,0,0,0,a,b,628.0,4,2013,135,1,47,2010,500,1
818,2,2024,6,31,7,3034,1.0,0,0,0,c,a,737.0,4,2021,38,1,20,2023,63,1
719,6,2024,9,35,6,2653,1.0,1,0,1,d,c,1020.0,12,2018,69,1,47,2019,248,1
980,3,2024,8,27,10,1096,1.0,1,0,1,c,a,1037.0,4,2003,256,0,19,2021,164,0
721,3,2024,8,24,17,1744,1.0,1,0,0,a,c,876.0,6,2002,266,0,40,2016,400,0
423,2,2024,1,29,7,407,1.0,1,0,1,a,a,1148.0,9,2020,40,1,34,2010,500,0
461,5,2024,7,49,7,873,1.0,0,0,0,c,a,1201.0,3,2006,220,1,38,2022,115,0
577,2,2023,4,14,4,3252,1.0,1,0,1,c,a,1065.0,8,2017,68,0,34,2017,292,0
99,5,2024,10,25,10,2546,1.0,0,0,1,d,c,656.0,11,2014,119,1,16,2010,500,1
828,5,2024,7,32,7,3487,1.0,0,0,0,a,a,968.0,10,2016,93,0,6,2012,500,1
728,6,2024,2,30,24,2828,1.0,0,0,1,c,a,970.0,1,2006,217,1,1,2012,500,1
816,7,2023,11,2,26,1114,1.0,0,0,1,a,c,575.0,5,2007,198,0,22,2015,396,0
596,1,2024,4,15,11,3290,1.0,0,0,0,a,a,349.0,1,2012,147,1,47,2016,384,1
874,7,2024,4,34,3,2812,1.0,0,0,0,a,a,213.0,8,2000,284,0,34,2015,468,1
1059,1,2024,12,37,3,928,1.0,0,0,0,a,a,841.0,4,2007,212,0,36,2022,105,0
636,4,2023,10,39,10,218,1.0,1,0,0,a,c,909.0,11,2011,143,1,14,2023,25,0
496,3,2024,11,52,13,3102,1.0,1,0,1,a,a,465.0,3,2004,248,0,26,2019,286,1
117,5,2024,8,35,15,2940,1.0,1,0,0,c,a,1134.0,11,2006,213,0,22,2018,325,0
869,6,2024,11,31,9,541,1.0,1,0,1,b,c,866.0,5,2022,30,0,8,2022,127,0
1008,7,2024,2,18,10,1966,1.0,0,0,0,a,b,1225.0,12,2006,206,1,32,2013,500,0
780,3,2024,8,20,8,3672,1.0,1,0,0,c,a,931.0,3,2020,53,0,19,2017,365,0
966,7,2024,4,43,15,3211,1.0,0,0,1,a,a,500.0,4,2021,36,0,21,2018,334,1
961,3,2023,5,25,20,3305,1.0,0,a,1,a,a,957.0,5,2015,96,1,32,2013,500,1
890,2,2024,3,38,2,1693,1.0,1,0,0,d,a,1021.0,12,2003,243,1,2,2023,88,1
561,3,2023,3,7,14,660,1.0,0,0,0,a,a,656.0,9,2004,222,0,49,2013,478,1
112,4,2024,6,7,19,1534,1.0,1,0,1,a,b,387.0,10,2021,32,1,12,2010,500,0
4,5,2024,12,12,19,2810,1.0,0,0,0,b,c,850.0,7,2000,293,1,36,2014,496,0
228,6,2023,8,11,16,3394,1.0,0,0,0,a,a,520.0,10,2011,142,0,41,2021,74,0
481,2,2023,5,32,15,2647,1.0,1,0,0,a,a,1156.0,8,2013,117,0,9,2015,439,1
830,3,2023,6,34,20,346,1.0,0,c,1,c,a,698.0,9,2019,45,1,13,2013,500,0
509,7,2024,7,30,11,2443,1.0,1,0,1,b,c,1337.0,11,2020,44,1,22,2022,112,1
26,4,2024,3,16,16,911,1.0,0,0,0,a,c,183.0,12,2006,207,0,43,2012,500,0
235,2,2023,7,30,9,2516,1.0,0,a,1,c,c,860.0,7,2011,144,0,34,2012,500,0
1092,7,2024,9,7,13,1766,1.0,0,0,1,a,c,1249.0,6,2014,123,1,25,2022,86,0
1102,4,2023,3,25,4,2225,1.0,0,c,1,a,c,553.0,8,2022,7,1,45,2014,448,0
421,7,2024,8,9,10,2466,1.0,0,0,0,a,c,772.0,9,2012,143,1,25,2010,500,0
898,7,2023,9,4,4,2624,1.0,0,c,0,a,b,699.0,12,2002,249,0,47,2016,321,1
803,7,2023,7,9,7,219,1.0,0,0,1,d,a,615.0,9,2021,22,1,41,2020,124,1
1039,5,2023,4,6,12,3871,1.0,0,0,1,c,b,893.0,12,2011,136,0,9,2020,153,0
990,6,2024,7,25,15,2385,1.0,0,a,1,a,a,431.0,9,2004,238,0,20,2011,500,1
702,7,2023,10,29,27,2127,1.0,0,0,0,a,a,787.0,12,2004,226,1,2,2013,500,0
441,2,2024,3,32,1,1638,1.0,0,0,1,a,a,975.0,10,2004,233,1,13,2018,331,1
699,1,2023,7,23,26,597,1.0,1,0,0,c,a,755.0,11,2016,80,1,2,2019,229,1
356,3,2023,9,10,10,2594,1.0,1,0,0,a,c,520.0,3,2021,30,1,6,2018,264,1
389,5,2023,4,2,21,1580,1.0,1,0,0,d,a,1129.0,12,2010,148,0,1,2014,469,1
679,4,2023,5,38,19,3646,1.0,1,0,1,a,a,1039.0,5,2002,252,1,35,2022,55,1
638,1,2024,11,52,28,2700,1.0,1,0,0,a,c,508.0,10,2020,49,1,22,2011,500,1
648,4,2023,5,15,4,1875,1.0,1,0,1,d,a,432.0,5,2014,108,0,25,2021,94,1
429,2,2024,8,11,28,320,1.0,0,0,0,c,a,534.0,6,2013,134,1,40,2023,23,1
457,4,2023,2,17,2,2307,1.0,1,0,1,a,a,984.0,9,2001,257,0,43,2019,182,0
12,5,2023,12,12,25,3412,1.0,1,0,1,a,a,903.0,7,2022,17,0,28,2016,348,1
671,5,2023,8,12,19,1958,1.0,0,0,1,c,c,1057.0,9,2001,263,1,24,2015,404,0
643,3,2023,10,26,14,2670,1.0,1,0,1,c,a,722.0,1,2014,117,0,34,2016,356,0
1043,3,2024,8,41,12,650,1.0,0,0,1,b,c,543.0,11,2013,129,1,22,2012,500,0
563,5,2024,5,38,3,1745,1.0,0,0,1,c,a,1096.0,5,2011,156,1,24,2013,500,1
522,6,2023,5,50,23,3213,1.0,0,0,1,d,c,654.0,10,2012,127,1,16,2018,294,1
76,6,2024,9,19,21,1809,1.0,0,0,0,a,a,876.0,4,2009,185,1,10,2017,373,1
220,3,2024,11,26,27,3563,1.0,1,0,1,a,a,355.0,8,2013,135,1,11,2016,431,0
377,3,2024,2,20,21,1755,1.0,1,0,0,a,a,649.0,8,2008,186,0,35,2016,401,0
421,3,2024,11,3,27,3283,1.0,0,0,0,c,a,1123.0,2,2010,177,1,44,2011,500,0
405,4,2024,10,21,25,2646,1.0,0,0,0,a,c,605.0,6,2015,112,1,23,2022,102,0
440,1,2024,2,14,12,3800,1.0,0,0,0,a,c,1064.0,8,2017,78,0,5,2023,61,1
858,4,2024,2,25,20,2225,1.0,0,0,0,c,a,121.0,11,2003,243,1,32,2013,500,0
147,2,2023,9,9,8,1978,1.0,1,0,1,a,c,652.0,11,2022,10,1,47,2014,430,1
371,4,2024,11,39,23,1543,1.0,0,0,1,d,a,769.0,5,2002,270,0,28,2018,323,1
182,6,2023,5,44,18,2678,1.0,0,0,1,a,c,1343.0,8,2006,201,0,2,2010,500,1
344,7,2024,8,50,13,3924,1.0,0,0,0,c,a,469.0,3,2007,209,0,5,2011,500,1
764,4,2024,12,5,18,839,1.0,1,0,0,b,a,1021.0,11,2007,205,1,28,2022,81,1
53,1,2023,4,7,8,3758,1.0,0,0,0,a,a,1137.0,11,2008,173,0,45,2012,500,0
379,2,2024,3,51,18,3911,1.0,1,0,0,a,a,604.0,12,2007,195,0,4,2018,359,1
27,1,2024,12,45,14,3122,1.0,0,0,0,a,c,708.0,6,2010,174,1,40,2022,109,1
1065,6,2023,4,31,10,2406,1.0,1,0,0,c,a,862.0,5,2017,71,1,41,2020,146,1
811,7,2024,6,17,28,3479,1.0,0,0,1,c,a,376.0,10,2019,56,1,3,2013,500,1
272,4,2024,6,27,2,1194,1.0,1,0,0,a,c,683.0,9,2008,189,1,11,2012,500,0
221,2,2024,7,28,22,2609,1.0,0,0,0,a,a,1203.0,3,2005,232,1,1,2020,235,0
111,1,2023,4,45,6,3260,1.0,0,0,1,d,a,977.0,7,2015,93,1,30,2015,431,1
528,7,2023,9,28,7,3260,1.0,1,0,0,a,b,773.0,8,2001,265,0,10,2023,18,0
841,3,2024,9,2,5,2428,1.0,0,0,1,d,a,854.0,6,2010,171,0,48,2019,214,1
652,1,2023,3,37,3,1664,1.0,0,0,1,a,c,994.0,5,2005,214,1,5,2010,500,1
983,2,2023,6,41,4,3808,1.0,0,0,0,a,a,1052.0,3,2013,123,1,34,2013,500,0
384,2,2023,1,16,24,2760,1.0,1,0,1,a,a,653.0,5,2001,260,1,41,2020,131,0
311,5,2023,3,7,26,3125,1.0,0,0,0,a,a,1280.0,3,2019,48,0,10,2019,205,1
534,7,2024,12,8,17,2568,1.0,0,0,0,c,a,1215.0,4,2006,224,0,14,2020,202,1
226,2,2024,7,44,1,3533,1.0,0,0,0,c,a,1023.0,3,2011,160,0,42,2013,500,1
1088,5,2024,8,24,25,2015,1.0,0,0,1,c,a,567.0,5,2013,135,0,5,2013,500,0
208,1,2024,11,28,17,2277,1.0,0,0,1,c,c,514.0,8,2010,171,1,23,2012,500,1
534,1,2023,9,50,15,3255,1.0,1,0,1,c,a,722.0,5,2010,160,1,14,2019,244,1
583,1,2023,10,4,27,2165,1.0,0,0,1,c,c,838.0,2,2006,212,1,1,2010,500,1
64,7,2023,9,11,12,1130,1.0,1,0,1,c,a,289.0,10,2017,71,1,24,2021,91,0
523,5,2023,6,44,11,3077,1.0,1,a,0,c,c,968.0,6,2011,144,0,26,2013,500,0
507,6,2023,8,29,22,1626,1.0,1,0,0,b,a,1206.0,8,2004,228,1,19,2016,374,0
290,1,2023,4,2,15,599,1.0,1,0,0,a,c,993.0,7,2006,201,1,43,2013,479,0
143,1,2023,11,37,21,1616,1.0,0,0,1,a,a,617.0,7,2010,160,1,5,2015,448,0
51,6,2023,3,8,20,405,1.0,0,0,1,a,a,582.0,6,2019,45,0,23,2020,141,0
10,1,2024,11,41,24,3537,1.0,1,0,1,a,a,910.0,10,2022,25,0,10,2012,500,0
537,2,2024,11,42,9,3938,1.0,0,0,1,a,c,774.0,11,2008,192,1,40,2017,366,1
101,4,2024,2,43,3,1213,1.0,0,0,0,a,c,953.0,11,2009,171,0,29,2010,500,0
1070,5,2024,9,25,14,3681,1.0,0,0,1,a,c,1001.0,6,2002,267,1,37,2012,500,1
273,2,2024,12,14,19,2903,1.0,0,b,0,c,a,1148.0,5,2012,151,1,6,2019,268,1
728,4,2023,7,46,23,3831,1.0,0,0,0,c,a,480.0,1,2005,222,1,24,2017,334,1
751,5,2024,5,30,8,818,1.0,0,0,0,a,a,886.0,6,2018,71,1,3,2018,339,1
553,4,2023,11,34,21,436,1.0,0,0,1,d,b,711.0,12,2012,131,1,17,2013,500,1
986,3,2023,7,8,24,3697,1.0,0,0,0,d,a,790.0,4,2005,219,1,50,2012,500,0
124,1,2023,2,33,23,1223,1.0,1,a,1,c,c,1079.0,11,2021,15,1,38,2015,411,1
261,4,2023,3,31,23,2466,1.0,0,0,0,a,c,1112.0,10,2018,53,0,5,2011,500,1
282,6,2023,9,16,28,3625,1.0,0,0,1,a,a,1240.0,8,2006,205,1,20,2022,48,0
151,5,2024,6,40,19,1503,1.0,0,0,1,a,b,948.0,7,2002,263,1,46,2013,500,0
329,7,2024,3,7,11,540,1.0,0,0,0,c,a,787.0,10,2006,209,0,9,2020,206,0
349,1,2024,10,38,13,3206,1.0,1,0,0,b,a,744.0,2,2008,200,0,40,2012,500,1
853,1,2024,2,50,21,1915,1.0,0,0,0,c,a,300.0,2,2009,180,0,17,2019,293,0
337,4,2024,3,30,7,286,1.0,0,0,0,c,a,1222.0,3,2018,72,0,25,2012,500,0
978,2,2023,6,6,17,1496,1.0,0,0,0,d,a,723.0,10,2022,8,1,46,2013,480,1
862,5,2024,1,29,17,2214,1.0,0,0,1,b,b,972.0,6,2017,79,1,35,2015,462,0
1006,7,2024,5,28,19,3543,1.0,0,0,1,d,c,1024.0,3,2019,62,0,15,2011,500,0
118,3,2023,11,29,12,1059,1.0,0,0,1,c,a,446.0,1,2002,262,0,1,2011,500,0
1098,4,2023,12,15,21,2168,1.0,0,0,1,a,c,543.0,6,2003,246,1,13,2020,158,1
685,5,2024,11,33,3,889,1.0,1,0,0,c,c,1284.0,5,2020,54,1,22,2014,500,1
1096,2,2024,4,14,21,1303,1.0,0,0,0,a,a,907.0,3,2014,121,0,7,2017,371,1
396,7,2023,1,30,23,1202,1.0,1,0,0,a,a,646.0,1,2005,216,1,46,2019,192,1
1063,2,2024,10,31,25,2192,1.0,0,0,1,d,c,782.0,10,2018,72,1,3,2018,340,0
657,6,2023,5,34,26,2721,1.0,1,0,1,a,a,1146.0,10,2004,223,0,29,2018,265,0
81,5,2023,9,42,10,627,1.0,0,0,1,a,a,1100.0,3,2017,78,0,51,2023,0,1
458,1,2023,2,46,2,488,1.0,1,0,1,d,c,380.0,6,2020,32,1,18,2018,288,1
154,6,2023,9,41,19,2978,1.0,1,0,0,a,c,1310.0,4,2011,149,1,28,2014,481,1
1050,2,2024,8,42,3,1316,1.0,0,0,1,a,c,1110.0,5,2015,111,1,4,2013,500,0
340,5,2023,12,46,8,2549,1.0,0,0,1,a,c,774.0,2,2016,94,1,38,2021,112,1
248,7,2024,2,13,20,491,1.0,1,0,1,a,a,462.0,12,2020,38,1,51,2015,430,0
617,7,2023,5,16,17,2482,1.0,0,0,1,a,b,1136.0,9,2013,116,0,41,2017,287,0
475,7,2024,12,28,17,3655,1.0,1,0,0,a,c,963.0,11,2006,217,0,8,2021,176,1
109,4,2024,5,25,22,1863,1.0,1,0,0,c,a,383.0,4,2004,241,1,19,2013,500,0
911,4,2024,8,37,5,2396,1.0,1,0,1,a,a,750.0,11,2008,189,0,38,2013,500,1
944,3,2024,2,1,23,1318,1.0,0,0,1,b,a,1758.0,7,2001,271,0,42,2010,500,0
829,7,2024,9,8,17,1286,1.0,0,0,1,a,c,825.0,3,2016,102,0,21,2011,500,0
688,4,2024,4,39,12,448,1.0,0,0,0,a,b,597.0,4,2008,192,1,50,2018,301,1
449,6,2024,7,43,13,2020,1.0,0,0,0,b,c,517.0,10,2016,93,1,11,2017,396,1
605,3,2024,11,16,15,3798,1.0,0,0,1,a,a,1352.0,10,2001,277,1,39,2014,497,1
581,6,2023,8,17,16,640,1.0,0,0,1,a,b,1074.0,9,2007,191,0,26,2012,500,0
185,2,2023,6,30,10,1782,1.0,0,0,1,a,a,1242.0,3,2009,171,0,38,2019,200,1
92,6,2023,3,25,7,3380,1.0,1,0,0,a,c,894.0,8,2002,247,0,31,2011,500,0
283,1,2023,5,9,5,2084,1.0,1,c,1,a,a,1196.0,12,2019,41,0,23,2019,194,1
507,1,2023,11,27,10,3089,1.0,1,0,0,a,c,566.0,1,2013,130,0,43,2022,36,0
179,3,2023,3,43,8,1627,1.0,0,0,1,a,a,869.0,4,2019,47,0,44,2016,363,0
119,4,2024,8,38,15,2489,1.0,0,0,0,a,a,906.0,1,2018,79,1,43,2016,411,0
950,5,2023,6,43,26,3953,1.0,1,0,0,a,a,1235.0,2,2000,280,0,5,2017,350,1
419,3,2024,4,34,4,2471,1.0,0,0,1,c,c,916.0,12,2019,52,1,22,2011,500,1
652,1,2023,9,46,9,3225,1.0,0,0,0,a,a,632.0,3,2001,270,1,39,2018,267,0
585,3,2024,5,13,2,2835,1.0,1,0,0,b,c,839.0,3,2020,50,0,46,2015,435,1
820,4,2023,4,3,28,563,1.0,1,0,1,b,a,317.0,1,2015,99,0,19,2016,348,0
825,4,2023,7,6,20,809,1.0,1,0,1,a,a,124.0,12,2018,55,0,39,2010,500,0
331,5,2023,10,52,7,2511,1.0,1,0,0,a,a,1069.0,6,2011,148,1,30,2022,74,1
946,2,2024,11,34,12,1522,1.0,0,0,1,a,a,708.0,10,2003,253,1,12,2014,500,0
414,5,2023,8,13,21,2041,1.0,0,0,1,a,a,742.0,4,2003,244,1,47,2011,500,1
932,5,2024,8,45,27,2036,1.0,1,0,0,a,a,1069.0,8,2002,264,0,24,2020,229,1
452,6,2023,10,17,17,3214,1.0,0,c,0,a,a,1239.0,11,2018,59,1,32,2023,0,1
124,4,2024,4,32,8,3965,1.0,1,0,1,d,b,980.0,9,2012,139,1,15,2017,381,1
848,6,2023,4,13,20,3989,1.0,0,0,0,c,a,1398.0,7,2004,225,1,2,2010,500,1
34,2,2024,6,5,20,502,1.0,0,0,1,a,a,971.0,3,2002,267,0,24,2023,33,0
862,5,2023,8,14,19,3028,1.0,0,0,1,d,b,911.0,3,2001,269,0,38,2012,500,0
49,1,2023,8,12,2,2956,1.0,0,0,1,a,a,892.0,8,2005,216,0,18,2013,500,0
231,1,2023,2,29,20,3486,1.0,0,0,1,a,a,434.0,6,2017,68,1,49,2019,188,0
673,7,2023,10,2,1,1821,1.0,1,0,1,a,a,1107.0,1,2020,45,0,40,2014,430,1
1050,4,2023,5,13,26,2110,1.0,0,a,1,d,a,86.0,3,2013,122,1,34,2011,500,0
456,5,2024,11,30,25,1916,1.0,1,0,1,a,a,644.0,6,2022,29,0,42,2019,248,0
135,5,2023,9,21,16,1619,1.0,1,0,1,c,a,827.0,3,2009,174,1,45,2013,496,1
260,5,2023,12,34,19,1137,1.0,0,0,1,b,a,583.0,7,2007,197,1,38,2022,48,1
1000,2,2024,8,35,2,2644,1.0,0,0,0,a,c,684.0,4,2015,112,0,43,2012,500,0
811,2,2023,7,51,25,263,1.0,1,0,0,a,c,1372.0,4,2003,243,0,38,2022,65,0
112,1,2023,3,44,8,3047,1.0,0,a,1,a,a,1151.0,2,2020,37,0,45,2020,155,0
430,7,2024,5,12,8,3397,1.0,0,0,1,c,a,614.0,7,2017,82,0,6,2013,500,1
295,2,2024,11,37,20,1064,1.0,0,0,1,a,a,679.0,3,2000,296,1,18,2018,331,0
199,5,2024,5,33,27,1011,1.0,0,0,0,a,a,437.0,8,2004,237,1,47,2023,38,1
944,4,2023,1,31,14,2112,1.0,1,0,1,a,c,1031.0,12,2014,97,1,25,2010,500,1
689,2,2024,3,42,15,3416,1.0,0,0,1,c,a,745.0,11,2016,88,1,1,2021,197,0
201,3,2023,8,8,16,632,1.0,1,0,0,c,a,230.0,9,2005,215,0,45,2016,327,1
726,1,2024,8,20,9,1841,1.0,1,0,0,a,c,850.0,10,2017,82,0,35,2023,37,0
462,2,2024,12,43,17,1022,1.0,0,0,1,a,c,952.0,12,2010,168,1,48,2012,500,0
69,1,2024,12,47,27,3437,1.0,0,0,0,a,a,1109.0,9,2015,111,0,1,2020,254,1
502,6,2023,7,2,11,3551,1.0,1,0,0,a,c,798.0,4,2009,171,0,8,2023,0,0
207,4,2023,7,25,22,519,1.0,0,0,1,a,c,708.0,7,2010,156,0,27,2014,466,1
274,7,2024,10,14,22,749,1.0,0,0,1,c,c,1416.0,11,2008,191,1,10,2011,500,1
981,4,2024,1,9,24,797,1.0,0,c,0,a,a,822.0,9,2003,244,1,28,2015,449,0
792,2,2024,8,3,21,3283,1.0,1,0,0,a,c,1036.0,5,2004,243,0,19,2018,296,1
150,5,2024,6,28,26,3622,1.0,1,0,1,a,a,658.0,3,2003,255,1,11,2018,329,1
950,7,2024,10,35,21,1615,1.0,1,0,1,a,a,1027.0,2,2018,80,0,41,2016,410,0
641,4,2023,10,28,28,798,1.0,1,0,0,b,a,383.0,5,2009,173,1,3,2023,25,1
976,1,2023,8,20,21,2721,1.0,1,0,1,c,a,681.0,10,2008,178,0,46,2018,234,0
833,3,2023,8,41,24,3583,1.0,1,0,0,a,a,458.0,7,2019,49,1,8,2018,293,0
379,7,2023,9,34,25,3659,1.0,1,0,1,a,a,639.0,1,2020,44,0,31,2023,3,1
597,4,2023,7,48,28,1891,1.0,1,0,1,b,a,1195.0,12,2005,211,1,52,2023,0,1
592,7,2024,3,19,17,3167,1.0,0,0,1,b,c,636.0,5,2008,190,0,6,2014,500,1
803,4,2024,4,13,20,3832,1.0,0,0,0,c,a,1035.0,5,2009,179,0,49,2014,484,1
277,1,2024,9,24,28,3338,1.0,1,0,1,c,a,1275.0,10,2019,59,0,16,2020,216,0
372,7,2023,8,27,11,2003,1.0,0,0,0,c,c,812.0,5,2015,99,0,39,2017,300,0
273,6,2024,3,24,4,1192,1.0,1,a,0,c,a,1118.0,8,2012,139,0,45,2016,395,1
331,6,2024,11,44,25,1613,1.0,0,0,1,c,c,979.0,12,2005,227,0,13,2019,291,0
180,7,2024,12,3,18,1574,1.0,0,0,1,b,a,855.0,7,2008,197,1,19,2019,244,1
41,2,2024,8,28,12,3952,1.0,0,0,0,b,b,1045.0,8,2000,288,1,45,2022,87,0
1049,7,2024,3,23,21,2984,1.0,1,0,1,c,a,1372.0,5,2016,94,1,6,2015,485,0
83,2,2024,12,11,1,3462,1.0,1,0,1,a,a,629.0,11,2021,37,0,6,2020,213,0
991,7,2023,3,34,14,3153,1.0,0,0,0,a,b,532.0,1,2018,62,1,16,2013,500,0
4,2,2024,6,42,8,2010,1.0,0,0,0,d,a,515.0,4,2007,206,1,32,2023,62,0
867,4,2023,11,29,9,3202,1.0,0,0,0,a,a,1118.0,12,2011,143,0,42,2011,500,1
367,6,2023,7,5,28,2631,1.0,0,0,1,a,a,1159.0,6,2022,13,0,30,2020,131,1
578,1,2023,3,4,16,3012,1.0,1,0,1,a,b,659.0,3,2009,168,0,26,2011,500,1
315,1,2024,1,22,4,1343,1.0,0,0,1,a,a,179.0,5,2019,56,1,46,2022,80,0
548,6,2024,5,35,11,1080,1.0,1,0,0,a,c,618.0,4,2013,133,1,9,2023,78,0
504,1,2024,9,17,7,884,1.0,0,b,0,a,c,984.0,7,2011,158,0,47,2021,126,1
591,5,2023,9,17,26,1298,1.0,0,0,1,a,a,800.0,3,2013,126,1,17,2021,104,1
439,7,2023,3,45,9,3918,1.0,0,0,0,a,c,874.0,5,2005,214,1,15,2016,394,1
599,5,2024,2,1,10,3779,1.0,0,0,1,a,c,663.0,11,2009,171,1,50,2013,500,0
921,4,2023,9,5,10,755,1.0,1,0,0,a,a,1124.0,1,2007,200,1,34,2023,0,0
485,3,2024,2,9,5,2304,1.0,1,0,1,a,a,923.0,10,2017,76,1,23,2017,350,1
403,5,2023,1,52,22,3773,1.0,0,0,0,a,a,996.0,1,2014,108,0,18,2021,138,0
147,5,2024,6,26,17,3066,1.0,0,0,0,b,c,868.0,6,2009,180,1,23,2019,263,0
402,4,2024,7,9,13,2526,1.0,0,0,0,a,a,977.0,9,2018,70,0,42,2019,227,0
141,2,2024,3,17,12,2476,1.0,0,0,0,d,a,958.0,12,2010,159,1,8,2014,500,0
204,5,2023,3,51,19,1439,1.0,1,0,1,b,c,542.0,4,2021,23,0,10,2015,457,1
1062,6,2024,3,37,3,3713,1.0,1,0,1,a,b,932.0,1,2013,134,0,16,2016,437,0
100,5,2024,5,12,27,515,1.0,0,0,1,a,a,1057.0,10,2020,43,1,26,2018,298,1
538,1,2024,1,13,16,3501,1.0,1,0,0,a,b,1167.0,11,2022,14,1,43,2020,178,1
931,5,2024,1,4,7,3510,1.0,1,0,1,a,c,945.0,7,2007,198,1,11,2012,500,0
1063,6,2023,5,41,16,1193,1.0,0,0,1,d,a,530.0,1,2005,220,1,41,2013,500,1
164,2,2023,1,8,24,2145,1.0,0,0,0,c,a,577.0,7,2019,42,1,48,2010,500,0
183,6,2023,4,15,5,3561,1.0,0,0,0,c,b,689.0,5,2005,215,1,23,2017,304,1
416,4,2023,7,19,15,2002,1.0,1,0,0,b,a,877.0,6,2017,73,1,50,2019,177,1
619,4,2024,1,33,17,1340,1.0,1,0,0,d,c,783.0,1,2004,240,0,47,2012,500,0
1071,6,2023,8,32,23,466,1.0,0,0,1,c,a,483.0,4,2020,40,1,42,2019,198,1
232,4,2023,8,42,16,1875,1.0,0,0,0,a,b,481.0,12,2015,92,0,20,2010,500,1
184,4,2023,7,16,21,1255,1.0,1,0,0,a,c,190.0,1,2011,150,1,16,2022,52,1
283,3,2023,8,21,22,3434,1.0,1,0,0,a,a,50.0,11,2010,153,0,45,2019,184,0
975,7,2023,10,21,25,3472,1.0,1,0,0,a,a,780.0,7,2014,111,0,23,2019,206,1
34,7,2024,1,3,11,1431,1.0,0,0,1,a,c,1516.0,8,2008,185,0,2,2019,261,1
424,1,2023,3,39,20,999,1.0,0,0,0,a,c,1359.0,12,2009,159,0,38,2015,417,1
133,6,2024,4,28,7,1304,1.0,0,0,1,c,a,527.0,3,2004,241,1,19,2023,61,0
176,1,2023,9,25,24,1727,1.0,1,0,1,a,a,865.0,12,2003,237,1,49,2020,132,0
1023,3,2023,11,52,27,2740,1.0,0,0,1,c,a,381.0,4,2020,43,1,45,2012,500,1
2,7,2024,12,10,9,778,1.0,0,0,0,a,a,426.0,5,2017,91,0,6,2022,108,1
359,2,2023,7,51,16,3998,1.0,1,0,1,a,a,461.0,6,2010,157,0,47,2020,160,0
1021,3,2023,5,36,24,2860,1.0,1,0,0,c,a,752.0,8,2019,45,0,50,2014,454,0
679,2,2024,5,12,1,698,1.0,0,0,0,a,a,765.0,4,2013,133,1,40,2023,24,0
81,6,2024,1,36,20,1396,1.0,1,0,0,c,b,896.0,10,2013,123,1,15,2013,500,0
519,4,2024,6,40,23,2864,1.0,0,0,0,c,c,1019.0,1,2002,269,0,35,2019,265,1
1083,5,2023,7,19,25,2114,1.0,0,c,0,a,c,719.0,8,2012,131,0,46,2019,181,1
447,7,2024,3,18,6,2202,1.0,1,a,1,a,c,831.0,8,2002,259,1,43,2023,27,0
590,4,2024,10,44,22,357,1.0,0,0,1,a,a,492.0,7,2015,111,1,23,2017,385,1
594,6,2024,10,9,23,1760,1.0,0,0,0,a,a,417.0,8,2001,278,0,37,2023,24,0
737,1,2023,4,1,1,2535,1.0,1,0,0,d,a,370.0,9,2011,139,0,21,2013,500,0
209,2,2023,11,35,20,3049,1.0,0,a,0,c,a,1015.0,11,2008,180,1,14,2021,125,1
937,7,2023,2,48,18,1898,1.0,1,0,0,a,c,719.0,3,2003,239,1,35,2013,500,0
1103,7,2023,11,27,28,2308,1.0,1,0,0,c,b,259.0,6,2010,161,1,25,2023,2,0
159,5,2024,10,8,2,1043,1.0,0,0,1,d,b,801.0,7,2004,243,1,12,2020,204,0
913,3,2023,3,29,28,3231,1.0,0,0,1,a,a,445.0,5,2005,214,1,35,2018,254,1
911,2,2023,8,14,16,2852,1.0,1,0,1,a,a,1318.0,12,2020,32,0,17,2010,500,1
827,6,2023,4,44,8,3026,1.0,1,0,0,c,c,646.0,7,2008,177,1,31,2016,377,1
414,6,2023,10,32,11,2738,1.0,0,0,1,c,a,1024.0,8,2009,170,0,19,2012,500,1
523,2,2023,2,18,22,3943,1.0,1,0,0,a,a,1147.0,3,2000,275,0,47,2022,23,1
936,5,2023,3,33,28,3543,1.0,0,0,1,a,b,534.0,5,2006,202,0,45,2015,404,0
171,5,2023,4,35,9,3281,1.0,0,0,1,a,c,843.0,8,2008,176,1,25,2021,114,0
925,4,2024,3,36,28,1473,1.0,0,0,0,b,a,986.0,6,2016,93,0,37,2022,103,1
1027,7,2023,4,20,18,453,1.0,1,0,1,b,a,855.0,10,2002,246,0,10,2011,500,1
761,1,2024,8,30,6,202,1.0,0,0,0,a,c,928.0,2,2021,42,1,52,2020,186,0
381,2,2023,8,3,17,3162,1.0,1,0,0,c,c,421.0,2,2002,258,0,12,2014,459,1
624,1,2023,7,21,23,3616,1.0,1,0,1,a,a,986.0,5,2015,98,1,46,2011,500,0
56,5,2023,3,20,2,2668,1.0,1,0,1,c,c,674.0,4,2000,275,1,44,2013,496,0
1039,5,2023,3,28,3,2940,1.0,1,0,1,b,a,925.0,10,2018,53,1,10,2017,330,0
382,7,2023,12,50,1,541,1.0,0,0,0,a,c,1096.0,11,2016,85,1,1,2021,153,1
64,4,2023,4,50,16,2348,1.0,0,0,0,a,a,1021.0,6,2019,46,1,39,2019,219,0
886,2,2024,2,26,2,2500,1.0,0,0,0,a,c,925.0,7,2021,31,1,46,2013,500,1
734,4,2023,6,34,27,795,1.0,0,0,1,c,c,1013.0,4,2019,50,1,38,2014,464,0
695,1,2023,1,6,4,3053,1.0,0,0,0,b,a,1027.0,7,2014,102,0,3,2014,471,0
61,5,2024,5,26,3,1474,1.0,0,0,1,a,a,1269.0,9,2019,56,0,34,2020,200,1
838,5,2023,11,36,8,949,1.0,0,0,0,d,c,810.0,9,2002,254,1,21,2017,327,0
711,7,2023,4,36,22,2844,1.0,0,0,0,c,a,869.0,12,2014,100,0,48,2010,500,1
885,3,2023,9,51,26,1852,1.0,0,0,0,a,b,1100.0,7,2022,14,0,42,2011,500,1
923,3,2023,6,25,8,2236,1.0,1,0,0,a,a,673.0,5,2008,181,0,42,2011,500,0
237,1,2023,5,48,15,2261,1.0,0,c,1,a,a,419.0,1,2022,16,1,22,2023,26,0
235,3,2024,8,51,22,2565,1.0,1,0,0,a,b,968.0,9,2011,155,1,17,2017,398,1
1031,4,2024,8,30,23,1769,1.0,1,0,0,d,a,758.0,10,2010,166,1,43,2016,403,1
593,6,2024,4,5,5,3295,1.0,0,0,1,b,c,458.0,7,2006,213,1,6,2020,207,1
489,6,2023,3,20,24,3528,1.0,1,0,1,a,a,970.0,12,2002,243,1,6,2012,500,0
321,1,2023,12,40,25,2038,1.0,1,0,1,a,a,1249.0,4,2020,44,1,4,2010,500,1
713,2,2023,3,31,21,841,1.0,1,0,0,a,a,331.0,1,2016,86,1,27,2013,500,0
841,4,2023,12,49,15,1259,1.0,0,0,1,a,a,1127.0,8,2009,172,1,4,2012,500,0
3,3,2023,6,43,11,3131,1.0,0,0,0,a,b,59.0,2,2022,16,1,31,2021,116,1
617,1,2023,12,4,25,1175,1.0,0,0,1,c,a,700.0,2,2004,238,0,9,2021,99,0
1108,6,2023,5,45,25,3156,1.0,0,0,1,c,a,1372.0,9,2017,68,0,47,2018,258,1
313,6,2023,7,19,15,2716,1.0,0,0,1,d,c,722.0,6,2010,157,0,23,2022,48,1
314,4,2023,8,43,21,1902,1.0,0,0,1,a,a,847.0,8,2014,108,1,5,2016,402,0
