Store,DayOfWeek,year,month,week,day,Customers,Open,Promo,StateHoliday,SchoolHoliday,StoreType,Assortment,CompetitionDistance,CompetitionOpenSinceMonth,CompetitionOpenSinceYear,competition_open,Promo2,Promo2SinceWeek,Promo2SinceYear,promo_2_open,IsPromo2Month
527,6,2024,1,46,6,1756,1.0,1,0,1,a,a,1024.0,12,2019,49,0,24,2017,386,0
396,6,2024,9,51,14,585,1.0,1,0,1,a,b,727.0,9,2013,132,1,17,2013,500,0
186,7,2023,8,27,1,2836,1.0,1,0,0,b,a,788.0,2,2008,186,1,35,2016,356,0
978,5,2024,10,6,25,3704,1.0,0,0,0,c,a,609.0,8,2014,122,1,2,2013,500,1
463,4,2024,2,33,14,3529,1.0,1,c,1,a,c,915.0,5,2012,141,0,21,2017,376,0
728,4,2023,8,45,21,2660,1.0,1,0,1,c,c,1069.0,2,2008,186,1,44,2011,500,1
771,5,2024,5,51,25,2966,1.0,0,b,1,d,a,879.0,9,2001,272,0,13,2012,500,0
357,3,2023,3,30,1,3591,1.0,1,0,1,a,c,1138.0,4,2016,83,0,45,2023,0,0
389,6,2023,3,50,13,1032,1.0,1,0,1,b,a,1019.0,10,2007,185,1,9,2014,500,0
1082,4,2023,4,44,19,3117,1.0,1,0,0,a,a,505.0,7,2005,213,0,38,2019,214,1
920,2,2023,9,9,28,593,1.0,1,0,1,c,a,777.0,6,2008,183,0,15,2010,500,1
559,6,2024,1,33,23,3141,1.0,1,0,0,c,c,685.0,3,2000,286,1,19,2011,500,1
595,3,2024,12,35,7,1032,1.0,1,0,0,a,c,1046.0,4,2009,188,0,28,2021,163,0
10,1,2024,12,40,8,2441,1.0,1,c,0,c,b,958.0,5,2019,67,1,37,2015,471,0
228,4,2024,12,28,23,208,1.0,1,0,0,a,a,858.0,9,2016,99,1,28,2014,500,1
7,4,2023,11,39,19,223,1.0,1,0,1,c,a,1124.0,5,2001,270,0,30,2012,500,1
899,3,2024,4,31,7,2666,1.0,1,0,0,a,a,260.0,1,2007,207,1,16,2013,500,1
1050,1,2024,5,14,14,3554,1.0,1,0,1,a,b,639.0,1,2015,112,0,35,2013,500,1
181,4,2023,2,26,27,618,1.0,1,a,0,d,c,665.0,4,2021,22,1,4,2021,126,1
314,6,2024,11,49,6,3357,1.0,0,0,0,b,c,896.0,7,2010,172,0,5,2023,96,0
393,6,2024,10,44,10,3069,1.0,1,0,0,a,a,986.0,4,2022,30,0,9,2010,500,1
906,2,2023,2,34,26,2962,1.0,1,0,0,c,a,820.0,12,2000,266,0,46,2011,500,0
455,4,2023,12,17,19,1236,1.0,1,0,1,a,a,426.0,3,2020,45,1,32,2018,245,1
49,7,2023,1,11,7,3537,1.0,1,0,0,d,a,942.0,5,2003,236,1,19,2022,44,0
654,3,2024,10,15,9,2515,1.0,0,0,1,a,c,858.0,5,2016,101,0,33,2014,500,1
164,4,2024,2,16,24,899,1.0,0,0,0,a,a,379.0,4,2002,262,0,14,2021,158,0
720,5,2024,9,51,8,3553,1.0,1,0,1,a,c,731.0,11,2022,22,1,39,2010,500,1
956,4,2024,11,28,20,1271,1.0,1,0,1,b,a,932.0,4,2004,247,0,21,2020,215,1
76,6,2023,12,21,14,2091,1.0,1,0,1,a,b,1316.0,1,2008,191,0,33,2023,0,0
1109,3,2024,2,46,7,797,1.0,1,0,1,a,c,493.0,7,2014,115,1,13,2016,449,0
740,4,2024,2,20,11,1681,1.0,1,0,0,c,a,1057.0,8,2001,270,0,2,2018,330,0
58,4,2024,1,42,20,2657,1.0,1,0,0,a,b,497.0,6,2013,127,0,52,2013,500,0
246,6,2023,10,34,23,3614,1.0,0,0,0,c,a,439.0,6,2006,208,0,34,2020,156,1
187,3,2023,3,16,1,1865,1.0,1,0,1,a,a,457.0,11,2009,160,0,34,2021,86,1
986,2,2023,5,50,26,2548,1.0,0,0,1,c,a,1002.0,5,2007,192,1,32,2021,122,0
807,3,2023,5,36,7,590,1.0,1,0,0,c,a,859.0,8,2019,45,1,47,2021,93,0
416,2,2023,5,52,19,1107,1.0,0,0,0,c,b,726.0,11,2010,150,1,1,2011,500,1
591,2,2023,6,1,8,2387,1.0,0,0,1,a,a,957.0,5,2017,73,0,50,2017,263,1
389,6,2024,5,15,8,358,1.0,1,0,0,c,a,832.0,7,2000,286,0,24,2017,355,1
453,3,2024,3,18,25,1488,1.0,1,b,1,c,c,853.0,5,2015,106,0,31,2010,500,1
712,2,2023,5,36,20,427,1.0,1,0,0,d,c,729.0,8,2008,177,0,49,2021,91,1
217,6,2023,10,44,26,2063,1.0,1,0,1,a,c,512.0,7,2013,123,1,42,2012,500,1
848,6,2024,2,7,1,1198,1.0,1,0,0,c,a,1327.0,11,2019,51,0,19,2015,456,0
1055,2,2024,12,8,8,1193,1.0,0,0,0,b,a,1240.0,4,2016,104,1,48,2010,500,0
1087,3,2024,5,36,2,1954,1.0,1,0,0,d,a,1297.0,2,2008,195,1,5,2021,187,0
193,6,2024,4,19,14,812,1.0,0,0,1,a,c,658.0,6,2005,226,1,8,2012,500,0
460,2,2023,6,37,13,3085,1.0,1,0,1,a,a,615.0,8,2020,34,0,12,2017,337,1
296,7,2023,12,1,28,1913,1.0,1,0,1,c,c,696.0,4,2005,224,0,14,2017,299,1
708,5,2024,10,28,7,3630,1.0,1,a,1,a,c,1142.0,12,2000,286,0,36,2011,500,1
362,5,2024,10,2,19,1059,1.0,1,0,0,c,a,820.0,7,2006,219,1,21,2021,137,0
441,4,2024,3,50,28,436,1.0,1,0,0,a,a,657.0,10,2000,281,1,45,2010,500,1
155,1,2024,11,8,2,1739,1.0,1,0,0,d,a,929.0,7,2017,88,1,33,2019,235,1
625,6,2023,9,10,13,599,1.0,1,0,0,a,a,599.0,5,2020,40,1,32,2012,500,1
598,4,2023,1,6,11,1652,1.0,1,0,1,a,c,413.0,11,2009,158,0,40,2018,226,0
616,2,2023,6,12,1,3131,1.0,1,0,0,c,a,859.0,2,2014,112,0,22,2013,500,1
381,6,2024,11,26,12,3773,1.0,1,0,0,a,c,665.0,4,2022,31,0,18,2020,216,1
843,3,2024,7,33,8,1940,1.0,1,0,0,a,a,816.0,10,2021,33,0,6,2017,391,1
678,3,2023,8,47,9,910,1.0,1,0,1,c,c,50.0,11,2000,273,1,44,2018,263,0
197,5,2023,5,46,6,1672,1.0,1,0,1,a,a,552.0,4,2001,265,1,13,2023,33,1
411,2,2024,1,5,15,1288,1.0,1,0,0,a,a,806.0,7,2008,186,0,35,2016,386,0
737,1,2023,11,23,12,658,1.0,1,0,1,b,b,365.0,6,2006,209,0,42,2020,137,0
130,3,2024,10,46,21,3209,1.0,1,a,0,a,a,375.0,9,2003,253,1,20,2021,182,0
393,5,2023,4,9,10,2978,1.0,1,0,1,d,c,832.0,6,2003,238,0,9,2014,468,0
973,3,2024,3,35,20,1324,1.0,1,0,1,c,c,1030.0,8,2018,67,0,36,2014,500,1
493,5,2024,7,23,15,2045,1.0,0,0,1,c,a,552.0,9,2004,238,0,17,2019,266,0
569,1,2023,10,9,10,2024,1.0,1,0,0,c,a,741.0,10,2011,144,0,45,2022,16,0
760,2,2024,2,4,24,1836,1.0,1,0,1,c,a,748.0,2,2001,276,0,24,2010,500,0
359,2,2024,8,16,21,3095,1.0,1,0,0,a,a,351.0,8,2014,120,1,18,2011,500,0
922,1,2023,11,1,15,2853,1.0,0,0,0,c,a,1175.0,3,2017,80,1,38,2012,500,1
19,5,2023,6,11,15,216,1.0,1,0,0,d,a,765.0,1,2013,125,1,21,2018,250,1
528,2,2024,1,29,22,1051,1.0,0,0,0,c,c,768.0,9,2006,208,0,42,2015,455,1
667,4,2024,1,42,22,3834,1.0,0,0,1,d,c,932.0,5,2001,272,0,36,2017,370,1
267,7,2024,2,27,20,1771,1.0,1,0,1,c,a,352.0,9,2009,173,1,46,2014,500,1
873,2,2023,11,38,4,1958,1.0,1,0,0,a,c,1096.0,12,2018,59,1,23,2015,431,1
89,2,2024,6,4,7,3092,1.0,1,0,0,a,a,1135.0,2,2002,268,0,5,2020,207,0
725,7,2024,2,16,12,3085,1.0,0,b,1,a,a,862.0,6,2018,68,1,10,2016,422,0
707,3,2023,11,35,17,2349,1.0,0,0,1,c,a,959.0,2,2021,33,0,1,2015,450,1
879,3,2023,10,3,12,3699,1.0,0,0,1,d,a,722.0,10,2013,120,0,45,2010,500,0
231,6,2023,2,31,24,2441,1.0,0,0,0,b,a,1079.0,12,2019,38,1,13,2015,434,0
173,1,2024,9,9,10,3531,1.0,1,0,0,a,c,573.0,11,2006,214,1,11,2020,206,0
648,3,2023,4,22,16,1927,1.0,1,0,1,a,a,810.0,12,2014,100,1,32,2011,500,0
1084,2,2024,1,33,20,1037,1.0,1,0,0,a,c,828.0,4,2016,93,1,13,2014,500,1
876,7,2023,1,52,11,621,1.0,1,0,0,a,a,808.0,4,2016,81,0,51,2013,500,1
236,3,2024,7,5,16,2309,1.0,1,0,0,d,a,1141.0,11,2016,92,0,46,2016,375,0
455,4,2023,11,29,21,3587,1.0,1,0,0,a,a,1476.0,8,2004,231,1,24,2021,109,1
298,4,2024,12,28,11,1760,1.0,1,0,0,c,a,787.0,5,2020,55,1,34,2021,150,0
870,4,2024,9,4,28,2961,1.0,1,0,0,c,a,961.0,3,2015,114,1,21,2015,451,1
572,1,2024,12,32,16,2222,1.0,1,0,1,c,a,579.0,1,2002,275,1,23,2018,321,0
488,2,2024,3,4,23,3263,1.0,1,0,1,a,c,1130.0,1,2014,122,1,25,2021,135,0
6,6,2023,2,36,20,3162,1.0,1,0,1,a,a,665.0,9,2020,29,0,20,2021,120,1
707,4,2023,2,11,23,2850,1.0,1,0,1,a,b,1764.0,4,2000,274,1,23,2018,248,1
494,7,2023,3,7,19,1547,1.0,1,0,1,a,a,319.0,10,2020,29,0,10,2011,500,0
45,4,2024,10,4,16,1765,1.0,1,0,0,a,a,1464.0,11,2007,203,1,34,2015,438,1
219,3,2024,2,24,22,2013,1.0,1,0,1,a,a,1117.0,6,2006,212,1,4,2013,500,1
810,3,2023,6,13,14,3323,1.0,1,0,1,c,a,483.0,4,2011,146,1,48,2019,173,1
836,6,2024,10,25,24,2510,1.0,1,b,0,a,a,1516.0,3,2016,103,1,48,2013,500,0
551,2,2023,12,47,15,851,1.0,1,0,1,b,a,541.0,4,2002,260,1,11,2010,500,1
845,5,2024,2,44,21,1228,1.0,1,0,1,a,c,726.0,8,2006,210,0,3,2022,145,1
824,7,2023,3,40,6,1383,1.0,1,0,1,a,a,431.0,10,2018,53,0,25,2011,500,1
687,6,2024,1,25,6,2505,1.0,0,0,0,a,a,776.0,9,2005,220,1,4,2020,229,1
233,3,2024,2,6,16,3108,1.0,1,0,1,a,a,804.0,12,2008,182,0,21,2023,37,1
471,2,2024,5,22,24,765,1.0,1,0,1,a,c,1069.0,8,2014,117,1,40,2021,138,0
911,5,2024,4,2,21,2947,1.0,0,0,1,b,a,1551.0,7,2005,225,0,17,2016,401,0
346,5,2023,12,7,10,2562,1.0,1,0,1,a,a,666.0,5,2001,271,0,47,2017,272,1
736,6,2024,6,16,24,985,1.0,1,0,0,a,c,50.0,5,2012,145,1,1,2020,223,0
923,1,2023,4,37,19,744,1.0,1,0,0,a,c,1015.0,5,2002,251,0,37,2013,500,1
595,4,2023,6,41,16,758,1.0,1,0,0,a,a,655.0,11,2008,175,0,27,2015,430,1
566,1,2023,9,33,28,3147,1.0,1,0,1,c,a,1366.0,7,2015,98,1,13,2015,436,0
210,7,2024,5,14,22,1094,1.0,1,0,0,c,a,810.0,3,2017,86,1,23,2013,500,0
554,7,2024,2,38,9,937,1.0,1,0,0,c,c,592.0,3,2021,35,1,15,2017,387,1
47,6,2023,6,52,2,1787,1.0,1,0,1,b,b,516.0,1,2020,41,0,33,2015,435,0
127,3,2024,8,35,8,2655,1.0,0,0,1,a,a,1007.0,11,2000,285,0,50,2010,500,1
605,6,2023,4,40,5,1881,1.0,1,0,0,a,a,737.0,3,2011,145,1,27,2011,500,0
244,4,2023,7,46,6,2408,1.0,0,0,0,b,a,1260.0,2,2000,281,0,37,2018,269,1
388,5,2023,4,38,15,1593,1.0,1,0,0,c,c,757.0,4,2018,60,1,32,2017,318,0
402,2,2023,11,46,28,1816,1.0,1,0,0,c,b,1244.0,6,2001,269,0,44,2021,106,1
528,4,2024,11,16,19,2422,1.0,1,0,1,c,a,406.0,12,2017,83,0,30,2011,500,0
780,7,2023,9,16,12,2652,1.0,1,0,1,c,a,298.0,11,2000,274,1,24,2014,460,1
498,2,2023,11,10,7,3002,1.0,1,0,0,c,c,1069.0,3,2002,260,0,7,2015,419,1
943,3,2023,2,10,22,3416,1.0,1,0,0,c,b,681.0,7,2021,19,0,41,2019,177,0
538,3,2024,8,29,16,1449,1.0,1,0,0,d,a,741.0,10,2004,238,0,47,2016,398,1
1108,2,2024,5,49,2,656,1.0,1,0,0,a,c,516.0,10,2010,163,1,52,2016,413,1
1115,3,2023,10,12,14,552,1.0,1,0,1,a,a,494.0,6,2011,148,1,38,2022,26,0
477,5,2024,1,38,6,2770,1.0,1,0,1,b,a,1011.0,3,2015,106,0,19,2010,500,0
854,1,2023,3,5,14,1837,1.0,1,a,1,a,a,814.0,10,2021,17,0,37,2022,20,0
506,2,2024,3,51,2,1758,1.0,1,0,1,a,c,502.0,6,2009,177,1,17,2013,500,1
976,6,2023,7,28,6,2987,1.0,1,0,0,c,a,1057.0,3,2013,124,0,47,2010,500,1
855,2,2023,12,26,23,2760,1.0,1,0,0,a,a,1172.0,9,2022,15,1,3,2017,335,0
378,3,2023,11,19,5,3674,1.0,1,0,1,a,a,787.0,11,2002,252,1,47,2012,500,0
359,5,2023,6,51,3,3525,1.0,0,0,0,a,a,1121.0,11,2011,139,1,39,2020,168,1
983,6,2023,1,22,7,3048,1.0,1,a,0,a,a,519.0,12,2006,193,0,47,2020,131,1
603,7,2024,11,7,26,2680,1.0,1,0,0,b,a,993.0,8,2021,39,0,13,2015,462,1
775,2,2023,7,30,27,3608,1.0,0,0,1,a,a,869.0,10,2014,105,1,27,2020,159,1
755,6,2023,1,31,19,807,1.0,1,0,0,a,c,583.0,3,2014,106,1,14,2012,500,0
185,6,2024,8,39,22,3830,1.0,1,c,0,b,a,1436.0,4,2004,244,1,37,2014,500,0
264,1,2024,11,26,26,1781,1.0,1,0,1,d,a,890.0,2,2021,45,0,33,2010,500,1
1004,7,2024,11,15,9,1143,1.0,1,b,0,a,a,643.0,1,2001,286,1,36,2018,291,1
312,3,2023,11,1,12,2287,1.0,1,0,1,a,c,826.0,11,2011,144,0,39,2020,118,1
969,3,2024,12,52,1,3597,1.0,0,0,0,a,a,559.0,6,2016,102,1,3,2020,257,0
398,6,2024,8,11,15,682,1.0,1,0,1,a,c,473.0,7,2020,49,1,22,2015,457,0
944,4,2024,8,19,26,859,1.0,1,0,1,c,b,685.0,2,2006,222,0,14,2021,161,0
645,2,2023,2,8,1,2645,1.0,1,0,0,a,a,705.0,3,2007,191,1,50,2019,166,0
111,3,2023,8,13,20,2741,1.0,1,0,1,a,c,579.0,1,2000,283,0,28,2018,245,0
302,6,2023,11,4,14,2910,1.0,0,0,1,d,c,1195.0,6,2015,101,1,9,2013,500,0
1063,2,2024,10,18,28,3612,1.0,0,0,0,a,b,590.0,7,2004,243,0,21,2021,153,0
233,4,2024,11,50,17,3097,1.0,0,0,0,a,b,540.0,2,2014,129,0,28,2020,230,0
254,6,2023,3,12,12,3285,1.0,1,0,0,d,a,464.0,9,2001,258,1,17,2022,47,0
167,7,2023,3,51,3,655,1.0,0,0,1,a,b,435.0,2,2011,145,1,33,2014,486,1
680,6,2024,11,33,16,1555,1.0,1,a,0,a,b,1128.0,11,2011,156,0,41,2017,356,0
903,3,2023,12,47,28,2879,1.0,1,0,1,a,c,897.0,12,2011,144,0,33,2010,500,0
1044,2,2024,7,33,1,3315,1.0,1,0,0,c,c,1027.0,8,2007,203,0,31,2018,314,1
988,7,2024,11,52,1,1591,1.0,1,0,1,c,a,1126.0,7,2003,256,1,35,2017,381,1
986,5,2023,9,29,25,2409,1.0,1,0,1,a,b,720.0,9,2017,72,1,15,2021,118,0
1009,3,2024,3,44,8,1002,1.0,1,0,0,b,a,1262.0,3,2020,48,0,33,2020,219,0
634,7,2024,7,2,18,3489,1.0,0,0,1,a,c,632.0,12,2006,211,1,3,2023,51,0
917,6,2023,5,49,18,2192,1.0,1,0,0,a,c,491.0,11,2010,150,1,42,2023,7,0
708,4,2023,10,1,14,562,1.0,1,0,0,d,c,932.0,9,2002,253,0,20,2012,500,0
154,2,2024,5,11,14,2376,1.0,1,0,1,a,b,863.0,12,2003,245,1,43,2023,20,1
28,1,2023,3,39,20,1206,1.0,1,0,1,a,c,863.0,4,2008,179,1,14,2010,500,0
109,4,2023,6,14,7,1935,1.0,1,0,0,a,a,1125.0,11,2016,79,0,51,2016,327,0
386,1,2023,6,3,6,1518,1.0,1,0,1,c,b,852.0,1,2015,101,1,28,2023,0,0
557,3,2024,11,45,28,3395,1.0,1,0,0,c,a,914.0,9,2016,98,1,49,2018,308,1
712,5,2023,1,27,1,3417,1.0,1,a,0,c,a,1228.0,4,2002,249,1,16,2023,11,0
582,1,2023,11,25,6,792,1.0,0,0,1,c,a,900.0,12,2001,263,1,28,2017,309,0
409,7,2023,3,17,21,1431,1.0,0,0,0,c,a,968.0,7,2006,200,1,38,2019,187,1
818,4,2023,3,38,16,1747,1.0,1,0,1,d,c,395.0,3,2007,192,1,37,2017,313,1
961,7,2024,6,17,10,3447,1.0,1,0,1,c,a,1936.0,4,2011,158,0,14,2022,107,1
249,2,2024,7,30,4,1214,1.0,1,0,0,b,a,343.0,11,2013,128,1,21,2011,500,1
292,4,2023,12,7,11,2864,1.0,1,0,0,d,c,658.0,10,2004,230,1,12,2015,411,1
1039,7,2024,7,16,2,385,1.0,1,a,0,a,a,649.0,5,2018,74,0,34,2019,242,1
1083,5,2024,2,2,16,3845,1.0,1,0,1,a,a,1452.0,4,2017,82,1,22,2016,396,1
346,6,2024,6,15,14,1488,1.0,1,0,1,c,a,640.0,1,2007,209,0,1,2023,66,1
569,5,2024,12,20,26,1221,1.0,1,0,0,d,a,953.0,2,2014,130,0,16,2018,316,0
645,6,2023,9,39,23,2928,1.0,0,0,0,a,c,651.0,1,2006,212,0,20,2011,500,0
708,3,2024,3,43,14,2523,1.0,1,0,1,b,b,508.0,4,2001,275,1,30,2018,325,0
964,4,2024,8,28,15,2188,1.0,1,0,1,c,b,991.0,3,2016,101,1,48,2014,500,1
118,1,2024,9,49,20,3736,1.0,0,b,1,a,a,604.0,1,2001,284,0,52,2016,413,1
584,2,2023,4,19,9,1791,1.0,1,0,1,a,a,882.0,10,2005,210,0,36,2011,500,1
242,1,2023,7,26,17,2250,1.0,1,0,0,a,b,1008.0,11,2006,200,1,48,2022,30,1
841,3,2023,5,33,1,2003,1.0,1,0,1,a,c,1392.0,11,2020,30,0,1,2015,448,1
666,6,2023,3,10,27,857,1.0,1,0,0,a,a,441.0,11,2013,112,0,45,2021,69,0
836,2,2023,11,22,27,1387,1.0,1,0,1,a,a,774.0,2,2018,69,1,28,2016,358,0
1010,4,2023,4,47,25,2491,1.0,1,0,1,c,a,787.0,2,2020,38,0,20,2023,27,1
881,4,2023,4,25,6,664,1.0,1,0,1,a,a,820.0,11,2020,29,1,20,2015,421,0
953,2,2023,2,49,23,2976,1.0,1,0,1,a,a,1591.0,1,2014,109,1,19,2011,500,0
905,6,2024,6,36,17,2443,1.0,1,0,1,b,c,768.0,10,2008,188,0,43,2016,409,0
698,6,2024,8,9,28,2668,1.0,1,0,1,a,a,64.0,2,2009,186,0,24,2010,500,1
438,2,2023,12,24,1,3298,1.0,1,0,0,d,c,760.0,1,2003,251,1,6,2021,122,0
375,1,2024,10,20,12,2037,1.0,1,0,1,a,a,784.0,10,2013,132,1,47,2022,77,0
406,1,2023,11,50,3,3198,1.0,1,0,1,c,a,748.0,9,2013,122,0,32,2012,500,0
678,3,2023,12,18,27,3045,1.0,0,0,0,a,b,604.0,2,2022,22,0,21,2010,500,0
896,1,2024,9,26,5,1086,1.0,1,0,0,d,a,424.0,1,2004,248,1,38,2020,196,0
410,1,2023,11,36,2,1230,1.0,1,0,1,a,c,1468.0,11,2017,72,0,19,2019,225,0
647,4,2024,4,51,4,1850,1.0,1,0,1,d,a,915.0,4,2006,216,0,31,2021,176,0
462,4,2023,9,29,28,562,1.0,1,0,1,a,c,762.0,12,2001,261,0,1,2017,340,1
678,1,2023,8,45,15,2298,1.0,1,0,0,c,a,1458.0,7,2009,169,0,15,2018,290,0
913,5,2023,6,7,4,3667,1.0,1,0,0,a,a,559.0,12,2022,6,1,18,2013,500,0
460,3,2023,8,47,12,3249,1.0,1,0,0,a,a,1001.0,11,2010,153,1,42,2014,473,0
443,2,2024,9,11,12,2969,1.0,0,0,0,a,a,445.0,8,2004,241,0,40,2018,283,0
225,1,2023,5,40,23,946,1.0,1,0,1,c,a,1045.0,2,2007,195,0,42,2023,0,1
556,6,2023,11,28,7,3243,1.0,1,0,0,a,a,480.0,11,2015,96,1,25,2014,471,1
510,1,2023,1,32,4,702,1.0,1,0,0,b,c,961.0,5,2006,200,0,19,2015,429,1
179,2,2024,4,5,21,1763,1.0,1,0,1,a,a,1406.0,4,2005,228,1,28,2018,289,1
1082,5,2024,5,28,13,3740,1.0,1,0,0,a,a,848.0,7,2005,226,0,14,2010,500,0
959,5,2024,10,5,4,3090,1.0,1,0,0,c,a,162.0,5,2001,281,1,28,2019,237,1
325,7,2024,7,29,12,753,1.0,1,0,1,a,c,831.0,9,2015,106,0,35,2011,500,0
1054,1,2024,12,22,12,2184,1.0,1,0,0,a,a,964.0,4,2007,212,1,51,2019,231,0
304,2,2023,12,11,7,3958,1.0,1,b,1,d,b,1090.0,11,2007,193,1,20,2022,43,0
468,5,2024,6,26,6,1897,1.0,1,0,0,a,a,1262.0,2,2007,208,1,6,2022,124,1
146,2,2023,9,12,3,2476,1.0,1,0,1,b,a,1277.0,6,2015,99,0,18,2012,500,1
683,3,2023,3,5,24,1654,1.0,1,0,1,a,a,781.0,12,2020,27,1,43,2018,222,1
537,3,2024,2,2,1,2096,1.0,1,0,1,c,c,622.0,11,2017,75,0,24,2016,394,1
299,6,2024,6,18,15,2170,1.0,0,0,0,b,a,484.0,10,2013,128,0,22,2016,412,1
322,6,2024,4,39,1,917,1.0,1,0,0,c,a,658.0,8,2016,92,1,24,2019,275,0
1043,6,2023,9,30,23,3781,1.0,0,0,0,c,b,963.0,7,2005,218,1,14,2023,16,0
767,4,2024,7,7,12,3469,1.0,1,0,1,a,a,415.0,3,2021,40,0,44,2018,275,0
171,4,2023,2,24,28,580,1.0,1,0,0,a,c,542.0,4,2014,106,1,35,2017,301,1
151,4,2024,6,31,2,854,1.0,1,0,0,a,a,989.0,7,2021,35,0,50,2019,241,0
79,1,2023,5,13,10,2650,1.0,1,b,1,b,c,626.0,4,2006,205,0,6,2017,319,0
276,4,2023,1,8,12,1724,1.0,1,0,0,a,c,931.0,4,2003,237,0,38,2014,438,0
824,2,2023,7,13,2,2781,1.0,1,0,0,a,a,576.0,9,2016,82,1,5,2021,112,0
69,7,2024,12,4,13,382,1.0,1,0,0,a,c,906.0,9,2007,207,1,5,2019,259,0
278,2,2023,11,13,13,3055,1.0,1,0,1,b,c,588.0,6,2004,233,1,44,2017,281,1
47,1,2023,11,28,13,285,1.0,0,0,1,a,c,249.0,4,2018,67,1,18,2010,500,1
725,7,2023,11,42,15,948,1.0,1,0,1,d,a,1107.0,3,2012,140,0,17,2013,500,0
908,2,2023,12,46,6,2972,1.0,0,0,0,d,b,611.0,4,2017,80,1,10,2013,500,0
590,4,2023,2,35,7,1520,1.0,0,0,0,a,a,745.0,4,2005,214,0,6,2019,237,1
1011,3,2024,6,19,14,989,1.0,1,0,0,d,c,613.0,12,2001,270,1,35,2011,500,0
768,2,2023,7,49,19,3555,1.0,1,0,1,c,a,983.0,4,2009,171,0,28,2015,437,0
852,4,2023,11,48,11,2483,1.0,1,0,1,a,c,920.0,11,2022,12,1,32,2016,380,1
350,6,2023,5,19,13,1294,1.0,1,0,1,b,c,983.0,7,2013,118,0,9,2020,166,0
965,1,2023,9,1,28,2948,1.0,0,a,1,a,c,655.0,6,2019,51,1,52,2012,500,1
704,5,2024,10,23,19,707,1.0,0,0,0,c,c,805.0,4,2019,66,1,1,2018,334,1
97,7,2023,7,25,2,2068,1.0,1,0,1,c,c,945.0,10,2020,33,1,24,2017,313,0
93,3,2024,3,36,11,918,1.0,1,0,1,b,c,1284.0,11,2010,160,0,28,2020,216,1
1002,5,2023,1,8,2,2694,1.0,1,0,0,b,a,912.0,12,2004,217,1,6,2012,500,1
307,7,2023,6,29,25,1234,1.0,1,0,0,c,a,519.0,10,2020,32,1,31,2018,258,1
520,7,2023,3,17,24,1116,1.0,1,0,0,a,c,900.0,2,2011,145,1,32,2015,401,0
848,5,2024,8,26,14,1172,1.0,1,0,0,a,a,771.0,11,2007,201,1,28,2013,500,1
858,7,2023,3,2,8,3307,1.0,1,0,1,b,c,220.0,8,2010,151,0,20,2011,500,0
31,6,2024,11,28,21,3491,1.0,1,0,0,c,a,266.0,7,2017,88,1,49,2015,447,0
687,4,2024,11,2,6,983,1.0,1,0,1,b,a,800.0,4,2008,199,0,10,2016,408,0
1019,1,2023,11,45,22,796,1.0,0,0,0,a,a,825.0,7,2019,52,1,39,2010,500,1
391,6,2023,8,38,25,2444,1.0,1,0,0,a,c,732.0,10,2005,214,1,20,2021,122,0
606,3,2023,2,48,6,2640,1.0,1,0,1,a,a,1085.0,8,2007,186,0,21,2019,235,0
296,6,2023,12,35,15,3376,1.0,1,0,1,c,a,539.0,2,2003,250,0,13,2014,490,0
805,5,2023,1,51,5,3323,1.0,1,0,0,a,a,404.0,10,2020,27,1,36,2010,500,0
132,3,2024,7,11,18,3214,1.0,1,0,0,a,a,572.0,10,2020,45,0,11,2019,260,1
580,6,2024,10,1,19,363,1.0,1,0,0,c,a,637.0,9,2004,241,0,20,2010,500,1
461,5,2024,2,47,1,394,1.0,1,0,0,c,a,803.0,3,2012,143,0,26,2015,489,1
715,6,2023,6,35,27,909,1.0,1,0,1,a,b,581.0,4,2018,62,1,1,2012,500,1
551,7,2023,6,36,8,1595,1.0,1,0,0,c,c,177.0,6,2013,120,0,43,2013,500,0
1095,2,2024,3,16,13,3006,1.0,1,0,1,a,c,50.0,11,2014,112,1,18,2020,206,1
1097,6,2023,2,18,8,3439,1.0,1,c,1,b,c,857.0,10,2006,196,1,47,2014,439,0
317,1,2024,11,36,26,2932,1.0,1,0,0,a,a,481.0,2,2000,297,0,34,2013,500,1
42,5,2024,11,22,22,3433,1.0,1,0,1,a,b,218.0,1,2021,46,0,14,2014,500,0
550,2,2023,2,4,28,1615,1.0,0,0,0,b,b,1007.0,1,2021,25,0,35,2012,500,0
659,2,2023,4,16,11,2618,1.0,1,0,0,a,c,1284.0,12,2021,16,1,24,2020,148,0
839,2,2024,5,20,16,716,1.0,1,0,1,c,c,792.0,11,2000,282,1,26,2016,410,0
586,6,2024,3,44,17,612,1.0,0,0,1,a,b,901.0,3,2015,108,0,44,2012,500,1
654,3,2023,1,18,7,3338,1.0,1,0,0,a,c,903.0,11,2005,206,1,34,2014,452,1
26,3,2023,7,26,27,1736,1.0,0,0,0,d,c,126.0,7,2007,192,1,52,2023,0,0
851,3,2023,6,32,25,2962,1.0,1,0,1,a,a,1087.0,4,2009,170,0,49,2018,243,0
368,5,2024,10,8,28,3852,1.0,1,0,0,a,a,1192.0,9,2005,229,0,45,2019,223,1
429,7,2023,4,31,13,2383,1.0,0,0,1,a,c,1371.0,1,2013,123,1,25,2021,110,0
472,5,2024,7,11,4,604,1.0,1,0,1,a,b,689.0,2,2013,137,0,26,2015,453,1
80,1,2024,4,46,5,2697,1.0,1,0,1,c,b,479.0,4,2021,36,0,46,2014,500,1
552,4,2024,1,16,16,3245,1.0,1,0,0,a,a,1228.0,8,2019,53,0,46,2023,22,1
426,1,2023,9,16,23,1245,1.0,1,0,1,d,a,970.0,11,2016,82,1,20,2017,308,1
261,2,2023,9,21,20,1787,1.0,1,0,1,a,c,1082.0,7,2022,14,0,37,2013,500,0
275,2,2024,8,19,21,2586,1.0,1,0,1,a,a,626.0,6,2009,182,1,32,2022,91,1
39,5,2024,1,31,22,3030,1.0,0,0,1,a,a,901.0,8,2001,269,0,6,2020,233,0
990,7,2023,9,38,24,888,1.0,1,0,0,a,a,504.0,1,2020,44,1,7,2015,447,1
328,2,2024,8,51,26,406,1.0,1,0,1,a,a,818.0,8,2007,204,1,5,2013,500,0
976,7,2024,6,47,11,2622,1.0,1,0,1,a,a,716.0,10,2010,164,0,14,2019,293,0
933,2,2024,8,14,21,239,1.0,1,0,1,a,a,1523.0,6,2008,194,1,49,2017,329,1
511,3,2024,2,32,8,1918,1.0,1,0,1,c,a,985.0,8,2020,42,0,17,2013,500,1
901,1,2024,3,18,20,1342,1.0,1,0,1,c,c,174.0,4,2008,191,1,49,2010,500,1
236,1,2024,2,42,2,1866,1.0,0,0,1,a,a,820.0,12,2015,98,1,23,2021,175,0
202,5,2023,6,2,2,3506,1.0,1,0,0,a,c,930.0,3,2015,99,1,24,2021,82,1
1003,3,2024,11,52,6,3756,1.0,1,0,0,b,a,678.0,2,2012,153,1,14,2022,142,0
721,1,2024,1,20,16,2783,1.0,1,0,1,a,c,489.0,12,2012,133,1,35,2015,453,0
769,4,2024,6,39,26,1612,1.0,1,a,1,a,a,1018.0,7,2001,275,1,31,2019,268,1
1030,3,2023,4,36,17,2524,1.0,1,0,0,d,a,532.0,5,2020,35,0,16,2018,280,0
16,3,2024,12,20,16,728,1.0,1,0,0,a,a,993.0,10,2007,206,1,41,2013,500,0
192,7,2024,8,51,20,3991,1.0,1,0,1,a,a,506.0,4,2005,232,1,37,2022,118,1
1073,3,2024,3,14,25,3520,1.0,1,0,0,a,c,660.0,4,2005,227,1,37,2014,497,1
144,4,2024,4,39,17,1519,1.0,0,0,1,a,a,1107.0,1,2009,183,1,24,2010,500,0
501,5,2023,7,49,21,292,1.0,0,0,1,c,a,967.0,7,2014,108,1,34,2012,500,0
25,7,2024,1,7,12,3430,1.0,1,0,0,a,a,829.0,10,2012,135,0,19,2023,40,1
364,6,2024,1,48,28,315,1.0,1,0,1,a,a,811.0,12,2019,49,0,52,2010,500,1
193,4,2024,9,47,14,616,1.0,0,0,0,a,c,847.0,7,2018,74,1,23,2017,388,1
286,3,2023,10,20,26,222,1.0,1,0,0,c,b,583.0,1,2007,201,1,15,2016,369,1
908,2,2024,9,44,28,848,1.0,1,0,1,a,a,365.0,3,2018,78,0,24,2020,228,0
308,1,2024,3,1,25,3688,1.0,1,0,1,a,a,991.0,4,2015,107,1,49,2021,108,0
908,6,2023,11,10,10,2016,1.0,1,0,1,a,a,1279.0,11,2019,48,0,50,2016,324,1
998,6,2024,3,40,11,835,1.0,0,0,1,a,b,1001.0,7,2000,284,0,19,2018,333,1
603,3,2024,11,49,22,3846,1.0,1,0,1,d,a,896.0,12,2011,155,1,47,2021,158,0
601,7,2024,4,7,27,1781,1.0,1,0,1,a,c,457.0,11,2014,113,0,16,2021,147,1
372,7,2024,6,38,18,2872,1.0,1,0,0,a,c,1083.0,11,2005,223,1,11,2022,131,1
744,5,2023,12,6,22,2269,1.0,1,0,1,d,a,964.0,4,2015,104,1,12,2019,202,0
900,2,2024,5,41,13,627,1.0,0,0,1,d,a,1048.0,7,2016,94,1,15,2015,494,1
963,4,2024,9,47,24,2898,1.0,1,0,1,a,c,1130.0,1,2003,260,0,16,2017,395,0
218,6,2024,8,24,12,3828,1.0,0,0,1,a,a,1296.0,5,2021,39,0,16,2020,216,0
766,4,2023,1,6,18,3911,1.0,1,b,1,d,a,486.0,4,2021,21,0,20,2014,454,1
156,4,2023,10,11,16,3109,1.0,0,0,1,a,a,433.0,2,2006,212,1,1,2023,10,1
547,4,2023,5,27,24,2749,1.0,0,0,1,a,a,864.0,1,2004,232,1,20,2016,371,0
100,6,2024,6,42,23,2999,1.0,1,0,0,a,b,543.0,5,2004,241,1,28,2020,222,0
614,3,2024,4,28,24,3882,1.0,0,0,1,c,c,491.0,1,2000,291,0,21,2017,371,1
950,2,2024,12,25,4,2295,1.0,1,0,0,a,b,1186.0,8,2000,292,0,26,2023,51,0
911,4,2024,7,32,7,3645,1.0,1,0,1,a,a,517.0,4,2007,207,1,12,2019,280,1
798,5,2023,8,51,26,1695,1.0,1,0,0,c,a,817.0,3,2015,101,1,7,2020,200,0
644,7,2023,7,42,4,1404,1.0,1,0,1,c,c,331.0,2,2015,101,0,47,2020,151,1
697,1,2024,4,8,22,617,1.0,0,0,1,a,a,839.0,6,2012,142,0,52,2014,476,0
112,7,2023,8,11,18,1957,1.0,1,0,1,a,a,1175.0,3,2014,113,1,22,2014,457,1
812,6,2024,10,19,10,2555,1.0,1,0,0,c,a,1184.0,7,2003,255,1,40,2021,135,0
760,5,2024,2,15,2,1749,1.0,0,0,1,a,c,1133.0,12,2022,14,0,8,2016,423,1
160,2,2023,2,39,1,685,1.0,1,0,1,c,a,796.0,9,2004,221,0,10,2019,237,1
706,2,2024,2,52,25,1874,1.0,1,a,0,a,c,1153.0,2,2008,192,1,28,2017,388,0
430,3,2024,12,30,3,2441,1.0,0,0,1,c,a,949.0,2,2015,118,1,37,2010,500,0
568,2,2024,7,47,21,647,1.0,1,0,1,a,a,688.0,11,2002,260,1,37,2016,426,1
908,5,2024,5,23,5,2250,1.0,0,0,1,a,a,935.0,11,2010,162,0,18,2012,500,1
360,6,2024,3,36,12,1650,1.0,1,a,1,a,a,1086.0,5,2021,34,1,46,2011,500,1
1023,4,2024,9,37,3,2466,1.0,1,a,0,a,c,422.0,6,2005,231,0,33,2013,500,0
465,5,2023,7,16,18,223,1.0,1,0,0,b,a,502.0,5,2014,110,0,17,2014,467,0
573,6,2024,8,39,3,3341,1.0,1,0,0,b,c,777.0,7,2013,133,0,25,2020,222,1
33,7,2024,9,28,18,1715,1.0,1,0,0,c,c,453.0,3,2001,282,0,16,2013,500,1
137,5,2024,2,31,27,1762,1.0,1,0,1,b,a,449.0,12,2001,266,0,8,2021,179,1
315,2,2023,9,14,21,620,1.0,1,0,1,a,a,694.0,5,2003,244,0,1,2012,500,0
1092,1,2023,9,17,19,1859,1.0,1,0,0,c,c,1118.0,3,2000,282,1,24,2021,97,1
290,7,2024,4,45,26,1710,1.0,1,0,1,a,b,1112.0,4,2012,144,0,1,2017,408,1
441,6,2024,4,33,23,427,1.0,1,0,0,c,a,916.0,11,2006,209,0,51,2010,500,1
953,6,2024,8,7,21,2398,1.0,1,0,0,a,c,874.0,4,2013,136,1,46,2011,500,1
356,3,2023,5,29,16,1293,1.0,1,b,0,a,a,1446.0,10,2006,199,0,39,2011,500,1
907,2,2024,12,33,11,1553,1.0,1,0,0,b,c,658.0,10,2008,194,0,40,2015,461,1
134,5,2024,2,42,18,507,1.0,1,0,1,d,b,892.0,12,2002,254,1,33,2014,500,1
149,5,2024,3,45,3,2633,1.0,1,0,0,a,a,643.0,2,2018,73,0,39,2010,500,1
15,2,2024,10,34,25,738,1.0,0,0,1,b,a,434.0,5,2002,269,0,44,2019,250,1
140,4,2023,9,1,25,2459,1.0,1,0,1,a,c,1175.0,11,2020,34,0,27,2021,78,0
674,3,2024,11,26,8,1821,1.0,1,0,0,a,c,728.0,2,2003,261,1,44,2021,138,0
102,2,2023,1,11,22,3026,1.0,1,0,0,a,a,1028.0,1,2022,12,0,13,2012,500,1
683,6,2024,2,1,20,1747,1.0,1,0,1,a,a,746.0,1,2016,97,0,47,2022,58,0
669,4,2023,11,49,24,2690,1.0,1,0,0,a,a,1194.0,1,2018,70,1,37,2015,428,1
262,7,2024,10,9,26,3756,1.0,1,0,0,c,a,521.0,10,2018,72,1,6,2012,500,1
42,1,2023,10,13,21,1185,1.0,1,0,0,a,a,1169.0,5,2010,161,0,10,2011,500,0
181,7,2023,11,18,27,653,1.0,0,0,0,a,a,1088.0,2,2004,237,1,7,2020,167,1
160,5,2024,3,25,10,2507,1.0,1,0,1,a,a,282.0,9,2015,102,0,13,2013,500,1
589,5,2023,2,32,13,767,1.0,0,0,1,a,a,665.0,4,2015,94,0,42,2018,250,1
1039,3,2023,4,17,5,1033,1.0,1,0,1,b,c,1126.0,2,2018,62,0,43,2017,286,1
486,1,2024,12,42,24,3053,1.0,1,0,0,b,a,1311.0,12,2005,228,1,52,2022,94,1
707,2,2023,7,9,8,2802,1.0,1,0,0,a,b,1035.0,8,2018,59,0,7,2020,158,1
339,4,2024,1,50,15,285,1.0,0,0,1,c,a,701.0,6,2020,43,0,30,2020,228,1
103,3,2024,9,45,5,2437,1.0,1,0,0,b,b,529.0,12,2016,93,0,43,2016,418,1
244,2,2023,11,32,8,2673,1.0,1,0,0,a,c,990.0,3,2006,212,0,51,2017,293,0
535,1,2023,2,3,19,1424,1.0,1,0,0,a,a,692.0,8,2005,210,1,6,2012,500,0
959,5,2024,7,38,8,3040,1.0,0,0,0,a,c,705.0,10,2002,261,0,35,2020,211,0
278,5,2024,9,37,15,2939,1.0,1,0,0,a,a,753.0,1,2019,68,1,5,2020,240,0
1097,2,2023,12,33,13,2590,1.0,1,0,1,a,a,1085.0,4,2010,164,1,5,2014,496,0
713,6,2024,8,15,18,1151,1.0,0,0,0,a,a,1362.0,2,2007,210,1,44,2011,500,0
397,7,2023,5,23,8,1293,1.0,0,0,1,a,a,1128.0,7,2003,238,1,49,2021,78,0
694,7,2023,11,22,14,2279,1.0,1,a,0,a,a,823.0,9,2011,146,1,10,2020,168,1
779,2,2023,5,32,1,593,1.0,1,a,1,a,b,550.0,2,2004,231,0,44,2020,144,0
765,3,2024,8,18,15,1761,1.0,1,c,0,d,a,1020.0,2,2019,66,1,48,2010,500,0
966,1,2023,11,21,3,3977,1.0,0,0,1,c,c,1320.0,6,2007,197,1,28,2021,97,1
739,1,2023,7,48,21,2640,1.0,1,0,0,d,a,1121.0,5,2010,158,0,9,2015,455,0
31,6,2024,9,24,24,3465,1.0,1,0,1,c,a,882.0,2,2015,115,0,39,2013,500,1
421,7,2023,11,31,12,1433,1.0,1,0,1,d,a,673.0,9,2016,86,0,29,2017,314,1
1013,2,2024,8,48,25,2976,1.0,0,0,0,a,b,924.0,10,2002,262,1,19,2021,185,1
231,4,2024,6,50,11,2993,1.0,1,0,0,a,c,1166.0,6,2001,276,0,45,2021,161,1
557,1,2023,8,30,25,910,1.0,1,0,1,c,c,890.0,5,2006,207,0,33,2012,500,1
558,6,2023,5,14,15,1038,1.0,1,0,0,a,a,789.0,2,2017,75,0,14,2023,0,1
621,4,2023,9,6,16,1837,1.0,0,0,1,a,c,614.0,4,2019,53,0,22,2020,140,0
969,3,2023,1,45,12,2620,1.0,0,0,1,c,a,1597.0,7,2022,6,0,17,2023,28,0
602,7,2023,1,28,27,2897,1.0,1,0,1,d,c,553.0,12,2006,193,1,28,2023,0,1
1,1,2023,6,30,20,3910,1.0,1,0,1,a,a,525.0,3,2017,75,0,15,2017,327,1
271,2,2023,2,50,14,585,1.0,1,0,0,a,a,869.0,10,2003,232,1,34,2010,500,1
704,6,2024,9,20,23,2634,1.0,1,0,1,a,a,759.0,7,2004,242,0,24,2011,500,1
873,3,2023,3,6,13,3837,1.0,1,0,1,a,a,1127.0,7,2012,128,1,3,2018,263,1
722,5,2023,6,36,25,843,1.0,1,0,1,c,a,1137.0,4,2002,254,0,1,2011,500,1
817,2,2023,3,51,14,3829,1.0,1,0,0,a,a,456.0,12,2000,267,1,5,2019,254,0
269,5,2023,12,9,23,3399,1.0,1,0,0,a,a,593.0,1,2022,23,0,9,2011,500,0
107,4,2024,11,52,8,771,1.0,1,b,1,c,a,557.0,3,2018,80,1,5,2021,203,1
1058,1,2024,1,29,16,1005,1.0,0,0,1,a,b,1055.0,4,2015,105,1,35,2013,500,0
628,3,2023,5,30,18,948,1.0,1,0,0,c,c,949.0,7,2005,214,1,31,2011,500,0
824,3,2024,12,50,15,549,1.0,1,0,1,c,c,709.0,6,2001,282,1,2,2014,500,1
1068,5,2023,6,18,13,1583,1.0,1,0,1,c,a,885.0,12,2003,234,1,22,2022,48,0
204,4,2024,11,39,1,1877,1.0,1,a,0,d,a,482.0,3,2009,188,0,16,2017,387,0
972,4,2023,2,1,28,1912,1.0,1,0,0,c,b,597.0,7,2018,55,0,27,2023,0,1
409,2,2024,6,35,7,3364,1.0,0,0,1,a,c,430.0,6,2013,132,1,31,2013,500,0
698,7,2023,11,1,5,1874,1.0,1,0,0,a,c,864.0,4,2019,55,0,27,2019,182,1
432,6,2023,3,1,23,927,1.0,0,0,1,d,c,863.0,1,2020,38,0,21,2012,500,0
222,5,2024,1,21,3,2815,1.0,1,0,0,c,a,525.0,10,2016,87,1,3,2016,434,0
981,2,2023,9,20,22,2635,1.0,1,0,1,a,c,946.0,3,2002,258,0,42,2015,394,1
388,5,2024,1,41,10,1986,1.0,0,0,1,c,b,1137.0,2,2005,227,0,42,2018,311,0
28,2,2024,4,47,21,2644,1.0,1,0,0,b,a,511.0,7,2007,201,0,45,2019,262,1
168,4,2023,10,50,7,900,1.0,1,b,0,a,a,722.0,2,2012,140,1,37,2010,500,1
1073,2,2024,11,33,20,3160,1.0,1,0,0,a,a,974.0,8,2018,75,0,18,2019,275,0
917,3,2023,2,9,28,1191,1.0,1,0,1,c,a,818.0,9,2022,5,0,36,2020,129,1
742,5,2024,6,35,15,382,1.0,1,0,0,c,b,408.0,3,2022,27,1,47,2015,456,1
869,3,2023,10,26,16,1762,1.0,1,0,1,d,b,688.0,1,2010,165,1,2,2010,500,0
724,6,2023,5,28,18,1112,1.0,1,0,0,c,c,678.0,2,2022,15,0,27,2015,417,1
1016,4,2023,5,27,11,2173,1.0,1,0,1,a,c,769.0,1,2021,28,0,34,2014,461,1
112,7,2024,7,46,16,1962,1.0,1,0,0,a,a,782.0,6,2003,253,1,52,2021,150,1
71,2,2024,10,20,18,3707,1.0,1,0,0,a,a,1290.0,5,2015,113,1,27,2011,500,1
775,7,2024,1,51,1,1781,1.0,1,0,0,a,a,757.0,10,2010,159,0,46,2014,500,1
1076,1,2023,1,29,13,565,1.0,1,0,0,c,c,305.0,5,2019,44,1,40,2020,145,0
649,4,2023,2,36,15,2150,1.0,1,0,1,a,a,847.0,8,2019,42,1,42,2023,0,1
1078,3,2024,5,49,6,3256,1.0,1,0,1,a,a,1344.0,6,2004,239,0,6,2018,355,1
448,6,2024,4,43,14,1208,1.0,1,0,0,c,b,770.0,6,2013,130,0,27,2010,500,1
752,1,2023,6,23,12,1381,1.0,1,0,1,c,a,689.0,9,2021,21,1,39,2019,192,0
568,2,2024,4,11,16,886,1.0,1,0,0,a,b,728.0,7,2015,105,1,7,2010,500,1
984,2,2024,8,8,9,2962,1.0,1,0,0,a,c,995.0,7,2019,61,1,51,2010,500,1
722,7,2024,4,19,26,834,1.0,1,0,0,a,c,727.0,6,2016,94,0,36,2019,243,0
489,4,2024,11,35,18,1181,1.0,0,0,0,b,a,365.0,9,2018,74,1,45,2015,458,0
273,2,2023,4,42,18,530,1.0,0,0,0,c,a,618.0,4,2019,48,0,33,2010,500,0
350,6,2023,3,2,23,1663,1.0,1,0,0,a,a,801.0,1,2021,26,1,47,2015,371,1
84,2,2024,11,25,1,3496,1.0,1,0,1,a,a,981.0,6,2004,245,1,47,2015,446,0
173,2,2024,8,49,8,1884,1.0,0,0,0,c,a,645.0,4,2018,76,1,4,2018,357,1
568,4,2024,1,43,6,649,1.0,1,0,1,a,a,731.0,11,2008,182,0,49,2023,46,1
36,6,2023,2,49,18,3052,1.0,1,0,1,c,a,833.0,12,2013,110,0,28,2011,500,0
526,6,2023,1,50,10,1549,1.0,1,0,1,a,a,587.0,3,2015,94,0,26,2019,232,1
47,1,2023,10,5,20,831,1.0,1,0,0,a,a,792.0,6,2014,112,1,13,2019,200,1
181,7,2024,8,36,27,275,1.0,1,0,0,a,a,960.0,6,2004,242,0,22,2023,66,0
772,7,2023,12,29,11,1516,1.0,0,0,1,b,a,464.0,3,2018,69,0,29,2015,416,0
33,3,2023,4,25,10,795,1.0,1,0,1,a,c,912.0,1,2016,87,0,28,2012,500,1
376,4,2024,1,42,14,2208,1.0,0,0,0,a,a,493.0,12,2017,73,1,37,2022,109,0
213,3,2023,6,49,14,1842,1.0,1,0,1,c,a,499.0,8,2014,106,0,36,2010,500,0
61,4,2023,1,25,11,2698,1.0,0,0,0,a,b,621.0,5,2013,116,1,39,2016,350,1
233,5,2024,2,34,10,1244,1.0,0,0,0,a,b,1230.0,3,2006,215,1,31,2019,263,1
126,5,2023,10,25,11,489,1.0,1,0,1,a,c,305.0,6,2013,124,1,52,2011,500,1
90,4,2023,5,34,14,632,1.0,1,0,1,a,c,681.0,4,2006,205,1,46,2014,456,0
742,4,2023,11,51,13,559,1.0,1,a,1,a,c,812.0,3,2020,44,1,50,2011,500,1
140,4,2023,7,43,13,1217,1.0,1,0,0,a,c,1170.0,12,2001,259,1,38,2021,109,1
1047,3,2024,8,12,9,2930,1.0,1,0,0,a,c,1404.0,8,2000,288,0,13,2013,500,1
543,1,2024,11,46,18,2279,1.0,1,0,1,d,c,693.0,4,2016,103,0,51,2018,307,0
455,3,2023,6,28,14,1591,1.0,0,0,0,a,b,982.0,3,2016,87,0,48,2013,500,0
977,6,2023,4,31,7,1102,1.0,1,0,1,c,c,792.0,10,2012,126,1,16,2019,223,0
868,7,2023,10,6,22,829,1.0,1,a,0,c,a,790.0,8,2013,122,0,46,2021,64,1
469,6,2024,10,24,25,754,1.0,1,0,1,a,c,902.0,11,2000,287,1,28,2010,500,1
1086,7,2024,4,16,12,1200,1.0,1,a,1,a,a,344.0,10,2019,54,0,38,2020,186,1
592,6,2024,10,5,15,2097,1.0,0,0,0,b,a,806.0,5,2019,65,1,18,2019,247,1
790,4,2023,12,45,27,2473,1.0,1,0,1,a,a,955.0,8,2004,232,0,14,2011,500,1
1082,5,2024,3,7,9,3792,1.0,1,0,0,a,c,562.0,5,2000,286,1,21,2013,500,1
807,6,2024,11,38,7,3822,1.0,0,0,1,a,a,957.0,2,2012,153,1,10,2021,184,0
659,2,2023,2,39,10,1196,1.0,1,0,1,a,c,301.0,1,2005,217,1,8,2016,395,1
687,2,2023,11,32,13,2981,1.0,0,0,1,a,a,848.0,1,2002,262,1,23,2011,500,0
730,2,2023,11,44,13,696,1.0,1,0,0,a,a,1223.0,12,2002,251,0,50,2018,254,1
1091,4,2024,11,6,17,3228,1.0,1,0,1,a,c,754.0,11,2015,108,1,3,2020,211,1
782,6,2023,5,1,8,3730,1.0,1,0,1,a,a,527.0,5,2008,180,1,18,2016,347,0
335,4,2023,12,45,16,2512,1.0,1,a,0,c,b,392.0,11,2017,73,0,15,2011,500,0
25,7,2024,7,10,4,2246,1.0,1,0,1,a,c,937.0,9,2007,202,1,11,2011,500,1
874,3,2024,1,16,27,1610,1.0,0,0,0,b,a,1098.0,2,2014,119,0,4,2015,480,1
545,4,2023,11,36,9,3560,1.0,0,0,0,c,a,803.0,3,2006,212,0,10,2016,390,0
463,7,2023,11,28,10,3856,1.0,0,0,1,a,a,681.0,5,2012,138,0,28,2020,156,0
1043,2,2023,4,11,5,2885,1.0,0,0,0,a,a,241.0,10,2016,78,1,23,2019,196,0
174,6,2023,3,13,11,508,1.0,0,0,1,a,c,857.0,8,2007,187,0,33,2013,500,1
42,2,2024,7,44,28,3540,1.0,1,0,0,a,a,613.0,5,2020,50,1,45,2019,259,0
825,7,2024,5,28,17,3272,1.0,1,0,1,a,a,630.0,11,2014,114,1,6,2011,500,0
1031,3,2024,8,48,19,1564,1.0,0,0,1,b,c,1305.0,4,2004,244,1,18,2012,500,1
925,5,2024,5,30,17,1181,1.0,0,0,1,b,c,280.0,11,2020,42,1,46,2021,140,1
972,5,2024,3,35,10,3118,1.0,1,0,0,a,a,320.0,9,2011,150,0,13,2022,126,1
963,3,2023,3,18,23,2509,1.0,1,0,1,d,a,889.0,9,2016,78,0,6,2019,220,1
765,4,2023,8,2,10,3057,1.0,1,0,0,d,a,704.0,2,2007,198,1,13,2016,353,0
1028,6,2024,6,27,23,3933,1.0,0,0,1,a,a,664.0,2,2000,292,1,21,2022,110,1
381,7,2024,1,38,28,1602,1.0,0,a,0,c,a,902.0,12,2012,133,1,14,2014,500,0
831,1,2024,7,22,1,3400,1.0,1,0,1,a,b,897.0,10,2011,153,1,27,2018,307,1
103,4,2024,10,45,5,1982,1.0,0,a,1,c,c,528.0,4,2016,102,1,11,2019,294,0
589,6,2023,2,37,22,3430,1.0,1,0,1,c,a,642.0,11,2016,75,0,31,2011,500,0
325,4,2023,3,27,4,1123,1.0,1,0,1,a,a,835.0,4,2015,95,0,46,2023,0,1
1047,1,2023,5,29,21,3327,1.0,0,a,0,a,a,870.0,5,2011,144,0,17,2018,272,0
487,1,2024,12,12,7,2882,1.0,0,0,1,b,c,965.0,4,2000,296,0,29,2013,500,0
234,6,2024,5,46,17,1924,1.0,1,0,1,a,b,645.0,6,2013,131,0,38,2021,164,1
635,3,2024,11,4,19,3692,1.0,0,0,1,b,c,924.0,10,2021,37,0,4,2015,468,0
87,5,2024,9,3,9,1693,1.0,0,0,0,c,a,1105.0,2,2020,55,1,18,2011,500,0
142,7,2023,12,41,25,3021,1.0,0,0,1,a,a,834.0,12,2001,264,0,33,2019,216,1
482,1,2023,7,2,26,2170,1.0,0,0,1,a,c,789.0,4,2020,39,1,14,2011,500,0
704,4,2023,4,27,7,738,1.0,1,0,0,b,a,749.0,12,2003,232,1,22,2018,265,1
650,2,2024,9,10,21,1283,1.0,1,0,1,c,a,635.0,11,2001,274,1,24,2019,246,1
62,6,2024,2,36,19,3241,1.0,1,0,0,a,a,539.0,7,2000,283,0,49,2012,500,0
759,4,2024,10,7,8,2016,1.0,1,0,0,a,c,731.0,2,2011,164,0,6,2021,157,0
65,7,2024,3,14,23,3432,1.0,1,0,1,c,a,955.0,7,2004,236,0,33,2016,397,1
910,3,2023,9,28,9,681,1.0,1,0,0,a,b,553.0,10,2014,107,0,51,2014,445,1
44,2,2024,7,20,8,3121,1.0,1,0,0,a,a,797.0,12,2010,163,1,48,2011,500,0
30,7,2024,3,11,20,3591,1.0,1,c,0,a,c,763.0,2,2019,61,0,29,2020,190,0
578,5,2023,6,4,4,3970,1.0,1,0,0,c,c,1353.0,9,2004,225,0,21,2012,500,1
895,2,2024,7,1,26,2995,1.0,1,0,0,c,c,1037.0,4,2006,219,0,8,2012,500,0
854,5,2023,10,10,11,1992,1.0,1,0,0,c,a,1032.0,9,2011,145,0,14,2013,500,1
670,3,2024,6,15,14,435,1.0,1,0,0,c,a,1096.0,7,2003,251,1,42,2016,389,0
200,1,2023,1,7,20,979,1.0,1,0,0,a,c,656.0,11,2010,146,1,2,2022,57,1
1063,2,2023,1,27,25,2707,1.0,0,0,1,c,a,1233.0,1,2013,120,0,38,2020,145,0
23,6,2024,8,47,22,3554,1.0,1,0,1,c,a,868.0,7,2014,121,1,49,2020,206,0
388,1,2023,11,38,11,3083,1.0,1,0,1,c,c,807.0,9,2010,158,0,23,2012,500,1
841,3,2023,6,16,21,2507,1.0,0,0,1,c,c,456.0,5,2002,253,0,43,2019,181,1
688,2,2024,2,23,12,3474,1.0,1,0,1,a,c,700.0,4,2005,226,1,52,2014,491,0
882,6,2023,3,41,15,1369,1.0,1,0,1,a,a,290.0,4,2001,263,0,40,2016,365,0
855,7,2024,12,51,20,1450,1.0,1,0,0,c,a,746.0,9,2021,39,0,27,2018,336,1
1048,6,2024,9,29,16,534,1.0,1,0,1,a,a,647.0,3,2013,138,1,30,2012,500,1
576,6,2023,1,11,2,2596,1.0,1,0,0,a,c,700.0,12,2007,181,1,12,2014,467,0
916,1,2024,4,46,2,895,1.0,0,0,0,d,c,404.0,3,2006,217,0,7,2015,500,1
174,7,2023,9,27,4,1249,1.0,1,0,1,d,a,1031.0,5,2001,268,1,42,2022,37,0
195,2,2023,8,2,3,556,1.0,0,0,1,a,a,998.0,12,2010,152,0,28,2023,0,0
56,3,2023,4,14,21,3425,1.0,1,0,1,a,c,1327.0,1,2001,267,1,49,2023,0,1
229,6,2024,9,28,6,983,1.0,0,c,1,a,a,1318.0,5,2016,100,0,39,2017,353,1
125,2,2023,11,42,7,3525,1.0,1,0,0,a,a,867.0,11,2004,228,1,14,2018,288,0
920,2,2023,11,45,9,1080,1.0,1,0,0,a,c,1127.0,4,2002,259,1,51,2020,150,1
552,1,2024,10,10,5,490,1.0,1,0,1,a,a,898.0,4,2002,270,1,1,2020,217,1
496,3,2024,5,38,25,3918,1.0,1,0,0,c,c,692.0,1,2000,292,0,5,2019,293,1
714,4,2023,1,51,3,1283,1.0,1,0,0,a,c,737.0,2,2009,167,1,32,2022,71,1
401,4,2023,5,42,6,2943,1.0,0,0,1,a,c,1012.0,3,2001,266,0,32,2015,426,0
637,1,2023,1,38,7,590,1.0,1,0,0,b,a,2046.0,11,2001,254,1,39,2019,207,0
4,2,2023,7,42,3,908,1.0,1,0,1,a,b,1170.0,7,2005,216,1,34,2018,268,0
795,1,2024,8,29,8,1715,1.0,1,0,1,c,b,894.0,3,2012,149,1,14,2020,223,1
972,2,2023,5,32,6,3067,1.0,1,0,1,a,c,965.0,10,2005,211,1,8,2023,24,1
44,5,2023,2,28,10,219,1.0,1,0,1,a,a,962.0,8,2009,162,0,51,2011,500,1
90,1,2023,7,50,5,2604,1.0,1,0,0,a,b,793.0,4,2009,171,0,18,2021,136,0
153,2,2024,1,19,27,3174,1.0,0,0,1,a,c,1047.0,4,2013,129,0,9,2021,166,0
678,4,2024,4,41,23,583,1.0,1,0,0,a,a,773.0,3,2001,277,0,4,2022,141,1
849,4,2023,12,2,19,1839,1.0,0,0,0,d,c,517.0,9,2022,15,0,42,2013,480,1
918,7,2024,11,22,17,3798,1.0,1,0,1,c,a,964.0,9,2002,266,0,44,2018,290,0
872,5,2024,8,48,20,2230,1.0,1,0,0,d,a,1005.0,8,2022,24,1,46,2010,500,0
644,7,2023,5,13,27,3051,1.0,1,0,1,c,a,776.0,6,2006,203,1,45,2010,500,1
784,6,2023,1,42,4,3021,1.0,1,0,0,a,a,913.0,7,2009,162,0,9,2018,293,1
313,4,2023,8,27,15,1770,1.0,1,0,1,d,a,1108.0,11,2001,261,1,1,2023,26,1
832,3,2024,6,8,6,2906,1.0,1,0,0,c,a,804.0,7,2008,191,1,27,2013,500,0
204,1,2023,9,6,13,3801,1.0,1,0,0,a,a,686.0,8,2020,37,1,27,2021,83,1
1075,5,2023,2,7,26,1395,1.0,0,0,0,c,a,607.0,3,2015,95,1,2,2011,500,0
47,7,2024,10,25,18,383,1.0,0,0,0,b,a,744.0,6,2014,124,0,46,2010,500,0
1053,3,2024,10,17,18,3174,1.0,1,0,1,c,c,1280.0,1,2008,201,0,34,2018,295,0
514,3,2024,6,47,3,1392,1.0,1,b,1,c,a,760.0,6,2021,36,0,36,2013,500,1
719,1,2023,1,40,23,2634,1.0,1,0,1,d,c,928.0,10,2017,63,1,29,2011,500,1
179,5,2023,6,8,21,802,1.0,1,0,1,c,c,723.0,9,2005,213,0,52,2022,8,0
357,3,2024,5,27,11,1029,1.0,1,0,1,c,c,697.0,11,2013,126,1,41,2022,90,0
962,1,2024,10,40,10,3077,1.0,1,0,1,b,b,556.0,5,2009,185,1,31,2010,500,0
16,1,2024,3,35,17,311,1.0,1,0,1,a,c,850.0,10,2004,233,1,27,2023,60,1
214,3,2024,1,1,22,2090,1.0,1,0,0,c,a,665.0,9,2015,100,0,44,2010,500,1
705,4,2023,12,1,15,3073,1.0,0,0,0,b,a,1202.0,9,2009,171,1,19,2020,138,0
897,4,2023,3,31,24,1985,1.0,1,0,1,a,a,788.0,10,2002,245,0,45,2020,142,1
481,6,2024,1,49,6,829,1.0,1,0,1,b,c,807.0,6,2019,55,0,8,2014,500,1
98,4,2024,11,3,20,2611,1.0,1,a,0,a,c,766.0,5,2013,138,1,2,2011,500,0
164,6,2023,9,9,24,627,1.0,1,0,1,a,b,931.0,8,2012,133,1,3,2017,318,1
993,3,2023,4,10,20,2405,1.0,1,0,0,c,b,1267.0,5,2022,11,0,20,2022,42,0
241,2,2024,6,17,10,1797,1.0,1,0,0,c,a,508.0,9,2016,93,1,28,2010,500,1
646,4,2023,9,47,13,2261,1.0,1,0,1,a,a,903.0,11,2022,10,0,47,2021,104,1
1045,1,2024,10,50,14,3702,1.0,1,0,0,c,a,349.0,1,2016,105,1,48,2018,314,1
419,6,2024,5,16,9,3563,1.0,1,0,0,a,a,1187.0,8,2003,249,1,2,2023,66,0
74,2,2023,3,39,4,2928,1.0,1,0,0,b,c,788.0,6,2011,141,1,40,2013,500,1
907,7,2024,1,1,6,2078,1.0,1,0,0,c,b,372.0,2,2011,155,1,11,2019,250,1
879,7,2024,11,27,18,3232,1.0,0,0,1,d,a,437.0,3,2006,224,0,21,2016,422,1
726,4,2023,10,33,7,581,1.0,0,0,0,a,a,1064.0,10,2007,192,0,45,2018,248,1
1006,3,2023,12,45,23,1225,1.0,1,0,1,c,c,321.0,5,2013,127,1,52,2012,500,0
865,3,2024,9,43,23,1964,1.0,1,a,0,c,c,903.0,2,2009,187,0,42,2016,417,0
768,4,2023,3,4,12,3373,1.0,1,0,0,a,c,691.0,9,2002,246,0,10,2023,0,1
372,4,2024,3,22,11,1669,1.0,0,0,1,a,a,762.0,3,2013,132,0,2,2021,176,0
69,1,2023,3,4,28,1778,1.0,1,0,1,c,a,618.0,5,2013,118,0,52,2012,500,1
810,2,2024,6,1,1,3814,1.0,1,0,0,a,a,534.0,3,2018,75,0,13,2010,500,0
944,6,2024,12,9,8,3921,1.0,1,0,1,b,a,674.0,9,2002,267,1,12,2015,465,1
776,1,2023,9,49,20,342,1.0,1,a,0,a,a,992.0,12,2010,153,0,28,2013,500,0
729,4,2024,6,14,25,2365,1.0,0,0,1,a,a,732.0,12,2020,42,0,9,2013,500,0
801,7,2023,9,39,13,2831,1.0,1,0,1,a,b,946.0,1,2006,212,1,35,2012,500,1
309,1,2023,11,37,21,2503,1.0,1,0,0,a,a,747.0,12,2017,71,1,45,2017,304,1
131,7,2023,5,46,7,3878,1.0,0,0,0,a,a,1003.0,8,2007,189,0,18,2011,500,0
703,4,2023,11,28,26,3677,1.0,1,0,1,c,a,944.0,10,2004,229,1,25,2022,55,0
1052,3,2023,1,51,17,1154,1.0,1,0,1,b,a,658.0,1,2016,84,1,47,2010,500,1
153,5,2023,4,23,21,3803,1.0,1,a,1,a,b,534.0,11,2018,53,0,47,2012,500,0
80,6,2023,3,41,5,1798,1.0,1,0,1,c,c,1107.0,4,2021,23,0,5,2017,348,0
790,4,2023,3,41,14,267,1.0,1,0,1,a,a,576.0,5,2016,82,1,39,2011,500,0
472,1,2023,3,29,21,1568,1.0,1,0,1,a,a,970.0,11,2007,184,1,2,2017,339,0
1007,7,2024,5,17,12,1083,1.0,1,0,0,a,a,829.0,9,2016,92,1,9,2011,500,1
527,1,2023,9,9,27,3716,1.0,1,a,1,a,b,681.0,7,2000,278,1,33,2022,28,1
582,7,2024,8,5,24,2534,1.0,1,0,0,a,c,949.0,9,2007,203,1,7,2018,310,0
69,4,2023,6,26,4,1374,1.0,1,c,1,c,a,1230.0,5,2004,229,1,10,2014,484,0
1062,4,2023,6,21,24,213,1.0,1,0,1,d,c,1008.0,12,2012,126,0,24,2018,257,1
369,6,2023,3,11,11,1600,1.0,1,0,1,a,a,859.0,1,2015,98,1,22,2017,301,1
489,7,2023,9,40,17,1406,1.0,1,0,1,a,c,1306.0,7,2013,122,0,30,2021,114,1
702,2,2024,10,9,12,1903,1.0,1,0,0,c,c,318.0,1,2004,249,0,48,2020,169,1
957,6,2024,7,25,20,945,1.0,1,0,0,c,a,486.0,6,2008,193,0,23,2021,158,1
887,5,2023,10,23,13,2235,1.0,1,a,0,a,b,681.0,7,2002,255,0,16,2022,59,1
863,3,2023,10,51,13,2189,1.0,0,0,0,c,a,1246.0,11,2012,131,1,12,2011,500,1
118,3,2024,10,6,17,2943,1.0,1,0,0,d,c,1103.0,12,2017,82,0,46,2020,168,1
99,6,2023,2,45,7,2469,1.0,0,0,0,a,a,305.0,9,2005,209,1,12,2022,85,0
927,1,2024,2,36,12,2955,1.0,1,0,0,a,b,689.0,12,2012,134,0,1,2012,500,0
1018,4,2024,6,42,2,918,1.0,0,0,1,c,a,423.0,2,2020,52,0,27,2021,171,1
696,6,2023,1,41,2,720,1.0,0,0,0,a,a,808.0,7,2002,246,0,39,2018,262,1
1016,4,2023,1,41,19,2238,1.0,0,0,0,a,c,1091.0,8,2022,5,0,1,2019,248,0
355,4,2023,2,23,8,3964,1.0,1,0,1,c,c,1113.0,1,2007,193,0,34,2019,197,1
392,4,2024,2,31,19,1707,1.0,1,b,0,c,a,900.0,8,2007,198,1,23,2014,500,0
190,4,2024,4,19,22,2972,1.0,1,a,0,b,c,692.0,1,2016,99,1,41,2022,82,1
885,6,2023,4,47,19,3965,1.0,1,0,1,b,c,791.0,8,2007,188,1,2,2020,201,0
747,6,2024,10,12,12,560,1.0,1,0,0,a,c,1025.0,3,2009,187,1,47,2016,381,0
251,7,2023,11,31,16,447,1.0,0,0,0,c,a,1524.0,12,2004,227,0,46,2018,245,0
1115,1,2023,3,11,22,2710,1.0,1,0,1,c,c,464.0,4,2003,239,1,36,2023,0,0
34,3,2024,5,20,10,3394,1.0,1,0,1,c,a,1297.0,8,2019,57,0,33,2014,500,0
859,7,2024,7,51,12,2744,1.0,0,0,1,a,a,893.0,8,2002,263,1,37,2022,118,0
232,5,2023,4,11,7,3998,1.0,1,0,0,c,c,1066.0,11,2003,233,0,9,2010,500,0
875,3,2024,4,47,6,342,1.0,0,0,0,c,a,876.0,5,2018,71,0,47,2021,156,0
540,5,2023,9,43,2,2258,1.0,1,0,0,a,a,1241.0,5,2018,64,1,40,2018,263,1
261,4,2024,6,20,2,2889,1.0,1,0,1,a,c,919.0,9,2004,237,1,40,2019,240,1
65,7,2024,9,20,5,2786,1.0,1,0,1,a,a,625.0,1,2019,68,1,26,2018,306,0
693,4,2024,1,1,22,330,1.0,0,0,0,a,a,955.0,7,2016,90,1,8,2016,409,0
179,4,2024,6,42,18,686,1.0,1,0,0,a,a,1158.0,5,2007,205,1,27,2012,500,1
502,5,2024,4,35,3,3987,1.0,0,0,0,a,c,820.0,12,2001,268,1,29,2013,500,0
1060,2,2024,4,52,22,1533,1.0,1,0,0,a,a,198.0,7,2017,81,0,14,2022,142,1
990,6,2024,6,16,22,897,1.0,1,0,0,a,a,786.0,10,2015,104,0,49,2015,435,1
551,2,2023,4,21,26,889,1.0,1,c,0,b,c,849.0,10,2010,150,0,21,2012,500,1
816,1,2024,10,36,28,853,1.0,1,0,0,c,c,807.0,2,2006,224,1,50,2011,500,0
918,1,2024,3,18,3,2416,1.0,1,0,1,b,b,671.0,8,2008,187,0,46,2014,492,1
677,1,2024,11,17,15,2113,1.0,1,0,1,c,a,1217.0,9,2006,218,1,4,2020,221,1
231,1,2024,5,9,23,3779,1.0,1,0,1,a,c,108.0,6,2020,47,0,8,2015,469,1
905,1,2023,7,52,7,2013,1.0,1,0,1,c,a,848.0,3,2004,232,1,21,2016,395,1
99,3,2023,3,25,17,312,1.0,0,0,1,c,c,852.0,6,2010,153,0,33,2019,200,0
583,7,2023,12,41,3,2212,1.0,1,0,1,c,a,1448.0,1,2014,119,1,6,2018,295,0
871,1,2024,8,35,9,2078,1.0,1,0,1,c,c,816.0,12,2001,272,1,12,2011,500,0
637,5,2024,10,32,28,1445,1.0,1,0,1,a,c,954.0,2,2011,164,1,45,2015,455,0
389,7,2024,11,17,21,2949,1.0,1,0,0,b,a,858.0,2,2014,129,0,24,2019,253,0
465,6,2023,12,17,8,3775,1.0,1,0,1,c,a,848.0,2,2012,142,1,29,2019,196,1
513,3,2024,4,26,28,1836,1.0,0,0,0,a,a,1349.0,3,2015,109,1,28,2015,466,0
830,1,2023,4,8,6,2956,1.0,1,0,0,a,a,487.0,3,2011,145,0,51,2013,477,0
1107,3,2023,3,28,11,2247,1.0,0,0,1,a,a,620.0,8,2014,103,0,7,2012,500,0
869,5,2024,7,5,13,2959,1.0,0,0,1,a,a,1046.0,2,2022,29,0,28,2011,500,1
353,6,2024,11,15,18,1921,1.0,1,0,1,d,a,897.0,9,2008,194,0,5,2011,500,0
124,1,2024,9,33,8,1186,1.0,1,0,0,c,a,735.0,5,2008,196,1,3,2023,82,1
528,3,2024,7,2,8,2470,1.0,1,b,0,a,a,799.0,5,2015,110,0,26,2015,444,1
957,5,2023,6,3,19,1690,1.0,1,0,0,a,c,1094.0,7,2002,251,0,47,2014,424,0
708,6,2023,9,12,6,460,1.0,1,0,0,c,a,966.0,1,2006,212,0,22,2016,354,0
359,3,2024,6,40,4,3016,1.0,1,0,0,c,a,606.0,7,2003,251,0,38,2017,366,1
100,6,2023,11,42,5,2277,1.0,1,0,0,a,a,891.0,7,2010,160,1,48,2011,500,1
282,6,2024,7,1,10,2515,1.0,1,0,1,a,a,805.0,9,2002,262,0,1,2022,104,1
799,3,2023,8,15,1,2144,1.0,1,0,1,d,a,961.0,2,2004,234,1,37,2016,342,0
748,4,2023,9,3,1,3567,1.0,1,0,1,a,a,724.0,1,2009,176,0,47,2017,268,0
504,4,2024,9,1,21,891,1.0,1,0,0,a,a,458.0,1,2014,128,1,47,2017,318,1
373,5,2024,6,49,16,504,1.0,1,0,1,a,a,1022.0,12,2009,174,0,39,2023,62,0
196,3,2023,5,23,5,2232,1.0,1,0,1,c,a,985.0,5,2018,60,1,49,2023,0,0
1085,3,2023,5,42,8,3506,1.0,1,0,0,b,b,1245.0,3,2018,62,1,32,2011,500,0
481,3,2023,12,36,19,1959,1.0,1,0,0,a,c,425.0,2,2002,262,0,1,2019,243,1
856,2,2023,2,24,23,1793,1.0,0,0,1,a,b,799.0,4,2015,94,1,52,2012,500,0
514,5,2024,9,40,25,2454,1.0,1,0,1,d,a,751.0,6,2000,291,0,46,2010,500,1
635,7,2023,12,13,7,1500,1.0,1,0,0,a,a,701.0,12,2003,240,0,10,2017,315,1
715,3,2023,1,22,24,2342,1.0,1,0,0,a,c,358.0,10,2017,63,0,50,2016,336,0
397,7,2024,8,20,12,3867,1.0,1,0,1,a,a,500.0,11,2013,129,0,34,2016,402,1
1045,4,2024,8,30,9,1737,1.0,1,0,1,a,a,901.0,1,2007,211,0,24,2010,500,1
510,2,2023,5,11,17,2037,1.0,0,0,1,d,c,670.0,7,2003,238,1,43,2019,176,0
854,4,2024,2,39,4,3168,1.0,1,0,0,a,a,572.0,6,2007,200,0,34,2017,369,0
1022,4,2023,9,44,13,2756,1.0,1,0,1,a,a,1249.0,3,2017,78,0,42,2010,500,1
427,1,2023,7,47,13,1558,1.0,1,c,0,a,c,1532.0,6,2012,133,1,18,2014,497,1
261,4,2024,10,47,17,2192,1.0,0,0,0,a,c,803.0,8,2002,266,1,21,2011,500,1
1082,2,2023,2,34,6,2003,1.0,1,0,0,a,c,369.0,1,2011,145,1,6,2022,80,0
877,6,2024,12,42,2,1712,1.0,1,0,1,d,c,939.0,12,2004,240,0,47,2020,203,1
882,4,2024,8,36,11,1820,1.0,1,0,1,a,a,194.0,9,2002,263,0,14,2016,438,0
1055,3,2024,6,50,28,261,1.0,1,0,1,a,a,415.0,12,2001,270,0,8,2011,500,1
32,1,2023,6,6,16,2046,1.0,0,0,1,a,a,944.0,2,2017,76,0,5,2021,105,0
1054,4,2023,12,11,16,1393,1.0,1,0,1,d,a,405.0,1,2003,251,0,21,2014,458,1
130,5,2024,7,22,19,3240,1.0,1,0,0,d,c,731.0,12,2004,235,1,26,2018,308,1
163,3,2024,7,33,15,2594,1.0,1,0,0,d,a,375.0,12,2019,55,0,44,2020,197,0
244,7,2024,8,47,7,2896,1.0,1,0,0,a,a,837.0,8,2018,72,1,34,2015,481,1
127,2,2023,4,5,28,1210,1.0,1,0,0,c,c,1157.0,3,2011,145,0,42,2023,0,1
94,6,2024,4,9,7,360,1.0,1,0,0,b,a,636.0,4,2017,84,1,1,2013,500,1
140,4,2023,10,45,18,1661,1.0,1,0,1,a,a,814.0,10,2000,276,1,2,2014,500,1
542,3,2023,4,17,25,2079,1.0,1,0,0,c,c,575.0,12,2003,232,0,12,2012,500,0
416,3,2024,1,1,19,1841,1.0,1,0,0,c,a,596.0,9,2008,184,1,21,2014,500,0
380,4,2024,6,36,27,674,1.0,1,0,1,c,c,571.0,5,2017,85,0,4,2021,188,0
192,1,2024,1,46,5,968,1.0,1,a,1,a,a,1056.0,10,2002,255,0,46,2016,416,0
1085,5,2023,7,47,18,2971,1.0,0,a,0,a,a,396.0,4,2015,99,1,51,2022,48,0
371,3,2024,8,45,3,3631,1.0,1,0,1,b,a,720.0,2,2001,282,0,26,2022,123,0
528,5,2024,12,4,16,3949,1.0,1,0,1,a,a,943.0,5,2022,31,0,42,2014,482,0
159,4,2023,8,8,6,2127,1.0,1,0,1,a,a,1093.0,6,2004,230,0,10,2021,102,0
237,7,2024,5,46,19,2551,1.0,1,0,1,c,c,952.0,8,2016,93,1,2,2016,460,0
262,1,2024,8,37,10,2504,1.0,1,0,1,a,a,798.0,9,2014,119,0,47,2015,458,0
1083,4,2023,8,12,4,1643,1.0,1,0,1,a,a,649.0,9,2008,179,0,43,2014,437,0
197,4,2024,9,21,25,1449,1.0,1,0,1,a,a,1098.0,3,2017,90,1,40,2010,500,1
573,2,2024,12,45,26,474,1.0,0,0,1,a,b,560.0,8,2014,124,1,44,2016,417,1
607,5,2024,2,49,5,338,1.0,0,0,1,a,a,564.0,1,2010,169,0,37,2019,272,0
82,3,2023,9,47,6,1463,1.0,1,0,0,c,a,1226.0,12,2015,93,1,42,2022,57,1
392,6,2024,10,24,2,1598,1.0,0,0,1,c,c,928.0,6,2006,220,0,51,2015,441,1
91,7,2024,4,41,19,2196,1.0,1,0,0,a,c,939.0,12,2017,76,0,46,2011,500,0
196,6,2024,5,3,26,3889,1.0,1,0,0,b,a,1000.0,11,2016,90,1,47,2016,372,0
753,5,2023,5,49,7,3547,1.0,1,0,0,a,a,792.0,3,2010,158,0,25,2014,492,1
634,6,2023,5,12,13,939,1.0,1,0,0,a,a,389.0,2,2015,99,1,43,2022,21,0
552,7,2024,11,50,20,2149,1.0,1,a,0,c,a,895.0,11,2019,60,0,13,2019,297,1
238,7,2023,4,1,13,2315,1.0,1,0,0,d,c,815.0,6,2014,106,0,17,2022,36,0
697,6,2024,6,49,22,3940,1.0,1,0,0,a,a,562.0,2,2006,220,1,46,2014,500,1
1009,7,2023,8,28,22,1738,1.0,1,0,0,c,a,493.0,8,2006,204,1,19,2016,373,1
948,7,2024,4,27,21,1602,1.0,1,a,1,a,a,806.0,12,2022,16,1,44,2011,500,1
194,2,2023,9,36,21,3091,1.0,0,0,0,c,a,413.0,8,2018,61,1,26,2011,500,1
760,4,2024,7,25,13,201,1.0,0,0,0,b,a,777.0,4,2007,207,0,15,2015,478,1
272,3,2024,3,50,12,565,1.0,1,b,1,a,a,741.0,5,2016,94,1,22,2015,496,0
961,7,2023,3,6,17,2588,1.0,1,0,1,c,c,784.0,4,2000,275,0,31,2019,183,1
528,6,2023,1,35,4,1464,1.0,1,0,0,c,a,941.0,7,2015,90,0,4,2013,500,0
829,7,2024,7,12,17,1032,1.0,1,0,0,d,b,1007.0,6,2004,241,1,29,2023,35,0
602,3,2024,10,2,1,3341,1.0,1,0,1,a,a,607.0,5,2007,209,1,6,2020,204,0
752,6,2024,12,34,21,1126,1.0,1,0,0,d,c,1081.0,3,2021,45,1,26,2022,112,0
1043,1,2023,8,36,17,300,1.0,1,a,1,c,a,754.0,1,2003,247,1,17,2014,487,0
151,7,2024,12,7,14,266,1.0,0,0,0,a,a,1346.0,10,2018,74,1,32,2017,339,1
1008,2,2024,12,38,9,3652,1.0,0,0,0,a,a,644.0,10,2009,182,1,44,2017,358,0
539,4,2023,8,50,15,2219,1.0,1,0,0,d,c,337.0,2,2010,162,0,5,2020,201,1
159,6,2023,5,37,18,251,1.0,0,0,1,b,a,1070.0,3,2010,158,1,5,2021,136,0
483,6,2023,11,12,20,1140,1.0,1,0,0,a,b,948.0,6,2020,41,0,24,2017,300,0
63,2,2024,8,5,26,1448,1.0,0,0,1,a,a,1180.0,8,2011,156,1,40,2023,17,1
603,4,2024,10,5,5,3978,1.0,1,0,1,a,c,913.0,11,2005,227,1,15,2016,406,1
527,4,2023,3,33,2,2248,1.0,1,0,0,a,c,1522.0,9,2000,270,0,41,2013,500,1
437,6,2023,12,13,19,3375,1.0,1,0,1,a,a,763.0,8,2005,220,0,1,2012,500,1
496,3,2023,6,20,5,1906,1.0,1,0,1,c,b,1134.0,9,2003,237,1,16,2015,420,1
692,6,2023,11,3,5,2940,1.0,0,0,0,a,a,662.0,8,2002,255,0,27,2014,444,0
922,5,2024,5,23,8,340,1.0,0,0,0,a,a,968.0,12,2022,17,1,33,2012,500,1
438,6,2024,11,9,21,1544,1.0,1,0,0,a,a,1023.0,12,2010,167,1,19,2016,406,1
19,7,2023,9,23,2,1948,1.0,0,0,0,a,a,1070.0,6,2022,15,1,46,2013,497,1
622,3,2023,3,31,11,472,1.0,1,0,1,b,c,1053.0,1,2011,146,1,23,2023,8,1
1054,4,2023,2,50,3,1210,1.0,1,0,0,a,a,50.0,12,2005,206,0,34,2014,484,0
441,6,2024,2,16,24,2741,1.0,1,0,0,d,a,799.0,4,2003,250,0,6,2018,322,1
137,6,2023,5,17,22,2801,1.0,0,0,1,b,a,647.0,4,2017,73,1,49,2020,124,0
1006,7,2023,1,42,3,284,1.0,1,0,0,c,b,707.0,2,2002,251,1,27,2023,15,1
468,4,2024,7,50,8,1203,1.0,1,0,0,a,c,735.0,10,2001,273,0,25,2019,285,0
417,5,2024,8,22,13,1878,1.0,1,0,1,c,c,1113.0,3,2008,197,1,15,2013,500,0
330,1,2024,9,18,13,1235,1.0,0,0,1,c,c,881.0,12,2007,201,0,32,2017,350,0
815,4,2023,12,38,5,400,1.0,1,0,1,d,c,668.0,3,2005,225,0,1,2010,500,1
163,2,2023,10,40,14,344,1.0,1,0,1,c,b,380.0,1,2011,153,0,24,2013,500,0
685,6,2024,12,37,25,2326,1.0,1,0,0,d,a,1280.0,8,2013,136,0,41,2023,48,0
389,1,2024,8,34,7,1594,1.0,1,0,1,c,a,626.0,3,2009,185,1,41,2010,500,0
430,6,2024,11,8,4,2326,1.0,1,0,1,d,c,781.0,4,2012,151,1,33,2014,495,1
241,6,2024,10,14,11,2885,1.0,1,0,1,b,a,1462.0,2,2015,116,0,20,2010,500,0
901,4,2023,10,3,14,2216,1.0,1,0,0,a,a,634.0,8,2003,242,1,28,2017,287,1
506,5,2024,5,21,8,2315,1.0,0,0,0,b,c,737.0,3,2008,194,0,9,2020,220,0
1035,5,2023,7,44,3,2915,1.0,0,0,1,d,a,890.0,9,2000,274,0,33,2010,500,1
924,5,2023,11,12,3,894,1.0,1,0,1,d,c,338.0,4,2022,19,0,12,2011,500,1
848,5,2024,6,37,23,1066,1.0,1,0,0,d,c,303.0,5,2014,121,1,17,2022,124,1
502,2,2023,8,22,4,2960,1.0,1,0,0,a,a,676.0,6,2018,62,1,39,2013,500,0
1058,5,2023,8,10,8,1120,1.0,1,0,1,c,c,686.0,7,2017,73,0,7,2010,500,1
653,7,2023,3,12,22,3521,1.0,1,b,1,a,a,860.0,10,2000,269,1,18,2011,500,0
487,3,2023,1,36,17,1781,1.0,1,0,1,c,c,527.0,2,2011,143,0,19,2022,69,0
388,3,2024,9,42,1,506,1.0,1,0,0,a,a,950.0,3,2020,54,1,50,2022,96,1
1019,3,2024,10,18,5,2870,1.0,1,0,0,a,a,173.0,10,2013,132,1,42,2012,500,1
284,7,2023,7,48,14,1818,1.0,1,0,1,a,a,799.0,11,2013,116,0,20,2013,500,0
977,7,2023,8,3,10,643,1.0,0,0,1,a,c,928.0,6,2022,14,0,32,2012,500,1
255,3,2024,1,30,28,1008,1.0,0,0,0,a,c,919.0,1,2017,84,1,13,2016,433,1
851,7,2023,3,12,4,3566,1.0,1,0,0,c,a,771.0,11,2017,64,1,42,2021,74,0
315,6,2024,9,47,1,1947,1.0,1,0,1,a,c,622.0,8,2018,73,1,18,2020,237,0
932,3,2023,8,40,16,1158,1.0,1,0,1,c,b,762.0,7,2007,193,0,47,2015,409,0
932,6,2024,3,4,27,2261,1.0,0,0,1,a,c,1190.0,5,2022,22,1,47,2019,217,0
815,7,2023,8,21,1,685,1.0,1,0,0,a,a,640.0,9,2019,47,0,13,2013,500,0
1107,7,2024,1,39,24,1687,1.0,1,0,0,a,c,1113.0,4,2000,285,0,22,2022,121,0
572,4,2024,10,29,28,2476,1.0,1,0,0,a,c,1161.0,5,2012,149,0,48,2018,293,1
936,2,2023,1,26,12,3836,1.0,1,0,1,c,c,299.0,10,2005,207,1,5,2022,73,1
616,2,2023,11,8,12,1247,1.0,0,0,1,c,a,782.0,5,2012,138,1,35,2013,493,1
44,6,2024,3,30,28,3342,1.0,0,0,1,c,c,527.0,12,2018,63,1,27,2023,55,1
466,6,2024,4,5,18,1753,1.0,1,0,0,c,a,369.0,6,2015,106,0,30,2014,495,1
37,5,2023,12,17,16,3588,1.0,1,0,0,c,a,1058.0,7,2018,65,1,30,2019,195,1
741,1,2023,10,13,9,432,1.0,1,0,0,c,a,962.0,8,2009,170,0,27,2010,500,0
170,7,2024,5,35,27,717,1.0,1,0,1,a,c,899.0,9,2001,272,1,18,2013,500,0
363,1,2023,3,25,8,1966,1.0,1,0,1,a,c,494.0,7,2020,32,0,25,2017,312,1
972,5,2024,2,23,11,3195,1.0,1,0,0,c,a,883.0,5,2001,273,0,51,2017,336,1
825,7,2024,5,45,24,1354,1.0,1,a,1,a,c,427.0,10,2003,247,1,4,2011,500,1
375,2,2023,7,21,15,655,1.0,1,0,0,d,a,843.0,9,2016,82,1,9,2010,500,0
564,4,2024,6,40,22,845,1.0,1,0,0,c,a,622.0,1,2009,185,0,3,2021,193,0
648,6,2024,11,47,28,1300,1.0,1,0,1,a,b,1135.0,8,2010,171,1,33,2013,500,0
394,2,2023,10,9,19,1667,1.0,0,0,0,d,a,711.0,11,2001,263,0,18,2020,147,0
837,1,2024,4,39,5,2383,1.0,1,0,1,a,b,889.0,7,2003,249,1,3,2012,500,1
165,4,2023,11,4,22,3126,1.0,1,0,1,c,a,890.0,12,2016,83,1,11,2013,500,1
476,6,2023,6,34,17,688,1.0,1,0,1,c,a,797.0,5,2013,121,1,14,2010,500,0
285,5,2024,1,12,5,3101,1.0,1,a,1,c,b,852.0,3,2006,214,1,5,2017,371,1
758,4,2024,11,14,4,3950,1.0,1,0,1,a,a,911.0,6,2009,185,0,40,2017,338,1
714,5,2024,9,45,27,1569,1.0,0,0,1,a,c,551.0,2,2009,187,1,2,2018,355,0
900,1,2023,5,10,3,981,1.0,1,0,1,a,b,941.0,1,2021,28,0,46,2020,120,0
413,3,2024,11,27,13,3902,1.0,1,0,1,a,a,1079.0,7,2020,52,1,51,2019,236,1
258,7,2023,11,41,28,3662,1.0,1,0,0,a,c,939.0,1,2011,154,1,48,2012,500,0
37,3,2024,12,42,25,678,1.0,1,0,1,a,a,714.0,1,2004,251,0,12,2015,498,1
960,7,2023,11,11,24,3410,1.0,1,0,1,b,c,872.0,6,2013,125,0,12,2011,500,1
368,4,2024,4,20,21,3448,1.0,1,0,0,a,a,711.0,3,2000,289,0,52,2019,228,0
842,7,2023,7,30,14,1352,1.0,1,0,1,a,a,784.0,3,2014,112,0,33,2015,413,1
409,5,2023,3,31,9,3920,1.0,1,0,0,a,a,464.0,7,2013,116,0,29,2012,500,1
371,3,2023,9,9,26,922,1.0,1,0,0,c,c,1234.0,4,2020,41,1,45,2022,16,1
262,7,2024,6,31,16,2377,1.0,1,0,1,c,a,1401.0,8,2010,166,1,10,2016,437,1
872,2,2023,11,1,12,2871,1.0,1,0,0,a,c,609.0,6,2012,137,1,22,2010,500,1
320,3,2023,11,33,28,428,1.0,1,a,0,a,a,1056.0,3,2001,272,1,8,2011,500,0
331,6,2023,4,39,11,3695,1.0,1,0,1,a,a,1257.0,9,2018,55,1,42,2014,465,1
786,7,2024,4,25,2,3699,1.0,1,0,0,a,b,533.0,12,2006,208,1,11,2023,66,1
578,2,2024,1,13,17,1632,1.0,1,0,0,c,c,172.0,9,2017,76,0,7,2011,500,1
833,7,2024,7,13,12,1860,1.0,1,0,0,a,a,1275.0,3,2005,232,0,19,2015,462,0
116,4,2024,5,36,18,1604,1.0,1,0,0,a,a,817.0,7,2007,202,1,30,2015,474,1
1070,3,2024,12,23,18,853,1.0,1,0,1,b,c,664.0,2,2005,238,0,11,2018,324,0
264,1,2023,10,49,18,3560,1.0,1,0,1,c,c,834.0,1,2020,45,0,47,2018,262,0
132,1,2023,6,51,10,3587,1.0,1,0,1,a,c,709.0,2,2018,64,0,44,2016,371,0
122,4,2023,7,23,8,2378,1.0,1,0,1,b,c,1708.0,10,2016,81,1,48,2021,79,0
348,5,2023,8,15,9,1822,1.0,1,0,1,d,a,661.0,12,2007,188,0,20,2010,500,1
473,1,2024,11,43,28,2775,1.0,1,0,0,c,a,918.0,8,2016,99,0,21,2015,490,0
86,7,2024,12,38,21,2097,1.0,1,c,0,a,b,1208.0,11,2011,157,0,28,2010,500,0
695,4,2024,6,9,11,3062,1.0,0,0,1,a,a,1206.0,5,2016,97,0,48,2014,481,0
684,1,2024,5,50,26,2369,1.0,1,0,1,b,b,1149.0,1,2006,220,0,27,2013,500,0
867,6,2024,9,11,22,862,1.0,1,0,1,d,a,692.0,11,2012,142,0,21,2022,94,1
19,2,2023,4,30,16,3645,1.0,1,0,0,c,c,774.0,9,2021,19,0,35,2019,203,0
108,5,2023,2,10,23,1823,1.0,0,0,0,d,a,168.0,8,2001,258,1,7,2013,500,1
229,5,2024,4,26,27,2114,1.0,1,0,1,b,c,798.0,1,2017,87,0,52,2018,286,0
489,6,2024,4,33,16,2717,1.0,1,0,0,a,a,830.0,12,2016,88,1,36,2021,153,1
655,6,2023,8,7,3,3575,1.0,1,0,1,a,c,1043.0,1,2009,175,1,24,2012,500,1
226,7,2023,9,14,13,1792,1.0,1,c,1,d,b,1359.0,1,2020,44,1,5,2017,321,0
400,1,2024,2,40,7,846,1.0,1,0,0,a,a,1033.0,1,2016,97,1,17,2016,439,0
573,3,2024,1,50,20,601,1.0,1,0,0,b,a,1141.0,12,2012,133,1,30,2022,124,1
607,3,2024,2,48,3,2543,1.0,1,0,1,a,b,815.0,10,2007,196,1,51,2015,465,0
587,3,2024,11,40,14,1793,1.0,1,0,1,a,a,1205.0,2,2015,117,0,26,2019,274,0
714,2,2023,4,51,13,2196,1.0,1,0,0,b,c,823.0,6,2001,262,1,52,2017,311,0
843,2,2024,7,9,11,3422,1.0,0,0,0,a,c,1162.0,7,2005,228,0,27,2014,500,0
936,7,2024,7,11,18,1435,1.0,1,0,0,d,b,1061.0,7,2009,180,0,41,2014,490,1
1077,7,2024,4,22,16,2659,1.0,1,0,0,a,a,938.0,3,2005,229,1,6,2022,120,0
439,5,2024,11,48,6,1007,1.0,1,0,1,c,a,358.0,1,2012,154,0,42,2022,110,0
366,4,2024,1,42,23,2842,1.0,1,0,1,a,a,1148.0,1,2020,48,0,13,2013,500,1
311,4,2023,7,20,13,465,1.0,1,a,1,a,a,933.0,11,2008,176,0,22,2016,362,1
391,5,2024,5,1,5,983,1.0,1,0,1,a,b,1031.0,8,2009,177,1,17,2011,500,1
601,7,2024,10,33,20,1194,1.0,1,a,1,a,a,914.0,12,2009,178,0,29,2015,472,1
674,3,2023,3,17,11,915,1.0,1,0,0,b,a,966.0,11,2016,76,0,32,2022,37,1
78,4,2024,12,12,18,2786,1.0,1,0,0,a,a,1210.0,3,2016,105,1,19,2019,253,0
1114,7,2023,10,12,22,1705,1.0,0,a,1,a,a,678.0,2,2005,224,1,3,2016,373,0
47,7,2024,9,13,18,1257,1.0,1,0,0,c,c,960.0,8,2020,49,0,33,2020,188,0
448,2,2023,6,17,27,1218,1.0,0,0,0,c,a,587.0,3,2014,111,1,22,2017,307,1
505,2,2023,8,33,17,2966,1.0,1,0,0,d,a,993.0,9,2020,35,1,43,2016,354,0
385,2,2023,3,9,11,2282,1.0,0,0,1,c,a,895.0,12,2020,27,1,37,2010,500,0
244,1,2024,1,26,28,3525,1.0,0,0,1,b,a,631.0,12,2013,121,1,20,2011,500,1
592,5,2023,9,48,15,2118,1.0,1,0,1,a,b,848.0,4,2016,89,1,3,2017,357,1
9,4,2024,6,51,20,2838,1.0,1,0,1,d,c,649.0,6,2014,120,0,28,2011,500,0
829,1,2024,5,44,10,3692,1.0,1,0,1,a,c,707.0,9,2014,116,0,42,2010,500,0
758,2,2023,4,14,26,3259,1.0,1,0,1,a,c,926.0,3,2012,133,1,41,2014,441,1
860,4,2023,8,8,27,3075,1.0,0,0,0,a,a,901.0,7,2005,217,1,18,2017,302,0
911,6,2023,7,46,27,2378,1.0,1,0,0,a,a,244.0,5,2008,182,1,11,2020,191,1
990,5,2024,9,22,11,3509,1.0,1,0,0,c,a,931.0,7,2016,98,1,4,2023,70,0
165,4,2024,12,24,25,3797,1.0,1,0,1,a,b,729.0,8,2016,100,1,32,2019,252,0
932,2,2023,11,23,19,653,1.0,1,0,0,a,a,696.0,11,2010,156,0,14,2023,9,1
629,3,2023,4,7,3,3099,1.0,1,0,1,c,a,482.0,6,2002,250,0,41,2014,434,0
138,6,2024,3,38,26,251,1.0,1,c,1,c,a,806.0,4,2003,251,0,32,2019,266,1
1098,6,2023,2,13,15,1426,1.0,0,0,0,d,c,663.0,1,2020,37,0,3,2010,500,1
906,7,2023,7,13,15,3279,1.0,1,0,0,c,a,1202.0,9,2002,250,0,36,2011,500,0
300,4,2023,10,40,11,2948,1.0,1,a,0,a,a,295.0,10,2006,204,1,14,2018,286,1
993,2,2024,4,38,24,2536,1.0,1,a,1,a,a,531.0,5,2001,275,1,46,2014,500,1
815,4,2023,12,43,3,2753,1.0,0,0,1,a,a,511.0,11,2005,217,1,2,2017,353,0
499,7,2024,6,37,11,795,1.0,1,0,1,a,b,898.0,6,2019,60,1,20,2023,69,1
181,2,2023,10,3,16,3055,1.0,1,0,0,c,b,1172.0,6,2006,208,0,1,2020,158,1
816,6,2023,4,22,6,581,1.0,0,0,0,c,c,971.0,1,2019,51,1,33,2014,457,0
1040,7,2024,2,22,6,1413,1.0,1,0,1,a,c,492.0,7,2018,67,1,25,2019,257,1
215,6,2023,7,17,18,522,1.0,1,0,1,a,a,691.0,8,2016,83,0,28,2022,41,1
1,5,2023,7,26,17,2136,1.0,1,0,0,d,c,577.0,6,2006,205,0,37,2013,500,0
256,3,2023,6,26,23,3470,1.0,1,0,1,a,b,972.0,7,2022,11,1,47,2017,291,1
329,6,2024,5,32,23,3545,1.0,1,0,0,a,c,685.0,7,2014,118,1,20,2020,220,1
423,2,2024,8,50,1,238,1.0,1,0,0,a,a,396.0,9,2017,83,0,30,2019,280,1
1089,6,2024,8,34,12,3907,1.0,1,b,1,a,a,995.0,2,2007,210,0,33,2016,417,1
1075,3,2023,2,49,24,984,1.0,1,0,0,a,b,1199.0,7,2015,91,1,46,2016,367,1
748,4,2023,9,44,27,1567,1.0,1,0,0,c,c,766.0,6,2015,99,1,10,2018,294,1
243,4,2023,4,39,3,1269,1.0,0,0,1,a,c,856.0,5,2013,119,0,28,2016,375,1
237,1,2023,10,15,22,2049,1.0,1,c,1,a,a,368.0,6,2013,124,0,44,2014,439,1
92,7,2023,6,31,7,229,1.0,0,0,0,a,a,202.0,9,2016,81,1,15,2022,68,0
883,5,2024,3,6,23,1457,1.0,1,0,0,a,c,265.0,12,2022,15,1,19,2021,143,1
247,5,2024,3,49,13,1356,1.0,0,0,1,a,a,807.0,3,2019,60,1,24,2018,337,1
1002,1,2024,12,10,4,2928,1.0,1,0,0,a,a,728.0,1,2007,215,1,37,2012,500,1
670,6,2024,9,13,6,3463,1.0,1,0,0,a,c,984.0,5,2020,52,0,35,2017,342,1
544,7,2024,3,49,27,347,1.0,1,0,0,a,a,761.0,4,2008,191,0,7,2012,500,0
1037,6,2023,7,7,22,1758,1.0,1,0,0,d,a,1116.0,1,2005,222,0,11,2012,500,1
174,2,2024,2,29,1,3824,1.0,0,0,1,a,a,1082.0,6,2004,236,0,43,2013,500,1
518,2,2023,11,30,27,3721,1.0,1,0,0,c,a,723.0,7,2016,88,1,36,2012,500,0
289,3,2024,10,12,24,2287,1.0,1,0,0,d,a,519.0,11,2010,167,1,27,2021,141,0
202,1,2023,10,21,16,3054,1.0,1,0,1,a,c,245.0,9,2019,49,1,22,2017,311,1
1052,4,2024,6,41,1,1229,1.0,1,0,0,a,c,1250.0,6,2019,60,1,51,2020,198,1
675,4,2024,2,37,13,3254,1.0,1,0,0,a,a,537.0,8,2012,138,0,46,2023,43,0
180,4,2023,6,31,5,341,1.0,1,0,0,c,c,371.0,4,2004,230,1,22,2013,500,1
120,7,2023,7,29,11,2151,1.0,1,0,0,a,a,859.0,2,2002,257,0,19,2012,500,1
348,5,2024,4,20,9,2330,1.0,1,0,1,a,a,374.0,7,2022,21,0,46,2012,500,1
930,3,2023,5,33,20,855,1.0,1,c,1,a,a,859.0,6,2007,191,1,18,2010,500,0
163,6,2023,1,1,21,2427,1.0,1,0,0,a,a,719.0,4,2000,273,0,22,2010,500,1
828,3,2023,7,4,5,3767,1.0,0,0,0,b,a,1097.0,11,2009,164,0,48,2018,216,0
118,6,2023,3,41,26,2841,1.0,1,0,1,c,a,1071.0,7,2018,56,0,6,2019,243,0
376,7,2024,11,10,19,746,1.0,1,0,0,a,c,1151.0,7,2002,268,0,37,2014,493,1
583,7,2024,10,38,19,2196,1.0,0,0,0,a,b,882.0,9,2015,109,1,36,2017,366,1
144,4,2024,8,1,22,2881,1.0,0,0,1,c,a,562.0,4,2009,184,0,20,2012,500,0
443,4,2024,3,14,21,2159,1.0,1,0,0,c,c,509.0,7,2020,44,0,10,2019,264,0
299,3,2024,9,49,23,784,1.0,1,0,1,a,a,661.0,11,2010,166,1,45,2019,264,0
52,4,2024,12,14,9,1355,1.0,0,0,0,c,a,1418.0,8,2012,148,0,42,2019,232,0
2,7,2023,8,52,20,1941,1.0,1,0,1,c,a,745.0,11,2010,153,1,45,2017,319,1
162,7,2024,10,15,28,937,1.0,1,0,0,a,a,868.0,1,2015,117,1,18,2021,153,0
835,5,2023,11,34,22,1811,1.0,1,a,0,a,a,1276.0,9,2001,266,0,51,2011,500,1
42,2,2023,11,35,12,1153,1.0,1,0,1,a,a,896.0,8,2001,267,1,40,2015,411,0
564,3,2024,2,33,18,731,1.0,0,0,1,a,a,595.0,11,2013,123,1,13,2010,500,1
28,2,2024,11,16,26,1624,1.0,1,0,1,a,a,1039.0,12,2009,179,1,26,2021,146,1
241,2,2024,10,40,19,265,1.0,1,0,1,c,a,691.0,2,2003,260,0,17,2011,500,1
199,1,2023,9,17,22,3138,1.0,0,0,1,c,b,907.0,6,2017,75,1,28,2016,353,1
379,6,2023,3,43,25,352,1.0,1,0,1,b,a,974.0,12,2017,63,1,10,2012,500,0
830,6,2023,6,20,11,649,1.0,1,0,1,c,b,672.0,10,2002,248,1,39,2019,189,0
470,2,2023,11,44,10,1348,1.0,1,0,1,d,a,876.0,2,2004,237,1,24,2015,436,1
17,5,2023,12,51,10,2645,1.0,1,a,1,c,c,1300.0,7,2017,77,0,35,2017,328,0
162,2,2024,2,40,11,1889,1.0,1,0,0,d,c,632.0,5,2010,165,1,34,2023,58,1
340,2,2024,6,24,20,344,1.0,1,0,0,d,a,1215.0,9,2007,201,1,35,2022,93,0
311,2,2023,8,22,14,1474,1.0,0,0,0,a,b,643.0,7,2012,133,1,40,2015,398,0
630,1,2023,2,20,27,363,1.0,1,0,0,d,c,1361.0,4,2008,178,1,35,2015,401,0
392,6,2023,3,19,20,1820,1.0,0,0,0,d,a,563.0,6,2002,249,0,27,2014,460,0
830,1,2024,8,25,19,1239,1.0,1,0,1,a,a,702.0,12,2014,116,0,31,2019,254,1
282,3,2023,8,26,27,3608,1.0,0,0,0,b,a,1272.0,5,2016,87,1,33,2023,0,0
756,4,2023,2,38,25,1557,1.0,1,0,1,a,b,1286.0,3,2001,263,0,42,2018,256,0
113,5,2023,6,47,1,2440,1.0,1,0,1,a,a,1066.0,2,2005,220,1,25,2017,334,1
1103,2,2023,8,46,28,921,1.0,1,0,1,b,c,495.0,2,2014,114,0,16,2023,30,1
1101,4,2023,12,32,25,2026,1.0,1,0,1,a,a,845.0,1,2017,83,1,14,2012,500,0
308,6,2024,12,52,10,3567,1.0,0,0,1,b,a,820.0,1,2021,47,0,10,2011,500,0
262,3,2023,4,47,7,295,1.0,0,0,1,a,a,563.0,7,2013,117,1,32,2011,500,0
1,7,2023,9,26,16,1357,1.0,1,0,0,a,a,1029.0,7,2002,254,0,39,2018,247,1
1089,4,2023,7,22,28,1557,1.0,1,0,1,c,b,587.0,10,2008,177,0,17,2022,57,0
43,6,2023,3,24,18,1979,1.0,1,0,1,d,a,433.0,8,2005,211,0,29,2013,500,1
3,1,2024,7,2,17,1769,1.0,1,0,0,a,a,334.0,3,2022,28,1,20,2020,190,1
109,6,2024,2,18,7,3977,1.0,0,0,1,a,c,1334.0,8,2000,282,1,47,2022,75,0
329,4,2023,2,20,26,740,1.0,1,0,0,a,c,667.0,6,2008,176,1,48,2022,24,1
1088,7,2024,5,41,23,1164,1.0,0,0,1,a,c,673.0,3,2011,158,0,51,2021,146,1
186,5,2023,4,14,2,1990,1.0,0,0,1,a,a,511.0,8,2006,200,0,45,2015,385,0
636,6,2023,2,35,8,2551,1.0,1,0,1,a,c,1230.0,8,2016,78,1,46,2019,197,1
726,2,2023,1,17,25,509,1.0,1,a,0,b,a,406.0,6,2003,235,0,29,2017,300,0
892,4,2024,7,19,20,3036,1.0,1,0,0,a,a,459.0,2,2021,41,1,29,2016,406,0
780,6,2024,1,4,12,2203,1.0,0,0,1,c,c,723.0,1,2009,180,0,16,2019,248,0
1099,6,2023,10,27,15,1229,1.0,1,0,1,a,a,814.0,10,2008,180,0,40,2019,195,0
738,3,2024,1,6,4,1645,1.0,1,0,1,d,a,1018.0,2,2021,35,1,17,2021,145,0
942,4,2023,8,11,24,418,1.0,1,0,0,a,a,617.0,4,2003,244,1,18,2017,305,1
357,2,2023,2,27,18,2725,1.0,1,0,1,a,a,1283.0,9,2010,149,0,50,2019,185,0
455,4,2023,8,37,15,3207,1.0,1,b,0,a,a,619.0,6,2000,278,1,1,2014,500,1
822,4,2023,2,22,18,3993,1.0,0,c,1,a,b,517.0,10,2011,136,0,7,2016,379,0
977,1,2023,6,14,17,1298,1.0,1,0,1,d,a,489.0,5,2007,193,1,41,2021,77,1
6,7,2024,8,47,13,1233,1.0,1,0,0,a,a,588.0,11,2017,81,1,36,2020,219,0
484,5,2023,3,19,6,1420,1.0,1,0,1,a,a,469.0,5,2011,142,1,41,2017,290,0
895,2,2023,2,17,14,700,1.0,0,0,1,c,a,1045.0,1,2014,109,0,25,2017,304,0
128,7,2023,8,4,23,1776,1.0,1,0,1,a,a,520.0,9,2020,35,1,1,2013,500,1
394,5,2023,8,19,2,674,1.0,1,b,0,c,a,780.0,8,2021,24,1,16,2015,419,1
612,5,2023,6,12,12,348,1.0,1,b,0,a,c,511.0,12,2004,222,1,45,2019,175,1
93,7,2023,2,19,23,1490,1.0,1,0,1,c,c,468.0,2,2011,144,0,35,2011,500,0
1022,3,2023,4,11,17,3435,1.0,1,0,0,c,a,1152.0,7,2017,69,1,46,2010,500,1
411,3,2023,3,11,1,3889,1.0,0,0,1,a,a,1301.0,9,2002,246,0,1,2018,270,1
875,5,2023,8,39,24,3480,1.0,0,0,0,a,c,1201.0,5,2011,147,0,17,2020,178,0
477,7,2024,4,25,2,3840,1.0,1,0,0,c,b,379.0,4,2012,144,1,36,2023,41,1
449,6,2024,5,37,14,3511,1.0,1,0,1,c,c,420.0,4,2019,61,1,1,2016,452,1
1078,6,2023,4,30,4,2684,1.0,1,0,1,b,c,1414.0,1,2002,255,0,24,2011,500,1
954,6,2024,3,28,8,893,1.0,1,0,1,a,a,744.0,8,2019,55,1,46,2018,294,1
576,1,2024,10,25,12,3282,1.0,1,0,1,a,a,408.0,10,2005,228,0,9,2014,500,1
518,4,2024,6,21,8,3909,1.0,1,0,1,c,a,1145.0,6,2019,60,1,4,2012,500,1
871,3,2024,7,14,25,2087,1.0,1,0,0,a,a,840.0,1,2015,114,1,34,2018,292,0
764,3,2024,4,47,16,2713,1.0,1,0,0,a,c,991.0,10,2009,174,1,13,2020,242,0
1092,6,2024,2,22,11,1658,1.0,1,0,1,a,a,149.0,11,2003,243,0,10,2010,500,0
372,3,2023,9,46,9,2453,1.0,1,0,1,a,c,722.0,8,2007,193,0,29,2020,173,0
126,6,2023,9,40,14,279,1.0,1,0,0,c,b,1105.0,2,2017,79,0,32,2018,268,1
218,7,2024,1,32,10,2944,1.0,1,0,0,a,b,628.0,5,2004,236,0,43,2020,197,0
589,4,2024,11,44,23,2178,1.0,1,0,0,a,c,1191.0,7,2015,112,0,6,2018,350,0
350,2,2023,11,35,7,3072,1.0,1,0,1,c,a,425.0,12,2005,215,0,41,2016,358,1
903,5,2024,11,43,20,1623,1.0,1,0,1,b,b,786.0,6,2001,281,1,35,2014,500,0
976,7,2024,6,42,13,1781,1.0,0,0,1,c,c,1313.0,1,2014,125,0,36,2018,318,1
209,3,2024,9,34,8,754,1.0,1,0,1,c,a,475.0,9,2018,72,0,13,2012,500,0
1104,2,2024,1,38,14,2418,1.0,0,0,0,c,a,901.0,9,2022,16,1,44,2017,358,1
704,4,2024,8,43,4,3698,1.0,1,c,0,a,a,996.0,3,2011,161,0,7,2020,244,1
295,7,2024,2,12,15,2423,1.0,1,0,0,a,a,847.0,5,2013,129,1,36,2013,500,0
225,4,2024,11,46,21,3605,1.0,1,0,0,a,c,745.0,1,2015,118,1,7,2011,500,1
185,4,2023,12,27,17,229,1.0,1,0,1,a,a,557.0,2,2009,178,0,34,2010,500,1
526,4,2024,2,7,1,3003,1.0,0,0,0,a,a,879.0,4,2000,286,1,24,2017,347,1
80,6,2024,7,8,17,237,1.0,1,0,0,a,a,789.0,2,2005,233,1,9,2015,467,1
147,3,2024,8,40,1,1834,1.0,1,0,1,a,c,389.0,4,2008,196,1,11,2019,289,1
841,6,2023,10,43,11,1988,1.0,1,a,0,a,a,1150.0,8,2014,110,1,23,2021,124,0
546,7,2023,6,35,18,1979,1.0,1,0,1,a,a,547.0,5,2007,193,0,20,2023,15,1
589,6,2023,11,34,26,2322,1.0,1,c,1,a,b,397.0,2,2004,237,0,24,2014,478,0
363,7,2023,5,46,28,3116,1.0,0,0,0,c,a,641.0,8,2020,33,1,23,2011,500,1
621,6,2024,4,51,15,2887,1.0,1,0,0,d,a,552.0,11,2002,257,0,1,2020,258,1
383,6,2024,9,44,6,397,1.0,1,0,1,b,a,743.0,8,2018,73,0,23,2010,500,0
51,1,2024,7,8,24,3060,1.0,1,0,1,d,c,447.0,4,2002,267,1,22,2018,298,1
634,3,2023,1,42,10,1711,1.0,1,0,0,a,a,954.0,10,2007,183,0,21,2013,500,1
91,2,2024,8,27,16,2425,1.0,0,0,0,c,a,1234.0,5,2019,63,1,12,2014,500,0
769,7,2024,4,42,6,3691,1.0,1,0,0,a,b,852.0,1,2019,63,1,11,2011,500,1
1020,2,2024,11,38,11,1280,1.0,0,0,0,a,a,387.0,8,2008,195,0,5,2010,500,1
745,7,2023,11,36,14,2511,1.0,1,0,0,c,a,546.0,9,2000,278,0,33,2012,500,0
644,5,2024,6,46,21,2553,1.0,1,0,0,c,a,886.0,3,2021,39,1,29,2016,433,0
1076,1,2023,11,8,26,2112,1.0,1,0,0,a,b,230.0,5,2020,42,1,43,2014,433,0
245,5,2023,12,45,5,1187,1.0,0,0,1,a,c,450.0,1,2011,155,0,13,2015,448,1
863,3,2024,9,19,16,3041,1.0,1,0,0,c,c,326.0,6,2000,291,0,22,2011,500,1
232,3,2024,8,11,28,3306,1.0,1,0,1,a,a,855.0,6,2015,110,1,10,2011,500,1
1,7,2023,12,38,1,3790,1.0,1,0,0,a,a,1469.0,4,2018,68,0,49,2020,145,0
269,6,2024,11,52,17,1808,1.0,1,0,0,a,c,442.0,7,2019,64,0,41,2021,167,0
561,6,2024,6,5,22,701,1.0,0,0,0,a,a,1065.0,9,2016,93,0,8,2020,205,0
72,3,2024,2,52,3,3600,1.0,0,0,1,a,c,651.0,6,2020,44,0,43,2023,61,0
311,5,2023,8,18,19,2517,1.0,1,0,0,a,a,424.0,10,2011,142,0,49,2020,125,0
56,3,2023,6,51,12,686,1.0,1,0,1,a,a,1289.0,6,2003,240,0,35,2011,500,1
272,5,2024,5,3,17,3154,1.0,1,0,1,c,b,1468.0,5,2015,108,1,52,2020,159,0
803,3,2024,3,32,20,2880,1.0,1,0,1,c,a,944.0,8,2004,235,1,10,2013,500,1
170,5,2024,9,28,5,3363,1.0,1,0,0,a,a,929.0,3,2014,126,0,16,2020,220,1
295,6,2023,11,44,2,1831,1.0,1,0,1,a,a,839.0,11,2003,240,0,33,2018,271,0
152,3,2023,8,25,9,1998,1.0,1,0,1,c,a,776.0,8,2000,276,1,28,2021,101,1
429,1,2023,3,4,8,684,1.0,0,0,1,d,a,922.0,5,2010,154,1,38,2023,0,0
849,1,2024,1,10,9,1831,1.0,1,0,1,d,c,1023.0,3,2013,130,0,51,2019,219,1
600,7,2023,9,14,26,2324,1.0,0,0,1,c,a,1319.0,10,2003,239,1,13,2023,1,1
224,7,2023,2,46,20,3495,1.0,1,0,1,d,a,663.0,1,2018,61,0,46,2017,312,1
357,5,2024,1,5,10,1005,1.0,0,0,1,a,c,858.0,1,2014,120,1,7,2023,50,1
748,1,2024,3,44,17,368,1.0,0,0,0,a,a,793.0,8,2018,67,0,24,2011,500,0
534,5,2023,3,27,5,1310,1.0,1,0,1,a,a,1127.0,6,2008,177,1,23,2016,368,1
513,4,2023,5,30,6,964,1.0,1,0,1,a,a,1540.0,3,2015,98,1,42,2020,144,1
965,2,2024,4,51,3,1933,1.0,1,0,0,a,c,1138.0,5,2022,23,1,23,2023,80,0
914,3,2024,3,40,12,2884,1.0,0,0,1,b,a,1059.0,10,2004,233,1,44,2022,100,1
273,6,2023,10,34,18,1584,1.0,1,0,0,a,a,1092.0,6,2018,64,0,8,2015,442,0
786,7,2023,10,43,15,1500,1.0,1,0,1,a,a,1200.0,7,2014,111,1,52,2018,251,1
883,7,2024,4,24,16,1677,1.0,0,0,1,c,a,1544.0,2,2016,98,0,10,2011,500,0
1004,2,2023,5,49,5,3914,1.0,1,0,1,c,a,314.0,9,2014,104,1,31,2011,500,1
295,4,2024,10,42,19,1708,1.0,1,0,0,a,a,1000.0,2,2015,116,1,26,2019,276,0
812,4,2024,12,51,16,2923,1.0,1,0,0,a,a,50.0,3,2017,93,1,5,2014,500,1
209,3,2023,10,29,27,264,1.0,1,0,0,a,a,1105.0,4,2000,282,1,28,2017,313,0
496,4,2024,7,34,7,622,1.0,1,0,0,a,a,985.0,6,2000,289,1,46,2012,500,0
82,3,2024,12,24,2,1595,1.0,1,0,1,a,a,656.0,4,2001,284,1,28,2021,152,1
674,1,2023,9,49,13,2225,1.0,1,0,1,c,a,50.0,10,2021,23,0,37,2011,500,0
763,3,2023,9,33,6,1695,1.0,1,0,1,d,b,816.0,5,2009,172,0,52,2018,241,1
499,3,2024,1,9,5,1217,1.0,0,0,1,a,b,887.0,1,2022,24,0,16,2019,253,0
459,3,2024,8,27,7,2452,1.0,1,0,1,a,a,801.0,6,2021,38,0,3,2021,180,0
270,5,2023,4,7,20,1188,1.0,0,0,1,a,a,634.0,2,2007,194,0,36,2013,491,1
860,5,2023,8,34,12,2027,1.0,1,0,0,c,a,551.0,3,2002,257,1,41,2014,461,1
1016,1,2024,7,37,25,620,1.0,1,0,0,a,c,804.0,8,2019,59,0,8,2017,393,1
148,3,2023,2,42,4,855,1.0,1,0,0,c,c,579.0,8,2009,162,1,19,2014,491,1
308,1,2023,6,8,27,3643,1.0,1,0,0,a,a,1063.0,8,2006,202,1,19,2020,145,0
673,6,2023,7,25,12,2434,1.0,1,0,0,a,c,796.0,5,2018,62,0,40,2020,141,1
408,7,2024,1,19,15,1362,1.0,1,b,1,c,a,303.0,11,2011,146,1,46,2020,181,1
15,4,2024,11,22,23,333,1.0,1,0,1,a,b,873.0,1,2007,214,0,39,2016,399,1
24,7,2023,12,49,14,3164,1.0,1,0,0,c,b,944.0,5,2009,175,0,16,2018,293,1
261,5,2023,1,30,5,1466,1.0,0,0,0,a,a,1305.0,3,2021,22,1,33,2012,500,0
1079,7,2024,2,24,7,1931,1.0,1,0,1,c,c,1098.0,1,2006,217,0,14,2012,500,0
680,7,2024,2,48,26,2556,1.0,1,0,1,d,a,550.0,7,2021,31,0,33,2015,483,1
285,5,2023,6,28,2,483,1.0,0,0,0,a,c,1248.0,1,2013,125,0,51,2012,500,1
63,4,2023,8,22,26,2571,1.0,1,0,0,b,a,404.0,8,2001,264,1,35,2021,91,0
844,6,2024,3,29,19,3990,1.0,0,0,0,b,a,828.0,11,2002,256,1,41,2013,500,0
421,2,2023,11,45,15,885,1.0,1,0,0,a,a,1046.0,10,2014,109,1,39,2022,58,1
439,3,2023,4,24,9,3757,1.0,1,0,1,a,a,1258.0,9,2003,235,1,25,2015,415,1
627,4,2024,4,33,25,1488,1.0,0,0,1,a,a,1387.0,3,2003,253,0,7,2020,234,0
255,2,2024,8,10,1,230,1.0,1,0,0,c,a,1202.0,8,2010,168,0,51,2011,500,0
812,4,2023,11,1,20,1939,1.0,1,0,1,b,a,779.0,7,2010,160,0,19,2020,138,1
350,6,2024,3,4,6,969,1.0,1,0,1,a,c,994.0,6,2021,33,0,47,2016,373,0
787,6,2024,5,25,10,1763,1.0,1,b,1,c,a,887.0,6,2020,47,1,44,2021,137,0
577,7,2024,5,38,2,848,1.0,1,0,1,c,a,607.0,2,2021,39,0,36,2012,500,1
166,7,2024,6,11,16,2804,1.0,1,0,0,a,a,785.0,11,2001,271,0,29,2012,500,0
696,3,2024,6,50,5,1586,1.0,1,0,1,a,a,1359.0,11,2018,67,0,15,2022,139,0
84,5,2023,12,8,4,3012,1.0,1,0,0,a,a,1014.0,9,2021,27,0,8,2018,260,0
798,3,2023,2,37,10,999,1.0,0,0,1,c,a,1438.0,7,2014,103,1,46,2017,303,1
420,7,2024,6,13,14,355,1.0,0,0,1,a,a,495.0,2,2022,28,1,51,2018,274,1
748,2,2023,4,4,27,1435,1.0,1,0,0,a,a,706.0,8,2018,56,1,35,2015,385,1
269,2,2024,8,38,24,3032,1.0,0,0,0,a,a,945.0,12,2015,104,1,52,2023,38,0
454,7,2023,10,27,12,3936,1.0,0,0,0,a,c,1043.0,2,2009,176,0,12,2017,327,1
341,2,2024,12,33,17,3538,1.0,1,0,0,a,b,785.0,5,2008,199,0,27,2010,500,0
280,5,2024,6,49,22,231,1.0,1,0,0,a,c,1060.0,11,2009,175,1,10,2014,500,1
382,3,2023,4,28,11,3672,1.0,1,0,0,a,b,1058.0,12,2005,208,1,28,2023,0,0
60,2,2024,12,44,22,1715,1.0,1,0,1,a,a,404.0,6,2013,138,0,47,2016,413,0
443,5,2024,2,26,19,412,1.0,0,0,0,c,b,1046.0,4,2009,178,0,16,2020,218,0
138,6,2024,2,19,20,1104,1.0,1,0,1,c,c,1142.0,4,2006,214,0,22,2010,500,1
579,2,2024,12,21,28,3558,1.0,1,0,1,c,c,909.0,6,2004,246,0,27,2010,500,0
102,7,2024,11,18,11,2479,1.0,0,0,0,a,a,268.0,4,2011,163,0,25,2012,500,0
11,1,2023,7,47,2,822,1.0,1,0,1,d,a,737.0,7,2000,276,0,51,2017,308,1
490,1,2023,4,27,16,3233,1.0,0,0,1,a,b,951.0,1,2008,183,0,23,2018,264,1
333,7,2023,12,49,10,1485,1.0,0,0,1,c,a,560.0,1,2001,275,1,14,2010,500,0
978,1,2023,12,14,2,653,1.0,1,0,1,c,a,1095.0,1,2007,203,1,18,2022,48,1
295,3,2024,11,40,5,1650,1.0,1,0,1,a,a,1039.0,9,2015,110,1,16,2018,336,1
446,1,2024,10,7,15,3115,1.0,1,0,1,a,a,860.0,12,2014,118,0,17,2014,500,1
264,2,2023,8,15,27,1336,1.0,1,0,1,c,a,825.0,2,2000,282,1,47,2016,332,1
992,1,2023,5,2,10,811,1.0,0,0,1,b,c,878.0,11,2016,78,0,27,2017,287,1
880,3,2023,6,48,16,1319,1.0,1,b,1,d,b,819.0,2,2006,208,1,20,2020,184,0
192,3,2023,7,16,5,3221,1.0,1,0,1,c,b,434.0,1,2010,162,0,8,2011,500,0
281,2,2024,6,43,4,843,1.0,1,0,1,d,c,691.0,4,2015,110,0,51,2018,304,1
208,6,2023,11,23,22,1953,1.0,1,0,0,b,a,842.0,4,2000,283,1,8,2017,327,1
169,1,2024,2,7,18,2704,1.0,1,0,0,a,a,1246.0,12,2004,230,0,19,2021,144,0
269,4,2024,1,18,6,437,1.0,1,0,0,d,c,1028.0,2,2003,251,0,37,2015,449,0
950,3,2024,6,18,15,2405,1.0,1,0,0,c,a,1262.0,12,2007,198,0,1,2015,485,1
512,5,2024,3,27,17,3169,1.0,0,0,0,a,a,399.0,11,2000,280,1,17,2021,166,1
427,3,2024,10,18,2,2531,1.0,1,0,0,b,c,713.0,6,2000,292,1,50,2021,124,0
213,4,2023,11,36,9,903,1.0,1,0,0,a,c,1442.0,9,2011,146,1,2,2021,138,1
206,6,2023,12,38,25,2181,1.0,1,0,1,d,a,597.0,7,2002,257,1,13,2022,77,0
620,2,2023,5,9,11,3629,1.0,1,0,0,c,b,591.0,11,2010,150,1,5,2011,500,1
838,4,2023,12,28,20,1039,1.0,1,0,0,a,b,738.0,3,2005,225,1,37,2019,199,1
623,4,2023,2,31,17,810,1.0,1,0,0,d,c,1425.0,12,2022,2,0,1,2019,238,0
733,6,2024,12,14,1,2427,1.0,1,0,0,a,c,619.0,6,2002,270,0,3,2013,500,0
292,4,2023,3,41,27,1787,1.0,1,0,0,a,a,987.0,12,2011,135,0,25,2016,380,0
1055,6,2023,1,13,27,2684,1.0,0,0,1,a,b,938.0,12,2010,145,1,39,2023,0,1
918,6,2023,10,46,19,2493,1.0,0,0,0,a,c,241.0,11,2016,83,1,48,2011,500,1
979,6,2023,7,24,5,397,1.0,1,0,1,a,a,815.0,10,2002,249,1,12,2021,116,0
745,5,2024,5,20,24,2955,1.0,1,0,0,b,c,654.0,6,2022,23,1,30,2014,500,0
775,7,2023,3,35,1,3953,1.0,1,0,0,a,a,1023.0,9,2007,186,1,42,2021,97,0
79,1,2023,5,33,15,725,1.0,1,0,1,d,a,1342.0,3,2000,278,1,38,2017,307,0
180,4,2023,8,27,12,2403,1.0,1,0,1,a,a,717.0,4,2016,88,0,51,2010,500,0
148,6,2024,2,36,20,1620,1.0,1,0,1,a,a,717.0,9,2012,137,0,4,2011,500,1
539,1,2023,12,14,4,2625,1.0,1,0,1,a,a,1575.0,10,2015,98,0,3,2021,115,0
656,6,2024,9,43,25,2441,1.0,1,0,0,a,c,607.0,4,2020,53,1,36,2021,163,0
133,1,2024,11,33,16,2364,1.0,1,0,0,c,a,417.0,12,2008,191,1,20,2013,500,1
838,6,2023,1,12,8,729,1.0,1,0,0,d,c,1233.0,9,2020,28,0,39,2018,233,1
613,2,2023,11,52,9,2824,1.0,1,0,0,a,a,805.0,12,2021,23,0,38,2017,326,0
664,5,2024,11,46,20,2753,1.0,1,0,1,a,c,905.0,6,2012,149,1,24,2010,500,1
1023,6,2023,5,10,6,2696,1.0,1,0,0,a,a,1489.0,8,2018,57,1,52,2019,166,0
652,6,2024,7,41,9,930,1.0,1,0,1,b,c,399.0,8,2000,287,1,46,2012,500,1
5,5,2024,7,28,28,3236,1.0,0,0,1,a,c,761.0,2,2013,137,0,19,2015,477,0
858,7,2023,10,41,25,1016,1.0,1,0,0,a,c,449.0,4,2001,270,0,1,2010,500,0
977,1,2023,4,20,10,813,1.0,1,0,0,c,a,921.0,12,2010,148,1,52,2013,488,1
94,2,2024,12,13,16,1446,1.0,1,0,1,c,a,654.0,9,2017,87,0,51,2023,14,0
602,1,2024,7,12,12,822,1.0,1,0,1,a,c,468.0,7,2001,276,0,47,2017,329,0
524,6,2023,1,4,6,1468,1.0,0,0,1,b,a,1040.0,1,2009,168,1,3,2020,157,0
169,7,2024,4,46,9,1034,1.0,1,0,0,c,a,823.0,1,2009,183,1,38,2014,500,0
308,7,2023,2,17,4,502,1.0,0,0,0,a,a,445.0,7,2005,211,1,50,2010,500,1
955,4,2024,10,50,24,3861,1.0,1,0,0,b,c,463.0,1,2012,153,0,20,2018,342,1
437,1,2024,5,12,7,2776,1.0,1,0,0,a,c,882.0,2,2018,75,1,40,2013,500,1
599,2,2023,6,19,6,1556,1.0,1,0,1,a,c,319.0,7,2022,11,1,28,2011,500,1
867,5,2023,5,46,18,1650,1.0,1,0,0,a,a,888.0,12,2020,29,1,25,2016,385,0
500,7,2023,9,19,4,1401,1.0,1,0,0,c,b,1222.0,11,2021,22,0,38,2015,397,1
994,7,2024,12,40,27,3045,1.0,1,0,0,a,c,1020.0,6,2004,246,0,31,2011,500,0
558,6,2023,11,5,25,1071,1.0,1,0,0,c,b,633.0,12,2002,251,1,36,2018,229,0
1100,7,2023,12,50,12,545,1.0,1,0,1,a,a,902.0,8,2004,232,1,12,2016,402,1
165,4,2024,4,33,6,2029,1.0,1,a,1,a,c,445.0,12,2022,16,0,15,2023,70,0
991,2,2023,8,40,4,1044,1.0,1,0,1,d,c,861.0,3,2005,221,0,34,2011,500,0
126,4,2023,8,2,25,3640,1.0,0,0,1,a,b,722.0,7,2017,73,0,29,2016,337,0
907,1,2024,4,51,13,1562,1.0,1,0,0,b,a,508.0,12,2009,172,1,20,2021,187,0
738,5,2024,11,26,17,2761,1.0,1,0,1,c,c,1007.0,12,2015,107,0,44,2015,450,1
624,3,2024,12,12,4,1702,1.0,1,0,0,d,c,227.0,11,2017,85,1,18,2012,500,1
982,3,2023,12,8,24,913,1.0,1,0,1,b,a,464.0,2,2020,46,0,25,2023,0,0
715,1,2024,12,5,15,1407,1.0,1,0,0,b,c,500.0,8,2001,280,0,17,2014,500,0
775,7,2024,2,35,2,3381,1.0,1,0,1,c,c,669.0,2,2007,204,1,30,2022,109,0
842,3,2023,2,12,3,500,1.0,1,0,0,d,c,1210.0,5,2002,249,0,30,2021,86,1
938,6,2024,9,49,27,3792,1.0,1,0,0,c,a,1046.0,1,2009,188,0,18,2019,291,1
259,4,2023,9,12,2,280,1.0,1,0,0,a,a,852.0,10,2008,179,0,41,2020,127,0
942,5,2023,6,5,9,2909,1.0,1,0,0,c,a,837.0,10,2020,32,1,9,2017,308,0
657,4,2024,2,45,1,2825,1.0,1,0,0,a,a,816.0,2,2016,96,0,41,2019,264,1
36,5,2023,4,41,2,2455,1.0,1,0,1,a,a,1232.0,11,2002,245,1,4,2013,500,0
1025,2,2024,2,27,23,455,1.0,1,0,1,b,c,275.0,11,2010,159,0,14,2010,500,0
860,7,2023,2,44,22,2752,1.0,1,0,1,a,a,1051.0,11,2016,75,1,22,2018,282,1
995,3,2023,3,38,10,463,1.0,1,0,1,c,a,668.0,6,2017,69,1,23,2021,119,0
861,1,2023,8,10,5,2996,1.0,1,0,0,a,a,971.0,12,2018,56,0,33,2021,81,1
386,7,2023,7,22,7,3147,1.0,1,0,0,c,c,972.0,12,2005,211,1,49,2020,129,1
391,1,2024,5,48,10,3465,1.0,1,0,1,a,c,1040.0,7,2020,46,0,40,2023,60,1
309,4,2024,7,36,22,1676,1.0,1,0,1,a,a,1295.0,5,2020,50,0,29,2018,319,1
457,6,2024,9,33,17,2702,1.0,1,0,0,b,a,409.0,10,2005,227,0,5,2012,500,0
39,3,2023,2,10,13,902,1.0,1,0,1,c,a,1122.0,1,2015,97,0,52,2012,500,0
832,2,2023,4,28,2,2219,1.0,1,0,0,b,b,801.0,5,2015,95,0,17,2013,500,0
839,2,2023,3,9,4,2937,1.0,1,0,1,c,c,682.0,1,2020,38,0,33,2023,0,1
1101,5,2023,1,35,6,893,1.0,1,0,0,c,c,1430.0,10,2001,255,1,43,2022,44,0
614,5,2023,2,12,6,3358,1.0,0,a,1,a,c,1031.0,1,2005,217,1,37,2020,131,1
1102,4,2023,10,15,14,1622,1.0,0,0,1,a,c,695.0,10,2019,48,0,6,2022,61,1
235,4,2023,11,30,25,3716,1.0,1,0,0,a,a,1107.0,7,2000,280,1,14,2014,484,1
529,3,2024,2,2,12,521,1.0,1,0,0,a,a,806.0,6,2011,152,0,52,2020,158,1
873,7,2023,10,37,10,1051,1.0,0,0,1,b,a,690.0,8,2006,206,1,40,2012,500,1
881,2,2023,4,23,16,2968,1.0,1,0,0,a,a,638.0,1,2014,111,1,33,2011,500,0
863,6,2023,2,27,3,940,1.0,1,a,0,a,a,911.0,10,2010,148,1,24,2018,263,1
520,6,2024,3,39,21,3970,1.0,1,0,1,a,a,636.0,4,2019,59,0,49,2019,250,0
82,1,2024,12,41,2,3774,1.0,1,0,0,b,a,867.0,11,2001,277,0,38,2018,315,0
966,2,2023,5,48,10,564,1.0,1,0,1,d,a,1086.0,11,2011,138,0,38,2016,374,0
426,4,2024,9,10,27,3413,1.0,1,0,1,c,c,853.0,7,2011,158,1,48,2018,274,1
725,2,2024,6,23,12,1872,1.0,1,0,0,a,a,1413.0,8,2011,154,1,51,2015,440,1
149,6,2023,6,5,21,3398,1.0,1,0,1,a,a,824.0,12,2001,258,0,45,2014,428,0
1045,4,2023,10,14,8,2860,1.0,1,0,1,a,a,1225.0,5,2010,161,0,35,2013,499,0
287,6,2024,12,29,24,1389,1.0,1,0,1,a,a,1113.0,5,2020,55,0,12,2015,485,1
1112,1,2023,8,7,10,313,1.0,1,0,1,b,c,1278.0,12,2013,116,1,14,2014,461,1
798,1,2023,11,24,7,1404,1.0,1,0,0,d,a,1412.0,5,2002,258,1,9,2012,500,0
369,5,2024,2,49,2,1870,1.0,1,0,1,a,c,292.0,5,2016,93,0,42,2017,371,1
413,6,2023,11,4,9,2232,1.0,0,0,1,a,c,900.0,1,2021,34,1,18,2015,402,0
1092,7,2024,3,13,17,3220,1.0,1,0,1,a,c,786.0,4,2018,71,1,12,2012,500,0
663,6,2024,3,15,2,3303,1.0,1,0,1,b,a,853.0,3,2002,264,1,38,2022,81,0
773,6,2024,11,48,5,1314,1.0,1,0,0,d,a,701.0,10,2000,289,1,30,2017,382,1
684,1,2024,6,39,10,938,1.0,1,0,1,a,a,657.0,7,2004,239,1,13,2011,500,1
266,5,2024,3,10,21,2706,1.0,1,0,0,a,c,490.0,5,2008,190,0,20,2010,500,1
148,5,2023,1,37,17,3022,1.0,1,0,0,a,c,849.0,12,2021,13,0,26,2011,500,1
4,3,2024,3,1,2,2507,1.0,0,0,0,b,b,1100.0,6,2009,177,1,42,2015,427,1
452,7,2023,10,42,2,2543,1.0,1,a,0,a,a,672.0,5,2022,17,1,1,2013,500,0
763,7,2023,1,12,2,2860,1.0,1,0,1,a,a,721.0,9,2002,244,0,40,2023,0,0
337,6,2024,12,38,10,1753,1.0,0,0,0,c,a,611.0,4,2017,92,0,5,2016,449,1
248,7,2024,10,26,8,1112,1.0,1,c,0,a,c,522.0,6,2017,88,1,45,2020,189,0
434,4,2024,3,39,4,3199,1.0,1,0,1,a,a,749.0,9,2022,18,0,7,2013,500,1
258,6,2023,9,19,13,839,1.0,1,a,1,a,a,923.0,4,2012,137,1,13,2010,500,0
485,1,2023,7,28,17,417,1.0,1,a,0,a,a,1197.0,6,2013,121,0,20,2014,476,1
616,2,2024,5,48,20,264,1.0,1,0,0,b,a,462.0,1,2000,292,0,52,2019,256,0
304,5,2023,7,42,28,1701,1.0,1,0,0,a,a,811.0,10,2020,33,0,21,2020,177,0
35,1,2023,1,29,20,2025,1.0,1,0,0,c,a,1173.0,11,2014,98,1,42,2012,500,0
114,6,2023,11,48,28,2260,1.0,1,0,1,a,a,466.0,9,2016,86,1,14,2014,500,1
465,2,2024,10,7,28,909,1.0,1,0,1,a,a,1200.0,7,2007,207,0,21,2016,402,1
198,3,2024,3,37,24,1823,1.0,1,0,0,a,a,688.0,11,2001,268,1,27,2014,500,0
892,2,2024,2,33,10,2674,1.0,0,0,0,c,a,1033.0,11,2016,87,1,7,2014,500,0
184,4,2024,6,14,2,1302,1.0,1,0,1,a,c,755.0,6,2016,96,1,2,2023,64,1
31,1,2023,6,21,2,2286,1.0,1,0,0,c,b,958.0,8,2004,226,1,19,2023,2,0
691,6,2023,10,22,25,1242,1.0,1,0,0,a,b,1303.0,12,2018,58,0,41,2014,449,0
696,7,2023,11,36,25,3368,1.0,0,0,0,c,a,784.0,3,2000,284,0,6,2010,500,1
750,6,2023,1,33,9,1885,1.0,1,0,0,a,c,1119.0,10,2015,87,1,43,2015,406,1
177,2,2024,3,41,21,3247,1.0,1,0,1,c,a,902.0,5,2001,274,1,32,2022,113,1
759,3,2023,8,35,13,1484,1.0,1,0,0,a,a,584.0,2,2017,78,0,15,2022,72,0
963,2,2024,5,52,2,1572,1.0,1,0,1,d,c,776.0,6,2010,167,1,6,2019,306,0
675,5,2023,12,44,19,3081,1.0,1,0,1,c,a,758.0,7,2007,197,0,29,2019,223,1
436,7,2023,8,30,3,1325,1.0,1,0,1,a,a,396.0,9,2017,71,1,23,2015,423,1
537,7,2024,4,1,4,2932,1.0,0,0,0,c,a,958.0,2,2018,74,1,6,2016,411,1
906,7,2024,9,20,14,512,1.0,0,0,0,a,c,1017.0,7,2013,134,1,35,2022,89,0
160,5,2023,6,7,2,3397,1.0,0,0,1,d,c,1064.0,8,2016,82,0,44,2013,483,1
808,2,2024,6,23,10,3074,1.0,1,0,1,a,a,1249.0,8,2000,286,0,24,2015,467,1
301,3,2024,9,52,22,2337,1.0,0,0,0,a,a,1106.0,10,2018,71,1,24,2022,132,0
979,3,2023,6,21,17,2085,1.0,1,a,0,a,a,639.0,10,2013,116,1,46,2019,183,0
156,1,2023,9,43,2,1618,1.0,1,0,0,c,a,703.0,6,2003,243,1,21,2011,500,0
577,6,2024,6,24,7,1477,1.0,0,0,1,d,a,1072.0,4,2011,158,1,13,2021,167,1
447,5,2023,8,30,28,1379,1.0,0,0,1,a,a,937.0,11,2014,105,1,45,2010,500,0
543,7,2023,6,2,27,2873,1.0,1,0,0,a,c,815.0,11,2018,55,1,28,2014,442,1
427,6,2023,7,36,26,966,1.0,1,a,0,c,c,558.0,2,2011,149,1,49,2022,39,0
42,5,2024,5,13,15,1241,1.0,1,a,1,a,a,661.0,6,2005,227,1,48,2011,500,1
957,1,2024,2,24,13,1682,1.0,0,0,1,d,a,995.0,10,2005,220,1,43,2012,500,0
596,4,2023,4,52,22,2016,1.0,0,0,1,a,b,235.0,8,2016,80,0,19,2022,85,0
670,4,2024,5,12,27,1218,1.0,1,0,0,b,a,118.0,11,2019,54,1,38,2019,234,1
583,5,2024,4,49,4,1856,1.0,1,0,0,a,a,1028.0,3,2014,121,0,25,2013,500,1
590,4,2023,6,44,26,3265,1.0,1,0,1,d,a,660.0,12,2018,54,1,40,2014,472,1
677,6,2024,6,3,18,1226,1.0,1,0,0,b,a,961.0,3,2014,123,1,49,2023,6,1
468,1,2024,4,20,4,859,1.0,1,0,0,d,a,1293.0,2,2011,158,0,39,2018,293,1
147,1,2024,5,51,25,3203,1.0,0,0,0,a,a,516.0,9,2009,176,0,26,2014,500,1
33,7,2024,4,24,1,1226,1.0,1,0,0,a,c,319.0,12,2011,148,1,52,2012,500,1
603,4,2023,8,42,1,2887,1.0,1,0,0,a,a,737.0,5,2000,279,1,45,2015,413,0
208,6,2023,6,48,11,3819,1.0,1,0,1,c,c,615.0,2,2013,124,0,13,2014,500,1
507,7,2023,8,1,16,2174,1.0,1,0,1,a,a,812.0,11,2004,225,0,49,2016,316,1
675,1,2024,6,39,12,2276,1.0,1,0,0,a,a,981.0,2,2020,52,1,25,2010,500,1
665,5,2023,12,48,7,2826,1.0,1,0,1,c,a,918.0,8,2019,52,1,14,2016,398,1
188,2,2024,6,31,19,676,1.0,1,0,0,a,c,834.0,2,2011,160,1,16,2013,500,1
737,2,2024,8,50,14,539,1.0,1,0,0,c,a,1137.0,8,2014,120,1,41,2023,61,1
1050,2,2023,6,37,4,890,1.0,0,0,1,c,a,1021.0,2,2000,280,1,21,2013,500,1
403,6,2024,9,33,23,1833,1.0,1,a,0,a,a,766.0,5,2013,136,0,34,2013,500,0
133,1,2023,7,7,9,3391,1.0,0,0,1,b,c,1011.0,6,2019,49,1,24,2014,451,1
563,5,2023,2,41,20,2480,1.0,1,0,0,a,c,356.0,11,2012,123,1,52,2018,249,1
688,3,2024,9,45,10,3465,1.0,1,0,0,a,b,1139.0,9,2019,60,0,8,2020,245,0
441,2,2023,10,18,22,1696,1.0,1,0,0,c,a,827.0,12,2001,262,0,31,2014,455,0
669,2,2023,5,9,8,3263,1.0,1,0,0,a,a,460.0,7,2022,10,1,19,2019,198,1
854,3,2024,7,30,6,2913,1.0,1,0,0,d,a,695.0,4,2007,207,0,42,2011,500,0
645,3,2024,1,49,3,582,1.0,0,0,0,a,a,1131.0,6,2000,283,1,50,2012,500,0
889,3,2024,11,39,24,2184,1.0,1,0,0,a,c,590.0,7,2014,124,0,18,2014,500,0
163,4,2023,10,43,21,2609,1.0,1,0,1,a,b,943.0,7,2014,111,0,48,2019,203,1
327,7,2023,12,30,18,1654,1.0,1,0,0,a,a,1084.0,11,2002,253,0,32,2017,310,0
620,4,2023,8,22,18,3129,1.0,1,0,1,d,c,827.0,11,2007,189,1,3,2016,383,0
290,2,2023,3,16,2,1778,1.0,0,0,0,c,a,561.0,2,2021,25,0,41,2018,235,0
1109,5,2024,4,42,12,2897,1.0,1,0,1,b,a,801.0,10,2004,234,1,29,2012,500,0
757,6,2023,12,34,25,2921,1.0,1,0,1,d,a,397.0,4,2001,272,0,51,2013,500,1
460,5,2024,1,39,9,1038,1.0,1,0,0,a,a,673.0,8,2018,65,0,24,2019,275,1
864,4,2023,9,44,2,450,1.0,1,0,1,a,a,488.0,12,2015,93,0,14,2023,30,1
1097,5,2024,1,51,24,3535,1.0,1,0,1,c,a,806.0,11,2011,146,1,9,2010,500,1
13,7,2023,9,44,1,3384,1.0,1,0,0,b,c,439.0,6,2006,207,0,5,2015,455,0
621,1,2023,7,24,20,3822,1.0,1,0,1,a,c,845.0,1,2020,42,1,37,2022,39,1
477,7,2023,6,7,24,417,1.0,0,0,0,c,a,1160.0,12,2019,42,0,51,2021,60,1
842,7,2024,9,30,21,2855,1.0,1,0,0,a,c,1179.0,11,2000,286,0,34,2013,500,1
344,7,2024,5,24,1,704,1.0,0,0,1,b,a,446.0,5,2019,60,1,32,2010,500,0
363,4,2024,7,49,26,2040,1.0,1,0,0,c,a,620.0,2,2010,173,1,2,2017,411,0
855,6,2023,10,3,3,3278,1.0,1,0,0,a,a,1076.0,7,2007,195,0,1,2019,210,1
994,1,2024,6,45,24,1163,1.0,1,0,0,c,a,1031.0,10,2008,188,0,26,2013,500,0
161,3,2024,1,33,1,1622,1.0,1,0,1,c,a,635.0,6,2010,163,0,28,2014,500,1
686,7,2023,12,4,14,2066,1.0,1,0,0,a,c,674.0,1,2013,131,0,23,2019,189,0
868,2,2024,7,13,25,1945,1.0,1,0,1,a,c,845.0,6,2022,25,0,49,2017,328,1
184,6,2024,6,4,8,276,1.0,0,0,1,c,a,270.0,7,2000,287,1,18,2013,500,1
738,3,2024,1,49,2,1616,1.0,1,a,1,a,a,978.0,12,2013,121,0,52,2021,153,1
1093,5,2024,2,34,3,3411,1.0,1,0,1,a,b,1145.0,10,2001,268,0,14,2022,124,0
940,5,2023,4,33,11,553,1.0,1,0,0,a,c,703.0,9,2000,271,0,17,2020,172,1
217,7,2023,12,28,11,1522,1.0,1,0,0,a,a,394.0,5,2006,211,1,16,2023,12,1
1105,3,2023,9,21,7,2512,1.0,1,0,0,a,a,1244.0,12,2017,69,0,41,2015,396,0
399,6,2023,5,9,13,1657,1.0,1,0,0,c,c,886.0,3,2007,194,1,18,2011,500,1
532,4,2023,10,39,10,2818,1.0,0,0,0,a,a,1033.0,4,2008,186,1,24,2020,171,1
326,3,2023,5,7,17,1215,1.0,1,0,0,a,c,424.0,11,2020,30,0,6,2017,313,1
780,1,2024,11,11,9,921,1.0,1,0,0,d,a,425.0,12,2006,215,1,21,2015,458,1
141,1,2024,4,51,9,3708,1.0,1,0,0,a,c,944.0,10,2017,78,0,11,2013,500,1
792,6,2024,9,5,25,3057,1.0,1,0,1,a,c,1128.0,9,2019,60,1,40,2010,500,0
62,1,2024,6,50,22,1337,1.0,1,0,1,d,a,481.0,12,2014,114,0,43,2012,500,1
942,1,2023,9,5,22,579,1.0,1,0,1,a,a,789.0,2,2022,19,1,15,2019,198,0
364,2,2023,3,26,11,1868,1.0,1,0,0,a,a,344.0,9,2022,6,1,52,2013,494,1
578,3,2024,12,31,25,3144,1.0,1,0,1,c,a,610.0,5,2001,283,0,23,2023,60,1
255,2,2024,4,6,10,2529,1.0,1,0,0,a,a,743.0,8,2003,248,0,44,2016,378,1
121,5,2023,7,47,21,2865,1.0,1,c,0,a,a,967.0,3,2008,184,0,13,2011,500,0
26,6,2024,9,50,22,2198,1.0,1,0,0,c,a,188.0,6,2015,111,1,45,2019,265,0
1092,4,2023,8,12,10,3666,1.0,1,a,1,a,c,1216.0,3,2006,209,0,8,2019,212,1
152,5,2024,7,12,18,655,1.0,1,0,1,c,a,769.0,8,2014,119,1,19,2012,500,1
64,7,2024,11,40,6,3291,1.0,1,0,1,a,a,1208.0,12,2020,47,1,20,2021,176,0
573,7,2023,12,20,11,3873,1.0,1,0,0,c,b,1030.0,1,2000,287,1,10,2020,166,0
1074,5,2024,10,2,15,3409,1.0,0,0,0,a,b,1076.0,12,2019,58,1,50,2018,264,0
93,1,2023,3,40,19,1265,1.0,1,0,0,a,a,1426.0,8,2011,139,0,16,2011,500,1
285,6,2023,10,19,10,3839,1.0,1,0,1,b,a,586.0,1,2020,45,0,22,2016,361,0
620,6,2023,7,22,20,3864,1.0,0,0,1,a,a,861.0,7,2015,96,1,1,2023,21,0
550,3,2024,7,34,19,3408,1.0,1,0,1,a,c,523.0,2,2000,293,1,36,2013,500,1
163,2,2024,12,31,25,1407,1.0,1,0,1,c,a,789.0,10,2020,50,1,10,2023,73,1
1060,1,2024,7,43,2,3226,1.0,1,c,1,c,a,1036.0,4,2001,279,1,15,2012,500,1
400,2,2024,11,42,15,3457,1.0,1,0,0,a,c,1158.0,1,2005,238,1,48,2018,306,1
755,6,2023,8,50,20,945,1.0,0,a,1,c,a,705.0,11,2012,129,1,45,2015,421,1
511,7,2024,2,48,12,1183,1.0,0,0,1,a,c,459.0,7,2020,43,1,6,2010,500,0
653,2,2023,9,33,9,3069,1.0,1,0,1,b,c,842.0,8,2003,241,1,33,2018,260,0
1009,3,2024,6,29,17,3276,1.0,0,0,1,a,a,564.0,10,2012,140,0,39,2016,406,1
364,6,2023,7,25,13,2604,1.0,0,0,1,c,c,647.0,7,2002,252,0,50,2014,443,1
909,1,2024,4,35,13,2256,1.0,1,0,1,a,a,1022.0,10,2007,198,0,13,2013,500,0
327,7,2024,3,4,28,3853,1.0,0,0,0,a,c,966.0,8,2005,223,0,17,2016,403,0
354,1,2023,9,21,12,1493,1.0,1,a,0,a,a,1070.0,1,2009,176,1,13,2011,500,0
37,2,2024,3,15,7,2936,1.0,0,c,0,a,a,719.0,12,2016,87,0,28,2018,299,0
387,1,2024,2,29,1,3826,1.0,0,0,0,b,a,1123.0,12,2016,86,0,32,2011,500,0
654,6,2023,6,49,4,1186,1.0,1,0,1,a,a,824.0,4,2015,98,0,10,2012,500,0
714,3,2023,9,26,16,472,1.0,1,0,0,a,a,735.0,8,2000,277,1,2,2017,336,0
480,4,2024,3,31,6,823,1.0,0,0,0,a,a,490.0,2,2018,73,1,8,2020,231,0
398,4,2023,5,21,4,2734,1.0,1,0,1,a,a,193.0,4,2014,109,1,11,2015,426,1
251,3,2023,6,18,10,1269,1.0,1,0,0,a,a,351.0,8,2001,262,1,31,2018,247,1
1009,6,2024,12,36,7,2912,1.0,1,0,0,d,a,885.0,5,2021,43,1,11,2023,77,1
429,4,2024,2,13,16,2024,1.0,1,0,0,a,b,548.0,12,2017,74,0,42,2018,283,1
342,6,2023,12,46,2,3470,1.0,1,b,0,a,b,326.0,1,2015,107,1,34,2020,168,0
1050,5,2024,2,6,28,2679,1.0,1,0,0,a,b,694.0,9,2011,149,0,11,2016,411,0
711,5,2024,7,12,26,2448,1.0,0,0,0,b,b,904.0,8,2018,71,0,52,2013,500,0
946,7,2024,11,40,25,1017,1.0,0,0,0,b,a,945.0,11,2007,204,1,37,2015,471,1
434,4,2024,11,5,5,1436,1.0,0,0,1,a,a,811.0,10,2016,97,0,46,2014,479,1
480,3,2023,7,22,21,1084,1.0,1,0,0,a,c,802.0,11,2014,104,1,35,2017,299,0
814,6,2023,6,20,1,434,1.0,1,0,0,d,a,658.0,10,2014,104,1,35,2012,500,1
1093,5,2024,10,49,21,1347,1.0,1,0,1,a,b,1010.0,3,2018,79,1,26,2020,231,0
880,4,2024,11,9,23,3808,1.0,1,0,1,c,a,767.0,6,2003,257,1,35,2012,500,0
516,3,2024,1,24,8,3267,1.0,0,0,1,a,a,797.0,9,2002,256,0,40,2019,244,1
667,7,2024,4,24,13,1095,1.0,1,0,1,c,a,1131.0,12,2012,136,0,52,2016,388,1
390,2,2023,4,43,26,1588,1.0,0,0,1,c,b,1058.0,11,2018,53,0,31,2020,168,1
509,1,2024,11,29,6,2951,1.0,0,0,0,a,c,765.0,8,2005,231,1,40,2012,500,1
433,5,2023,1,7,16,497,1.0,1,0,1,a,a,722.0,2,2013,119,0,50,2012,500,1
111,1,2024,2,46,9,2939,1.0,0,0,0,a,c,720.0,6,2022,20,1,32,2013,500,0
976,6,2024,1,8,5,2271,1.0,0,0,0,c,b,214.0,8,2014,113,0,40,2020,176,0
153,6,2024,12,37,20,2905,1.0,1,0,0,a,c,1149.0,10,2001,278,0,10,2013,500,0
299,6,2023,1,15,27,222,1.0,1,0,0,a,c,615.0,4,2020,33,0,47,2014,436,0
283,2,2024,4,7,16,3751,1.0,1,0,1,b,a,1076.0,6,2022,22,1,51,2011,500,0
248,7,2023,7,10,15,2760,1.0,0,0,0,c,a,832.0,10,2016,81,0,19,2013,500,1
555,1,2023,5,50,15,852,1.0,1,0,0,a,c,1238.0,11,2014,102,0,47,2021,107,0
1072,1,2023,2,51,5,3399,1.0,1,b,1,a,a,979.0,3,2013,119,0,43,2011,500,0
367,3,2023,5,32,6,311,1.0,1,0,1,a,a,1094.0,4,2014,109,0,13,2022,71,0
819,4,2023,10,43,21,832,1.0,1,0,1,a,c,642.0,5,2007,197,1,52,2021,95,1
818,5,2023,4,47,17,3203,1.0,1,c,0,a,a,434.0,8,2014,104,1,31,2023,16,1
852,3,2023,7,19,7,3409,1.0,1,0,1,c,c,864.0,9,2011,142,0,9,2018,270,0
695,7,2023,6,40,1,571,1.0,0,0,1,d,a,245.0,10,2018,56,1,6,2019,242,0
826,6,2023,3,28,6,2780,1.0,1,0,1,c,c,680.0,7,2019,44,1,27,2021,105,0
850,2,2024,1,10,15,3273,1.0,1,0,1,a,b,463.0,12,2016,85,1,28,2019,242,0
762,1,2023,11,28,8,574,1.0,1,0,0,a,a,568.0,2,2022,21,0,45,2017,295,1
623,5,2023,12,3,21,484,1.0,0,0,0,a,c,999.0,7,2010,161,0,27,2015,392,1
102,2,2023,7,32,17,1065,1.0,0,0,1,a,a,979.0,3,2017,76,1,21,2022,63,1
567,2,2023,10,14,5,1040,1.0,0,0,0,d,c,771.0,7,2007,195,0,17,2014,465,1
841,6,2024,5,6,9,1063,1.0,1,0,1,c,a,916.0,11,2018,66,0,27,2017,343,1
382,2,2024,12,37,1,3213,1.0,1,0,1,d,a,658.0,11,2006,217,1,14,2010,500,0
278,3,2023,7,19,2,981,1.0,1,a,0,c,c,1548.0,12,2016,79,1,39,2019,188,1
663,7,2023,10,24,22,2218,1.0,1,0,0,a,b,910.0,6,2000,280,0,8,2011,500,0
148,5,2023,9,5,11,1471,1.0,1,a,1,a,c,643.0,9,2017,72,0,43,2010,500,1
802,5,2023,12,5,25,1414,1.0,1,b,0,c,c,1083.0,6,2006,210,1,12,2014,461,1
1097,7,2024,7,48,7,3649,1.0,1,0,1,b,a,1192.0,1,2005,234,0,11,2019,297,1
540,6,2024,11,32,10,1412,1.0,1,0,1,c,c,588.0,4,2007,211,0,51,2021,137,0
32,4,2024,12,21,15,1051,1.0,1,0,0,a,c,394.0,9,2009,183,1,21,2018,312,0
303,5,2024,10,35,8,1065,1.0,0,0,0,a,c,454.0,1,2002,273,0,36,2019,259,0
36,4,2024,5,38,13,3721,1.0,1,0,0,a,c,619.0,8,2012,141,0,21,2013,500,1
513,3,2023,2,6,4,3375,1.0,1,0,1,a,b,804.0,6,2002,248,1,52,2011,500,1
346,7,2024,5,48,3,2288,1.0,1,0,1,a,c,331.0,5,2012,144,1,8,2011,500,1
863,5,2024,9,35,25,2291,1.0,1,0,0,a,b,695.0,9,2008,192,0,25,2011,500,0
942,6,2023,11,17,7,2164,1.0,0,0,1,a,a,758.0,3,2013,128,1,5,2014,480,1
486,3,2024,10,14,3,2429,1.0,1,0,1,a,c,917.0,4,2003,258,0,30,2020,192,1
1091,2,2023,8,5,8,2760,1.0,1,0,0,a,a,1004.0,2,2022,18,0,39,2010,500,0
502,1,2023,7,14,12,424,1.0,1,0,0,c,a,940.0,2,2000,281,1,25,2014,457,0
133,6,2024,12,18,14,3261,1.0,1,0,0,a,a,1358.0,2,2019,70,0,45,2018,285,0
1013,4,2023,3,12,22,3070,1.0,1,a,1,c,a,1148.0,2,2008,181,0,40,2010,500,1
441,4,2023,10,35,24,3839,1.0,1,0,0,a,c,887.0,8,2019,50,1,50,2017,297,1
988,1,2023,7,14,9,1825,1.0,1,0,1,c,a,529.0,4,2013,123,1,52,2015,378,0
819,6,2024,7,26,7,210,1.0,1,0,1,a,a,617.0,5,2019,62,1,50,2022,80,1
1048,2,2024,5,30,4,1616,1.0,1,0,1,c,a,391.0,10,2012,139,1,23,2016,423,0
720,5,2024,8,4,5,1712,1.0,1,0,1,b,b,866.0,7,2018,73,0,52,2017,316,0
661,3,2024,12,9,1,2523,1.0,1,0,0,a,a,919.0,1,2015,119,0,35,2021,130,0
261,2,2023,5,4,1,880,1.0,1,0,1,c,a,1088.0,7,2015,94,1,5,2020,155,0
312,2,2024,2,36,12,500,1.0,1,0,0,a,a,900.0,8,2013,126,1,5,2017,395,1
368,6,2023,2,37,17,776,1.0,1,0,0,a,c,1136.0,8,2005,210,1,21,2019,224,1
346,1,2023,3,7,23,2800,1.0,0,0,1,a,a,1142.0,11,2019,40,0,29,2015,394,0
663,1,2024,5,39,10,758,1.0,1,0,0,c,c,512.0,8,2019,57,1,5,2019,294,1
971,3,2023,1,43,9,2610,1.0,0,0,1,b,a,665.0,10,2016,75,1,30,2014,481,1
40,7,2024,4,6,19,2897,1.0,1,0,0,d,a,817.0,7,2006,213,1,36,2014,490,1
690,5,2023,9,7,18,2360,1.0,1,0,0,a,c,608.0,8,2009,169,1,37,2021,74,0
846,6,2024,9,42,20,394,1.0,1,0,1,a,b,747.0,2,2016,103,0,51,2015,459,1
495,2,2023,9,17,5,633,1.0,1,0,0,a,a,910.0,12,2004,225,0,19,2017,310,0
308,7,2024,9,18,2,3379,1.0,1,0,1,c,a,783.0,1,2002,272,0,2,2011,500,1
483,1,2024,1,31,16,2561,1.0,1,0,1,a,a,820.0,12,2009,169,1,50,2014,500,1
924,1,2023,12,4,12,3059,1.0,0,0,0,a,a,537.0,7,2012,137,1,28,2019,184,1
1020,4,2024,4,23,8,3774,1.0,0,0,0,d,a,972.0,5,2020,47,0,33,2017,354,0
763,4,2024,1,18,28,1755,1.0,1,0,0,a,a,950.0,6,2007,199,1,28,2014,500,1
542,3,2023,10,43,5,3609,1.0,1,0,1,a,a,591.0,1,2004,237,1,26,2010,500,0
720,2,2024,6,38,8,1816,1.0,1,0,0,a,a,432.0,5,2016,97,0,9,2017,393,0
755,3,2023,5,15,21,3636,1.0,1,0,1,a,c,1189.0,1,2020,40,0,30,2014,453,1
856,3,2024,5,35,15,2777,1.0,1,0,1,a,a,1344.0,6,2019,59,1,44,2022,95,0
162,5,2023,7,21,7,1046,1.0,1,0,0,a,a,890.0,2,2014,113,0,6,2010,500,1
84,3,2024,7,26,16,240,1.0,1,0,0,a,a,711.0,2,2000,293,0,21,2019,265,0
386,2,2023,1,39,12,3678,1.0,1,0,1,a,c,1134.0,9,2015,88,0,49,2015,406,0
290,5,2024,2,15,8,1671,1.0,0,0,1,a,a,961.0,3,2002,263,0,22,2013,500,1
686,5,2024,12,31,19,3477,1.0,1,0,0,a,a,757.0,5,2018,79,0,9,2019,282,1
582,4,2024,6,22,22,884,1.0,0,0,0,d,c,1110.0,8,2021,34,0,51,2017,335,0
1025,1,2024,12,34,2,1944,1.0,0,0,0,a,a,577.0,7,2014,125,1,8,2011,500,1
867,7,2024,8,20,1,886,1.0,1,0,0,a,a,613.0,7,2005,229,0,13,2018,319,1
165,4,2024,9,49,26,652,1.0,1,0,0,c,c,929.0,6,2006,219,0,25,2012,500,0
947,2,2023,4,21,7,2292,1.0,1,0,1,c,a,854.0,8,2016,80,0,21,2021,104,0
860,6,2024,11,6,3,1880,1.0,1,0,1,b,a,1011.0,8,2017,87,1,22,2013,500,1
427,3,2024,8,26,17,1134,1.0,0,0,0,a,a,1178.0,2,2018,78,0,41,2021,141,1
65,2,2023,10,13,10,1477,1.0,1,c,0,c,c,354.0,12,2002,250,1,29,2014,452,0
885,5,2024,4,24,26,1625,1.0,0,0,0,c,c,832.0,10,2017,78,1,25,2014,500,0
216,1,2023,8,48,27,1041,1.0,1,0,0,a,b,1390.0,6,2022,14,1,37,2010,500,0
246,2,2024,5,6,1,2925,1.0,1,0,0,a,a,641.0,5,2000,288,1,32,2022,78,0
525,5,2023,11,3,6,1323,1.0,1,0,1,a,a,606.0,9,2009,170,0,33,2017,282,1
92,6,2024,11,16,17,2558,1.0,0,0,1,a,c,148.0,8,2016,99,0,25,2012,500,0
446,7,2023,5,23,10,3003,1.0,1,0,1,a,b,851.0,10,2012,127,1,29,2010,500,0
275,5,2023,1,7,1,1454,1.0,1,0,1,a,a,994.0,6,2022,7,0,15,2013,500,1
60,2,2024,3,37,13,445,1.0,0,0,1,d,c,994.0,6,2015,105,0,22,2016,431,0
1008,5,2023,4,32,18,388,1.0,1,0,0,c,c,509.0,6,2008,178,1,9,2010,500,0
291,6,2023,1,37,28,2432,1.0,0,0,1,a,a,817.0,4,2014,105,0,5,2015,448,1
607,5,2024,12,22,12,301,1.0,1,0,1,a,b,886.0,10,2016,98,0,45,2014,497,0
911,6,2024,6,49,23,669,1.0,0,0,0,b,c,836.0,10,2017,80,0,42,2022,111,1
537,6,2024,2,35,13,2052,1.0,1,b,0,a,a,492.0,2,2006,216,1,15,2015,488,1
327,4,2023,8,48,19,1285,1.0,1,0,1,c,c,843.0,2,2021,30,0,24,2011,500,0
829,7,2023,5,5,28,1801,1.0,1,0,1,d,a,576.0,1,2022,16,0,52,2013,473,1
772,5,2024,3,35,23,2863,1.0,1,0,0,a,a,258.0,4,2004,239,1,28,2021,163,0
12,1,2024,6,18,20,3226,1.0,1,0,1,a,c,1024.0,2,2004,244,1,1,2010,500,1
914,2,2024,8,11,24,1664,1.0,1,0,1,c,c,862.0,7,2008,193,1,31,2011,500,0
132,4,2023,8,10,6,511,1.0,1,0,0,a,a,998.0,12,2007,188,0,46,2010,500,1
823,4,2024,3,11,23,950,1.0,1,0,1,a,c,660.0,9,2004,234,0,12,2010,500,0
112,6,2024,8,5,28,3429,1.0,0,0,1,c,b,1008.0,12,2003,248,1,50,2022,59,1
74,5,2023,10,24,28,251,1.0,1,0,0,a,c,1127.0,2,2016,92,1,40,2023,0,0
136,1,2024,8,41,8,1007,1.0,1,0,0,a,a,1346.0,9,2021,35,1,4,2020,245,0
826,4,2023,12,25,12,3877,1.0,0,0,0,c,c,1064.0,9,2002,255,0,52,2011,500,0
506,4,2024,12,7,20,1532,1.0,1,0,0,a,c,935.0,6,2013,138,1,33,2019,234,0
671,7,2023,6,37,3,327,1.0,0,0,0,a,c,406.0,9,2006,201,0,12,2020,181,1
313,5,2024,5,10,20,3467,1.0,1,0,1,a,a,788.0,2,2005,231,1,41,2021,125,0
134,2,2024,6,46,8,3006,1.0,1,0,0,a,a,393.0,8,2013,130,0,43,2020,211,1
877,2,2023,6,20,24,3383,1.0,0,0,1,c,a,574.0,10,2003,236,1,32,2019,196,0
929,3,2024,3,1,18,2768,1.0,1,0,1,d,a,1407.0,5,2001,274,0,51,2016,366,0
936,3,2023,12,16,12,2156,1.0,1,0,0,d,c,513.0,3,2020,45,1,46,2010,500,1
73,1,2023,7,44,2,2892,1.0,1,0,1,a,a,117.0,1,2010,162,0,17,2021,131,0
1032,6,2024,2,48,20,510,1.0,1,0,0,d,a,1064.0,4,2001,274,0,7,2022,145,1
605,1,2024,11,22,16,590,1.0,1,b,1,a,a,618.0,10,2020,49,1,42,2017,344,1
219,1,2023,12,52,18,2443,1.0,1,0,1,a,c,1050.0,11,2014,109,1,50,2016,366,1
222,1,2023,7,13,1,1981,1.0,1,0,1,a,a,469.0,8,2016,83,1,16,2022,49,1
561,1,2023,12,22,13,3094,1.0,1,a,1,c,c,692.0,4,2014,116,0,29,2016,357,0
674,4,2023,12,24,22,3748,1.0,1,0,1,a,a,1179.0,4,2010,164,0,27,2015,413,0
55,6,2023,12,11,26,1196,1.0,1,0,1,c,a,423.0,11,2017,73,0,18,2022,45,1
554,7,2023,12,20,10,1461,1.0,1,0,0,c,a,769.0,8,2007,196,0,28,2022,44,1
268,6,2024,1,26,8,895,1.0,1,0,0,a,a,907.0,10,2015,99,0,28,2012,500,0
1024,5,2023,1,37,20,3257,1.0,1,a,0,c,b,604.0,5,2020,32,0,52,2013,500,0
686,5,2024,7,26,7,2088,1.0,1,0,1,a,c,893.0,11,2019,56,1,18,2014,500,0
415,3,2023,9,6,25,1507,1.0,0,0,0,a,a,825.0,6,2012,135,0,8,2012,500,1
471,3,2023,11,25,18,3047,1.0,0,0,0,a,c,980.0,9,2000,278,0,24,2021,105,0
934,7,2023,8,45,26,1969,1.0,1,0,0,c,c,1373.0,11,2000,273,0,8,2023,37,1
771,1,2023,4,2,6,2118,1.0,1,0,0,a,c,1623.0,5,2009,167,1,9,2017,305,1
433,6,2024,12,52,3,3365,1.0,1,0,1,c,b,959.0,10,2015,110,0,34,2019,278,0
936,6,2023,8,7,24,1109,1.0,1,0,0,a,a,787.0,8,2001,264,1,44,2015,379,1
694,1,2023,9,1,9,2692,1.0,1,a,0,c,a,952.0,6,2009,171,1,7,2023,0,0
67,2,2023,4,8,10,3501,1.0,1,0,1,a,a,750.0,10,2009,162,1,21,2023,0,1
704,3,2024,10,14,8,3536,1.0,1,0,0,a,a,344.0,6,2010,172,1,10,2020,212,0
1047,7,2023,2,19,12,3513,1.0,0,0,0,a,a,806.0,9,2012,125,0,25,2022,46,1
963,4,2023,11,44,26,1004,1.0,0,0,1,a,a,1145.0,1,2006,214,1,31,2011,500,1
48,6,2023,11,31,20,2701,1.0,1,0,0,a,a,381.0,11,2013,120,1,48,2022,35,1
984,5,2024,9,34,3,2381,1.0,1,c,1,a,a,525.0,12,2010,165,0,47,2015,455,0
1095,1,2024,12,46,25,482,1.0,1,0,0,a,c,645.0,12,2021,36,1,48,2012,500,0
182,5,2023,11,7,13,2242,1.0,1,0,0,a,a,932.0,11,2007,192,0,22,2023,0,1
711,5,2023,1,12,20,1082,1.0,1,0,1,a,a,1533.0,9,2021,16,1,41,2021,75,1
842,7,2023,3,51,11,2167,1.0,1,0,1,c,a,577.0,9,2022,6,1,16,2011,500,1
49,7,2024,2,41,3,2550,1.0,1,0,1,a,a,847.0,12,2007,194,1,2,2019,299,0
923,5,2023,4,4,12,2850,1.0,1,0,1,a,a,822.0,9,2009,163,1,49,2022,7,0
439,7,2024,8,12,10,3168,1.0,1,0,0,a,a,730.0,4,2016,100,0,48,2019,224,0
334,1,2024,2,20,1,2422,1.0,1,0,0,b,a,806.0,2,2010,168,0,10,2016,426,0
288,5,2023,2,2,22,2002,1.0,1,0,1,a,a,681.0,12,2016,74,0,10,2010,500,1
564,5,2024,8,31,25,3897,1.0,0,0,0,a,b,1643.0,2,2005,234,0,48,2016,399,1
891,2,2024,8,34,26,1355,1.0,1,0,0,d,a,1045.0,11,2022,21,1,23,2017,375,0
917,4,2023,5,18,7,1327,1.0,0,0,0,d,c,683.0,12,2016,77,1,42,2021,80,0
252,5,2023,9,12,18,3561,1.0,1,a,0,a,a,1175.0,1,2001,272,0,47,2013,485,1
923,3,2023,8,23,15,3867,1.0,1,0,1,c,a,897.0,10,2005,214,1,29,2012,500,1
922,5,2023,5,48,17,1649,1.0,1,0,0,c,a,837.0,8,2014,105,1,5,2022,95,0
69,6,2024,1,38,23,3473,1.0,1,a,1,d,c,765.0,5,2006,212,0,32,2021,162,1
349,5,2024,10,49,11,3681,1.0,1,0,0,a,a,745.0,7,2009,183,1,7,2017,406,0
17,3,2024,8,29,8,3435,1.0,1,0,0,c,a,454.0,6,2014,122,0,36,2016,409,1
1103,2,2024,2,6,14,2222,1.0,1,0,1,a,a,318.0,10,2007,196,0,30,2018,288,0
527,5,2023,3,4,19,3085,1.0,1,0,1,b,c,931.0,5,2020,34,1,23,2012,500,0
302,7,2023,4,11,13,2534,1.0,1,0,1,a,a,762.0,2,2014,110,1,25,2013,500,1
998,4,2024,3,28,9,332,1.0,1,0,0,c,a,1083.0,5,2009,178,0,51,2017,341,0
764,4,2023,10,11,2,674,1.0,1,0,0,d,a,553.0,7,2006,207,0,21,2015,406,0
1049,7,2023,12,17,17,3772,1.0,1,b,1,a,c,491.0,6,2006,210,1,45,2012,500,0
893,3,2024,2,48,1,1216,1.0,1,0,1,a,a,1053.0,7,2000,283,1,43,2017,369,1
1066,6,2024,3,3,14,864,1.0,1,0,0,b,a,731.0,12,2001,267,0,52,2019,211,1
242,2,2023,4,5,18,3903,1.0,1,0,1,a,a,1077.0,5,2017,71,0,47,2021,62,0
228,2,2024,12,21,13,1488,1.0,1,0,1,b,a,830.0,10,2017,86,1,33,2018,300,1
85,2,2023,8,40,15,2930,1.0,1,c,0,c,a,1383.0,12,2001,260,1,52,2018,248,0
383,1,2024,12,43,8,3194,1.0,1,0,0,c,c,1047.0,10,2012,146,0,37,2017,370,0
615,4,2024,3,15,7,2012,1.0,1,0,1,c,a,943.0,7,2007,200,0,7,2011,500,0
631,3,2024,1,16,24,2607,1.0,1,0,0,a,a,1060.0,12,2016,85,1,6,2015,478,0
755,2,2023,6,31,25,2181,1.0,1,0,1,a,a,738.0,5,2013,121,1,36,2016,359,1
818,6,2024,10,46,5,1927,1.0,1,0,0,c,a,327.0,4,2018,78,1,28,2017,382,1
912,4,2023,11,10,6,533,1.0,1,c,1,a,b,928.0,11,2014,108,0,46,2014,432,0
580,2,2023,6,47,11,597,1.0,1,0,1,b,b,1402.0,12,2004,222,0,28,2020,175,0
305,2,2024,4,42,20,3176,1.0,1,0,0,a,b,133.0,2,2015,110,1,13,2017,393,0
490,6,2023,1,14,2,3437,1.0,1,0,0,c,c,961.0,4,2019,45,0,45,2014,437,1
973,2,2024,6,35,23,471,1.0,1,0,0,a,a,359.0,4,2022,26,1,25,2016,426,0
910,3,2023,7,33,1,1373,1.0,1,0,0,c,c,813.0,10,2016,81,0,50,2019,191,1
1022,1,2024,1,2,24,1670,1.0,1,0,1,a,c,844.0,4,2009,177,1,1,2010,500,1
603,6,2024,12,21,2,353,1.0,1,0,0,a,a,1044.0,8,2011,160,1,1,2014,500,1
869,3,2023,9,13,24,1760,1.0,1,0,1,a,c,883.0,12,2003,237,1,7,2012,500,0
461,5,2024,4,4,27,3813,1.0,1,0,0,a,a,1232.0,11,2014,113,1,50,2014,474,1
9,3,2024,5,25,23,2491,1.0,1,0,1,d,a,1170.0,11,2003,246,0,7,2019,278,0
830,6,2024,5,37,28,3661,1.0,1,0,1,a,a,761.0,7,2005,226,1,38,2012,500,0
98,3,2024,11,28,13,1779,1.0,1,0,1,a,a,1148.0,8,2011,159,1,37,2017,355,1
709,7,2023,9,5,18,3070,1.0,1,0,1,a,b,726.0,9,2011,144,0,46,2015,375,1
1113,6,2024,2,44,18,3850,1.0,1,0,1,a,a,675.0,4,2008,190,0,33,2010,500,1
29,4,2023,4,4,1,2246,1.0,1,0,1,a,a,459.0,7,2014,105,1,2,2022,54,0
819,4,2023,10,21,25,3232,1.0,1,0,0,b,b,1214.0,6,2021,28,1,3,2018,278,0
969,5,2023,5,30,20,941,1.0,1,0,1,d,a,730.0,10,2021,19,0,1,2014,497,0
699,5,2023,10,49,12,3845,1.0,1,0,0,a,a,94.0,7,2011,147,0,31,2017,330,0
770,5,2024,7,40,7,3949,1.0,1,0,1,c,c,983.0,6,2012,145,1,23,2023,69,0
1006,1,2023,10,11,19,2171,1.0,1,0,0,d,c,690.0,7,2010,159,1,4,2012,500,0
867,2,2024,7,23,28,584,1.0,1,0,1,d,a,730.0,3,2020,52,1,2,2021,177,0
45,4,2023,9,45,5,1348,1.0,0,0,0,c,c,750.0,4,2019,53,0,11,2010,500,1
864,4,2023,6,13,26,1355,1.0,0,0,1,c,c,719.0,10,2001,260,0,25,2022,40,0
845,1,2024,3,48,16,3928,1.0,1,0,0,a,a,1638.0,2,2018,73,0,47,2014,500,1
255,2,2024,11,28,23,424,1.0,1,0,1,b,c,1319.0,9,2000,290,1,44,2014,500,1
730,4,2023,6,33,4,508,1.0,1,0,0,c,c,1030.0,11,2016,79,0,24,2020,165,0
939,4,2024,1,35,3,3368,1.0,0,0,0,a,c,892.0,9,2007,196,1,15,2012,500,0
946,5,2024,5,51,19,3722,1.0,1,0,0,a,a,1159.0,8,2012,141,1,41,2011,500,1
972,1,2023,5,36,8,1176,1.0,1,0,1,a,c,893.0,9,2018,56,0,49,2016,351,1
868,6,2023,3,22,11,563,1.0,1,0,1,a,a,1065.0,2,2005,217,0,17,2023,5,0
137,3,2024,11,31,18,3801,1.0,1,0,0,a,c,987.0,2,2003,261,0,26,2014,500,1
541,4,2023,6,37,7,3266,1.0,0,0,0,c,a,859.0,12,2013,114,1,6,2017,343,0
260,7,2023,5,32,10,2962,1.0,1,0,1,b,c,1102.0,6,2019,47,1,7,2015,441,1
80,3,2023,9,1,11,3163,1.0,0,0,0,b,c,694.0,5,2002,256,1,47,2020,110,1
294,3,2023,8,47,10,3799,1.0,1,0,0,b,a,838.0,2,2008,186,1,12,2022,87,1
1014,2,2024,6,15,20,2706,1.0,1,0,1,a,a,526.0,9,2012,141,1,9,2023,58,0
667,5,2024,12,34,5,581,1.0,1,0,0,a,a,561.0,1,2005,239,1,17,2013,500,0
852,7,2024,12,30,26,3173,1.0,1,0,0,a,a,61.0,3,2019,69,0,19,2013,500,0
561,4,2024,6,7,21,524,1.0,0,0,1,d,c,957.0,3,2013,135,0,11,2022,100,1
398,2,2024,9,46,1,534,1.0,1,0,1,c,c,1039.0,12,2011,153,1,37,2018,321,1
539,7,2024,1,5,16,2037,1.0,1,0,0,b,c,1146.0,12,2003,241,0,30,2014,495,1
1098,1,2024,6,50,5,1619,1.0,1,0,1,a,c,489.0,1,2001,281,0,31,2014,500,1
320,3,2024,6,48,5,2355,1.0,0,0,0,d,a,952.0,2,2003,256,1,52,2012,500,0
347,1,2023,5,31,20,1478,1.0,1,0,0,a,a,820.0,12,2000,269,1,49,2011,500,0
945,1,2023,11,50,7,3409,1.0,1,a,1,a,a,1041.0,8,2012,135,1,15,2014,500,1
414,7,2024,8,45,16,3929,1.0,0,0,0,b,a,625.0,9,2019,59,0,52,2021,149,1
1008,1,2024,6,47,8,3867,1.0,1,a,1,a,c,719.0,7,2017,83,0,36,2019,271,1
1087,7,2023,6,42,9,1995,1.0,0,0,0,d,c,354.0,3,2005,219,0,8,2010,500,1
74,4,2023,8,49,19,2205,1.0,1,0,0,c,a,605.0,9,2004,227,0,17,2010,500,1
745,3,2024,3,41,19,388,1.0,0,0,1,d,a,821.0,3,2012,144,0,12,2022,133,1
106,7,2023,3,46,1,3543,1.0,1,0,1,c,a,872.0,1,2017,74,0,42,2021,108,1
981,1,2024,7,6,25,1185,1.0,1,0,1,d,b,314.0,11,2017,80,0,34,2021,128,0
129,5,2024,4,23,17,1140,1.0,1,0,1,c,b,667.0,5,2012,143,1,41,2022,86,0
990,6,2023,9,25,8,3407,1.0,1,0,0,a,a,868.0,1,2005,224,1,8,2018,277,0
858,3,2024,11,48,4,3926,1.0,1,0,0,b,b,1242.0,6,2011,161,1,27,2014,500,0
599,3,2024,5,26,14,3588,1.0,1,0,0,d,c,566.0,2,2016,99,0,29,2018,309,1
232,1,2023,7,23,20,288,1.0,1,0,1,a,a,967.0,6,2020,37,0,36,2018,247,0
298,1,2023,4,41,1,3723,1.0,0,0,1,b,b,652.0,9,2001,259,1,20,2021,125,1
481,1,2023,10,34,9,1803,1.0,0,0,1,a,a,686.0,5,2017,77,1,4,2017,342,1
945,4,2024,3,31,27,747,1.0,1,0,1,c,c,557.0,1,2017,86,0,47,2010,500,0
1001,4,2024,7,48,3,770,1.0,1,0,1,b,c,507.0,11,2004,236,0,23,2018,337,0
560,3,2023,5,43,23,2814,1.0,1,0,0,a,a,678.0,7,2001,262,0,48,2020,151,1
260,5,2024,10,37,7,3269,1.0,1,0,1,c,a,1134.0,1,2007,213,0,22,2023,67,1
630,3,2024,3,50,15,1728,1.0,0,0,1,a,c,594.0,7,2006,212,1,14,2012,500,0
928,6,2023,3,3,22,2484,1.0,1,a,0,a,a,547.0,12,2002,243,1,25,2022,30,0
604,5,2023,10,29,28,2994,1.0,0,0,1,b,a,883.0,1,2005,225,1,5,2010,500,1
993,7,2024,7,2,17,1803,1.0,1,c,1,a,a,822.0,10,2004,237,0,30,2020,180,1
11,6,2023,8,42,7,3332,1.0,1,0,0,c,a,800.0,5,2020,39,1,52,2014,458,1
560,1,2024,10,7,3,1307,1.0,0,0,0,d,c,896.0,9,2001,277,0,14,2011,500,1
52,4,2024,4,30,21,1192,1.0,1,0,1,a,a,517.0,1,2012,147,0,8,2014,500,1
683,5,2024,3,41,17,2016,1.0,1,a,0,a,c,550.0,11,2007,196,1,8,2017,397,1
688,1,2023,12,33,22,2101,1.0,1,0,1,a,c,1116.0,12,2019,48,1,10,2012,500,1
349,1,2023,2,4,28,1395,1.0,1,0,0,c,b,776.0,7,2010,151,0,21,2017,295,1
886,1,2024,8,25,24,1443,1.0,1,0,0,a,a,999.0,3,2013,137,1,14,2019,271,1
1061,2,2023,5,41,15,1350,1.0,1,0,1,a,a,1187.0,2,2009,171,0,38,2022,55,1
510,7,2023,2,50,20,1932,1.0,1,0,1,a,c,1074.0,9,2018,53,1,18,2017,344,0
485,2,2023,12,47,18,2832,1.0,1,0,0,c,a,409.0,10,2015,98,0,19,2018,288,0
213,2,2024,10,43,6,1304,1.0,1,0,1,b,a,785.0,9,2012,145,0,8,2022,139,0
32,4,2023,3,16,9,2800,1.0,1,0,1,a,c,1132.0,6,2009,165,1,30,2010,500,0
454,3,2024,10,40,3,1490,1.0,0,0,1,a,b,977.0,10,2010,168,0,17,2020,231,0
493,7,2023,10,9,11,926,1.0,1,0,0,c,a,875.0,9,2005,217,0,37,2023,0,0
857,1,2024,7,18,6,1234,1.0,0,0,1,a,a,328.0,5,2015,110,0,2,2021,172,1
962,6,2024,12,15,26,3312,1.0,1,0,0,a,a,635.0,10,2006,218,0,34,2022,85,0
122,2,2024,3,26,25,1334,1.0,1,0,1,a,a,841.0,3,2006,216,1,42,2022,88,1
171,3,2024,1,46,21,2667,1.0,1,b,1,a,a,392.0,10,2010,159,0,38,2018,320,0
625,4,2024,10,45,12,2396,1.0,1,0,1,a,c,1058.0,7,2021,39,1,14,2021,187,0
419,7,2024,5,47,1,2830,1.0,1,0,1,b,c,785.0,9,2010,164,1,37,2015,478,1
783,2,2023,2,49,16,2481,1.0,1,0,0,c,b,226.0,9,2020,29,1,43,2011,500,0
360,3,2024,12,2,1,3981,1.0,1,0,1,d,a,650.0,2,2012,154,1,28,2011,500,0
464,5,2023,6,52,1,3698,1.0,0,0,0,a,c,734.0,10,2001,260,0,34,2012,500,1
496,5,2023,11,46,5,1428,1.0,1,0,1,a,a,781.0,10,2013,121,0,43,2020,159,0
671,3,2023,10,39,14,1684,1.0,1,0,0,c,c,1246.0,1,2021,33,1,25,2015,430,1
78,1,2023,4,5,21,1591,1.0,1,0,0,a,a,994.0,3,2020,37,0,8,2021,101,1
986,6,2023,10,39,12,2698,1.0,1,0,0,a,a,410.0,10,2004,228,0,51,2014,456,1
378,7,2024,6,36,22,2056,1.0,0,0,1,a,a,373.0,5,2006,217,0,17,2021,175,0
238,5,2024,8,5,15,3868,1.0,1,0,1,a,a,740.0,2,2015,114,1,21,2022,88,1
715,7,2023,4,11,26,2917,1.0,1,0,1,a,a,858.0,11,2010,149,0,32,2014,447,1
151,2,2023,1,40,11,1972,1.0,0,0,1,a,c,1118.0,7,2018,54,0,10,2017,342,0
659,7,2024,3,9,9,1403,1.0,1,0,0,a,c,1339.0,5,2011,154,0,19,2017,354,0
68,6,2024,4,19,3,3160,1.0,0,0,0,d,a,1355.0,7,2005,225,1,31,2022,92,1
295,7,2024,7,32,7,3352,1.0,1,0,0,a,c,687.0,5,2007,206,0,39,2015,461,0
810,7,2023,11,45,2,3885,1.0,0,0,1,a,a,1100.0,2,2002,261,0,8,2015,453,0
415,3,2024,3,15,5,2277,1.0,1,0,1,b,b,948.0,7,2006,212,0,44,2020,179,1
1005,1,2023,9,1,27,3201,1.0,1,0,1,d,a,493.0,12,2017,69,0,15,2022,38,0
397,6,2024,9,45,16,3554,1.0,1,c,1,a,b,254.0,12,2005,225,0,48,2010,500,0
770,5,2023,10,49,17,505,1.0,1,0,0,c,c,863.0,8,2010,158,0,48,2011,500,0
34,5,2023,10,45,11,756,1.0,0,0,1,a,a,371.0,2,2004,236,0,37,2023,8,1
1089,5,2024,1,26,19,933,1.0,1,0,1,a,b,565.0,3,2011,154,0,47,2016,395,1
687,1,2024,3,38,16,1071,1.0,1,0,0,d,b,615.0,4,2022,23,0,9,2017,393,1
790,5,2023,12,7,26,1320,1.0,1,c,0,c,c,886.0,1,2017,83,0,25,2022,34,0
363,4,2023,8,34,23,214,1.0,1,0,0,b,c,1204.0,2,2017,78,1,8,2015,442,1
322,1,2024,3,32,16,2807,1.0,1,0,0,a,a,824.0,10,2005,221,1,25,2016,423,0
487,6,2023,12,34,22,2506,1.0,1,0,0,b,a,658.0,6,2007,198,0,31,2021,107,1
285,1,2024,4,36,18,2751,1.0,1,0,0,a,b,199.0,11,2002,257,0,30,2020,214,1
24,2,2023,4,47,28,3181,1.0,1,0,1,a,a,958.0,1,2021,27,1,4,2019,251,1
744,3,2023,11,41,15,721,1.0,1,0,1,c,c,829.0,2,2022,21,1,5,2015,452,0
800,6,2023,12,2,24,1440,1.0,1,0,1,b,c,655.0,9,2007,195,0,52,2019,158,0
754,1,2024,5,37,5,1907,1.0,1,0,1,c,c,1170.0,4,2016,97,0,14,2021,179,1
618,3,2023,8,38,5,1212,1.0,1,0,1,a,a,463.0,3,2004,233,1,26,2022,64,0
585,3,2023,8,29,9,1802,1.0,1,0,1,c,a,615.0,8,2014,108,0,31,2018,258,1
1099,3,2024,3,33,24,1964,1.0,0,0,1,d,c,746.0,11,2002,256,1,9,2022,128,0
588,7,2023,7,5,25,2821,1.0,1,0,1,d,a,651.0,6,2007,193,1,17,2021,92,1
788,3,2024,1,14,12,1038,1.0,1,0,1,a,a,985.0,10,2009,171,0,32,2020,190,1
465,3,2023,11,45,13,1191,1.0,0,0,1,a,b,959.0,5,2022,18,1,12,2017,345,0
37,3,2024,10,1,14,1282,1.0,1,0,0,a,a,1135.0,11,2010,167,1,42,2016,375,1
391,3,2023,2,52,6,1103,1.0,1,0,0,a,c,971.0,6,2005,212,0,34,2018,278,0
805,7,2024,8,12,16,3340,1.0,1,0,1,c,a,785.0,2,2001,282,1,52,2022,64,0
707,2,2024,2,41,24,2467,1.0,0,0,0,a,c,718.0,7,2004,235,1,30,2017,375,0
774,1,2024,2,12,22,3254,1.0,1,0,1,a,a,957.0,4,2005,226,1,42,2019,230,0
834,3,2024,8,2,3,514,1.0,1,c,0,a,a,763.0,3,2007,209,1,18,2017,348,1
244,1,2023,10,32,10,2887,1.0,1,0,1,d,c,834.0,3,2003,247,0,37,2019,203,1
907,6,2023,11,40,18,2741,1.0,1,0,0,a,c,973.0,5,2016,90,0,49,2019,199,0
797,7,2023,4,5,17,3189,1.0,1,0,0,d,a,862.0,1,2008,183,0,43,2010,500,1
344,6,2024,12,15,20,1869,1.0,1,b,1,c,a,913.0,1,2005,239,0,41,2011,500,1
562,6,2023,7,16,21,3025,1.0,1,0,1,a,a,583.0,8,2012,131,1,24,2010,500,1
957,3,2024,5,51,9,2238,1.0,0,0,1,c,b,1225.0,1,2007,208,0,31,2020,228,1
187,5,2024,5,17,14,3268,1.0,1,0,1,a,a,488.0,10,2015,103,0,31,2022,90,0
338,3,2023,9,4,5,3247,1.0,1,0,1,a,a,952.0,12,2012,129,1,11,2014,461,1
215,6,2023,5,52,21,3407,1.0,0,0,0,a,a,674.0,3,2021,26,0,14,2011,500,0
340,2,2024,5,5,13,887,1.0,1,0,1,d,c,1145.0,1,2014,124,0,34,2010,500,0
229,1,2023,5,26,10,2927,1.0,1,0,0,a,c,1085.0,3,2008,182,0,34,2016,356,1
899,7,2023,4,10,22,997,1.0,1,0,1,a,a,819.0,1,2003,243,0,36,2019,182,1
1106,3,2023,5,14,27,2007,1.0,1,0,1,a,c,1286.0,4,2002,253,1,32,2014,450,0
1081,3,2024,1,40,25,3624,1.0,1,c,1,a,a,764.0,11,2015,98,1,31,2018,321,0
400,5,2024,11,8,4,679,1.0,0,0,0,a,a,1085.0,10,2000,289,0,28,2012,500,0
1040,3,2023,4,34,23,3015,1.0,1,0,1,a,a,602.0,12,2008,172,1,34,2020,156,1
92,6,2023,6,30,16,1359,1.0,1,0,1,a,c,941.0,10,2000,272,0,19,2014,479,0
124,4,2024,3,38,4,1198,1.0,1,c,0,a,c,540.0,11,2007,196,0,9,2023,81,0
363,6,2023,7,9,11,390,1.0,1,0,1,b,a,826.0,8,2020,35,0,36,2020,129,1
322,1,2024,4,19,7,2938,1.0,1,0,0,c,a,805.0,2,2001,278,0,18,2016,417,1
1024,6,2024,3,1,8,3353,1.0,1,0,0,a,b,1084.0,10,2022,17,0,40,2023,13,0
848,3,2024,4,46,18,1937,1.0,1,c,1,c,c,619.0,8,2022,20,1,47,2023,51,0
840,3,2024,11,52,12,944,1.0,1,0,1,a,b,1742.0,12,2019,59,0,21,2012,500,1
899,7,2024,11,24,20,2545,1.0,0,0,0,a,a,405.0,9,2015,110,1,8,2018,328,1
809,4,2024,10,28,23,3909,1.0,1,0,0,d,c,890.0,7,2004,243,1,1,2019,287,0
563,1,2024,3,7,1,3189,1.0,1,0,1,c,a,906.0,10,2002,257,0,31,2015,444,0
66,4,2023,8,46,24,3084,1.0,1,0,0,b,a,981.0,8,2021,24,0,46,2023,0,1
18,2,2024,10,40,4,370,1.0,1,0,1,a,a,665.0,2,2008,200,0,47,2019,253,0
1088,4,2024,8,6,1,3618,1.0,1,0,0,a,a,893.0,8,2010,168,0,47,2020,167,1
560,2,2023,11,28,3,2522,1.0,1,0,1,b,a,651.0,5,2001,270,1,1,2012,500,0
1063,5,2024,3,9,2,2668,1.0,1,0,1,c,c,1382.0,2,2001,277,0,3,2022,110,0
35,2,2023,6,31,10,1486,1.0,1,0,0,b,c,629.0,4,2012,134,1,51,2023,0,0
710,4,2023,4,35,24,3550,1.0,1,0,1,a,c,776.0,11,2009,161,0,36,2022,51,1
314,7,2023,9,21,20,2161,1.0,1,0,0,b,a,621.0,8,2016,85,0,46,2016,339,0
407,5,2023,2,23,13,1140,1.0,0,0,0,a,b,580.0,1,2019,49,0,51,2023,0,1
733,5,2023,4,37,27,1582,1.0,1,0,1,a,b,400.0,5,2001,263,1,38,2010,500,1
553,6,2024,9,9,14,1037,1.0,0,c,1,c,a,1022.0,9,2022,24,0,21,2012,500,1
151,7,2024,1,2,3,3775,1.0,1,0,1,b,a,618.0,7,2021,30,1,37,2019,225,0
1115,7,2024,4,22,1,3245,1.0,1,0,0,c,c,581.0,10,2013,126,1,33,2020,197,1
795,7,2024,9,26,15,2469,1.0,0,0,0,a,a,531.0,8,2008,193,1,46,2011,500,1
403,3,2023,3,15,7,3125,1.0,1,0,0,a,c,911.0,1,2003,242,1,45,2014,438,1
693,5,2024,8,23,11,3417,1.0,0,0,1,a,c,827.0,11,2005,225,0,9,2011,500,0
169,6,2023,5,6,9,1525,1.0,1,0,1,a,a,828.0,7,2016,82,0,46,2011,500,1
480,4,2024,6,39,12,1175,1.0,0,0,1,b,a,592.0,12,2002,258,0,37,2010,500,1
474,1,2023,5,40,27,3667,1.0,1,0,0,c,c,951.0,3,2022,14,0,39,2023,1,1
415,4,2023,11,14,2,1585,1.0,1,0,0,c,a,621.0,9,2003,242,1,18,2022,48,1
540,2,2023,9,34,4,354,1.0,1,0,1,c,b,841.0,1,2017,80,0,26,2018,268,1
1020,5,2024,9,13,9,3190,1.0,1,0,0,a,a,778.0,2,2019,67,0,46,2010,500,0
8,7,2023,10,21,21,1049,1.0,1,0,0,a,c,313.0,11,2006,203,0,8,2020,169,1
617,5,2023,6,17,8,1090,1.0,1,0,1,b,a,1429.0,11,2011,139,0,28,2017,301,1
1049,4,2024,2,51,7,2870,1.0,1,0,1,a,a,992.0,12,2013,122,1,51,2020,208,1
992,5,2023,1,25,21,3999,1.0,1,0,1,a,c,874.0,3,2018,58,1,40,2016,349,1
1001,4,2024,6,33,17,539,1.0,0,0,1,d,c,921.0,11,2001,271,0,8,2010,500,1
460,4,2024,11,11,18,2708,1.0,1,0,1,a,b,1436.0,1,2005,238,1,9,2022,106,1
633,2,2023,6,49,19,1466,1.0,1,0,1,d,c,1161.0,5,2003,241,1,27,2022,74,0
664,5,2023,12,36,18,3607,1.0,1,0,1,c,c,925.0,6,2007,198,0,13,2022,75,0
935,3,2023,7,6,16,3619,1.0,1,0,0,b,c,608.0,10,2015,93,1,46,2019,168,0
1065,2,2024,8,18,15,597,1.0,1,0,1,a,c,655.0,9,2009,179,0,44,2022,78,1
285,6,2024,1,27,22,378,1.0,1,b,0,b,a,279.0,5,2011,152,0,50,2010,500,0
139,4,2023,10,22,10,1772,1.0,1,0,0,a,c,710.0,2,2010,164,1,21,2015,417,1
296,4,2024,11,42,10,441,1.0,1,0,0,d,c,1019.0,5,2000,294,0,15,2014,500,1
294,4,2023,7,29,7,1476,1.0,1,0,0,a,a,1010.0,4,2002,255,1,28,2016,365,0
335,1,2023,11,29,24,859,1.0,1,0,0,a,b,1005.0,9,2005,218,1,6,2010,500,0
1023,4,2023,3,20,1,3889,1.0,1,0,1,b,b,665.0,1,2001,266,0,38,2021,86,0
241,4,2024,6,44,6,2893,1.0,0,0,0,a,a,985.0,5,2018,73,0,46,2014,500,1
471,4,2023,11,37,5,750,1.0,1,0,0,a,a,1067.0,8,2022,15,0,9,2011,500,0
399,1,2024,8,37,11,2558,1.0,0,0,1,c,b,152.0,8,2011,156,0,11,2012,500,0
304,6,2023,9,35,7,3043,1.0,1,c,0,a,a,911.0,9,2015,96,0,16,2011,500,0
220,5,2024,5,35,15,3276,1.0,1,0,0,a,a,1444.0,4,2001,277,1,42,2019,253,1
1113,6,2024,7,40,28,2597,1.0,1,0,1,a,c,733.0,7,2001,276,1,17,2022,127,0
699,4,2023,5,13,12,2428,1.0,1,0,1,a,a,63.0,2,2013,123,1,38,2011,500,1
114,3,2023,9,28,28,3435,1.0,1,0,1,a,c,576.0,6,2017,75,1,48,2010,500,1
731,6,2024,1,7,9,1151,1.0,1,0,0,a,a,276.0,12,2021,25,1,23,2022,88,0
682,3,2023,7,20,22,3913,1.0,1,0,0,a,c,630.0,11,2008,176,1,8,2015,428,1
401,4,2023,12,16,4,1010,1.0,0,a,0,a,a,453.0,8,2009,172,1,48,2011,500,0
879,1,2024,1,11,18,3262,1.0,1,0,0,a,a,1099.0,6,2018,67,1,20,2012,500,0
895,2,2024,6,29,22,3871,1.0,1,0,0,a,b,1054.0,11,2003,247,1,32,2019,257,1
878,1,2024,8,23,19,1158,1.0,1,0,1,a,a,923.0,6,2021,38,0,50,2011,500,0
713,3,2023,2,24,27,2676,1.0,0,0,0,a,c,1188.0,10,2006,196,1,47,2015,393,1
493,2,2023,1,46,17,3370,1.0,0,0,0,a,b,650.0,7,2000,270,0,44,2023,2,1
231,3,2024,2,19,17,1338,1.0,0,0,0,c,a,842.0,1,2018,73,0,19,2016,416,1
50,6,2024,3,7,19,2201,1.0,0,0,0,a,c,1478.0,9,2022,18,0,35,2012,500,1
1024,5,2023,11,42,10,3243,1.0,1,0,1,a,a,996.0,11,2011,144,1,18,2020,180,1
938,6,2023,2,12,7,2682,1.0,1,0,1,c,a,995.0,10,2003,232,0,29,2016,347,1
225,6,2023,8,51,26,3271,1.0,1,0,0,d,c,590.0,8,2003,240,0,18,2015,449,0
896,2,2023,5,35,28,1265,1.0,0,0,1,d,a,695.0,1,2006,208,0,44,2013,500,1
54,5,2024,7,14,27,2129,1.0,1,0,0,b,a,519.0,1,2012,150,1,40,2020,182,0
265,7,2023,11,30,22,3300,1.0,1,0,0,a,b,1324.0,11,2014,108,0,50,2016,344,1
168,3,2024,11,49,7,1056,1.0,1,0,1,c,a,353.0,6,2016,101,1,14,2016,451,0
380,3,2023,1,48,7,1888,1.0,0,0,1,c,a,1094.0,6,2016,79,1,49,2020,155,1
357,4,2023,2,21,9,2201,1.0,1,0,1,d,a,994.0,8,2005,210,0,13,2015,424,1
572,6,2024,5,2,15,3271,1.0,0,b,0,a,a,339.0,11,2003,246,1,34,2019,228,0
512,2,2024,10,5,7,3055,1.0,0,0,1,a,a,1163.0,6,2021,40,1,10,2012,500,1
128,4,2023,10,46,23,1823,1.0,1,0,0,a,a,742.0,7,2003,243,1,38,2018,268,1
168,2,2023,8,35,3,3825,1.0,1,0,1,a,c,424.0,7,2011,145,0,41,2016,358,0
915,5,2023,11,38,26,2542,1.0,1,0,1,c,c,929.0,6,2006,209,1,41,2017,309,1
612,2,2023,3,38,13,2550,1.0,1,0,0,d,a,573.0,8,2016,79,0,15,2015,439,0
1029,3,2024,9,41,11,591,1.0,1,0,1,a,b,759.0,3,2007,210,1,43,2011,500,1
146,3,2023,12,27,13,1067,1.0,1,c,0,a,a,668.0,5,2002,259,1,9,2022,70,0
344,1,2023,12,20,14,551,1.0,1,0,1,a,a,556.0,6,2007,198,0,39,2015,397,1
176,5,2024,9,13,16,263,1.0,1,0,0,a,a,463.0,7,2002,266,0,25,2020,196,1
1031,2,2024,9,16,9,3821,1.0,1,0,0,d,b,1059.0,6,2003,255,0,10,2022,110,0
178,4,2023,3,40,9,1271,1.0,1,0,0,a,a,917.0,6,2010,153,1,51,2016,353,1
893,5,2024,9,1,11,2959,1.0,1,0,1,a,c,898.0,11,2022,22,1,40,2021,117,0
215,6,2023,3,8,5,2190,1.0,1,0,0,a,c,711.0,10,2004,221,0,8,2016,364,1
812,7,2023,6,41,7,856,1.0,1,0,0,a,c,835.0,11,2018,55,1,21,2010,500,1
508,1,2023,2,34,12,3288,1.0,0,0,0,c,c,599.0,8,2011,138,1,39,2022,47,0
1081,5,2024,4,9,1,2471,1.0,1,0,0,a,a,594.0,6,2022,22,0,11,2021,154,0
78,3,2023,1,2,12,3060,1.0,1,0,1,c,b,1333.0,6,2011,139,0,25,2017,289,1
362,6,2024,6,12,12,3168,1.0,0,a,1,b,a,1085.0,11,2002,259,1,6,2021,162,0
807,3,2023,1,7,1,3314,1.0,1,0,0,a,a,652.0,8,2009,161,1,2,2019,213,1
1021,1,2024,10,15,14,2475,1.0,1,0,1,a,a,371.0,11,2001,275,0,13,2021,158,1
602,6,2023,8,44,19,815,1.0,0,0,0,a,a,310.0,11,2005,213,1,37,2010,500,1
110,6,2023,8,46,22,1904,1.0,1,0,1,a,c,630.0,12,2012,128,0,27,2021,123,0
702,3,2024,9,15,11,2990,1.0,1,0,1,a,a,852.0,7,2020,50,1,17,2013,500,1
533,6,2023,10,15,15,3373,1.0,1,0,0,a,a,856.0,5,2014,113,1,13,2023,2,1
865,3,2024,9,43,3,2193,1.0,0,0,0,a,c,864.0,11,2008,190,1,42,2023,53,1
616,3,2024,8,23,10,392,1.0,1,0,1,a,a,920.0,3,2014,125,1,35,2010,500,1
1002,3,2024,3,12,19,3963,1.0,1,0,1,c,a,508.0,4,2005,227,0,45,2019,227,1
137,4,2024,9,39,13,2606,1.0,1,0,0,b,a,1272.0,12,2002,261,0,51,2015,456,1
696,7,2023,6,26,27,2321,1.0,1,0,1,a,a,761.0,9,2016,81,1,33,2013,500,0
823,1,2024,2,47,23,1997,1.0,1,0,1,a,c,908.0,8,2019,54,0,3,2023,96,1
453,5,2024,6,46,26,1841,1.0,0,0,1,d,c,623.0,7,2014,119,1,49,2015,465,1
530,2,2024,4,42,14,2663,1.0,1,c,1,a,c,913.0,6,2011,154,1,7,2017,399,0
776,1,2024,3,51,3,2578,1.0,0,0,1,a,a,1443.0,11,2010,160,1,37,2014,500,1
508,1,2024,7,28,16,1303,1.0,1,0,1,a,c,523.0,5,2008,194,1,13,2019,275,1
438,2,2024,11,29,27,1687,1.0,1,0,1,a,c,485.0,6,2022,29,0,40,2013,500,1
649,6,2023,1,1,5,817,1.0,0,0,0,a,c,561.0,2,2011,143,0,42,2015,375,1
897,6,2023,2,9,27,1398,1.0,0,0,1,d,a,720.0,2,2020,36,0,42,2019,175,1
151,6,2023,11,9,1,3901,1.0,1,c,1,c,b,664.0,3,2000,284,0,15,2012,500,1
975,2,2023,9,48,18,1151,1.0,1,0,1,c,a,508.0,4,2008,185,0,34,2020,170,0
224,1,2024,3,14,27,3484,1.0,1,0,0,d,a,805.0,4,2004,239,1,10,2023,56,1
109,7,2023,5,33,6,1877,1.0,1,0,0,a,c,1288.0,9,2002,248,1,47,2019,194,1
202,7,2023,2,22,8,3653,1.0,1,0,0,c,c,775.0,7,2022,7,0,8,2015,430,0
86,5,2024,11,40,23,2372,1.0,0,0,0,d,c,791.0,1,2001,286,1,44,2012,500,1
1062,6,2024,8,19,10,3121,1.0,0,0,0,b,a,923.0,7,2012,145,1,8,2017,375,1
326,6,2024,3,49,19,1674,1.0,1,0,1,d,a,1014.0,1,2005,230,0,16,2016,449,0
863,5,2023,3,27,4,446,1.0,1,0,0,c,c,1232.0,7,2001,260,0,38,2013,500,0
204,4,2023,9,13,19,1553,1.0,1,0,1,a,a,892.0,1,2022,20,1,50,2015,379,0
591,7,2023,7,22,15,2586,1.0,1,0,1,a,a,819.0,1,2006,210,0,37,2023,0,1
475,5,2023,9,19,15,1087,1.0,1,0,0,c,a,523.0,10,2008,179,0,18,2012,500,1
736,7,2023,3,38,21,1649,1.0,0,0,0,b,c,1042.0,1,2004,230,1,17,2013,500,0
1103,2,2024,12,17,13,361,1.0,1,0,1,a,a,567.0,12,2015,108,0,33,2014,500,0
725,2,2023,2,3,20,1470,1.0,1,0,1,a,a,557.0,6,2021,20,0,24,2022,31,0
783,5,2023,3,41,12,570,1.0,1,0,0,a,b,878.0,10,2007,185,0,11,2015,446,0
293,7,2024,9,52,24,1147,1.0,1,0,0,a,c,1282.0,3,2018,78,1,33,2014,500,1
136,5,2023,7,14,16,1660,1.0,0,0,1,a,b,1038.0,6,2009,169,0,23,2014,459,1
97,4,2023,5,44,9,886,1.0,1,0,1,a,a,809.0,11,2012,126,0,51,2023,0,1
335,1,2023,9,3,25,504,1.0,1,0,1,a,a,526.0,1,2018,68,0,2,2014,469,0
619,2,2023,7,18,9,729,1.0,1,0,0,d,a,1277.0,6,2021,25,0,39,2015,395,1
68,2,2024,5,1,27,2684,1.0,1,0,0,a,a,803.0,2,2014,123,1,42,2015,427,0
294,2,2023,3,21,28,660,1.0,1,0,0,d,a,733.0,5,2008,178,1,42,2022,31,0
704,5,2023,9,32,16,329,1.0,1,0,0,a,c,987.0,12,2010,153,1,37,2019,203,1
974,5,2024,7,51,13,2903,1.0,1,0,1,a,c,686.0,7,2019,60,0,51,2018,312,1
1104,3,2024,11,44,8,1964,1.0,1,0,1,c,a,594.0,5,2008,198,1,17,2012,500,1
264,7,2023,6,49,24,3735,1.0,0,0,0,d,a,623.0,8,2010,154,1,20,2011,500,1
114,3,2024,4,34,8,1657,1.0,1,0,0,c,a,622.0,4,2017,84,0,49,2011,500,0
639,4,2023,1,21,18,1645,1.0,1,0,0,d,a,482.0,1,2019,48,0,4,2014,485,0
1047,4,2023,4,48,23,389,1.0,1,0,1,a,a,448.0,7,2010,153,1,43,2021,109,1
469,5,2024,9,4,6,602,1.0,1,0,1,a,a,1112.0,9,2020,48,1,39,2020,173,0
1009,2,2023,4,43,5,3391,1.0,0,0,0,c,a,1021.0,3,2019,49,0,31,2020,168,0
829,3,2023,7,52,27,1040,1.0,1,b,0,a,a,573.0,2,2010,161,1,7,2019,253,1
1003,5,2024,3,2,28,476,1.0,0,0,1,a,c,1087.0,8,2006,211,0,32,2017,334,1
1061,6,2023,12,34,10,3038,1.0,1,0,1,a,a,913.0,5,2004,235,0,23,2014,479,0
120,3,2023,11,46,7,3993,1.0,1,0,1,c,a,723.0,12,2002,251,0,5,2020,197,1
459,1,2023,10,37,18,1524,1.0,1,0,0,a,a,452.0,5,2004,233,0,39,2012,500,1
56,6,2024,9,51,17,1662,1.0,1,0,1,a,a,922.0,5,2001,280,0,43,2010,500,0
50,5,2023,7,15,8,2718,1.0,1,b,1,a,a,1380.0,7,2006,204,1,30,2021,89,1
530,4,2024,1,34,7,612,1.0,1,0,1,a,a,824.0,12,2022,13,1,9,2016,441,0
738,5,2023,1,43,17,981,1.0,1,0,0,a,b,1120.0,9,2005,208,1,20,2018,283,1
988,6,2024,6,4,8,3517,1.0,1,0,0,a,a,756.0,8,2008,190,1,29,2023,27,0
145,1,2023,10,29,16,3075,1.0,1,0,1,c,a,1097.0,10,2008,180,0,27,2019,210,0
38,3,2023,2,50,20,751,1.0,1,0,1,a,a,775.0,10,2011,136,1,31,2020,175,1
117,7,2023,7,25,8,2689,1.0,1,0,0,c,c,98.0,7,2011,144,1,13,2016,376,1
1034,3,2023,12,43,17,3834,1.0,1,0,0,a,c,603.0,4,2013,128,0,42,2014,469,0
738,7,2023,11,39,28,1044,1.0,0,0,1,a,a,860.0,2,2002,261,1,4,2014,500,1
537,2,2023,7,15,16,1019,1.0,1,0,1,b,a,1145.0,7,2007,192,1,52,2022,15,0
115,4,2024,7,20,4,3741,1.0,0,0,0,a,c,774.0,9,2020,46,0,22,2015,466,1
414,1,2024,1,26,21,3851,1.0,1,0,1,a,b,829.0,5,2022,20,1,44,2023,34,1
144,6,2023,1,23,13,2186,1.0,0,0,1,a,a,644.0,6,2000,271,1,4,2010,500,0
34,2,2024,4,31,21,2021,1.0,1,0,0,a,c,1288.0,6,2014,118,1,35,2014,500,0
490,6,2024,10,34,1,1035,1.0,1,0,0,a,a,1270.0,8,2003,254,0,51,2023,35,1
561,1,2024,1,22,20,412,1.0,0,a,1,c,a,617.0,10,2012,135,1,50,2018,284,1
505,1,2023,10,34,20,2353,1.0,1,a,0,a,c,365.0,6,2000,280,1,24,2015,426,0
972,4,2023,4,35,1,773,1.0,0,0,0,a,b,278.0,7,2017,69,0,20,2012,500,0
1019,1,2024,2,51,13,1778,1.0,0,0,0,a,a,1001.0,5,2022,21,1,46,2016,421,0
136,3,2024,2,43,14,3762,1.0,1,0,1,a,a,861.0,4,2002,262,0,34,2023,61,1
308,5,2024,9,30,16,3685,1.0,1,0,0,a,c,585.0,9,2009,180,1,50,2015,448,1
559,4,2024,1,10,18,1955,1.0,1,a,1,a,c,902.0,8,2004,233,1,13,2016,413,1
448,4,2024,7,17,20,1377,1.0,1,0,0,a,a,451.0,7,2004,240,1,24,2014,500,0
486,1,2024,12,18,26,3908,1.0,1,0,0,a,a,1058.0,4,2018,80,0,17,2022,105,0
789,5,2023,8,15,22,3567,1.0,1,0,1,a,a,705.0,11,2002,249,0,22,2019,201,0
201,1,2023,5,50,9,2493,1.0,1,0,0,d,a,496.0,10,2002,247,1,46,2018,264,0
923,5,2024,11,28,28,3021,1.0,0,0,0,b,a,710.0,9,2008,194,1,47,2019,241,0
296,6,2024,1,52,14,1870,1.0,1,0,1,c,c,700.0,10,2007,195,0,31,2015,489,0
390,6,2023,3,7,25,2783,1.0,1,0,1,a,c,930.0,6,2022,9,1,2,2021,109,1
248,3,2023,3,38,14,2306,1.0,1,c,0,a,c,1170.0,8,2009,163,0,23,2018,275,1
704,2,2024,1,31,10,898,1.0,1,0,0,a,a,1154.0,3,2012,142,0,26,2011,500,1
776,6,2023,12,40,21,462,1.0,1,0,1,a,a,868.0,10,2002,254,0,38,2015,418,0
696,2,2024,3,21,21,527,1.0,1,0,1,b,c,764.0,1,2008,194,0,14,2022,111,1
551,4,2023,1,28,4,3237,1.0,1,0,0,d,c,649.0,7,2004,222,0,31,2013,500,0
339,2,2023,11,19,3,3484,1.0,1,0,1,a,a,290.0,3,2008,188,0,40,2023,0,0
767,1,2024,12,37,22,2150,1.0,1,c,0,a,a,814.0,8,2006,220,1,30,2021,163,0
133,3,2024,3,11,4,2368,1.0,0,0,0,c,c,565.0,4,2002,263,1,44,2023,19,0
348,4,2024,5,35,13,3691,1.0,1,0,0,a,a,1186.0,12,2012,137,1,14,2021,177,0
762,6,2023,9,26,13,3868,1.0,1,0,1,c,c,760.0,2,2011,151,0,33,2011,500,0
772,6,2023,6,42,13,2917,1.0,1,0,1,c,b,1044.0,10,2011,140,1,24,2012,500,1
299,6,2023,10,2,13,2162,1.0,1,0,0,c,a,675.0,9,2009,169,0,22,2016,344,1
381,6,2024,3,10,27,1908,1.0,1,0,1,a,a,617.0,12,2012,135,0,23,2015,455,0
355,3,2023,10,32,15,2447,1.0,1,0,0,a,a,1001.0,4,2016,90,1,29,2023,3,1
989,3,2024,7,20,25,3044,1.0,1,0,1,b,c,903.0,9,2006,214,0,27,2021,149,0
639,5,2024,1,15,14,3989,1.0,1,0,1,a,a,917.0,1,2004,240,1,30,2020,193,0
133,4,2023,8,49,14,2720,1.0,1,0,0,c,a,792.0,9,2015,95,0,50,2023,0,1
180,3,2023,1,48,18,2920,1.0,0,0,1,a,a,1057.0,6,2003,235,0,34,2010,500,0
78,1,2024,11,5,7,297,1.0,1,0,0,a,a,1013.0,9,2008,194,1,29,2019,236,0
270,4,2023,12,28,27,1568,1.0,1,0,1,a,b,167.0,10,2013,122,1,48,2022,32,0
248,4,2024,2,35,27,1262,1.0,1,0,0,b,a,743.0,6,2013,128,0,13,2023,74,0
498,7,2023,7,41,5,3345,1.0,1,0,0,a,a,1124.0,5,2017,74,1,13,2021,132,1
834,6,2023,5,11,5,1170,1.0,1,b,0,a,a,514.0,9,2010,152,0,7,2021,108,0
980,2,2023,1,45,11,1322,1.0,1,0,1,a,c,312.0,11,2011,134,1,11,2020,190,1
623,1,2023,9,35,6,2681,1.0,1,0,1,b,a,778.0,5,2001,268,0,5,2011,500,1
862,6,2024,1,46,3,2195,1.0,1,0,1,c,a,976.0,11,2018,62,0,10,2015,500,1
731,4,2024,1,36,23,1748,1.0,1,0,1,a,a,682.0,6,2005,223,0,35,2022,105,1
355,1,2023,10,46,6,1104,1.0,1,0,1,a,a,1208.0,11,2019,47,0,37,2018,269,0
683,6,2024,4,2,11,3608,1.0,1,0,0,c,c,1373.0,8,2014,116,1,34,2013,500,0
337,3,2023,11,12,28,3979,1.0,1,0,1,c,a,242.0,9,2021,26,0,48,2020,120,0
345,2,2024,8,28,12,446,1.0,0,a,0,a,c,705.0,9,2020,47,1,45,2010,500,1
1101,5,2024,7,16,2,3751,1.0,1,0,0,a,b,135.0,10,2008,189,0,17,2015,467,1
1016,6,2024,5,11,7,3331,1.0,1,0,0,c,b,1018.0,11,2009,174,0,10,2020,209,1
729,6,2024,5,37,6,3520,1.0,1,0,0,b,a,616.0,5,2020,48,0,22,2020,223,1
662,2,2023,3,52,16,1872,1.0,1,0,0,a,a,677.0,9,2020,30,0,49,2017,315,1
765,5,2023,9,28,12,1724,1.0,1,0,1,a,a,1164.0,9,2016,84,1,51,2013,497,0
840,4,2023,8,32,3,2528,1.0,1,0,1,c,c,421.0,8,2021,24,0,11,2016,385,0
62,7,2024,1,32,9,2968,1.0,1,0,1,a,c,346.0,3,2014,118,1,8,2012,500,1
400,2,2023,4,22,14,3749,1.0,1,0,1,b,a,137.0,6,2000,274,1,39,2023,0,0
118,6,2024,11,36,16,1190,1.0,1,0,0,c,c,1201.0,3,2012,152,1,46,2022,94,1
591,3,2023,6,42,12,3873,1.0,1,0,1,a,b,1131.0,2,2008,184,0,50,2020,148,0
329,5,2023,4,6,28,1681,1.0,1,0,1,a,c,732.0,12,2000,268,1,50,2014,424,1
369,4,2024,3,15,14,2722,1.0,1,0,0,a,c,437.0,9,2012,138,1,15,2012,500,1
939,3,2024,3,9,20,3257,1.0,1,0,1,c,c,1070.0,7,2012,140,1,42,2010,500,1
228,2,2023,11,42,17,2685,1.0,1,0,0,c,a,1646.0,6,2016,89,1,36,2015,422,0
1016,3,2024,4,34,12,414,1.0,1,0,0,d,a,749.0,1,2017,87,1,18,2021,172,1
470,5,2024,4,35,1,3535,1.0,1,0,1,c,b,459.0,5,2007,203,1,1,2015,500,0
213,5,2023,1,33,20,388,1.0,1,0,0,b,a,1193.0,3,2022,10,0,34,2021,103,0
160,5,2024,11,28,25,2243,1.0,1,0,0,c,a,480.0,7,2010,172,1,19,2012,500,0
797,5,2023,5,43,25,2712,1.0,1,0,1,a,c,710.0,6,2009,167,1,16,2021,131,0
1007,1,2024,9,9,23,1151,1.0,1,0,0,c,a,50.0,12,2004,237,1,1,2011,500,0
975,3,2023,9,37,7,3143,1.0,1,0,1,a,a,729.0,11,2022,10,1,7,2014,498,0
190,3,2024,5,44,13,2471,1.0,0,0,0,b,a,437.0,8,2009,177,0,10,2012,500,0
980,3,2023,6,11,21,1657,1.0,0,0,0,a,a,1198.0,11,2003,235,0,6,2018,265,0
252,3,2023,2,37,21,787,1.0,1,0,0,a,a,527.0,4,2019,46,1,50,2012,500,0
512,2,2024,9,4,18,2763,1.0,1,a,0,a,c,1054.0,2,2022,31,0,1,2010,500,1
7,7,2023,9,9,2,581,1.0,1,0,1,a,c,789.0,7,2004,230,1,21,2014,456,0
289,1,2024,3,21,21,3631,1.0,1,0,0,b,a,858.0,1,2013,134,1,51,2010,500,1
357,5,2024,3,52,16,636,1.0,1,0,0,c,a,977.0,12,2020,39,0,7,2015,500,1
1067,4,2023,5,20,3,579,1.0,1,0,0,c,a,804.0,2,2015,99,0,35,2013,500,0
311,5,2023,9,23,16,980,1.0,0,0,0,a,a,626.0,11,2010,154,0,14,2023,9,0
309,6,2024,7,40,21,3355,1.0,1,0,1,c,a,576.0,9,2013,130,1,17,2017,387,1
305,5,2023,1,42,27,3412,1.0,1,0,0,a,a,973.0,3,2002,250,0,24,2016,382,0
282,6,2023,7,35,23,2410,1.0,1,0,0,a,a,249.0,7,2022,12,0,31,2018,264,1
603,2,2023,9,2,8,3221,1.0,0,0,0,d,a,1323.0,7,2011,146,1,40,2011,500,1
230,7,2023,3,46,20,1804,1.0,1,0,1,a,a,860.0,9,2001,258,1,33,2011,500,0
324,1,2024,6,14,19,3986,1.0,0,0,1,c,c,719.0,6,2007,204,0,2,2012,500,1
594,5,2024,10,27,6,396,1.0,1,0,0,a,c,900.0,8,2009,182,0,10,2022,121,0
844,2,2024,4,39,24,2527,1.0,1,0,1,c,a,642.0,5,2022,23,0,33,2020,214,0
120,2,2024,2,16,5,1659,1.0,1,c,1,c,b,767.0,2,2020,48,0,16,2023,52,0
389,6,2023,12,36,22,1547,1.0,1,0,1,a,a,480.0,9,2006,207,1,4,2021,136,0
637,5,2024,2,27,21,3216,1.0,1,0,1,a,c,933.0,4,2003,250,1,29,2011,500,1
1023,5,2024,1,9,27,3118,1.0,1,b,0,a,c,796.0,4,2000,285,0,17,2012,500,0
1053,6,2023,3,12,19,2259,1.0,1,0,0,a,b,876.0,4,2013,119,0,44,2021,72,1
973,2,2024,10,40,3,3512,1.0,1,0,1,c,b,1265.0,7,2010,171,1,47,2017,357,0
564,5,2023,8,4,28,869,1.0,1,0,1,b,c,579.0,9,2012,131,0,7,2018,257,1
110,2,2023,3,20,11,491,1.0,1,0,0,a,a,781.0,10,2006,197,1,41,2013,499,1
1077,4,2023,1,26,13,1082,1.0,1,0,1,a,c,325.0,8,2018,53,0,45,2017,293,1
694,3,2023,12,20,25,564,1.0,1,0,1,a,a,985.0,5,2011,151,1,34,2022,38,1
1010,5,2023,1,22,7,3420,1.0,1,a,1,c,a,815.0,12,2021,13,0,32,2016,354,1
1027,1,2023,12,51,19,2152,1.0,0,0,0,a,b,825.0,6,2005,222,1,25,2019,234,1
884,1,2023,6,2,22,1845,1.0,1,0,0,c,a,773.0,2,2005,220,0,26,2020,132,1
469,1,2023,3,52,15,2087,1.0,1,0,1,c,a,647.0,10,2013,113,1,5,2022,99,0
678,2,2023,5,38,21,562,1.0,1,0,1,a,a,1569.0,12,2015,89,0,8,2012,500,0
771,5,2023,4,48,20,2664,1.0,1,0,1,a,c,831.0,4,2006,204,1,36,2022,64,0
982,2,2024,2,34,15,3898,1.0,0,0,0,a,a,909.0,3,2012,143,0,29,2018,317,0
253,7,2024,6,50,3,741,1.0,1,0,0,d,a,478.0,5,2011,157,0,10,2021,196,0
619,3,2023,8,4,21,1163,1.0,1,0,0,a,a,1086.0,5,2015,99,1,19,2013,500,0
665,3,2023,6,38,23,3153,1.0,0,0,0,a,c,783.0,3,2014,111,1,34,2011,500,1
232,7,2023,8,37,9,3226,1.0,1,0,1,b,a,954.0,1,2004,235,1,10,2011,500,1
449,2,2023,12,49,23,1270,1.0,1,0,0,a,a,1091.0,3,2002,261,1,11,2015,454,1
1032,2,2023,2,5,7,248,1.0,1,0,1,a,a,789.0,4,2006,202,0,46,2017,271,0
18,3,2023,9,27,5,2932,1.0,1,0,0,a,b,617.0,3,2002,258,0,24,2014,471,0
560,1,2023,3,27,4,1174,1.0,1,0,0,a,c,122.0,3,2012,132,1,24,2013,500,0
680,5,2024,1,5,16,3273,1.0,1,0,1,b,a,704.0,12,2011,145,1,4,2021,157,1
1013,6,2023,5,33,9,1481,1.0,1,0,0,c,a,615.0,3,2000,278,1,5,2020,184,1
317,3,2023,5,26,20,3912,1.0,1,0,1,d,a,477.0,10,2018,55,1,34,2018,252,0
439,7,2023,12,26,19,3465,1.0,1,0,1,a,a,1256.0,7,2016,89,1,16,2019,218,0
90,1,2024,5,36,12,459,1.0,1,0,0,a,c,1115.0,6,2010,167,1,15,2021,177,0
375,4,2024,10,39,8,3042,1.0,1,0,1,a,a,271.0,10,2003,252,1,10,2013,500,1
1112,6,2024,12,35,26,2931,1.0,1,0,0,a,c,866.0,1,2003,263,1,40,2023,47,1
855,3,2024,5,21,25,1370,1.0,1,a,0,b,a,575.0,9,2021,32,0,49,2022,76,0
478,7,2024,3,51,10,3687,1.0,1,0,0,a,a,930.0,5,2005,226,1,14,2014,500,0
708,4,2023,12,12,7,3192,1.0,1,0,0,a,c,580.0,10,2019,50,0,13,2014,467,0
1076,7,2024,6,18,23,1209,1.0,1,0,1,a,c,658.0,12,2015,102,1,41,2012,500,1
491,5,2023,6,26,20,3278,1.0,1,0,0,a,a,1109.0,9,2014,105,1,27,2019,207,0
329,2,2024,9,17,13,2898,1.0,0,0,1,c,c,1066.0,2,2019,67,1,42,2014,495,1
980,6,2023,5,18,15,2145,1.0,1,0,0,d,a,1273.0,12,2020,29,1,39,2013,499,1
949,1,2023,7,49,21,3583,1.0,1,b,1,c,c,755.0,10,2006,201,0,42,2019,215,1
576,2,2023,12,8,6,2129,1.0,1,0,1,a,a,383.0,1,2022,23,0,9,2012,500,0
14,6,2023,1,27,28,1228,1.0,1,0,0,a,a,1096.0,3,2002,250,0,28,2011,500,1
15,7,2024,9,25,16,2136,1.0,1,0,0,b,c,1098.0,12,2017,81,0,23,2022,106,0
132,3,2023,5,5,4,2037,1.0,0,0,1,c,a,1008.0,11,2008,174,1,46,2010,500,1
773,5,2023,7,11,27,836,1.0,1,b,1,c,a,597.0,5,2014,110,0,34,2022,29,1
196,5,2023,11,15,28,2376,1.0,1,0,0,a,c,499.0,12,2019,47,0,39,2019,184,1
71,6,2024,8,25,27,3288,1.0,1,0,0,b,a,981.0,6,2010,170,0,46,2014,499,0
761,7,2024,6,22,20,3540,1.0,0,0,1,a,c,554.0,11,2001,271,0,36,2017,350,0
537,1,2024,12,31,9,2915,1.0,1,0,1,a,a,728.0,7,2018,77,1,35,2014,500,0
592,2,2023,8,20,15,2060,1.0,1,0,0,d,a,1692.0,8,2003,240,0,28,2015,408,1
215,7,2023,2,41,16,3427,1.0,0,0,0,c,a,1459.0,1,2016,85,0,5,2019,244,1
240,4,2023,2,20,15,3736,1.0,1,0,0,a,a,1058.0,12,2010,146,0,38,2022,34,0
270,4,2023,5,45,5,3299,1.0,1,0,1,c,a,621.0,3,2010,158,1,17,2013,500,1
719,3,2023,9,52,9,3211,1.0,1,0,1,a,a,603.0,3,2006,210,0,7,2017,357,0
1093,3,2024,6,35,14,3184,1.0,1,0,1,a,c,1035.0,6,2011,156,1,19,2022,120,1
1022,2,2023,3,6,15,2059,1.0,0,0,1,c,a,1269.0,10,2004,221,0,19,2010,500,1
127,3,2023,12,47,10,3165,1.0,1,0,1,c,a,667.0,10,2005,218,0,21,2010,500,0
758,1,2024,3,43,21,1654,1.0,1,a,0,a,c,683.0,8,2010,163,1,15,2018,340,0
845,3,2023,2,30,27,3788,1.0,1,0,0,c,a,846.0,11,2018,51,1,49,2011,500,1
46,7,2023,5,18,14,3557,1.0,1,0,0,a,c,403.0,9,2011,140,1,46,2023,0,1
711,2,2024,2,37,18,2500,1.0,1,0,1,a,a,412.0,2,2020,48,0,2,2011,500,1
496,6,2024,8,33,6,2932,1.0,1,0,1,d,c,467.0,10,2006,214,0,26,2020,215,0
218,1,2024,6,41,6,3346,1.0,1,0,0,c,c,984.0,4,2000,290,0,16,2014,500,0
881,6,2024,12,34,3,2394,1.0,0,0,0,b,a,902.0,7,2007,209,0,45,2022,93,1
1043,2,2023,3,43,28,3245,1.0,1,0,0,a,b,1161.0,8,2002,247,1,26,2022,69,0
668,5,2024,4,51,9,3003,1.0,1,0,1,c,a,299.0,5,2012,143,1,33,2021,174,0
225,4,2024,9,40,20,1226,1.0,1,b,1,d,a,365.0,5,2022,28,0,5,2018,347,1
479,6,2023,9,17,18,778,1.0,1,0,1,a,a,957.0,4,2011,149,0,38,2013,499,0
575,5,2024,5,47,4,2349,1.0,1,0,0,a,a,558.0,4,2004,241,1,26,2011,500,1
1007,4,2024,12,43,5,201,1.0,1,0,1,a,a,580.0,12,2013,132,1,46,2013,500,0
882,6,2024,11,25,23,2972,1.0,1,0,0,a,c,1124.0,5,2016,102,0,6,2011,500,1
748,7,2023,8,4,23,2799,1.0,1,0,1,a,a,654.0,6,2020,38,0,16,2020,144,0
852,5,2023,9,50,16,593,1.0,0,0,1,b,c,689.0,9,2011,144,1,44,2014,474,0
774,2,2024,7,29,10,1377,1.0,0,0,1,a,c,745.0,3,2009,184,1,13,2016,432,1
357,1,2024,6,21,12,2216,1.0,1,0,0,d,a,763.0,3,2011,159,1,15,2018,318,1
149,4,2023,7,32,23,2957,1.0,1,0,0,a,a,1025.0,3,2004,232,0,16,2019,224,0
936,4,2023,11,4,6,210,1.0,1,0,1,c,a,457.0,1,2002,262,1,28,2018,236,0
618,5,2023,1,43,3,2310,1.0,1,0,1,d,c,764.0,6,2017,67,0,3,2020,196,0
1073,5,2023,2,10,8,1113,1.0,1,0,1,a,c,1169.0,1,2003,241,1,33,2011,500,0
760,2,2024,6,14,6,1710,1.0,1,0,0,a,a,1460.0,5,2015,109,1,43,2013,500,1
529,6,2024,7,30,5,2048,1.0,0,0,0,c,c,413.0,7,2013,132,1,16,2020,222,1
722,7,2024,3,35,13,956,1.0,0,0,1,a,a,919.0,4,2010,167,1,9,2020,234,0
728,3,2024,8,1,23,1366,1.0,1,0,0,a,a,763.0,4,2008,196,0,19,2018,294,1
1095,7,2024,1,31,20,1765,1.0,1,0,1,a,a,790.0,8,2022,17,0,34,2023,49,0
407,7,2024,3,9,8,3130,1.0,0,0,0,a,c,583.0,7,2018,68,0,27,2023,34,1
424,3,2023,6,50,12,1289,1.0,1,0,1,b,a,1047.0,10,2003,236,1,32,2011,500,1
395,6,2023,1,20,14,2622,1.0,1,0,1,c,c,1031.0,11,2022,2,1,42,2017,290,1
121,7,2024,8,26,11,1574,1.0,1,0,1,d,a,1577.0,3,2002,269,0,50,2022,80,0
524,6,2023,7,33,28,1216,1.0,1,0,1,b,a,424.0,4,2018,63,1,24,2014,477,1
497,3,2023,7,9,27,621,1.0,1,0,0,a,c,296.0,7,2009,168,1,40,2010,500,1
220,5,2023,7,9,28,264,1.0,1,0,0,b,b,1436.0,3,2009,172,1,26,2011,500,0
909,5,2024,9,50,12,1507,1.0,1,0,0,a,a,804.0,9,2011,156,0,8,2020,250,1
769,3,2023,8,30,23,1167,1.0,1,0,1,a,c,683.0,1,2011,151,0,31,2022,51,1
270,5,2024,8,12,21,3058,1.0,1,0,0,a,a,876.0,5,2002,267,1,50,2019,222,0
185,7,2023,3,35,23,2172,1.0,1,a,1,a,a,402.0,12,2003,231,0,23,2010,500,0
690,1,2024,9,47,5,413,1.0,0,0,1,a,a,933.0,9,2016,96,1,29,2015,486,0
6,7,2024,3,40,27,3096,1.0,0,0,1,a,c,796.0,7,2016,92,0,38,2014,500,0
169,3,2024,1,21,27,1709,1.0,1,0,1,a,a,1142.0,1,2009,180,1,44,2022,81,0
491,6,2024,12,35,23,2492,1.0,1,0,0,c,a,1077.0,10,2010,170,0,1,2017,398,0
1105,1,2024,3,47,17,677,1.0,0,0,1,a,c,1102.0,6,2008,189,1,3,2013,500,0
86,7,2023,2,14,13,412,1.0,1,0,0,d,a,877.0,11,2019,39,1,26,2017,300,1
590,4,2023,4,42,7,591,1.0,1,0,1,c,a,1301.0,10,2001,258,1,6,2020,192,0
628,7,2024,12,52,2,1972,1.0,1,0,0,c,a,993.0,12,2014,120,1,48,2018,316,0
281,3,2024,11,18,27,3560,1.0,1,0,1,a,c,660.0,2,2007,213,1,37,2015,449,1
581,6,2024,9,47,6,3846,1.0,1,b,1,a,a,577.0,11,2003,250,1,33,2020,222,1
708,5,2024,3,2,10,3249,1.0,1,0,0,a,a,611.0,9,2003,246,1,31,2014,491,1
154,2,2024,8,20,13,3635,1.0,1,a,0,a,a,997.0,4,2009,184,0,26,2011,500,1
1064,2,2024,10,15,19,3120,1.0,1,0,0,a,a,421.0,11,2003,251,1,3,2022,116,0
275,4,2024,5,2,8,3021,1.0,1,0,1,a,a,867.0,7,2015,106,1,41,2020,169,0
412,4,2023,4,32,7,1802,1.0,1,0,1,b,a,570.0,8,2007,188,1,25,2020,163,1
28,5,2024,11,28,10,1278,1.0,1,c,1,c,a,444.0,12,2019,59,0,21,2022,111,1
662,6,2024,2,20,10,2591,1.0,1,0,0,a,b,493.0,7,2003,247,0,23,2019,257,1
663,6,2024,11,45,2,284,1.0,1,0,0,a,a,813.0,8,2008,195,0,25,2010,500,1
130,1,2023,6,13,11,881,1.0,1,0,0,b,a,1049.0,11,2008,175,0,49,2021,68,1
327,4,2024,9,43,16,1934,1.0,0,0,1,c,a,617.0,10,2015,107,1,11,2010,500,0
855,2,2024,5,34,13,2604,1.0,1,0,0,c,c,197.0,8,2006,213,1,10,2019,284,0
795,4,2023,9,47,10,1622,1.0,1,0,0,c,b,1766.0,11,2003,238,1,7,2023,40,0
343,4,2023,12,1,26,3126,1.0,1,0,0,b,a,1155.0,11,2009,169,0,33,2015,384,0
703,7,2024,6,51,8,2768,1.0,1,0,1,a,b,1100.0,8,2020,46,0,2,2014,500,1
833,3,2024,3,1,24,1188,1.0,0,0,0,a,a,1308.0,2,2018,73,1,42,2022,63,1
417,4,2024,1,38,18,468,1.0,1,0,0,a,c,848.0,9,2013,124,0,39,2016,415,0
196,4,2024,12,40,19,1236,1.0,1,0,0,a,c,779.0,4,2022,32,0,37,2022,107,1
25,1,2023,12,9,8,3708,1.0,1,0,1,c,a,1227.0,8,2017,76,0,25,2014,452,0
1065,1,2023,8,2,28,1073,1.0,1,0,1,b,a,1225.0,5,2017,75,1,22,2012,500,1
357,5,2024,1,2,14,2996,1.0,1,0,0,b,a,1005.0,5,2009,176,1,49,2017,317,1
899,3,2023,11,7,15,2803,1.0,1,0,1,a,a,1085.0,12,2011,143,0,44,2015,379,0
363,3,2023,6,8,7,3889,1.0,0,0,1,b,a,448.0,3,2021,27,0,10,2019,206,0
795,7,2023,3,51,14,3707,1.0,1,0,0,a,a,743.0,2,2021,25,1,14,2014,500,1
371,2,2023,5,11,20,3488,1.0,1,0,0,a,b,1331.0,8,2016,81,1,13,2020,154,0
678,7,2023,12,42,27,1377,1.0,1,0,0,b,a,1061.0,8,2002,256,1,25,2014,485,0
1064,5,2024,10,4,24,1834,1.0,1,0,1,a,a,381.0,12,2003,250,0,34,2014,490,0
841,2,2023,8,35,5,2059,1.0,1,0,0,a,a,661.0,1,2010,163,1,12,2019,231,0
184,7,2024,9,24,3,2717,1.0,1,0,0,a,a,1282.0,11,2012,142,1,3,2013,500,0
584,5,2023,11,29,27,749,1.0,0,0,1,a,a,957.0,11,2014,108,0,21,2013,500,1
302,3,2024,8,41,23,3413,1.0,1,0,0,a,a,875.0,3,2006,221,1,27,2017,378,0
245,4,2023,4,11,5,2644,1.0,1,0,0,c,a,884.0,10,2017,66,0,35,2014,444,0
929,3,2023,1,1,24,974,1.0,1,0,1,a,a,795.0,11,2019,38,1,7,2015,410,0
1096,6,2023,2,12,22,389,1.0,1,0,1,a,c,663.0,2,2004,228,1,36,2014,444,1
1032,4,2024,3,42,28,236,1.0,1,0,0,a,a,570.0,1,2018,74,0,9,2018,345,1
936,1,2024,10,31,5,1570,1.0,0,0,0,a,a,1123.0,8,2003,254,0,16,2014,500,1
523,5,2024,2,49,24,1368,1.0,1,0,1,c,a,891.0,8,2011,150,0,27,2018,334,1
587,6,2023,2,44,11,772,1.0,1,0,0,c,a,1032.0,11,2020,27,0,6,2013,500,0
603,3,2023,12,8,16,1862,1.0,1,0,1,c,c,984.0,12,2006,204,0,30,2022,30,1
821,7,2024,5,4,8,288,1.0,1,0,1,b,b,1243.0,2,2015,111,1,3,2023,53,1
59,3,2023,2,2,2,2573,1.0,1,0,0,c,a,956.0,12,2019,38,0,12,2010,500,1
