surface_roughness_um,weld_depth_mm,wall_thickness_mm,tensile_strength_mpa,temp_at_weld_celsius,pressure_test_bar,cycle_time_seconds,operator_shift,roughness_weld_ratio,thickness_deviation,weld_temp_deviation,is_night_shift,defect
2.8970236178499484,3.76422502598121,8.109902950492287,533.4554769411627,1198.256425208898,93.69983092502306,150.2833207958325,,0.7696201999308395,0.0900970495077118,18.25642520889801,,0
4.062233426162621,4.663382450160271,8.304663228280189,503.64538256003584,1185.493349062118,82.95428856241577,143.42982191840244,,0.8710916311725447,0.1046632282801898,5.493349062117886,,0
3.464548785841219,4.369890629642004,8.212751486710873,542.608590747642,1205.5180239506171,83.43849310658521,141.13735766100567,,0.7928227680453923,0.012751486710874,25.51802395061713,,0
3.62247543211862,4.124551566755072,8.140466502306122,510.0851230518296,1217.238801238521,87.60559647061046,136.8814525653101,,0.878271339953273,0.0595334976938772,37.23880123852109,,0
3.0191280099837803,4.7510736422912885,8.297882587107024,523.6045022096824,1218.7630125241974,90.26515216343476,136.79545331208337,,0.6354622631974802,0.0978825871070245,38.76301252419739,,0
3.2020591409547525,4.401016946297725,8.21708294831345,488.0530903037268,1221.7356105915435,75.79257500584947,129.23099192911653,,0.7275725540936291,0.0170829483134511,41.73561059154372,,0
3.2895348236554995,4.285102513556715,8.11768885440998,529.4879006060313,1186.474537994317,85.53990017233245,129.90207473332336,,0.7676677074774243,0.0823111455900189,6.474537994316961,,0
3.5184129359348137,5.02977108637028,8.242442064213764,555.5824529787577,1169.302199903877,90.6328413303916,135.27856686156565,,0.6995175078185017,0.0424420642137644,10.697800096123046,,0
3.195158073997194,4.470046409291001,8.392258074069948,543.1797474733028,1168.659468562125,89.94215654965961,126.51920531213536,,0.7147930425601976,0.1922580740699491,11.340531437874915,,0
3.679130531131513,4.3393632969707,7.766968163473681,517.9831685181656,1178.224594214729,85.49956494902749,138.57480659852712,,0.8478503131673846,0.4330318365263181,1.7754057852710048,,0
3.76136034992462,4.495618891716803,8.237422442142554,506.3067924234408,1213.4759760329976,87.98561158071463,133.46571180475377,,0.8366724225708433,0.0374224421425548,33.47597603299755,,0
3.1930619877178548,4.796554245480214,8.035604032850337,526.0335875177897,1229.2936330801422,83.55028730628115,145.19099227922922,,0.6656991297577783,0.1643959671496624,49.29363308014217,,0
2.909803479963586,4.7211357528285935,8.005686986549847,548.9583008061826,1206.746108268261,87.97553718068214,146.8497558486521,,0.6163354819026096,0.1943130134501522,26.74610826826097,,0
3.684014893626824,4.590363871304064,7.904936367340283,515.4586912500404,1154.022070678703,84.68974920694646,136.09955924731486,,0.802554001405925,0.2950636326597164,25.977929321297097,,0
3.3543279469762126,4.337863465888607,8.241666682227256,521.0847134174036,1153.9286466532908,82.7695703837534,154.5276023331311,,0.773267294505733,0.0416666822272571,26.0713533467092,,0
3.235812563210328,4.16280863693272,8.265918455847885,502.3738654913941,1186.0484554758234,87.43515019304368,137.73032182642984,,0.7773147518059478,0.0659184558478855,6.048455475823403,,0
2.877825052901583,4.981683641322047,8.372528779875742,508.0141965768052,1147.832746521571,82.37161841079232,148.83493468679114,,0.5776812137272089,0.1725287798757424,32.167253478429075,,0
3.255940105311699,4.696197350465051,8.136914060926173,514.6573868617088,1169.2269552331206,87.33568277413883,137.11915326813045,,0.6933141564623467,0.0630859390738258,10.773044766879366,,0
3.1283790362679795,4.7761240731845405,8.45024954409563,514.0908483000843,1167.8704974626646,87.51499397820969,145.98216622593594,,0.6550037201037556,0.2502495440956309,12.129502537335384,,0
2.5461625995110357,4.9532482459128575,8.221164274960465,506.8066029089503,1181.4912884740338,88.87462021354933,143.13178879243517,,0.5140389644508423,0.0211642749604656,1.4912884740338086,,0
3.417239749337233,4.619444001238523,8.064103414199153,507.5352993956113,1203.122806487691,84.63334172835305,138.59652252025282,,0.739751309395954,0.1358965858008467,23.122806487690923,,0
3.495132115255256,5.106709038296153,8.223597421154938,541.9941193699937,1155.6457176895656,93.54756392631352,151.3857123167137,,0.6844196699596933,0.023597421154939,24.354282310434428,,0
3.1591133462602548,4.143089843289299,7.945422431837945,530.2364374924892,1187.929491566633,80.34422324338509,140.487870005758,,0.7625017716221324,0.2545775681620545,7.929491566633033,,0
3.268568663222159,4.482090089884784,8.236828420519739,537.0904271367899,1177.3267203332075,91.58349580634568,140.55377196445207,,0.7292509960630731,0.0368284205197397,2.673279666792496,,0
3.802735659771798,4.331642904985396,8.148765205160673,534.2542511160257,1178.0442028511395,89.49165725507564,148.36150640178658,,0.8778968493726106,0.0512347948393259,1.9557971488604835,,0
3.306150414894669,4.733335451995002,8.449701234655905,537.5649614859725,1194.681706814433,87.90617207767002,130.21015414571133,,0.6984821692286174,0.2497012346559053,14.681706814433028,,0
3.367263858365253,3.796255637397855,8.04789312634742,534.3417972019435,1171.2081069540284,89.0049551807682,148.24721626960493,,0.8869960769518539,0.1521068736525794,8.79189304597162,,0
3.7698463072324326,4.094429787894542,8.090399792184751,559.5080080851826,1198.3170990208334,73.8957819207345,138.6020014312435,,0.9207255958955536,0.109600207815248,18.31709902083344,,0
3.6021003454415954,4.096634548914011,8.148250621660289,527.3145808998387,1174.7394248016478,82.80564321821029,140.5895365170332,,0.8792828116721332,0.0517493783397107,5.260575198352171,,0
3.752365738909568,4.313390568812452,7.844694388476732,541.0116060311673,1186.3946457854936,86.79667605164116,132.89027078489272,,0.8699341453497734,0.3553056115232671,6.394645785493594,,1
3.435753805600664,4.635524921291849,8.000225645146351,489.9855237346283,1190.6776862930265,88.31015864376504,160.04768014787882,,0.7411790170900414,0.1997743548536483,10.677686293026454,,0
3.5608034062058525,4.308169633180999,8.281611738072074,517.7941411486667,1165.8434150995247,90.76159742459416,132.17859210394062,,0.8265234910794723,0.0816117380720751,14.156584900475307,,0
2.854559875625215,4.3539749066853,8.181558875218688,539.7266105858674,1168.3123489166462,83.82181959555595,133.91728299598992,,0.6556215725052909,0.0184411247813116,11.687651083353783,,0
3.2023125003143798,4.580533113883636,8.475034430286392,484.84342505404055,1141.795141054095,79.04160947433613,157.72114447233,,0.6991134918136557,0.2750344302863929,38.204858945905016,,0
3.4367962781319124,5.166765156497969,8.11812459550866,546.5911810128491,1160.2579528492934,83.59632936034423,158.5170975490017,,0.6651736963783733,0.0818754044913401,19.74204715070664,,0
3.754842018613364,4.4859244818956965,8.548959558033122,489.4071256168385,1147.984560636613,86.03080356409829,134.08413728019315,,0.8370274695729132,0.3489595580331226,32.01543936338703,,0
3.654145241875941,4.402115091576881,8.127620849180458,551.5848588377261,1181.8763908580677,80.24452381693794,149.66208718415385,,0.8300885290431834,0.0723791508195415,1.8763908580674524,,0
3.115568099589583,4.66492819266794,8.058670008164572,557.0931272416693,1199.3854732441464,92.46043519025169,147.28167354645424,,0.6678705373897457,0.1413299918354269,19.3854732441464,,0
3.0945916583708097,4.75958692228398,8.047265700610893,486.9262256275871,1196.2037583259155,86.84043956030483,137.96653119575183,,0.6501807211949455,0.1527342993891061,16.203758325915487,,0
3.061333440962123,4.285473769378876,7.943237892498092,532.0038648497003,1203.545186725616,83.8271412734311,139.02958742798629,,0.714351225790252,0.2567621075019071,23.54518672561608,,0
2.6408050482319303,4.099515592843479,8.372717814351784,521.8069491721616,1178.6687162880885,86.22597622151586,141.330523699206,,0.6441749001266897,0.1727178143517846,1.3312837119115102,,0
3.3423837410475663,4.378865688239253,8.021124933728075,540.2573222486315,1180.3966235388607,84.94355385141746,152.9573403499259,,0.7632989861418297,0.1788750662719245,0.3966235388606947,,0
3.1091157552554165,5.078529317043548,8.44831280089106,519.2022252154704,1213.2056045208756,79.2810816026706,153.1821801940268,,0.6122078973156685,0.2483128008910604,33.20560452087557,,0
3.083427627193573,4.193952495454552,8.304609140480535,518.2363482482976,1145.0211559823033,89.56137779173758,136.78127382636828,,0.7352080477306824,0.1046091404805356,34.9788440176967,,0
3.7452235295730656,4.712336728095221,8.262785059124832,536.9835074733262,1139.819314381027,89.24574307020524,143.725994270295,,0.7947699294171953,0.0627850591248329,40.18068561897303,,0
3.101724258766182,4.874067920677137,8.259599706003153,542.265060223185,1178.348989906444,80.60285674987215,138.41197729726872,,0.6363728016533051,0.0595997060031532,1.651010093555897,,0
2.974112395725554,4.768082579477087,8.247236615395531,493.1841398407083,1197.1326878378718,88.7790084909081,121.2322488745754,,0.6237543804092355,0.0472366153955317,17.1326878378718,,0
3.607920346698644,4.47744532597061,8.060062239663294,539.5311857787262,1154.1826376023823,77.6047112054361,148.01755794435198,,0.8057988614547131,0.1399377603367053,25.81736239761767,,0
3.8074357254278137,4.0056534931205805,8.274633794491367,533.2124953744329,1181.83451413118,83.81630565972794,140.2282887434838,,0.9505154979122116,0.0746337944913673,1.834514131179958,,1
3.200491346654249,4.473623710040721,8.089671138643057,516.6183758998044,1173.418342312247,85.16149313112503,135.10803984012168,,0.715413622910565,0.1103288613569422,6.581657687753022,,0
3.081591120562964,3.988852994384844,8.242941633404895,492.5189704885104,1155.242335530297,87.48658958791299,141.69428593159083,,0.7725506866581459,0.0429416334048955,24.75766446970306,,0
3.177514943490776,4.332846851609354,8.224911246981389,512.6892731254567,1182.7922765094097,92.14869412702996,134.76000808487103,,0.7333550092076745,0.0249112469813894,2.792276509409476,,0
3.578614749230137,4.462896992401013,8.178422573096416,527.3006242489815,1137.3304781211634,91.1592416778712,155.76371166744823,,0.8018591409395276,0.0215774269035833,42.669521878836576,,0
3.1178663682533645,4.474265489631545,8.19935129700215,482.1860204289089,1191.9513505619857,84.74218732456896,151.06283416123466,,0.6968442920478721,0.0006487029978501,11.951350561985691,,0
3.344512968841624,4.384179218577152,8.182317861477333,535.7932469700777,1201.511732261931,77.63020203041809,148.13576271747263,,0.7628595459572013,0.0176821385226659,21.511732261931,,0
2.8903696145600004,4.063525925260064,8.233181840265313,516.1599815089263,1164.4189868088922,83.89609785396803,135.8862316822988,,0.7112959698082206,0.0331818402653141,15.581013191107786,,0
3.086702707668171,4.447550582806599,7.90655227244529,525.6842777428387,1193.512868652605,88.26110332671573,133.3440883598813,,0.6940230694411357,0.2934477275547094,13.512868652604991,,0
3.392805459181293,4.6347924530184645,8.143955456879425,497.147328060357,1156.1459163970794,92.10743557000548,141.84331613486216,,0.7320296416379244,0.0560445431205742,23.854083602920586,,0
3.422616831292388,4.4232836571924805,8.074941945958841,535.531760475118,1175.38476633372,81.50649214242604,137.48995134848602,,0.7737728564961618,0.1250580540411583,4.615233666280119,,0
3.5400664818781404,4.258231166169071,8.380768636446778,523.4739171071653,1192.9131240360516,85.16945605115386,142.07620785974242,,0.8313467124969695,0.1807686364467784,12.913124036051611,,0
2.860459773817769,4.729081143971344,8.289901221492007,518.7974691061187,1189.267668146779,87.28804771408683,149.2868554581222,,0.6048658684699102,0.089901221492008,9.267668146778988,,0
3.3423171186639244,4.812627822807334,8.031520892718273,553.950142167066,1145.139132694041,80.01946365308515,143.97765004806894,,0.694489007051406,0.1684791072817262,34.860867305958664,,0
3.34992258163796,4.59408002348736,8.562355259661928,503.224931002033,1190.9611708975826,86.56895496326482,139.14639999611668,,0.729182461729488,0.3623552596619284,10.961170897582631,,0
2.812720135422311,4.395607334886765,8.01870696027342,541.0873155976632,1151.855507461805,85.47431539082156,134.9065066119009,,0.6398934027747671,0.1812930397265795,28.14449253819498,,0
3.157100411281093,4.699931729752859,8.094226081393922,520.0396399799924,1139.7527507205798,91.09489140978891,120.37208466870268,,0.6717332489370803,0.1057739186060775,40.2472492794202,,0
2.6415918274913377,4.659130885150623,8.185710428266884,528.0042807259765,1190.44490269875,79.71084100924973,151.09532219908408,,0.5669709420148578,0.0142895717331157,10.444902698749956,,0
2.861377001407485,4.347475722985562,7.939201860022702,538.1503158613141,1176.0447044971488,84.78313887075983,145.1184522644727,,0.6581697479346263,0.2607981399772976,3.955295502851186,,1
2.6953222117203803,4.5764111287194496,8.250650290956232,491.8395474825867,1182.8979768324205,87.5029064928552,153.91400130080004,,0.588959806127736,0.0506502909562325,2.8979768324204542,,0
3.2162352484027217,4.248298445680502,8.18065752434233,523.8765209807101,1211.670609638379,84.67170523480118,137.74352037150592,,0.757064337350356,0.0193424756576696,31.67060963837889,,0
3.330472119647856,4.600475888795436,8.222833717452458,523.9294893812637,1174.2543550156763,79.69951638131708,123.01267514044906,,0.7239407833948996,0.0228337174524586,5.745644984323462,,0
3.2389964982942767,4.237167615471693,8.018788506940439,514.2584722164056,1159.8909336529014,82.85777283049063,146.531336729814,,0.7644249157628092,0.1812114930595605,20.109066347098636,,0
3.6003852574561903,4.306850817393954,8.254656456878832,504.74624887197,1143.8402059699908,85.82902862089954,133.24059620370457,,0.8359670230692577,0.054656456878833,36.15979403000915,,0
3.5507579686781803,4.550973019629774,8.223440165231896,524.3403893846195,1204.8423001487108,95.15021399725764,153.9252888693398,,0.7802195162622207,0.0234401652318965,24.84230014871082,,0
3.4613291319984287,4.687376210260125,8.085181266923872,536.095450608549,1188.0365438272474,79.99080403302354,133.09968893226568,,0.7384363823163036,0.1148187330761274,8.036543827247442,,0
3.2185743631452257,4.439095294081795,8.041743805674342,548.9710920550386,1187.1479236935352,84.69848121777794,141.28532661126064,,0.7250518741310148,0.1582561943256575,7.147923693535176,,0
3.706280441256301,4.549585215778648,8.149605866953918,539.1374191330344,1195.9250450475356,85.83685323261237,145.95993061833394,,0.8146413935907212,0.0503941330460815,15.925045047535605,,0
2.9308789959581016,4.034086859193095,8.082143687699874,515.4501068288706,1215.4277101625128,88.1705999869265,144.84743033060323,,0.7265284803059032,0.117856312300125,35.42771016251277,,0
3.004351040343989,4.718025137775573,8.15637235921655,538.9952953609511,1157.7309379621122,81.40378320689956,141.33658403433947,,0.6367814820765625,0.0436276407834501,22.269062037887807,,0
3.1032386653674564,4.420505885519678,8.375280371211305,511.14799739633855,1156.416159636093,86.14492324818951,140.09649576823963,,0.7020098479748155,0.175280371211306,23.58384036390703,,0
3.270700907128121,3.672826654330813,8.198179526220452,489.5354922135418,1175.5571524778031,94.11797667178728,150.70103969835472,,0.8905132787524729,0.0018204737795475,4.442847522196871,,0
3.911951943058096,4.844867595972374,8.208609153789864,546.4577551453124,1156.2235124628976,80.12983907168814,139.9473613772384,,0.8074424872833944,0.0086091537898642,23.77648753710241,,0
3.5919548246380275,4.588189432683437,8.0923870930219,497.4358106707902,1184.3255356163786,85.57381771759364,143.86409236648518,,0.7828697739174155,0.1076129069780993,4.325535616378602,,0
2.8705543428907925,4.739470634266212,8.433633564845053,505.2557680244065,1169.671369790696,88.02593292154538,153.31361929837516,,0.6056698234463386,0.2336335648450536,10.328630209304038,,0
3.9499994131592,4.437035338340677,8.09935434225316,520.5955113229895,1192.2550373874687,85.23635491852085,143.75232059421944,,0.8902339312325944,0.1006456577468384,12.255037387468748,,0
2.8292953290624867,4.61121839950683,8.118163154041957,517.6193985414834,1171.8130764435955,85.56474552284259,131.62613251346852,,0.6135678433169662,0.0818368459580423,8.186923556404281,,0
3.2785917550388297,4.643135813315178,8.270981672023247,483.8975546820172,1187.0782213375878,87.66334623007766,149.16207087757888,,0.7061158419985596,0.0709816720232474,7.07822133758782,,0
3.665680892620738,4.2895687862471625,8.041348716695117,509.89884130520056,1165.070193089034,85.28989329026241,140.94944852772903,,0.8545569670123402,0.1586512833048825,14.929806910965908,,0
3.394576274345704,4.04878211822936,8.230584493212568,535.2495302689576,1189.8575746470235,87.92541594225183,148.72617043914582,,0.8384191034196288,0.0305844932125687,9.85757464702374,,0
3.144914982880402,4.152285311414288,8.10576535532064,527.449764529387,1197.9021623970837,83.62259461600193,136.71368865706398,,0.7573937594022977,0.0942346446793589,17.902162397083657,,0
3.535640175659319,4.173765678231703,8.46651961709741,530.4416144639497,1174.5688509612398,86.77256714387099,138.14409586612732,,0.8471103668450671,0.2665196170974102,5.431149038760168,,0
3.839013677215751,4.552622309612127,8.061786906019796,482.3597871731955,1193.5011685979362,82.39850073042493,142.5390805144808,,0.843253275868512,0.1382130939802035,13.501168597936156,,0
3.34090191144613,4.464029225947909,8.121538403845154,493.752267171532,1170.7259572107455,84.15034546747562,137.51682228747953,,0.7484050264004051,0.0784615961548453,9.27404278925428,,0
3.255856836204696,3.9645113594123753,8.127578839811248,530.1903345109963,1157.5081221939688,84.85370910802506,138.9678651405953,,0.8212504745770315,0.0724211601887514,22.4918778060312,,0
3.6120754419407786,5.198010677616861,8.22505095963758,557.6825598912368,1194.8304525901572,82.0170281820539,153.59143698127346,,0.6948957332465342,0.0250509596375803,14.830452590157163,,0
2.838102739789126,4.303150560957892,8.228167952822837,517.2641023503577,1183.1988953554594,78.67348909382996,140.74521416734055,,0.6595406549051392,0.0281679528228373,3.198895355459399,,0
2.886601522784691,4.21663725637057,8.051672485514326,523.9051123060739,1205.888179846227,80.01276683430477,128.0780976658463,,0.6845743056837503,0.1483275144856737,25.88817984622733,,0
3.3789665483189646,4.04235017971864,8.165079711002699,524.7900979841936,1151.4478924319174,84.05392519854463,148.9828727800817,,0.8358915970308786,0.0349202889973003,28.552107568082647,,0
3.541928607266986,4.554968957936567,8.229748929065906,536.1023551483718,1172.9257645778116,89.24282211382888,148.11521078798225,,0.7775966508658508,0.0297489290659065,7.074235422188394,,0
2.4835603258445325,4.338957932363357,8.340868296286745,503.1025545185188,1167.8143048023587,86.42739891332708,153.54786290205368,,0.5723863572743589,0.1408682962867455,12.18569519764128,,0
3.439845726857812,4.3227031150563135,8.092338238574845,556.5471772758406,1178.0599188695433,88.98522712100787,139.59072015939302,,0.7957626592677155,0.1076617614251542,1.940081130456747,,0
3.340398404202858,4.4997347347898575,7.894499402479382,546.0648732537334,1149.1159014210552,87.51158146113858,136.6957116884212,,0.7423545165082944,0.3055005975206173,30.88409857894476,,0
3.412956601350524,3.984382652380892,8.226921625460365,533.9502034757627,1207.4878189276128,88.90413890687394,147.70937243975203,,0.8565835408540662,0.0269216254603659,27.487818927612807,,0
3.2397696775155964,4.510263326713545,8.080516204757991,511.5816674973371,1174.3989161643085,83.27839417688794,143.04577042932388,,0.718310538014192,0.119483795242008,5.601083835691725,,0
2.577799367837587,4.348391826892285,8.328973624288512,530.2015343337459,1131.4260659548504,85.24934209712508,151.82787006732335,,0.5928167170452704,0.1289736242885126,48.5739340451496,,0
3.236431327210913,4.673514080359555,8.029335790191768,529.17944650662,1143.4021465774192,84.19373715315534,149.93514267125394,,0.6925048840912905,0.1706642098082316,36.59785342258078,,0
3.884140174341604,4.512950494215203,8.080255693206873,506.3878336748573,1169.7895587398905,84.87190177094443,143.9472755887669,,0.86066536259587,0.1197443067931267,10.21044126010952,,0
3.565216536330379,4.24797820802873,8.346687044459287,500.7034944413539,1147.3875803457463,79.1716666944268,133.48113963350204,,0.839273734679901,0.1466870444592878,32.6124196542537,,0
2.9070095022865847,4.524514280351434,7.905014413735681,528.1308176093054,1184.7488624118832,87.02666107221144,148.44862790840324,,0.6425020060757296,0.2949855862643185,4.748862411883238,,0
3.6067866904322856,4.2089345967033625,8.088634918356293,516.3909015241453,1208.7362098265398,84.57592214130072,147.3839456555916,,0.8569357890237488,0.1113650816437061,28.736209826539834,,0
3.683295088304261,4.615248605433308,8.269707712940606,539.6870097460844,1161.7704656975875,89.647429392443,147.46708563073324,,0.7980707871662701,0.0697077129406071,18.229534302412503,,0
2.9890978336586627,4.81332371378437,7.799676418202548,496.8944472058864,1192.1122222192848,80.00407574884136,134.88770437224034,,0.6210049460163038,0.4003235817974513,12.112222219284831,,0
3.069500716585868,4.496487045243172,7.957251972244221,525.1635894467618,1213.2086783530556,75.59971246421907,146.9295889171729,,0.6826441808946041,0.2427480277557778,33.208678353055575,,0
2.489270877100755,4.602737102488723,8.161507984857469,543.4919355541826,1102.0854893142575,86.32580450108942,126.88171526207137,,0.540824040376751,0.0384920151425305,77.91451068574247,,0
2.989611936468364,4.089834194879704,8.120782848956912,529.5208146809483,1172.9930171911503,81.33455012159642,135.65045169192857,,0.7309860970599352,0.0792171510430872,7.006982808849671,,0
3.038292698199575,4.123460010473877,8.045576291146006,544.0278768460792,1163.7872249217764,86.53748442036186,142.15254668009146,,0.7368308871057965,0.1544237088539937,16.212775078223558,,0
3.5017984910167868,3.931987454982788,8.11774885883089,541.0911595486175,1161.2230346232557,87.3297458943786,145.9443405671685,,0.8905924879512422,0.0822511411691095,18.77696537674433,,0
3.462467482406961,4.093080565971615,8.401497264699014,519.0934893410927,1193.3157232474452,91.27567658717834,147.73397106757855,,0.8459319150340519,0.2014972646990145,13.315723247445248,,0
3.4667271136175946,4.549699392270873,8.352612113075162,513.0279927601609,1163.1301836937732,87.99251002959211,132.76753381748264,,0.7619683882291161,0.1526121130751629,16.869816306226767,,1
3.0838567045366285,4.9701710983828615,8.139444570426205,541.4931385014663,1184.8185726096217,88.18051364347154,152.2130284967344,,0.6204729460761514,0.0605554295737942,4.818572609621469,,0
3.305832050715946,4.424234651006116,8.053310556930784,528.5997024208011,1185.6081368045789,74.78047555449858,136.03324010590535,,0.7472099268552486,0.1466894430692153,5.608136804578862,,0
4.001014725775464,4.2341327287501125,8.547905117858111,526.7863614765545,1167.8256692699815,82.02395801107926,138.79908446158032,,0.9449431515604836,0.3479051178581116,12.174330730018257,,0
3.79972493102582,4.265508576766371,8.341634851061533,535.8388542952176,1217.6562315979868,87.88939700119697,139.4981538941408,,0.8908023185867185,0.1416348510615339,37.65623159798679,,0
3.907660080617688,4.083058457428144,8.504436278687166,518.7991587244383,1216.5617943708492,84.45777449552168,129.68769248382043,,0.9570424034834956,0.3044362786871666,36.56179437084916,,0
3.470724611241617,4.568004163049466,7.881590546966436,507.7660296579811,1120.8393969689391,90.54013290117082,135.46009115185177,,0.7597901592464558,0.3184094530335635,59.16060303106087,,0
3.9225510003252673,4.87559253310079,8.023670665880209,551.6141155403222,1195.0320171177111,84.35135612944822,143.83608030230877,,0.8045280594902516,0.1763293341197904,15.032017117711348,,0
3.930923927225281,4.548524245023502,8.187423753303468,522.8462071224176,1184.6043923453944,83.23644505028501,153.3391554183645,,0.8642196269838175,0.0125762466965309,4.604392345394444,,0
3.7891840612938106,5.336019784128401,8.215340439703137,501.4182069151296,1153.017243445976,82.62058638552205,145.29833343779234,,0.7101143200132702,0.015340439703138,26.98275655402404,,0
3.6529825182564224,4.703156300322599,8.26039246117791,529.8347004577512,1180.5969376486048,80.88647477322708,149.75236747617868,,0.7767087215938684,0.0603924611779103,0.5969376486048077,,0
2.882255918313112,4.142361834134034,8.131278112082407,525.0851921018923,1203.255775692265,85.57968875999434,132.97713290674864,,0.6958001336017645,0.0687218879175919,23.255775692264933,,0
3.7453039271826696,4.551818772223293,8.308558715063487,514.1079455294832,1170.7083277437184,85.75714263230175,144.33725674699917,,0.8228148161818174,0.1085587150634879,9.291672256281572,,0
2.6764179953037206,4.249570001790618,8.132081830500649,529.4063819062063,1164.2667873866135,76.58991545652789,143.01101453561895,,0.6298091321112875,0.0679181694993502,15.733212613386511,,0
3.3701013558948216,4.299448304959603,8.36669840828914,518.9767729474595,1179.2972490653924,83.01417515920059,139.92529695112006,,0.7838450694298187,0.1666984082891414,0.7027509346075931,,0
3.877019721552108,4.472867562905652,8.279354627541984,505.6300922505238,1183.4734604673033,86.69085686325938,140.63079155356027,,0.8667861648393504,0.0793546275419849,3.473460467303312,,0
3.372725880176416,5.087477177528014,8.005690873316528,503.1219324299101,1180.7540878485397,85.1823162336745,129.06355188484633,,0.6629466357925293,0.1943091266834713,0.7540878485394842,,0
2.612775787570624,4.06587878508827,8.13436388593294,499.33226964324416,1187.9982880041885,85.09020685243796,145.1733825371379,,0.6426103494551894,0.0656361140670593,7.998288004188453,,0
2.895648475382852,4.431404609296702,8.171563106621067,541.4222139090047,1156.102191038716,82.42960222757289,142.65935767732185,,0.6534380698739616,0.0284368933789327,23.897808961284,,0
3.3231290606840296,4.35694425621034,8.026471091120909,534.543392029334,1197.9683374413237,82.23985393641894,141.58834990940358,,0.7627201232112526,0.1735289088790903,17.968337441323456,,0
2.671365196058048,4.681114468167233,8.062154759802347,534.1578383448393,1190.8261675382514,83.25453374327897,149.36922182341846,,0.5706686332182948,0.1378452401976524,10.826167538251411,,0
3.553147911003617,4.540822411284855,8.132309663319546,530.4225198830538,1200.4776142166756,86.3584418649415,151.68416337348282,,0.7824899519062541,0.0676903366804531,20.477614216675647,,0
3.105054638474627,4.506756851101311,8.428346235369123,498.6481148014784,1147.906985947844,75.14111551250895,138.9972310598997,,0.6889776263449559,0.2283462353691234,32.09301405215615,,0
3.556150788320528,4.6535690648278,8.288001387480996,494.04828231757705,1207.6604003685109,81.61189530960624,162.87211701394514,,0.7641770731274066,0.0880013874809968,27.660400368510864,,0
3.613891226679243,4.531858646315547,8.243181026736329,497.1673799437111,1191.4996796627852,97.14944012776398,147.8798719035863,,0.7974412946043533,0.0431810267363292,11.499679662785184,,0
3.0651109257013465,4.478552975184558,7.969254167298974,530.9794275627065,1150.8351146743007,92.20573489587257,128.57206488947568,,0.6843976038690572,0.2307458327010252,29.164885325699288,,0
4.32440052244826,4.143403745267895,8.288376459050918,499.1834639755833,1175.41739775394,90.19875614510887,144.2418137017735,,1.043683113513472,0.0883764590509184,4.582602246060105,,0
3.041920622993973,4.53621908923873,8.035775937202178,535.5842501120358,1187.626495024749,85.94420542359241,152.96687707488752,,0.670585031825234,0.1642240627978211,7.62649502474892,,0
3.263604097162632,4.043590457531998,8.203584426615384,536.1899676702106,1217.8922117602865,79.3354097492036,143.96151690520668,,0.8071054995879737,0.0035844266153848,37.8922117602865,,0
3.487658188697312,4.166465348277834,8.487958917044288,530.2805425980756,1157.253192284115,83.5709041028384,131.96115390681473,,0.8370784097128809,0.2879589170442891,22.746807715885325,,1
3.830544204062954,4.270623226019065,8.387881877788722,516.4286707804159,1259.734286535701,83.51735916440008,138.6272270327293,,0.8969520373111232,0.1878818777887225,79.7342865357009,,0
3.403804554819839,4.419961998336838,8.355574799475928,535.572934384866,1171.088160283768,82.68406727038591,139.06552133030797,,0.7700981491086437,0.1555747994759286,8.911839716231952,,0
3.1372426777107902,5.018256175197189,8.080370231269518,517.1777073789987,1144.0017528603562,81.79587629262116,134.3564500946892,,0.6251659077492887,0.1196297687304817,35.99824713964381,,0
3.7819857321506194,3.734062135660469,8.107536017042147,544.8120556373732,1189.7535708700198,84.40238942077967,142.9080200571559,,1.0128341719382876,0.0924639829578524,9.753570870019756,,0
3.2767051309400173,4.644298587043259,8.202461809249115,534.8398340519967,1166.5085234648427,80.69769254544346,153.98892864503364,,0.7055328310233735,0.0024618092491159,13.49147653515729,,0
3.1269114207510955,4.849315962156443,8.219019400133313,503.7137258300323,1130.2150246926844,81.51781841135623,132.09657654992026,,0.644814948027386,0.0190194001333132,49.78497530731556,,1
3.384179358533736,4.945024949797485,8.240349609253729,504.63028886601,1208.6441246429647,82.93031072152918,137.91493836040877,,0.6843604212730956,0.0403496092537292,28.644124642964695,,0
3.144037982014102,4.421757770711399,8.013348539639365,510.4083989881191,1186.0855351811902,84.06441972382778,162.92328721048418,,0.7110380406019464,0.1866514603606344,6.085535181190153,,0
3.497957395543573,4.497655746588581,8.336559543852788,515.3796767532708,1218.6685425034282,86.51546891013284,135.56813135677487,,0.7777290197052106,0.1365595438527886,38.66854250342817,,0
3.364583674467153,4.745844993587864,8.282028199816942,502.8886576752364,1174.5146594506602,80.86749941460262,133.71831466272894,,0.708953553751567,0.0820281998169427,5.485340549339753,,0
3.266231331077158,4.312685223279425,8.26712711194309,533.4722953594821,1155.137334218258,83.25347484586823,143.09568755922498,,0.7573544465264999,0.0671271119430905,24.862665781741956,,0
3.3729696702226395,4.040741826479012,7.943145257891522,530.5592065991684,1151.0334500920112,82.78624546039427,129.9134889854359,,0.8347402071779997,0.2568547421084775,28.966549907988792,,0
2.938209625326926,5.058495663847509,8.130789184840106,515.3384637280786,1148.2360564089868,87.5389536136755,136.85774116927124,,0.5808465243422324,0.0692108151598933,31.76394359101323,,0
3.447189234130416,4.075837552013139,7.924795280346449,541.6659644202854,1194.2890920314503,85.23816009955911,149.1332090238621,,0.8457621750852206,0.2752047196535505,14.28909203145031,,0
2.641072728158603,5.069855498640197,7.996573241107927,520.3155394825924,1189.5266322481816,74.39787957628057,123.0885594680502,,0.5209364898755078,0.2034267588920721,9.526632248181611,,0
2.53668928191471,4.080399421077675,8.13390866310369,494.6662470157852,1156.583372911923,79.67002265520763,136.98544979534887,,0.6216767084588666,0.06609133689631,23.416627088076893,,0
3.291697455643219,4.471377833868231,8.046834093540447,503.02620783596615,1165.1185600161732,85.76158841869349,121.159080966244,,0.736170723479069,0.1531659064595523,14.881439983826796,,0
2.7015680161126308,4.391673791083992,8.06967739828458,524.9853763302348,1213.9540928299512,80.6476855754947,152.1737259855934,,0.6151568044471374,0.1303226017154184,33.95409282995115,,0
2.8595509022888703,4.275652121214623,8.145804496006301,544.8605969010049,1189.698234800424,76.8883565590941,136.0036485993335,,0.6687987751463121,0.0541955039936983,9.69823480042396,,0
3.5375415139377746,4.597113559284563,8.247615703888057,526.4691136840914,1207.2739181471309,83.15843376555755,141.40085704874292,,0.7695136236135962,0.0476157038880575,27.27391814713087,,0
3.5165650769474537,4.7101384184405095,8.188343371497805,503.0954610844372,1189.594748245779,81.31388029628742,137.94789016563374,,0.7465948479206618,0.0116566285021946,9.5947482457791,,1
3.4203267137808475,4.2405950811065,8.256027019093427,509.28573830467496,1198.903726119071,89.2072435680426,132.25292886478633,,0.8065676273156014,0.0560270190934275,18.90372611907105,,0
3.435018214499415,4.127222988433252,8.308791937260006,527.1534670985598,1184.272146862185,88.60106645555325,145.7554945314007,,0.8322831655313855,0.1087919372600065,4.272146862185082,,1
3.4452681925813438,4.889369961989464,8.086392903444086,502.5431392471421,1122.3179370812884,84.88175971674721,139.33569612897307,,0.704644610381423,0.1136070965559135,57.68206291871161,,0
3.667599328883302,4.270767378544339,8.063087333754648,552.1734017525109,1206.162996962128,83.80686150475199,144.34506827089828,,0.8587682266306457,0.136912666245351,26.16299696212809,,0
3.22934580810102,4.135267007590491,8.12107646400571,541.1410242081952,1173.3141305001257,89.31262193795666,146.93440336002084,,0.7809280032927655,0.0789235359942885,6.685869499874343,,0
2.873649408678313,4.39330221333139,8.246255596292528,521.390637314419,1175.2103717665018,83.08071957440842,145.08501160993956,,0.6540978217487934,0.0462555962925286,4.789628233498206,,0
3.0091685543912896,4.565683249940537,8.367318758141819,536.2130664440234,1168.4563737882895,87.28651804147033,143.0285192307139,,0.6590839506379241,0.1673187581418194,11.543626211710489,,0
3.224488953663675,4.734073462105317,7.9216580839433375,522.430507405928,1178.2427803104044,85.43453583484423,140.089600132398,,0.6811235564453135,0.2783419160566618,1.7572196895955583,,0
3.349413403676384,4.039433050467812,8.25324942926274,514.0598531720956,1159.2798559774144,85.77035044542428,130.44141678295944,,0.8291790855301598,0.0532494292627401,20.7201440225856,,0
3.2642070672238965,4.4434876841248885,8.427694903483077,522.498670425815,1222.686968240238,88.9151726235183,145.26666786816784,,0.7346047291075485,0.2276949034830782,42.686968240238,,0
2.446202938404788,4.823798402596822,8.200490509635388,480.6656666324484,1182.225852888822,80.48158193481385,140.05135073542198,,0.5071113536960414,0.0004905096353891,2.225852888821919,,0
2.5373433996326464,4.040703054422879,8.540132258404258,529.9712483916622,1163.0013913464647,89.41335542430649,153.18570245066024,,0.6279460194995945,0.3401322584042585,16.998608653535257,,0
3.59715234176433,4.132262291217254,8.140420294590125,512.7878790332621,1161.6392949200217,84.20675775144163,150.72975655791603,,0.8705043599335996,0.0595797054098738,18.36070507997829,,0
2.885451586501479,4.5233322656429005,8.214634065093898,547.3531337726904,1169.7546074766708,85.03930101041391,152.39433029937072,,0.6379039646899488,0.0146340650938991,10.2453925233292,,1
2.7670621613813617,4.328188941497185,8.127387811699691,529.8270575817996,1193.1121198029457,84.16812108929582,145.69467142173494,,0.6393117763904461,0.0726121883003081,13.1121198029457,,1
3.54847928748102,4.630395318283944,8.314379057019087,523.8450854001908,1225.9639201686282,81.2999302804802,150.8605628107306,,0.7663447811254624,0.1143790570190876,45.96392016862819,,0
3.462746667885064,4.607284580143098,8.069153193764636,499.33804091931125,1167.6474670059354,91.50156849893725,142.22692192835373,,0.7515808079356656,0.1308468062353629,12.352532994064632,,0
2.6014338451455035,3.9094525502955895,8.029493638448434,512.7429452349176,1201.390517157858,78.59105482550147,158.6737172606779,,0.6654215164431118,0.1705063615515651,21.390517157857857,,1
3.644451602504084,4.2437030164832095,8.045501077308769,523.9754677333145,1181.281725699833,84.34164850994621,127.17010374114754,,0.8587904449226703,0.1544989226912303,1.2817256998330322,,0
2.9432156513283863,4.5283583521643545,8.055372305184665,539.7120322014491,1143.4376073808658,88.06952166214002,150.37222519275744,,0.649952018322867,0.144627694815334,36.56239261913424,,0
2.605663140544532,4.167686875539922,8.167682499584265,527.7948704760959,1181.3939761759905,84.3982509256714,134.93499912629636,,0.6252060717929446,0.0323175004157345,1.393976175990474,,0
4.022470384245786,4.630304284331559,8.301698536894449,522.3898308640271,1192.1779780963475,94.04741896772872,140.54039888427596,,0.8687270072052622,0.1016985368944496,12.177978096347488,,0
2.6713413532313592,4.223344177857973,8.401344290106444,520.6128467538906,1194.485354182203,82.40935801393655,138.47077413754417,,0.6325180331274142,0.2013442901064444,14.485354182203082,,0
2.78474957916336,4.310201797061909,8.339674317714573,546.3232301205385,1195.6585536520004,79.51565072814464,132.69712372591246,,0.6460833412522652,0.139674317714574,15.658553652000364,,0
3.8052304223193705,4.7096117105393285,8.087541699760942,540.3104754083024,1162.8049357647449,80.39959558737138,135.13712770418843,,0.8079711567295295,0.1124583002390569,17.19506423525513,,0
3.135572235897389,4.736953891520328,7.9510209183906895,532.9570771244256,1196.9903185184037,86.54758344953537,129.11961455291635,,0.6619385172501832,0.2489790816093098,16.990318518403456,,0
2.7955634639328477,4.888521998001027,8.096141151026282,531.0708049424906,1133.7525890562124,91.98742158286778,131.29866688857206,,0.5718627152550654,0.1038588489737168,46.2474109437876,,0
2.9840012093485213,4.251621354835876,8.175958406958689,526.1518042061275,1189.3043181317096,86.98259996338676,120.17855649792492,,0.7018501789329405,0.0240415930413107,9.30431813170958,,0
3.1320886796965146,4.312407485500809,8.427905348137266,529.2348322670481,1151.1214516724383,79.68294792142422,138.19734409229727,,0.7262970137912377,0.2279053481372663,28.878548327561703,,0
3.044830623852898,4.422335288959404,8.207881186998458,490.3807873763858,1207.2444812687193,81.93293746367753,133.47387715250898,,0.6885119341280992,0.0078811869984587,27.24448126871925,,0
2.662467623951264,4.597431799050265,8.045654818431103,515.1203780309362,1189.0150446742448,89.97146528898192,134.86651745690213,,0.5791206351167959,0.1543451815688961,9.015044674244791,,0
3.923181654948485,4.430454346192827,8.534653608131142,533.3391051743918,1146.5502597787208,81.75545693269027,154.88929154413324,,0.8855032345461916,0.3346536081311431,33.44974022127917,,0
4.06081353602961,4.338864816119145,8.27788168502311,516.7320277397847,1184.884043429374,81.54617096210774,135.11430601263828,,0.9359161225783126,0.0778816850231098,4.88404342937406,,0
2.9332390810820748,4.554274658615324,8.059589822252716,513.5807328898893,1184.994849334166,92.89093256722714,126.89450219400295,,0.6440628421233229,0.1404101777472828,4.99484933416602,,0
2.914837819797715,4.755713225734786,8.209018045837015,536.9257373648242,1174.2577525171507,80.02374882724578,160.11802044180885,,0.6129128651853145,0.0090180458370152,5.74224748284928,,0
2.8155513773080623,4.2236683124455325,7.989328478351253,489.4037660383268,1185.861051503353,87.1815149329666,152.94544492964388,,0.6666128039328036,0.210671521648746,5.86105150335311,,0
3.7109381978914673,4.714466202184815,8.405114821272502,508.5889275942713,1189.2683245866624,83.29426446694463,150.5039001946983,,0.78713857263089,0.2051148212725024,9.268324586662402,,0
3.1187872146686035,4.941239418474948,8.349070979277048,492.99518956326784,1164.2581909283929,87.57873235565606,139.09395587958113,,0.6311750858249252,0.1490709792770488,15.741809071607122,,0
2.660735995237713,4.490705111636623,8.508917601042643,543.5467803283397,1150.158609933797,90.73371225997492,130.82937204198404,,0.5924984893242118,0.3089176010426442,29.84139006620308,,0
2.62975577228348,4.925017676387768,8.237573933535158,518.0044471850158,1154.4993502920956,88.00185024775523,121.31142598842438,,0.533958646353185,0.0375739335351585,25.50064970790436,,0
3.1871684817204837,4.244056229906143,8.086547693816966,545.2803874650293,1175.3009370541326,76.83504840300715,124.60708240879964,,0.7509722558600491,0.1134523061830332,4.699062945867354,,1
3.859560116202335,3.965345439878699,8.006560442151017,514.8660057272366,1201.4180739791036,89.31372201278602,144.52100892202486,,0.9733225449702756,0.1934395578489827,21.41807397910361,,0
3.1129528218897327,4.770262903152481,8.397091272865998,493.5092306914816,1156.6952691734157,89.9649283524495,131.76776775298472,,0.6525746870638783,0.1970912728659986,23.304730826584542,,0
3.017844937101966,4.9670020955514005,8.196054803346291,514.0433305098761,1164.9321398313955,85.09426576852442,142.9580275593448,,0.6075787524223639,0.0039451966537082,15.067860168604511,,0
2.7757069355412898,4.329297623098597,7.912214879745372,550.2877002734183,1193.3987013105343,86.37304412208252,142.82578475587738,,0.6411448637974433,0.2877851202546271,13.398701310534534,,0
3.133811500115831,4.638823873539439,8.093775703347736,534.7800860304019,1178.323398817328,82.17638327157482,132.69080633102774,,0.6755616477090259,0.1062242966522628,1.6766011826721297,,0
3.1073728647363934,4.588216890135601,8.285356055433118,522.572664277754,1128.5833742507632,83.52239875781672,137.9165737962488,,0.6772506484468538,0.0853560554331185,51.4166257492368,,0
3.362991745992737,3.8042661605032935,8.101889843660278,522.338473200956,1185.9792989841178,79.78021227628648,133.5514249063363,,0.8840053779685639,0.0981101563397217,5.979298984117804,,0
3.1767115386815266,4.982084896999623,7.99232579733414,516.0454273858718,1174.6502040499122,87.27310871761313,142.1555291409726,,0.6376269380630226,0.2076742026658591,5.34979595008781,,0
3.3638180559059783,4.340444987079677,8.277116382267945,510.5115212769265,1153.72323209693,84.41004858863168,140.93409899558893,,0.7749938232471911,0.0771163822679454,26.276767903069867,,0
3.2755373383598725,4.893113030469253,8.453793534206044,525.6449774893317,1159.4207755236716,85.56655726397702,151.39919675396226,,0.6694178771865256,0.2537935342060446,20.579224476328363,,0
2.4719599837902035,4.934751126307769,8.250262157316412,492.5943817605117,1187.828453527979,86.33496914985368,138.21977130346804,,0.5009290073639073,0.0502621573164123,7.828453527979036,,0
3.236989696065109,4.655634157892028,8.195596981792438,521.1440095866266,1197.7442625720475,80.69166475619056,147.43961634326843,,0.6952843770773143,0.0044030182075616,17.744262572047546,,0
3.3296626128205555,4.245951213560659,8.57045666879294,515.496765914868,1155.4694123146546,85.45440995444837,142.9880005316827,,0.7841970961423507,0.37045666879294,24.53058768534538,,0
3.6410865889409,4.858988417177809,8.076318060248425,516.2076709702461,1180.7790066060504,79.62289109448619,151.87807340653748,,0.7493507445540198,0.1236819397515738,0.7790066060504159,,0
3.2304788749403177,4.602023959316621,8.167823950151998,503.8913102170277,1169.9793284395032,76.29313298796602,139.60171977370857,,0.7019691559185319,0.032176049848001,10.020671560496794,,0
2.846629934547419,4.292105800002033,8.141156803074578,525.7900749009272,1167.1303277407774,88.60889690248322,131.33650832708727,,0.663224549097286,0.0588431969254212,12.869672259222623,,0
2.3645505217424967,4.233813056577088,8.054030572480194,547.3327669616466,1188.469330927934,75.43299936092447,133.66977493592893,,0.5584919526644555,0.1459694275198053,8.469330927933925,,0
3.503170113952988,4.1578234369638745,8.090655955294253,509.7579692069614,1173.8406766185792,78.0179119312952,135.74632941737858,,0.8425490322572532,0.1093440447057467,6.159323381420791,,0
2.8106743347985503,4.125828439738028,8.17728510910677,526.4707228164748,1176.9871474999777,78.20986675843363,154.1316712673482,,0.6812387803249951,0.0227148908932299,3.0128525000222908,,0
3.1570456896414294,4.379542898058266,7.917129864091215,526.0725016420353,1196.0183904584028,83.76658322905404,150.4110643722772,,0.7208619169640489,0.2828701359087846,16.01839045840279,,0
3.340871588298498,4.3789856624368975,8.257860482838783,547.4864635461839,1163.8508217359645,83.49693001247212,144.48481754040674,,0.7629327531701431,0.0578604828387838,16.149178264035527,,0
3.200836755328745,4.1635782585201575,8.342388351015318,495.8785769932091,1158.6355161120223,80.42174628319972,137.65912795223736,,0.7687706477018722,0.1423883510153185,21.364483887977716,,0
3.301095659648098,4.34427668698252,8.191204237785604,524.6486022336273,1217.6017745598815,87.45232079755954,164.7738676078249,,0.759872332436801,0.0087957622143957,37.60177455988173,,0
3.256262511933215,4.456845750184755,8.415419408657378,537.3398856717153,1206.7005164866923,84.80240549257866,129.13924224733256,,0.7306204194003368,0.2154194086573788,26.70051648669255,,0
2.8904057007796866,4.854214310005242,8.090386562278354,535.1716872956783,1178.052105032688,87.38645057307191,138.44280343547604,,0.5954425403564687,0.1096134377216451,1.947894967312095,,0
2.6138258493079523,4.283528681124247,8.217289145765294,508.5509394740049,1159.1372351479208,86.64045669890612,154.7145232253988,,0.6102038863929652,0.0172891457652948,20.86276485207918,,0
3.713825392518849,4.678240949114869,8.231586546930307,504.6628128808906,1210.0288610356686,89.92666926170193,144.8512257835223,,0.7938508153214425,0.031586546930308,30.02886103566857,,1
3.519524717386905,4.563305188614325,8.165799770529123,522.104799058029,1173.9066122118984,77.28298343784121,162.4571058797561,,0.7712665647252849,0.0342002294708763,6.093387788101609,,0
2.788922906385564,4.7114132724022415,8.160686985243387,536.3709227006615,1169.3750124617588,81.97644634654353,140.4992759546905,,0.5919503861251394,0.0393130147566118,10.624987538241156,,0
2.6715848367812263,4.387663964397305,8.25222742631247,485.0615729386564,1215.1048349236462,87.31484790677983,134.08577671945292,,0.6088854702297861,0.05222742631247,35.104834923646195,,0
3.356205662688145,4.5253705246997455,8.060045974456392,500.60738788239456,1169.4515383772248,76.68658726439277,140.6119828524386,,0.7416421801547806,0.1399540255436075,10.54846162277522,,0
2.878090501392879,4.475857143006468,8.255216474093272,527.2095681645327,1185.812706886247,82.7663263464446,144.98214798290726,,0.6430255499210633,0.0552164740932727,5.812706886247042,,0
2.8356219235840605,4.872483119425651,8.083891252243923,522.8929112823281,1162.339930385951,77.8037408848747,129.6257234290997,,0.5819664950088829,0.1161087477560762,17.660069614049007,,0
3.04722780133073,4.416131930256603,8.267949672392401,541.9101878630091,1166.805725563317,86.65458662573651,139.684602613477,,0.6900219125617577,0.0679496723924018,13.194274436682916,,0
3.257789662750852,4.041194889433132,8.010760316312997,566.9195824523133,1194.7823501838766,89.15364266892219,141.00806846368656,,0.8061451504017129,0.1892396836870027,14.782350183876588,,0
3.3844229836295576,4.688159812496243,8.125609628983176,548.8877775462487,1188.700054558809,83.18321780147865,141.15026229814342,,0.7219086204967892,0.0743903710168236,8.700054558808915,,0
3.847884508414336,4.646595615871891,8.34372888810923,518.6973580712975,1218.5107157205748,83.14140089278997,134.7540760350403,,0.8281083239614359,0.14372888810923,38.51071572057481,,0
3.674927379732512,4.638382030168782,8.047056231380985,505.1324821899744,1207.694197681536,90.55267522587766,124.317112104549,,0.7922864815873094,0.1529437686190142,27.694197681536025,,0
2.765458631043253,4.494458344260877,8.063049072072666,495.57152927729226,1221.1278663687906,83.85296399897734,133.89944323255315,,0.6153040964233776,0.1369509279273337,41.12786636879059,,0
2.901187058171564,5.0384577965871,8.221149860106241,527.5408693103042,1221.324726398456,82.84756363392192,135.282772478106,,0.5758085459326329,0.0211498601062416,41.32472639845605,,0
3.470631537482744,4.545540920185448,8.252950761658145,486.9788373578802,1165.2898615108074,88.60668950670933,151.1056164240139,,0.7635244292504633,0.0529507616581454,14.71013848919256,,0
3.2224314489213937,4.725378307510356,8.37107187836265,517.2411794622886,1154.983144986454,88.27206537511847,145.1771172496399,,0.6819414740017384,0.1710718783626514,25.01685501354609,,0
3.591674413109472,4.595897853199579,8.091832069137762,525.2787163244061,1218.7474151903134,86.73712139291649,156.82136023947717,,0.781495700525093,0.1081679308622369,38.74741519031341,,0
2.8037408370975334,4.125704726121243,7.96680074992306,552.89844013791,1162.541032160488,84.30693612801927,142.39373272607767,,0.6795786471742672,0.2331992500769395,17.45896783951207,,0
3.218479972102948,5.064150271406706,8.147955808375103,523.5928536485756,1181.0970024460762,89.22382983763333,145.55744854398358,,0.6355419564935986,0.0520441916248959,1.0970024460762031,,0
3.3771047889953643,4.805584032957641,8.314006125434107,505.34488903271824,1173.3258721447105,85.01944071136754,144.01878453749686,,0.7027459649299168,0.1140061254341073,6.674127855289726,,0
3.8540975969596714,4.589008086466507,8.065488039953934,531.1004264856554,1157.9880423842178,83.79936283660174,134.7035427206374,,0.8398541740394786,0.1345119600460655,22.011957615782197,,0
3.090847646363193,4.310979024873275,8.097503473799316,523.2160229535451,1165.856172329734,85.07333872559784,149.43927628519387,,0.7169711631192824,0.1024965262006833,14.143827670265864,,0
3.604912005386373,4.999765281915651,8.097205596786436,537.8187597708437,1158.3816529306123,87.84188159312599,146.95089182969576,,0.7210162480435763,0.1027944032135632,21.61834706938771,,0
3.0221300459328155,4.062470024221627,8.320961834706141,547.6116069747189,1144.963628161197,86.71718119658729,152.53102789399497,,0.7439144232868387,0.1209618347061418,35.03637183880301,,0
3.2643704059770213,4.430764405112599,8.158906056259505,514.9217356876562,1168.730605470648,89.66568721191389,143.1500009038001,,0.7367510674847794,0.0410939437404938,11.269394529351985,,1
2.9014461495916666,4.6805488983989,8.197835547995691,531.6240659339738,1195.8364452181916,85.33859284227552,144.97771291400096,,0.6198944209223591,0.0021644520043082,15.836445218191557,,0
3.200570428099927,4.955264567789543,8.001965698187792,557.4102029242794,1222.7537997640577,81.78189802483237,149.37471493916345,,0.6458929455065913,0.198034301812207,42.75379976405748,,0
2.936203882479385,4.587234079336314,8.35670360527634,550.3912798706998,1185.0115752112947,83.96393963575728,144.70426222893212,,0.6400815461032928,0.1567036052763413,5.011575211294712,,0
3.314060451986239,4.401604107780827,8.160802901907752,506.3684031643549,1161.8919501948317,82.84248281697106,136.55032331159333,,0.752921064703427,0.0391970980922469,18.108049805168548,,0
2.807776910734733,4.244247472759752,8.002380145493728,496.2926131113469,1199.6335362611262,83.63870190862883,149.70855709435807,,0.6615488206316756,0.1976198545062715,19.63353626112621,,0
2.8027255088951617,4.526768318530862,8.334785918304663,537.5642447417488,1174.6873023226688,83.80495095194988,159.18597556282765,,0.6191448978739928,0.1347859183046633,5.312697677331244,,0
2.6168903182034384,4.4713226902281855,8.366059601771376,512.271179477595,1185.116345639616,86.76723112586605,141.9394249615243,,0.5852608945753878,0.1660596017713764,5.116345639615929,,0
3.77581908065718,4.282209153123032,8.366315135929241,545.9327904703962,1209.832859466185,84.4276038964747,147.356595703265,,0.8817456001703501,0.166315135929242,29.832859466185027,,0
3.924624427523155,4.82309247251571,8.312098747062281,493.7804085991001,1201.1314077221375,85.33471766845258,131.83829181862507,,0.8137153598181724,0.1120987470622818,21.131407722137737,,0
3.710575376446561,4.476736722273967,7.987223771913734,507.024673058184,1126.6045170208156,84.55897761982611,134.85402062774403,,0.8288571800873986,0.2127762280862652,53.39548297918441,,0
3.692929853632121,4.378886824773174,8.257136263856315,516.0580415509942,1186.8872844232744,85.2923408435956,149.21255005209767,,0.8433490063950363,0.0571362638563162,6.887284423274423,,0
2.674017911805608,4.301399729411632,8.273744743622375,502.6721542671329,1169.6186304614769,85.60399254774556,139.84097534531875,,0.621662267958926,0.0737447436223757,10.381369538523131,,0
2.85549369092829,4.2841245235433885,8.216063865099967,501.62908440186914,1181.8206224044843,86.92283264553308,141.3853745712712,,0.6665291063715371,0.0160638650999676,1.8206224044843111,,0
3.565674131044969,4.836047971591805,8.375366544571479,508.5634586402667,1151.963319956568,89.73343793769679,146.17416576608127,,0.7373115716083356,0.1753665445714798,28.036680043431943,,0
2.962198335479946,4.805350102274236,8.08566516767027,536.1852625584899,1176.9684824130695,89.61229501167685,136.5769301481295,,0.6164375689216867,0.1143348323297299,3.0315175869304767,,0
3.1794229584779785,4.763111185862462,8.45503195667253,514.5787528298193,1148.8473430066006,83.28104370917852,149.53785953686588,,0.6675097082023642,0.2550319566725303,31.152656993399432,,0
2.6861742790831977,4.669550367894003,8.121750415087458,528.8630922270348,1198.4121582359642,78.21156574799963,145.9122719231574,,0.5752533042532371,0.078249584912541,18.41215823596417,,1
3.3201885327466543,4.659547876534978,8.17340637102368,563.0089854537206,1210.968220039368,76.99372941146811,150.82089136101945,,0.7125559431966005,0.02659362897632,30.968220039367907,,0
4.129580307873218,4.868048811937801,8.11421002338909,543.6385252920415,1162.1975197349284,86.25055363006373,154.96209376435664,,0.8483029785769697,0.0857899766109095,17.80248026507161,,0
3.6847472650101167,4.303865586533605,8.309823522141233,529.1762644694292,1218.179965112252,83.96269766384806,146.29490682357414,,0.8561483136655568,0.1098235221412338,38.17996511225192,,0
3.276269163518016,4.1341504893050205,8.27162375313778,493.7696129808648,1197.7309179459016,91.24730418248916,144.31364800367191,,0.7924890908546222,0.0716237531377803,17.730917945901638,,0
2.727280077061283,4.9932023516641575,8.400657005674697,513.0468211083603,1196.417019119846,89.08582760956733,137.50363101469816,,0.5461985884882322,0.2006570056746976,16.417019119845918,,0
2.676813403318208,4.289659172939106,7.873403139490211,535.1083730409026,1188.265948545954,78.09035017811661,144.52818145477028,,0.6240154042028809,0.3265968605097882,8.265948545953961,,0
3.403678711721713,5.00100316316297,8.192595168308301,514.1504363631002,1197.9537072771573,85.57336283979517,141.980307842155,,0.6805991918006304,0.0074048316916979,17.953707277157264,,0
2.928104270003667,4.575237066610994,8.276609787616575,505.1317504738988,1201.745124226116,81.23262804838699,140.81409091630033,,0.639989628238566,0.0766097876165758,21.74512422611588,,0
3.239356725442429,4.360192835481136,8.284884482832606,552.7016104091479,1130.1688220488788,86.43783395896023,142.95607634302488,,0.7429388669095495,0.0848844828326065,49.83117795112116,,0
2.6171790173054323,4.321824659774953,8.137783609635315,497.8590658857317,1192.698564737203,89.26641085574795,145.3726027716318,,0.6055726973514335,0.0622163903646839,12.698564737203014,,0
3.0370059427127902,4.536432450391256,8.22654909799506,516.8718848630028,1224.115572037635,77.04759621435817,137.7832044355253,,0.6694701123084916,0.0265490979950602,44.11557203763505,,0
3.029297612751055,4.310521761751179,8.27046326134233,511.3958393265156,1182.1190831583444,86.8858883893239,142.05765283955245,,0.7027681982557985,0.070463261342331,2.119083158344438,,0
3.075070071319634,4.514535109406252,8.068284702967503,500.9779543288696,1200.941511553579,94.3804984404356,144.3229059793172,,0.681148777474657,0.1317152970324961,20.94151155357895,,0
3.865720557997774,4.655574139731853,8.062899351752455,551.4463384811319,1169.9115249527315,83.25063791379391,153.1019825905486,,0.8303423898196335,0.1371006482475447,10.088475047268275,,0
2.9352695528545327,4.66331453176004,8.312717523351255,500.7753535627459,1133.79707707872,86.57566555762033,145.8226937337581,,0.6294384674750337,0.1127175233512556,46.202922921280106,,0
3.060787577831962,4.1077331429537045,8.201409486072714,504.5908604484041,1160.6852625848203,82.38809416327531,144.55541814086132,,0.7451281450298755,0.0014094860727151,19.31473741517948,,0
3.208557757052536,4.7304332875943285,8.185398376024148,540.8768173641816,1245.2467259794955,83.11238479049507,147.2127333691632,,0.6782798871276282,0.0146016239758512,65.24672597949575,,0
3.172813286449056,5.032757455590744,8.293997642557413,524.3376116099937,1244.156138927768,83.74867005098396,159.17354823039014,,0.6304323849928507,0.0939976425574133,64.1561389277681,,0
4.23740771996752,4.829127181979354,8.051412946891865,501.9540154317667,1172.344044354186,83.83567009533827,146.1454639416862,,0.8774686520791176,0.1485870531081339,7.655955645813947,,0
3.256855452797411,4.372314619002614,7.964751259971989,518.9136174019087,1188.8876560277324,82.40433879733412,145.2126169586893,,0.7448813124970096,0.2352487400280098,8.887656027732419,,0
3.3260553729043454,4.5887280929919045,8.10445050179471,503.5504247317365,1214.2780625816667,87.91067098488966,153.274739890258,,0.724831653734115,0.0955494982052886,34.278062581666745,,0
2.72761547291541,4.498473663404522,8.122379720609791,517.865459483036,1182.065883084984,77.7720226827301,147.9153405765592,,0.6063424344346969,0.0776202793902083,2.0658830849838523,,0
3.2494429219646395,4.266697198439698,8.031133631963222,515.5905159918078,1196.23176345319,91.50342174255384,128.56642061677354,,0.7615827348590276,0.1688663680367774,16.23176345319007,,0
3.2562095575341568,4.283647701227135,8.32930355182425,497.4148680730629,1228.248512972758,83.90808439971673,133.15417056349722,,0.7601487759698825,0.1293035518242504,48.248512972758135,,0
3.5171188528774597,4.448883517464823,8.121664279604044,526.0078188060703,1190.6282411415464,87.04890388730166,146.1427157296837,,0.7905621350345248,0.0783357203959553,10.628241141546368,,0
3.267912837360062,4.2851709443790185,8.302336331929911,506.38098622434353,1193.5989321979412,81.97106429356437,132.20053459023228,,0.7626096785903179,0.1023363319299122,13.598932197941169,,0
2.8995126410820045,4.703335011876125,8.467284584350018,483.2734792702017,1177.8959882631482,86.62653026090017,146.24000162417178,,0.6164801429505083,0.2672845843500191,2.1040117368518167,,0
3.5627811852189075,4.346508148584005,8.26376928095527,530.2770240250289,1162.2474424930217,90.24106273879384,150.24303272917086,,0.8196881410563773,0.0637692809552703,17.75255750697852,,0
3.1187752741093675,4.286334668985411,8.080083659714504,520.8491459513632,1203.6843146468975,92.76071785477966,142.7118610206208,,0.7276089046308608,0.1199163402854956,23.68431464689752,,0
3.5010791380765065,4.509692647852301,8.247349901840696,497.7606850785672,1214.6134197658148,89.33979653682573,141.84282268267458,,0.776345398830565,0.0473499018406968,34.6134197658148,,0
3.013412992711168,4.913026899330684,8.461931702168608,531.5768897789678,1161.835318276134,86.81638062376304,141.27166515065056,,0.6133516168023305,0.2619317021686083,18.164681723866124,,0
2.6788787061233377,4.199021799693432,8.403639404394779,533.856251853695,1131.838348305084,86.59598819506499,144.9750312459206,,0.6379768511039748,0.2036394043947798,48.16165169491615,,0
3.643419694683432,3.842595611961305,8.536558816339685,520.0064509681017,1110.755854534612,81.28733693848362,131.16617520704702,,0.9481663077930864,0.3365588163396857,69.24414546538787,,0
3.454207860811775,4.437277578925842,8.138973280061087,528.5706338440234,1187.2168664943863,77.8510456886741,147.00049736920596,,0.7784520572791174,0.061026719938912,7.216866494386522,,0
3.830648650508284,4.6344112247317,8.132527405610137,496.2217607868389,1178.6047853243454,82.76424395130665,150.41782981123905,,0.8265664102571056,0.0674725943898622,1.3952146756546426,,1
3.4005888449366326,4.2200443094141535,8.29654186957052,532.1944050294469,1222.589052055095,87.38559740714075,152.75441254026347,,0.8058182793352945,0.0965418695705206,42.58905205509495,,0
2.4689331312887584,4.561521688490344,8.033931140286166,520.0058456992963,1174.4478249970412,87.62528233840288,129.93851431794607,,0.5412520863327542,0.1660688597138335,5.552175002958848,,0
3.1374553435741093,4.446456597315608,8.21741360723698,548.0979808846886,1215.142014345728,73.68341860221732,153.39606662715508,,0.7056079991341037,0.0174136072369801,35.14201434572806,,0
3.5479425218192224,4.508076317761873,8.085116603792567,486.137325709955,1161.0530366974688,79.0292545090879,143.00945711964252,,0.7870191786801098,0.114883396207432,18.94696330253123,,1
3.4194460848939108,4.57500002974699,8.043839290133253,515.3919012189195,1193.50199157085,83.6218182374873,145.20763469749647,,0.7474199042432783,0.1561607098667465,13.501991570850125,,0
2.9140343116218976,4.6051252164789975,8.08663403832289,501.3265818171987,1167.0313409760909,81.84220456591731,143.97073727853905,,0.6327806897761489,0.1133659616771094,12.96865902390914,,0
2.480775470361489,4.283067672260442,8.268043443760032,508.39737299923166,1175.27741248442,80.83698760741235,138.60587445049282,,0.5792052938713022,0.0680434437600325,4.722587515580017,,0
2.837009454431497,4.895580922635127,8.11351462738416,518.4645575020558,1109.8015509596523,88.59085141869365,132.8121888049968,,0.5795041484729305,0.0864853726158401,70.19844904034767,,1
3.033911443842596,4.613224098234782,8.241782024147565,510.8483799216795,1148.8184570670169,84.16350172258329,132.23893815543775,,0.6576553357435736,0.0417820241475652,31.181542932983348,,0
3.2240350279213903,4.642896624225792,8.360153295695028,504.39776812231554,1168.380840886981,88.50230592268666,147.22605508322937,,0.694401639356896,0.1601532956950286,11.619159113018668,,0
3.833587641838815,5.186508729405583,8.301701440546932,504.8785645324447,1168.2179868178928,77.07270563205351,132.3163042547598,,0.739146088652015,0.1017014405469325,11.78201318210722,,0
3.019323220689425,5.01012792708458,8.380531518569958,549.0045202086228,1200.4407191434516,84.1428081152488,142.7194359988368,,0.6026439372464769,0.1805315185699587,20.440719143451588,,0
2.802752899341836,4.553751515601316,8.287542946850635,523.6759344027405,1155.0709009965954,81.95056996048096,148.01868536737928,,0.6154821775241844,0.0875429468506361,24.929099003404644,,0
2.9167773274578512,4.453649137490211,8.167110907455209,488.4826542254775,1200.6606794209915,85.43579244518686,136.79967349376454,,0.6549185256310155,0.0328890925447904,20.660679420991528,,0
3.761186806238031,4.566386817912801,8.469483052189922,504.18530138479474,1135.411672516589,73.88500835522328,156.8106197868073,,0.8236680236243152,0.2694830521899227,44.58832748341092,,0
3.731548924310689,4.060741267156834,8.09689253269789,528.0018975766022,1193.901580293289,93.18868556137475,140.20333973380343,,0.9189329430004376,0.1031074673021095,13.901580293289044,,1
3.806388837545296,4.802728161531214,8.1372048597085,515.8789726457284,1169.960901516445,83.05738383542943,143.8776464257864,,0.7925472166509604,0.0627951402914988,10.039098483555335,,0
3.0610201495393983,4.25208178979778,7.878068975011546,522.1288415537158,1154.051763545781,86.51941386201972,140.10962072309292,,0.7198874104830159,0.3219310249884533,25.948236454219117,,0
2.740562386367695,4.537797622713794,8.18477020581298,531.7653901936723,1204.9530382392988,89.03246455860916,135.9463855501054,,0.6039410775055196,0.0152297941870198,24.95303823929885,,0
2.964749841265911,4.7979748139889375,7.880121993731597,488.34898328565504,1223.0859397935255,90.36926585949186,150.83814367326156,,0.6179169244498727,0.3198780062684019,43.08593979352554,,0
3.870337381012929,4.563323882492835,8.100336606427401,530.294810210022,1207.6550550052334,82.78272762047582,137.29070835434229,,0.8481399698612924,0.0996633935725981,27.655055005233407,,0
2.4917411457835783,4.2352665997792736,8.220724496028977,539.5452642226929,1181.3732157792083,89.5770385639031,137.7625683376636,,0.5883315929450833,0.0207244960289774,1.3732157792082944,,0
3.689715500739145,4.152394774746647,8.372443269248487,491.4769601512821,1221.2144131773136,89.4325031054158,130.78290518025284,,0.8885753161741933,0.1724432692484878,41.214413177313645,,0
2.4468547705692143,4.371934427118061,8.100663381850815,523.5845283001354,1193.3647206338424,83.8170115231527,139.6309910073046,,0.5596732546655521,0.0993366181491843,13.364720633842351,,0
2.6488672397219326,4.402475142006222,8.344107639877492,477.0573839551492,1176.20562426885,85.87202051416784,136.7445218815438,,0.601676818988956,0.1441076398774932,3.794375731150012,,0
3.120463508295466,4.563878791498327,7.968269902938989,524.4229255386224,1148.7950858702752,80.75746814051196,156.1778812735564,,0.6837305831663604,0.2317300970610105,31.204914129724784,,0
3.19363503310178,4.339558128567213,8.085766915261344,525.2567982620387,1155.142067448445,83.23234064535278,147.96589571145844,,0.7359355348513982,0.1142330847386556,24.857932551554995,,0
2.785921136455056,4.330921344044527,8.192123644459373,501.304614895737,1203.3096372808689,86.44532397185041,136.59976051815357,,0.6432629259459369,0.0078763555406258,23.309637280868856,,0
3.2188257024660056,3.8807164257533056,8.268034781945735,511.656338515766,1166.5824022253346,90.90680760554892,143.87946687215867,,0.82944110017308,0.0680347819457356,13.41759777466541,,0
2.3415190751022354,4.843646030037306,8.372027512692458,516.2346705228977,1151.8046364240035,84.16676963861009,137.6821128233857,,0.4834207661125849,0.172027512692459,28.195363575996453,,0
3.179482817025292,4.249256759725931,8.15430938705433,520.028946222418,1192.0342780325727,83.33437075259538,136.5761864840099,,0.7482444568687626,0.0456906129456697,12.034278032572727,,0
2.860561984330283,4.838860781984612,8.230975232322681,511.31512041727154,1175.5151723140907,84.86738922371808,128.2983926195327,,0.5911643489288169,0.0309752323226817,4.484827685909295,,0
2.8919706777264733,4.8735616981619945,8.21894442344159,539.5411686371913,1176.4775182619896,78.84695657738644,135.1710330713234,,0.5933998287584511,0.0189444234415905,3.522481738010356,,0
2.997640420722833,4.636698430151742,8.08834310852884,526.2279969199762,1161.3485242941083,80.08986008331705,149.08482021524128,,0.646503210254765,0.1116568914711599,18.65147570589147,,0
3.2459564389486366,4.938091919735924,8.38567845111461,508.6371208733828,1115.832021615233,82.80166550806129,142.20742014505427,,0.657330096533499,0.1856784511146099,64.16797838476691,,0
3.7236579668297054,4.449715505691798,8.360097746388197,539.1064785863322,1150.8662078534096,80.80426619254803,141.10319062799016,,0.8368305706802612,0.1600977463881978,29.133792146590395,,0
3.106985546896522,4.237621563722078,8.028090216909161,528.75513328805,1139.309458990411,77.29393067614578,138.35531294040752,,0.7331908948080625,0.1719097830908378,40.69054100958897,,0
3.501938298638276,4.1663897468727376,8.282721586236276,498.40069178653687,1203.5013849699476,85.13124668386673,138.76438467161094,,0.8405210531314995,0.0827215862362766,23.501384969947598,,0
2.582019429143849,4.112101314326063,8.379224778402836,520.5851380543079,1234.9167346160534,93.38055585346304,151.54146415402107,,0.6279075419471059,0.1792247784028369,54.91673461605342,,0
3.107588480055338,4.363355808752237,8.300476074220846,530.2887840170507,1175.716275208615,85.09278841185058,143.9292850515037,,0.7122014833421974,0.1004760742208468,4.283724791385112,,0
3.693644343390389,4.37745906742295,8.033349982115372,536.1608056545407,1107.7028525458982,75.36851985308574,147.77921455872942,,0.8437872943312485,0.1666500178846277,72.29714745410183,,0
3.1890976147923418,4.642496097191182,8.032901826919302,552.2750575593335,1182.0043676472662,88.14301969661138,144.2277343438471,,0.6869359817092542,0.1670981730806975,2.0043676472662355,,0
2.8583060186690403,4.489827094394151,8.052506989177148,540.5206357868951,1216.487678440258,87.18947796343488,148.50410553256714,,0.6366182834971992,0.1474930108228509,36.48767844025792,,0
3.1979840419688843,4.471615368035904,8.207968429050903,514.9050478125711,1181.6285773718123,87.62039858007414,148.73444729734496,,0.7151742218513711,0.0079684290509032,1.6285773718125256,,0
2.8824717371446664,4.5921911484743925,7.933292391882081,484.89865990079386,1194.199076859552,80.36441582759295,138.0163274417675,,0.6276898420211853,0.266707608117918,14.199076859551951,,0
3.7397066494758,4.118489620210814,8.362275417869624,532.0213331248804,1190.312879091308,87.27983748830906,145.966495783449,,0.9080286691062114,0.1622754178696244,10.312879091308105,,0
3.1951104559846986,4.753664280367261,8.22042547639368,515.900515294049,1175.9807429292473,88.02950986460388,148.57710344207152,,0.6721363282864631,0.0204254763936813,4.019257070752701,,0
3.2431795884900336,4.549578020134731,8.528476838215251,521.0047491651768,1158.363892937998,85.5432344060853,139.80291616072324,,0.7128528345758839,0.3284768382152521,21.63610706200211,,0
3.881136579019521,4.057875848714107,7.9953077569829425,500.1565576315778,1179.9714712828504,84.70260322054234,154.35532463914558,,0.9564453725938812,0.2046922430170568,0.0285287171495838,,0
3.073867164039615,5.324834303086053,8.411444208865671,511.4455291700223,1180.7868743062909,91.7331055206375,151.47426910832408,,0.5772700122670219,0.2114442088656716,0.7868743062908834,,0
3.1902694088799644,4.627765644941504,8.269109219503202,525.3721406046471,1126.34813636877,84.2773507335632,141.3356078321372,,0.6893757491107599,0.0691092195032023,53.65186363123007,,0
2.8133213259191607,4.640703707320215,8.371994723137924,520.4578574418349,1176.7486310824456,89.23538365173114,145.067640783811,,0.6062273100683457,0.1719947231379244,3.251368917554373,,0
3.508061985464418,4.338022009692523,8.035724174605972,510.4306786300488,1156.1494183036698,87.053142105907,146.94427325093335,,0.8086777745289472,0.1642758253940268,23.85058169633021,,0
3.203457697969788,4.460148903184968,8.252744324896103,522.7629066833094,1124.103208808589,89.88974430866473,144.90434092037472,,0.7182400782547812,0.0527443248961034,55.89679119141101,,0
2.9118641996933805,4.456452185696898,8.260391228065938,518.699284821575,1178.5677421558053,90.89832314365704,138.668310162836,,0.6534041155845185,0.0603912280659386,1.4322578441947371,,0
3.5125162549438427,4.273296017145185,8.383148907207083,511.3789143776693,1146.755074560431,87.60841104114864,152.40080707509307,,0.8219688596411449,0.1831489072070837,33.24492543956899,,0
3.0777015068824136,5.339813721914395,8.029668508564077,534.611647766509,1171.2344298009864,86.2695655989601,137.0738375030108,,0.5763687024652702,0.1703314914359222,8.76557019901361,,0
3.728098336772948,4.081832766679737,8.214580089220615,534.3390069886985,1181.7896118765132,92.50360019248498,153.03477300314648,,0.9133393132350536,0.0145800892206153,1.7896118765131632,,0
2.2712962477475345,4.404235174054861,8.326984280634054,526.4412699330993,1190.017581719928,86.36590238350887,145.03829559373244,,0.515707303872401,0.1269842806340548,10.017581719927875,,1
3.190438002352016,4.662550021215572,8.03647860137,514.2156142096497,1220.103486142286,87.37465905979892,142.01171105658585,,0.6842689058885353,0.1635213986299994,40.103486142285874,,0
3.05653399235376,4.436769053236267,8.002547676830867,529.5949218935272,1111.1095730338209,91.7549797816937,141.9217555470437,,0.6889098699954539,0.1974523231691325,68.89042696617912,,0
2.9554407630854804,4.809157831315621,8.007168557163132,508.21975060351497,1177.0189205334495,87.67092415551015,145.1270215154217,,0.6145443477080537,0.1928314428368676,2.9810794665504545,,0
3.804709587810029,4.476283719849501,8.12387135831952,538.9092099567602,1212.2197615532475,76.94134312039834,150.10448646777328,,0.8499706062170647,0.07612864168048,32.219761553247736,,0
3.299337515979927,4.952228236036795,8.117258376391325,525.4324401217015,1166.7794496809297,75.13645039987577,150.0250452540878,,0.6662329274940914,0.0827416236086744,13.220550319070526,,0
3.2048035199616205,4.055134826909663,8.283724601311011,526.0129937634966,1185.7807286128536,78.62905525242728,149.33075241297547,,0.7903075128117576,0.0837246013110117,5.780728612853636,,0
3.839733759365999,4.188569645839118,8.23459008582695,540.9056504657277,1168.2094911520985,81.10488674496234,120.11048169386338,,0.916717181070066,0.0345900858269505,11.79050884790172,,0
3.245875853005556,4.27658705168474,8.1982626456128,518.3622000926906,1153.7579607988932,84.43196163443513,126.03154174280304,,0.7589874385856056,0.001737354387199,26.242039201106763,,1
3.055367316150454,5.013926375967192,8.098351395702426,526.8736310918206,1226.968085422596,86.43572543996612,127.88266139039592,,0.6093761827429496,0.1016486042975728,46.968085422596005,,0
3.372105909088821,4.195648967443852,8.206887073959017,510.7525362698005,1181.7302776250287,80.30454915236953,145.72378140525092,,0.8037149757882441,0.0068870739590174,1.730277625028748,,0
3.420348985883115,4.058004925821779,7.946972472584078,532.7950823938182,1215.7759247044976,81.13894412385842,149.17798859732687,,0.8428646705862738,0.253027527415921,35.775924704497584,,0
3.0158118611618185,4.162370453042087,8.1074614374034,511.5824969537319,1193.023443094369,88.7579807561569,149.14658230262393,,0.7245419153485383,0.0925385625965997,13.023443094368986,,1
2.608091205131958,4.52719476001294,8.262664686469897,508.6656107013399,1206.3367649546244,89.53926275599312,143.7804599576949,,0.5760943239270777,0.0626646864698976,26.33676495462441,,0
3.206494760379158,4.542771992596843,8.240347012437152,512.7648285653637,1189.626587619884,88.90312554061518,148.01087507392575,,0.7058454100049039,0.0403470124371523,9.626587619884049,,0
3.300265834817585,4.889175986182661,8.257730593985226,539.3965027914898,1197.7199528476865,83.68976812459957,154.24623326035183,,0.6750147352988475,0.0577305939852266,17.7199528476865,,1
3.898293094504536,4.864973775937595,8.103770409206593,509.1200111134365,1163.190988793927,95.8269957030729,139.97531000177676,,0.8012978637180721,0.0962295907934063,16.809011206072682,,0
2.817851168988448,4.432918641964036,8.212320168601355,549.7432009004837,1184.5322392749486,80.1546226900252,147.12248123023784,,0.6356649864217482,0.0123201686013558,4.532239274948552,,0
3.265194693604867,4.404126977148711,8.210930998330676,494.3483795920636,1169.2061854141614,82.30435901509753,137.2994335793563,,0.7413943126084439,0.0109309983306769,10.793814585838618,,0
3.3629058774230542,4.481803892778357,8.270272456245605,531.872907285366,1181.9865823082575,88.23508409489884,151.9438972965631,,0.7503465026864389,0.0702724562456058,1.986582308257539,,0
3.2860723568854917,4.433891060836002,8.21590504027252,510.1259565126219,1128.1768330324808,84.88490202770556,130.60155568629915,,0.7411260924224833,0.0159050402725213,51.82316696751923,,0
3.264832502153661,4.757146512535532,8.149450688446269,510.2992530300804,1179.751097150569,91.25905188968166,134.56250889096128,,0.686300599080608,0.0505493115537305,0.2489028494310332,,0
3.2894506418503755,4.355285444043209,8.097889951450787,524.3652387774654,1185.8152906680778,75.90612734211695,140.9788862591614,,0.755277853394002,0.1021100485492123,5.815290668077751,,0
2.6881576699125707,4.827264622675012,8.078915517830012,507.8112805402776,1165.4595998109514,85.32408383847758,143.59616896202513,,0.556869755332797,0.1210844821699872,14.540400189048569,,0
3.5357825212926257,4.686388125081059,7.960335298859831,507.0484647622244,1193.1719770167742,80.16937141592123,134.48113138537877,,0.7544792335092794,0.2396647011401684,13.171977016774235,,0
3.6040984062533776,4.568526832236248,8.156255003637769,536.6806686610162,1171.4408219812883,83.76558234321925,162.29079088331798,,0.7888972830439326,0.0437449963622302,8.559178018711464,,0
3.010869871003552,4.160608935141492,7.950989165402326,497.2446732170644,1189.0140892458276,84.92797475482098,156.58902687230378,,0.7236608672469476,0.2490108345976729,9.014089245827565,,0
3.1031374010679262,3.679344819168299,8.157796926255152,483.0513627770447,1217.5604536242834,84.21925722318369,138.1976216060086,,0.8433940151676199,0.0422030737448473,37.56045362428336,,0
2.935936581546162,4.386207984081123,7.89205868417976,522.6456778181839,1158.0314283862997,81.23571977907639,139.93171385879825,,0.669356444457766,0.3079413158202388,21.968571613700306,,0
2.450499011968468,4.494336730027038,8.350368103344815,509.229652504604,1158.743354838355,85.73524549874699,137.11115572530232,,0.5452415247507465,0.1503681033448156,21.256645161645334,,0
3.382385174293476,4.552262330307205,8.330450430186076,510.812988307143,1206.90412889299,90.48806222435668,147.261445167296,,0.743011919816626,0.1304504301860767,26.90412889299,,0
3.1191557598339896,4.570567189649667,8.21972460922109,502.8448091167035,1160.581672540026,83.1821837625303,131.52948580860468,,0.6824439133539197,0.0197246092210914,19.41832745997408,,0
3.4273580948798097,4.591513290600337,7.8963407465546,492.38926423242486,1184.5909891921517,92.587404022688,153.26289218305294,,0.7464550088855847,0.3036592534453994,4.59098919215171,,0
3.290642731088341,4.6567995698780535,8.173918531293216,531.6354215040342,1173.171502352177,88.06739563288039,152.2081320745184,,0.7066318146193868,0.0260814687067831,6.828497647823042,,0
2.7805609992638765,4.364906235682702,8.230523096043589,498.031057444621,1117.6673136008876,84.09531150043946,147.07842278700525,,0.6370265129399625,0.0305230960435896,62.33268639911239,,0
3.02925388761864,4.184787278835287,8.048034523435117,527.6846942577022,1176.593313368454,83.17393812891682,141.09764627791972,,0.7238728482604907,0.1519654765648823,3.406686631545881,,0
3.286993035680728,4.306625382242843,7.900490725469639,531.5453069943117,1157.3599221731588,86.99990863120429,131.2747211201219,,0.7632409933936852,0.2995092745303598,22.640077826841207,,0
2.609748249373739,4.617910108585648,8.482597871288538,513.9111387224434,1184.6337251995242,82.66490273015526,130.2155175434501,,0.5651362169126121,0.2825978712885391,4.633725199524179,,0
3.762317202894717,4.409897173675817,8.1830448085851,515.0304680854433,1200.1784383170864,87.95845235364668,134.16648670748936,,0.853153045041531,0.0169551914148993,20.17843831708637,,0
3.3290927515533326,4.347317943429293,8.250929869133907,518.4703468104806,1156.244157015222,83.093603285772,149.3995248830638,,0.7657808317929157,0.0509298691339079,23.755842984777928,,0
2.8430021625270747,4.856813825292935,8.196869959419432,534.2391365773681,1165.3729809188103,81.96119247056635,149.70812724809758,,0.585363628133355,0.0031300405805669,14.627019081189474,,0
2.8955142216629097,4.665335047469614,8.36369189796146,526.7411545057639,1139.6532349631025,84.64607749763987,136.73441055917596,,0.6206444320891241,0.1636918979614599,40.34676503689752,,0
2.9871248075099963,4.584066412735034,8.24655746584298,536.1795338764254,1181.932320120575,91.3254168446624,151.17178221227925,,0.6516320964634822,0.0465574658429801,1.9323201205750136,,0
3.120142378588123,5.117443902068164,8.2839746818914,505.10619822696793,1175.889167055029,80.19106261685508,147.60846680501496,,0.6097071971257841,0.0839746818914015,4.11083294497098,,0
2.8711122262370696,4.674944794345666,8.196532632441931,531.2356318172942,1190.5437397888136,79.55359366688293,125.28713173151463,,0.6141489048374483,0.003467367558068,10.543739788813582,,0
3.307031641494815,4.953235756288828,8.14971315041746,512.164402287834,1186.5057501812466,82.36015067029805,136.8715845427612,,0.6676507647810672,0.0502868495825392,6.50575018124664,,0
3.227173008614996,3.8872201226216223,8.143390111161155,543.7459306409534,1184.8590767461585,79.59656712939821,137.84335454934242,,0.8302007362547615,0.0566098888388442,4.85907674615828,,0
3.6402110871249818,3.914535076188657,8.033105000475047,544.5626959283138,1165.8292273838451,87.08626978260659,150.0110325315485,,0.929921693214028,0.1668949995249526,14.170772616154863,,0
2.566224676974187,4.395660289511599,8.20275588284676,492.4095989705929,1202.289160304877,84.36523646326826,145.16152623769915,,0.5838086902469688,0.0027558828467615,22.289160304876987,,0
3.5523498763375643,4.4950417688417765,8.260024906257526,502.7622904087926,1193.9313661889285,86.2409026056403,152.53818816552285,,0.7902818390189521,0.0600249062575262,13.93136618892845,,0
3.6007870892321283,4.708253660367963,8.282208634878879,503.3051399989456,1190.18719356039,86.34849693457615,153.5775613256517,,0.7647818805467534,0.0822086348788797,10.187193560389916,,0
4.067427753551769,4.440512853775707,8.155423134776482,516.7673901640222,1176.088734976041,83.09104025160488,149.93639062092035,,0.9159815288401448,0.044576865223517,3.911265023959004,,0
3.85253140895633,4.563467385683195,8.364414752492848,506.8586848067981,1209.7897944964318,81.61173697255893,141.76411953068765,,0.8442114476808861,0.1644147524928492,29.7897944964318,,0
2.963064889374588,4.514778274680543,7.996796592554195,493.6503551744166,1190.2432051848011,91.24143910937454,142.69626877177112,,0.6563035233281628,0.2032034074458044,10.243205184801129,,0
3.172242695414556,4.335331045846872,8.37264873402143,532.2989792428459,1184.831231640802,86.27907334866377,145.41481413140633,,0.731718676413825,0.1726487340214308,4.831231640802116,,0
2.641635220021755,4.751315512960934,8.100150631535572,499.02109843061504,1206.2096002107985,84.72797746779136,120.52332110462402,,0.5559797517676438,0.0998493684644277,26.20960021079827,,0
3.7333666598097617,4.464235432056045,7.912087990743206,504.7811797425261,1241.0816669602148,81.01053936151838,147.5427281139382,,0.8362835508552114,0.287912009256793,61.08166696021476,,0
3.3845703820453745,4.424716365592744,8.029935214927875,491.659565541076,1168.5879216813844,86.59003443248821,145.08548723801331,,0.7649236926460137,0.1700647850721246,11.412078318615611,,0
3.3787625008285724,4.277694094689074,8.245773139495968,482.6069119989471,1168.1053249913268,82.20319890603552,133.1980043288957,,0.7898560358099433,0.045773139495969,11.894675008673175,,0
2.892179272078715,4.409887431049345,8.365335163157921,492.98613878282254,1171.356485567364,87.96809179506002,134.56771687547277,,0.6558397049002843,0.1653351631579216,8.643514432636039,,0
3.33715368772372,4.640613215482645,8.406749902340364,496.8461209170325,1161.7333929543,89.7176713137501,156.80667297893095,,0.7191191189713322,0.2067499023403645,18.266607045700084,,1
2.813324439973839,4.095894362698546,8.073827492286762,516.640881712541,1223.8187881396907,86.02750341450955,128.65974257774155,,0.6868645014158614,0.1261725077132371,43.818788139690696,,0
3.376240244043321,4.752111454135928,8.189757250230091,507.266150371128,1198.6587709204744,82.11398961164635,133.11710049170733,,0.7104716031848095,0.0102427497699082,18.658770920474357,,0
2.9256794017341203,4.502619473409718,7.891326168316225,519.5720315184642,1184.7173704839445,91.09742272742017,146.0223644556286,,0.6497727419254476,0.308673831683774,4.717370483944478,,0
3.3993097176324887,4.693324671423508,8.07933024519146,525.0318085928916,1200.0474012427323,91.12215044205374,128.09269091483856,,0.7242860775445086,0.1206697548085387,20.04740124273235,,0
3.0006299089499757,4.386924971135808,8.204196807637175,543.6687427752553,1199.116285675413,84.84645618212038,132.53008947771056,,0.6839938973219083,0.0041968076371752,19.116285675413337,,0
3.2845955047958744,4.847022871504973,7.843285017567498,508.2397392313238,1157.3935598445205,85.12991008529274,145.3426091592208,,0.677652157044263,0.3567149824325009,22.60644015547973,,0
2.8003326938196063,4.385932089683231,7.976322130651358,525.6722117098644,1175.5070320061493,86.10059267324503,136.9298306998697,,0.6384806321484509,0.2236778693486414,4.492967993850698,,0
2.607356628541587,4.471004823852721,8.221500473107099,533.6273243905092,1186.0871688847174,83.37036900813325,139.08611813257397,,0.5831701665916846,0.0215004731070997,6.087168884717357,,0
2.7465734298195645,5.134976966498741,8.070363816909335,498.82101060539617,1196.5158208731143,84.14366819744203,144.1284446668629,,0.5348755110692204,0.129636183090664,16.515820873114308,,0
2.753511226134449,4.320865473359687,8.101646693065149,489.1347594364268,1194.7194392779522,82.35802560263114,147.7975386197205,,0.6372591885755235,0.0983533069348503,14.719439277952231,,0
3.722041746750585,4.434756564442286,8.284383054245327,503.81016901246153,1180.0385729766003,89.85723141599225,148.2789879379405,,0.83928885200926,0.0843830542453272,0.038572976600335,,0
3.252330065455093,4.423374185400186,8.14077074242323,516.6743987238909,1131.2989617440694,78.43571225050702,142.83005087042687,,0.7352599912199362,0.059229257576769,48.7010382559306,,0
2.960397506191076,4.48434913636012,8.062349963402426,495.84804710687024,1142.1188925173003,83.02298579259362,143.55244991784411,,0.6601621362456681,0.1376500365975737,37.88110748269946,,0
2.813489028791638,4.768081551120727,8.363533109834654,522.8590517314638,1167.1280566054832,88.98244606982009,153.60210718152706,,0.5900673044361555,0.1635331098346544,12.871943394516848,,0
2.8487349454992548,4.379843125835335,8.557056427606877,540.9937068845442,1206.8158962157504,85.06848810458327,147.9288296708847,,0.65041940156373,0.3570564276068779,26.8158962157504,,0
3.861630562442113,4.384453660643963,8.280916633920592,533.6660602521642,1181.1067272496605,80.56638071067842,148.68709010798682,,0.8807552457959343,0.0809166339205926,1.10672724966048,,0
3.7971005215075766,5.034679533409893,8.237407141215856,491.1943965203484,1178.0068675033551,82.92549320823366,143.50257028826255,,0.7541891188021025,0.0374071412158567,1.993132496644876,,0
3.151256802819759,4.603389301785479,8.428900016348793,531.4290141535098,1163.5446712049163,90.80307631972298,147.28822128972445,,0.6845514458038462,0.2289000163487937,16.45532879508346,,0
3.6398946922274025,4.447732380305306,8.00456944289144,511.0473716009792,1174.7346592684382,89.78040875849628,147.96164874492558,,0.8183708865952898,0.1954305571085601,5.265340731561764,,0
3.913786687684113,4.734143677693674,8.369579578280602,529.6212540860707,1201.6618093354514,84.3049250324862,134.78458427709194,,0.8267148091213133,0.1695795782806026,21.66180933545138,,0
2.667431143629436,4.641663143344393,8.3489469402022,511.7194524693524,1179.1524567267718,80.5466278703697,141.7382774554577,,0.5746714185581415,0.148946940202201,0.8475432732282115,,0
3.34167675686831,4.44316212757428,8.015191790355436,513.5841142499263,1184.0130439133693,88.7070440520814,130.27026473336832,,0.7520942653381378,0.1848082096445633,4.013043913369302,,0
3.069889584187619,4.866933423062302,8.233950035792567,524.8782796192884,1122.3384252993756,82.77521793931477,151.3850220768128,,0.6307646554214137,0.0339500357925679,57.66157470062444,,0
2.9078278311549983,3.6698405907999256,8.141601482052758,548.4053042803631,1149.4867335652518,93.55455838906737,125.65058947086555,,0.7923580761661402,0.058398517947241,30.51326643474817,,0
3.42022369163136,4.958603143644516,8.075539073777382,523.8418543663616,1200.4754462188785,82.00834501680212,145.74381084724556,,0.6897554798926254,0.1244609262226177,20.47544621887846,,0
3.3673480893479213,4.413206979012234,7.837921778115189,503.5053705846729,1182.1785828079749,86.89673892874698,150.5485899612681,,0.7630161251441206,0.3620782218848104,2.1785828079748626,,0
3.0111039781688684,4.623167889189422,8.302211417048321,517.2690815845604,1174.0723924642657,90.34770643797346,130.9648910054738,,0.6513075124437016,0.1022114170483217,5.927607535734296,,1
3.3641807733643896,4.471431574800069,8.051322274987237,540.3184812565701,1157.9774216350777,86.55706613474594,132.31596510002515,,0.7523721913965418,0.148677725012762,22.02257836492231,,0
3.1218010449757547,4.415813078900585,8.18777592049565,528.1454981933241,1161.021297689825,85.86523273398154,142.6285813197128,,0.7069595085863637,0.0122240795043495,18.97870231017509,,0
3.4913761899045266,3.934589181661027,8.258142392357485,490.44440752770765,1173.2020541058598,79.84805454192144,130.22401088557672,,0.8873546964675106,0.0581423923574853,6.7979458941401845,,0
3.3601539219034366,4.900038662390675,8.261345607563381,524.4260926386853,1167.7531832869029,86.58869944994993,142.50553079551787,,0.6857402875222037,0.061345607563382,12.246816713097132,,0
3.628708368940082,4.397005532837229,8.309408740148408,535.7818311006915,1189.34545297739,86.31554335877622,156.9483052909395,,0.82526809234496,0.1094087401484085,9.345452977390096,,0
4.003190875915076,4.847839254539836,8.149678880679026,556.1981940660377,1206.862666777963,85.05675851766354,142.27737623681736,,0.8257680721035575,0.0503211193209729,26.86266677796334,,0
2.706972316539828,4.906364878676747,8.362406869050544,495.8077711478001,1203.0683905917765,82.07161241553204,151.1582430058789,,0.5517266617802332,0.1624068690505442,23.06839059177628,,0
3.6919897201887455,5.145633334388684,8.001677697092795,504.6012027952434,1149.3957753321367,84.36708709027093,144.82986831745183,,0.7174995728509025,0.1983223029072043,30.604224667863264,,1
2.978729720590564,4.406172071907157,8.435722843051387,536.8717833301464,1186.987884368533,87.70892775245737,146.47893014879998,,0.6760357224599314,0.2357228430513878,6.987884368533059,,0
2.905017097700989,4.749639818330122,8.336229262527876,514.4419017683354,1217.9269697452423,84.59821637513126,126.8083018601541,,0.6116289251825218,0.1362292625278769,37.92696974524233,,0
3.798683797968606,4.628564180737348,7.941566089291256,513.6068422399671,1184.66214414833,87.2225951677007,140.91164022085692,,0.820704574640414,0.2584339107087432,4.662144148330071,,0
3.0388216012848086,4.7678727053479735,8.307163099729962,509.9504276863868,1203.2669471143367,86.1182291543052,147.6067651572106,,0.6373537609842024,0.1071630997299628,23.266947114336745,,1
2.053900036436743,4.314804480826767,8.068242647515275,525.8751461372278,1214.2085425804585,83.17734346772045,150.4780880623843,,0.4760123071827299,0.1317573524847244,34.20854258045847,,0
2.4662273575896045,4.391247554876451,8.01804099337109,536.8639671287242,1185.793552260172,85.65896926885009,154.83104219496022,,0.5616233943106332,0.1819590066289098,5.793552260171964,,0
3.3641402456275578,4.49983309413106,8.460142307553802,511.078787708286,1163.6015541104027,82.72983087180337,136.74573560678974,,0.7476144502487543,0.2601423075538029,16.39844588959727,,1
3.0444527761423537,4.572458449113165,8.06595633683247,494.8858603974468,1188.5568912259782,82.03133756564046,139.08373624098715,,0.6658240439707016,0.1340436631675299,8.556891225978234,,0
3.091181886695756,4.425926446785324,7.994777555361749,530.420228391039,1144.6338605835565,87.70155996207139,137.82928739423102,,0.698425950626121,0.2052224446382506,35.3661394164435,,0
3.1590804148043827,4.224847355762342,8.04515240820052,501.1735754125485,1185.681639755108,86.34930981508644,136.7223393867733,,0.7477383555048256,0.1548475917994789,5.681639755108108,,0
2.745505862333756,4.185929916131793,7.989447560691998,530.0036550559007,1191.766623643804,84.58909857686734,145.1088272965776,,0.6558891134553398,0.2105524393080013,11.766623643803996,,0
3.695644178983667,4.76615683045136,8.01527828764246,520.4366413855167,1125.925442527294,87.76107281892511,143.58533554413205,,0.7753929024316837,0.1847217123575397,54.07455747270592,,0
3.6913161947610944,4.836657004484998,8.628610591272011,515.665575006413,1129.3881557515458,82.54715978287977,148.59872233702487,,0.7631957756307646,0.4286105912720117,50.61184424845419,,0
4.080646553589147,5.009084415389616,8.247198069672095,505.7065688240007,1199.8950262187152,82.26207149243793,127.8709235278481,,0.8146491882303599,0.0471980696720955,19.8950262187152,,0
2.8774734294958524,4.390085337252046,8.008876647508625,514.666720180767,1137.0462137438606,79.2848634389238,137.6671559779569,,0.6554481764679193,0.191123352491374,42.95378625613944,,0
3.0337130083029726,4.142304139127575,8.420774773229605,518.2902663014571,1150.9113061013727,80.81137971586415,155.10116303209907,,0.7323733134210518,0.2207747732296052,29.088693898627294,,0
2.926366886634909,4.624588970103902,8.036117441815437,514.4924096196947,1188.9672203696994,84.32448129480301,143.63564934235524,,0.6327842117256048,0.1638825581845626,8.967220369699362,,0
3.1327125836601657,4.422677175257298,8.118161478192341,545.1222020671817,1155.0950185465622,92.75252404721115,139.88662076280556,,0.708329470773454,0.0818385218076578,24.904981453437813,,1
3.614655716958276,4.46039789577446,8.188541977482535,520.9723431790092,1178.9684539977036,80.08083331010357,146.8358705349251,,0.8103886246498808,0.0114580225174645,1.031546002296409,,0
2.8828790309792187,4.367133623779321,8.296551622574004,497.1760154781708,1197.1336842569942,77.07548275603965,133.59624238792554,,0.6601307124246504,0.0965516225740046,17.13368425699423,,0
3.064692257266398,4.548275183898519,8.230349816880647,500.43779965881697,1195.849314223358,83.89713542127527,152.28779251198307,,0.6738141674984816,0.0303498168806477,15.849314223357853,,0
3.5159585665494126,4.567887913438852,8.142814031573977,523.7377026450683,1200.244776814281,85.43732975646328,139.38240498583053,,0.7697120928549175,0.0571859684260225,20.244776814281067,,0
2.79601188369076,5.002296444291829,8.323071632775425,487.9546281055111,1188.9566509586407,81.41338837526396,127.1225558703974,,0.5589456591127003,0.1230716327754262,8.956650958640694,,0
3.336426357774924,5.115572731577328,8.330206672716766,542.2645664752594,1207.5153140540676,89.50799123524754,152.7433229220175,,0.6522097392003976,0.130206672716767,27.51531405406763,,0
3.1456467147669547,4.110724533436132,7.940157821916079,544.4609261304987,1164.49570165698,81.68144801691987,150.9122152194254,,0.7652292651612674,0.2598421780839199,15.504298343020082,,0
3.925880617919571,4.88364973879239,8.275274739494218,495.1881701127248,1175.7934651627295,83.97373227574867,138.6313841526975,,0.8038825114608782,0.075274739494219,4.20653483727051,,0
4.223830690529171,5.043200553297483,8.021188507123561,524.9131525295772,1177.4139991642278,85.29293727486896,151.20333822449766,,0.8375297878903311,0.1788114928764379,2.586000835772211,,0
3.4203097899259545,4.766419675869789,8.113701186157614,527.3792149978669,1122.533172890572,90.510530057648,148.7019996191566,,0.7175846907740498,0.0862988138423848,57.46682710942787,,0
3.4276490612268216,4.917523255312224,8.287666131537089,547.5866468333419,1180.0920618133298,88.31978951561626,154.0724415993613,,0.697027524339011,0.0876661315370892,0.0920618133297921,,1
3.308984867275593,4.886294683937821,8.200627485234588,541.2415017458974,1206.592139641528,86.474859343237,141.27328575971893,,0.6771971566667188,0.0006274852345882,26.592139641527865,,0
3.245087892129096,4.480168477615912,8.288925317867294,500.3470678838042,1187.2152112335416,86.02099005600232,143.49278498872644,,0.7243227364368275,0.0889253178672948,7.215211233541595,,0
3.5530364366124934,4.52263542783034,8.165995797431776,513.0625585515664,1197.3040209864348,87.75393143623658,155.3031846109224,,0.785611949608636,0.034004202568223,17.304020986434807,,0
3.270321979303237,4.59522845883662,7.926608246107018,501.8310298482602,1175.622262506215,92.8111430304528,122.03804291465993,,0.7116777779138996,0.2733917538929811,4.377737493784935,,1
3.835989516344592,4.522106320490466,7.983583781049045,510.3577633328271,1201.8588574946111,78.01408566873849,140.0310033111249,,0.8482749505722074,0.2164162189509539,21.85885749461113,,0
3.1282067545287484,5.054927456325902,8.18429774046875,499.1259549140884,1161.791177899347,80.99192010022168,151.105055917002,,0.6188430557979947,0.015702259531249,18.208822100652924,,0
3.427998339393429,4.811505913076646,8.327103294034922,489.1314641303573,1186.0488944961412,81.10905081470125,133.21895058990063,,0.712458511037969,0.1271032940349226,6.048894496141202,,0
3.027013553422025,4.414425620250743,8.02766525443711,560.4112333973824,1235.8542405048106,92.25338260148472,143.38200079270658,,0.6857094927254384,0.1723347455628889,55.854240504810605,,0
3.7266491935494894,4.682065895079146,8.149016136811666,488.4066236213045,1201.1847749735148,78.57251180257748,138.50334075702472,,0.7959412097702979,0.0509838631883337,21.184774973514777,,0
2.856896138007196,4.207878513276304,8.235722756239555,531.3797731140161,1177.4031025794702,79.51071670888919,132.15110615979515,,0.678939786002482,0.0357227562395561,2.596897420529785,,0
3.321878792286077,4.615080004813396,8.292189397699387,500.482535724402,1147.581528787326,84.7334494039919,138.73965307913386,,0.71978791009076,0.0921893976993875,32.41847121267392,,0
3.15223861399698,4.343415153261965,8.236740499080538,486.7420197482646,1214.6395937868622,90.22158894900792,143.55210586190532,,0.7257511663152563,0.0367404990805386,34.63959378686218,,0
3.2481515685082574,4.667665978570424,8.214922726659982,502.5544037698042,1228.5545278240286,89.05370277614217,149.13105763106202,,0.6958834635393495,0.0149227266599822,48.55452782402858,,0
2.649875772167828,4.084261603378367,8.138665258110061,538.5094897313655,1229.4701958802204,83.88637053278934,157.9339413622881,,0.6488016755163618,0.0613347418899383,49.470195880220444,,0
3.507604885982364,4.670271978450056,7.979869177705013,534.2953518509961,1192.2721978157072,82.19964757631129,137.7885126080016,,0.7510493824377652,0.220130822294986,12.27219781570716,,0
2.2681062064541777,4.609563568370022,8.268866139046102,547.6722968777843,1108.255342702662,86.2309932275828,146.5033463697176,,0.4920435898802789,0.0688661390461025,71.74465729733811,,0
3.208596431100579,4.392199872961785,8.22385922316141,524.0011524692835,1165.9064381058645,79.43862215110069,152.27585243073858,,0.7305214979222723,0.0238592231614109,14.093561894135746,,0
2.5707781274984804,4.58794770827763,8.30436591106807,488.9448001829121,1217.7532042230876,93.70538467202124,144.98929085911607,,0.5603329179842044,0.1043659110680703,37.75320422308755,,0
3.056617627762192,4.69512516721125,8.456612979241452,512.0216844509268,1180.8394897953528,86.48100445919665,134.31460732273513,,0.6510194123166907,0.2566129792414529,0.8394897953528471,,0
3.0037031693329674,4.340423965187583,8.190371798461602,529.6263378507787,1186.7729302898006,93.13378214110745,151.23765735259644,,0.6920299013949263,0.0096282015383977,6.77293028980057,,0
3.0537015461652404,4.50634911153141,8.04538834422299,519.6534629919661,1177.3756721648904,83.68190422382808,153.53224371723658,,0.6776442459092666,0.1546116557770087,2.624327835109625,,0
4.007116264822185,4.392067207940077,8.228023286488447,506.2698487703488,1182.8146652996863,83.90442591643583,147.86485614932516,,0.9123531299033126,0.0280232864884482,2.8146652996863395,,0
3.506630838706875,4.37396939422137,8.341182774949388,503.1317371613781,1154.9550450281577,86.35898040005301,138.8645582647657,,0.8017044752388812,0.1411827749493888,25.044954971842344,,0
3.1978021542121287,4.638850006081238,8.154843216722188,525.3065492924923,1144.7347342992682,84.40582240179305,141.3294733358442,,0.6893523501149337,0.045156783277811,35.26526570073179,,0
3.3056420345772604,4.414099294501864,8.161730761595697,529.5518097603475,1130.7584933538633,84.22392909887827,125.96166688032982,,0.7488825722488472,0.0382692384043021,49.24150664613671,,0
2.6183617927384124,4.403949294312111,8.367431497463027,523.464809723272,1171.985664569043,79.19420153764428,144.10884006776925,,0.5945485783693264,0.1674314974630277,8.014335430957317,,0
2.20275678187189,4.419984920761133,8.49500640794453,539.7761884430454,1139.2052959870894,84.44358062593312,150.5383962886018,,0.4983629629655403,0.2950064079445305,40.79470401291064,,0
3.773417321325693,4.440934348425317,8.15696997694716,485.12061067272174,1220.0398939732888,78.48497242000703,132.78105012151062,,0.8496899581084767,0.0430300230528395,40.03989397328883,,0
3.299887415918027,4.3350486778156245,8.071871700690194,514.3141474384666,1179.2429078999526,81.84379708744859,142.42675730697087,,0.7612111559539827,0.1281282993098056,0.75709210004743,,0
3.692995109700269,4.402858092430318,8.18106020973179,518.6113355296911,1164.717880986062,83.25424186549057,137.3079173043955,,0.8387722318851785,0.0189397902682095,15.282119013937972,,0
3.314548201123742,4.495669797779106,8.327192103244945,530.427397612582,1193.4277499902869,81.25186643271462,153.00414589053506,,0.7372757229687725,0.1271921032449459,13.427749990286657,,0
3.3019467872910764,4.457305699654077,8.394657347596498,545.0740776585615,1164.6607096438938,84.29787753733876,148.5579678122148,,0.7407943293650556,0.1946573475964985,15.339290356106176,,0
3.161946677794813,4.254541249762909,8.284363801058273,530.4638582533553,1225.171707955582,84.11386649947501,150.57650186178037,,0.743193329534136,0.0843638010582736,45.17170795558195,,0
3.838967625670282,4.826719956537661,8.116042244184245,524.006267407279,1184.0713664464784,95.51630907186588,142.53978406677413,,0.7953574393051636,0.0839577558157547,4.071366446478351,,0
2.9826366673274705,4.159889078731728,8.114133919115382,512.919598185525,1193.1448009032165,88.44240018298181,146.0403526900301,,0.7169990858313513,0.0858660808846174,13.144800903216264,,1
3.457464384898538,4.288817075873008,8.307458992711341,532.4539656413738,1197.2489488977362,85.79448019454216,132.8703236384624,,0.8061580437977988,0.1074589927113418,17.248948897736227,,0
3.291359860062599,4.950721557177945,8.151729956950474,521.6175949372678,1152.0161713772704,79.91295977043256,142.28869549119077,,0.6648242728629531,0.0482700430495253,27.98382862272956,,0
3.71832998380261,4.619855825755895,8.143009153521005,512.228474509671,1123.3665442765234,81.60029961013969,135.5909069023916,,0.8048584465056035,0.0569908464789943,56.63345572347657,,0
4.022871474375815,4.866522145273575,7.897642342872763,537.8878232100164,1211.0422030611264,78.85924550120095,135.38902590338304,,0.8266419741778499,0.3023576571272359,31.04220306112643,,0
2.5528132434705952,4.503908203665803,8.188628587911346,515.2255374195836,1199.389494285797,86.80193395526949,133.26669856328903,,0.5667995721640197,0.0113714120886534,19.389494285796676,,0
2.804239513883799,4.268763784045846,8.2374312028999,523.7504421150448,1211.816758307418,82.1305060766446,131.6047103341975,,0.6569207515551676,0.037431202899901,31.816758307418013,,0
3.5848838119751028,4.479373796790712,8.505362528993873,504.3343899413271,1165.3773887787406,86.90557862311915,136.932703300504,,0.8003091444931916,0.3053625289938733,14.622611221259376,,0
3.255355568216625,4.964141540714734,8.033627562498591,527.399767802811,1214.1522163366585,87.50205997161625,144.6351468209475,,0.6557741234534072,0.1663724375014084,34.152216336658284,,0
3.4000165326231597,4.724493600155726,8.302001758207652,525.856978915953,1229.8432792193476,83.31553247304328,141.61730747714776,,0.7196573473591821,0.1020017582076526,49.84327921934755,,0
2.9301823598960905,4.519883824890748,8.342543845791026,508.1466192920055,1166.4774217647655,82.80275765734352,156.27417514999337,,0.648287096033631,0.1425438457910264,13.522578235234278,,0
3.206442243144024,4.182276851496026,8.233914195295585,534.7126766432117,1181.7980398662264,84.6975489191077,151.55069656219044,,0.7666738372975921,0.0339141952955852,1.798039866226418,,0
2.485943696141474,4.6986160281148965,8.457897641239361,528.7308876554364,1204.7663123961595,81.7109729030942,147.15494655584152,,0.5290799845608505,0.2578976412393619,24.76631239615949,,0
2.82324883057493,4.186638796690683,8.314277598869452,515.8700701181524,1206.5703750171842,80.82393651412532,145.21782526619916,,0.6743473624073355,0.1142775988694531,26.570375017184237,,0
3.790780097407529,4.275501234790585,8.295074689022446,514.2673076285079,1234.642342920709,78.27855867288397,138.2370147911046,,0.8866282310187599,0.0950746890224465,54.642342920709325,,0
2.885932003753471,3.9863481792372295,8.117321215903022,521.5581476307038,1199.4381345979075,78.98083918143597,150.86899854643335,,0.7239538227144342,0.0826787840969771,19.43813459790749,,0
3.678230615996996,4.466785538698982,8.245991415956077,546.8376434419249,1174.7612593322344,85.16410896963176,138.52410507358846,,0.823462551158181,0.0459914159560774,5.238740667765569,,0
2.9720709281001825,4.189162324243497,8.057944862858976,510.4956976013415,1195.941404255316,86.6016565668359,145.9736392549468,,0.7094666420994868,0.142055137141023,15.941404255316002,,0
3.2089568738955148,4.075197177704909,8.058754610438148,507.7434706867437,1138.6769740140437,84.55593226253775,155.57009626399088,,0.7874359774943003,0.1412453895618508,41.32302598595652,,0
3.2949156890735973,4.976774465809601,8.261203467979554,547.8979142044128,1216.8215233593432,81.71897827226236,134.30272956133433,,0.6620584700085531,0.0612034679795545,36.821523359343246,,0
2.8490096024604505,4.499188416375028,8.318417694517086,559.0464730854334,1175.9831323841493,88.4448386717868,136.23096761989405,,0.6332274486345373,0.1184176945170865,4.016867615850742,,0
3.495648971655865,4.347460390782611,8.215409475901167,504.9648443459377,1164.108548926779,92.5723536199464,131.86016027398665,,0.8040668934588101,0.0154094759011673,15.891451073221106,,0
3.908994137334847,4.594053681921292,8.337491379294423,520.4780888094793,1158.7362979815684,85.179437386587,129.03946336426068,,0.8508812493564887,0.1374913792944241,21.26370201843156,,0
3.492055131821852,4.482556724477907,8.108506102397063,496.4579165733103,1171.477144926385,83.8816722856489,142.62127907867952,,0.7790320001917092,0.0914938976029358,8.522855073614664,,0
2.716670216071625,4.562205386960375,8.406541213518466,508.7969057811847,1143.8306730272343,86.33823668767646,148.38142336497972,,0.5954730190887277,0.2065412135184665,36.1693269727657,,0
3.321663756854764,4.730434086772475,8.369792584035096,515.5752345661558,1173.583331404892,77.0930745906453,149.28256891085152,,0.7021900517419342,0.1697925840350969,6.416668595108149,,0
3.723564347048312,5.274099442382432,8.354721481561455,520.1307725365367,1172.5024795698737,87.85743278044595,137.59281659969858,,0.7060095068401446,0.1547214815614559,7.497520430126315,,0
2.9531683981432635,4.232288157711962,8.079322948659655,494.22824577920574,1163.2094256166406,81.11103448711884,147.8731549023051,,0.6977711080622684,0.1206770513403441,16.7905743833594,,1
3.2874462953110357,3.871625819453421,8.258953687176017,517.283306901957,1175.067132668352,89.66385631430292,152.5272996446495,,0.8491126074074042,0.0589536871760181,4.932867331647913,,0
2.8625605032024515,4.354065753259675,8.53446265863803,524.4406651203738,1181.8575548236263,79.46469788413592,151.4990778081449,,0.657445400405804,0.3344626586380315,1.857554823626515,,0
2.9440412738604618,4.699761209389742,7.907909659012392,511.1760467959479,1159.388900235732,82.75454324474828,131.84909984706456,,0.6264235866605483,0.292090340987607,20.61109976426792,,0
3.0825015166910767,4.551230801565737,8.185686284320864,538.4238192425033,1190.7362942894033,79.00098292229701,138.0523337778482,,0.6772896498576451,0.014313715679135,10.736294289403304,,0
3.276350070880751,4.178870177369991,8.294569457532154,523.4202510140876,1165.408018895909,90.46382244492716,142.6681730612459,,0.7840277230528189,0.0945694575321542,14.59198110409102,,0
3.713401292891912,4.64533774326279,8.094537732699125,532.69676583646,1163.4666595738847,78.22045209391831,138.09926364967066,,0.7993824125012519,0.105462267300874,16.533340426115274,,0
3.0832437211452657,4.111910579601167,8.126433360795735,505.17352238411087,1206.2783970932376,83.76940456462145,134.80039922447327,,0.7498323858721877,0.0735666392042642,26.27839709323757,,0
3.0982385954425,4.471407845583438,8.13353509028896,512.1780766404754,1193.8095476420954,82.08346211605402,153.70196645739597,,0.6929000220388832,0.0664649097110388,13.809547642095367,,0
3.677744207680298,4.395526504114987,8.073162699791428,506.8011059209179,1221.8116869117896,83.98824797880172,138.5054962037451,,0.8367016336724575,0.1268373002085709,41.81168691178959,,0
3.0961912021890408,4.266596336997163,8.284010758331119,524.7598072956606,1185.05877632462,88.76747167536585,138.7997230587015,,0.7256817746303281,0.0840107583311198,5.058776324619885,,0
3.503466164104991,4.352465230153249,8.00050175257495,520.3639171446077,1186.377024917729,86.32083568147513,148.5827078826985,,0.8049383459811571,0.1994982474250495,6.377024917728932,,0
2.813077881237329,4.710621420201495,8.041413518914222,498.923060412624,1202.3344053923947,84.14018125191642,136.85497968026883,,0.5971776608020908,0.1585864810857771,22.33440539239473,,0
3.1925116727878198,4.542594296600265,8.09247109919321,513.1885663051663,1158.732244889064,78.23063280162172,140.27011726860846,,0.7027948048264713,0.1075289008067894,21.267755110935923,,1
3.7962166291452015,4.240977726733362,8.427316275291536,553.9997253018015,1168.3788402588896,91.80201098129142,132.7895779258323,,0.8951276976345103,0.2273162752915372,11.621159741110432,,0
2.5756838577533063,4.254667889118115,8.428700092604595,481.990916695385,1209.112583957725,85.6516518500623,149.71784716389965,,0.6053783572004728,0.2287000926045959,29.112583957725064,,0
3.1710710816297425,4.250448476211219,8.223649764441593,500.926120507314,1187.676332448695,86.44034990747214,145.371244713684,,0.7460556453351783,0.0236497644415933,7.676332448694893,,0
2.715287658349028,4.10349548884253,8.467431840807075,538.8181219689601,1154.1015111236268,80.13887773227209,158.1075033554587,,0.6617011435909306,0.2674318408070757,25.89848887637322,,0
3.404075769653265,5.192643582455337,8.192012716446618,520.1465666311911,1215.6846177627265,89.78080656643748,143.07145231616423,,0.6555573697565611,0.0079872835533816,35.684617762726475,,0
3.4461229667896927,3.895696188482438,8.457333712013272,539.6630721525335,1154.9029350389865,79.85564759239679,155.01810741573092,,0.8845974632450808,0.2573337120132724,25.09706496101353,,0
2.593774029687593,4.523093978283241,8.280575423523276,532.4343145657954,1193.408763859558,95.10645758585474,142.53452912371003,,0.5734512794931179,0.0805754235232765,13.408763859557894,,0
3.085403185842188,4.095815196341472,8.235072801466057,551.085460440305,1180.2560094361725,87.1479168573272,147.27818220351153,,0.7533062497167532,0.0350728014660575,0.2560094361724623,,0
2.495217333232488,4.344199733848715,8.093567256498494,485.8547890633126,1145.8071700213327,90.239191078039,147.35543558853098,,0.5743790538027329,0.1064327435015055,34.192829978667305,,0
3.24741581831972,4.791003964933069,8.202326455871951,520.3763263079824,1176.2314100348256,81.97924856880904,148.3825365858259,,0.6778153058128957,0.0023264558719517,3.768589965174442,,0
3.425434832331035,4.709680423787386,8.135192298546729,539.7826614307767,1193.4675613722757,84.40631254722251,146.87266947631622,,0.72731789067953,0.0648077014532706,13.467561372275668,,0
3.532960299875822,4.380631486332763,8.054730034818354,545.7587214731392,1183.6961872257489,79.04205451042861,144.96360117425888,,0.8064956639452312,0.1452699651816456,3.696187225748872,,0
3.611559673082663,4.419098065104532,8.079069396889192,513.7684290324951,1173.3445332010087,87.86476402215655,144.45128710184255,,0.8172617169969888,0.120930603110807,6.655466798991256,,1
3.4254903910959187,4.568492740282746,8.234804481121817,553.6269941893494,1174.6802369159009,87.46591503365237,149.97961098602434,,0.7498075590975123,0.0348044811218173,5.31976308409935,,0
2.8160751286085097,3.941494660840439,8.040402235662906,504.9308020096871,1196.4197227921777,85.4201048582596,141.322060852384,,0.7144688424602796,0.1595977643370929,16.41972279217771,,0
3.3868677577914976,4.182394699082418,8.308204355849782,517.1379126663103,1195.5516932111311,86.14749455314825,140.32399247313535,,0.8097915191325095,0.1082043558497822,15.551693211131123,,0
3.462536017364631,4.390384909680355,8.137790970575784,536.0221159453674,1178.5211611381224,82.38919170883241,137.00549721222023,,0.7886634287899054,0.0622090294242152,1.478838861877648,,0
3.376007934607755,4.501612579854882,8.182654355794785,527.7975725133522,1200.1180562349275,80.29958144311864,140.7938657630391,,0.7499552380330854,0.0173456442052142,20.11805623492773,,0
2.855098678147152,4.365401678856866,8.30251868897738,522.0549593752445,1209.5047054576107,91.12013557350454,147.97627642104942,,0.6540288586320344,0.1025186889773799,29.50470545761073,,0
3.4546219501506963,4.577383114350265,7.972818959095101,521.4276313195819,1185.5919988309695,85.34881435550105,143.2948267583202,,0.7547154920385872,0.227181040904898,5.591998830969715,,0
4.083627571318001,4.80047700886256,7.783359485621839,523.980030223743,1154.4510566271522,84.27162342371365,150.76813820133705,,0.8506712068255312,0.4166405143781597,25.548943372847816,,0
4.0087175898372776,4.608327750920444,8.062281332265432,569.9715353107241,1190.703786095895,86.1004945156732,138.56975304715434,,0.8698855215249633,0.1377186677345676,10.70378609589534,,0
3.6837198643068474,4.650006236894665,8.33298034583827,522.1733215005535,1197.0139722215022,81.78919229164514,139.93410260932745,,0.7921967575627782,0.1329803458382699,17.013972221502172,,1
2.98707672638169,4.205718884340111,8.29878541281533,525.3154467353623,1188.4895476797751,93.44829575811588,133.88859444038607,,0.710241651384203,0.0987854128153316,8.489547679775342,,0
2.794586223091584,3.968347469540365,8.001967928637672,531.0365375423333,1160.9779524760816,89.90788422920119,147.78903311990462,,0.7042191350020689,0.1980320713623271,19.022047523918445,,0
2.9123451001445027,4.6264684751947565,8.087046298842488,507.0417372208124,1168.2056691283,82.06283269354964,126.98311900925722,,0.6294963675057589,0.1129537011575116,11.794330871699913,,0
3.2768659516812715,4.723103694910425,8.215167691445187,509.0116261411128,1210.3772463044863,86.2979482536869,152.75465462926755,,0.6937950472098672,0.0151676914451872,30.37724630448633,,0
3.6015128328171286,4.690404722719772,8.156849436957023,526.080392123447,1200.5809098374823,80.66601020896819,150.69640160249966,,0.7678469225915568,0.0431505630429764,20.58090983748229,,0
3.543680736495255,4.525281983306987,8.282970656753855,499.0755074743511,1204.6382998935214,84.34421248557985,154.1379780709466,,0.7830850649272729,0.0829706567538561,24.638299893521435,,1
3.022750601280234,4.831347378222789,8.271729485749347,507.960016787092,1209.9157636065956,77.46552611055658,144.84663556809144,,0.6256537491548576,0.0717294857493477,29.915763606595647,,0
2.907611278223275,4.097046256497216,8.429561151521352,523.8830208993627,1159.315547369699,92.04514290253968,161.5375707080657,,0.7096847571351226,0.2295611515213522,20.68445263030094,,0
2.9159937979995867,4.428797697432432,8.364319524214581,526.0786992739213,1145.0407599044406,89.31273387537752,150.97955155031136,,0.6584165718456048,0.1643195242145818,34.95924009555938,,0
2.9367198673548627,4.702467358571517,8.23308611271293,549.1661755430573,1205.9667055779314,82.35520979834513,149.93089269729097,,0.6245061672522599,0.0330861127129313,25.966705577931407,,0
3.7273880565283743,3.8895072393330095,8.223936492121315,521.7049044077779,1123.3383360703046,83.7515308862249,145.5455957761615,,0.9583188373777768,0.0239364921213152,56.66166392969535,,0
2.9238100110410463,4.483118059790343,8.351353959138809,519.2497783887185,1227.4555475290638,85.02499812227796,131.31967230497744,,0.6521822471312743,0.1513539591388095,47.45554752906378,,0
3.5554660269365304,4.284118420838947,8.490904800983705,458.8313455563722,1183.2602573549077,89.42435941571507,142.0880535291549,,0.8299177746376011,0.2909048009837054,3.2602573549074805,,0
2.2479173995994706,4.619308630845537,8.026568506786786,504.74532348048,1171.9921354443577,85.87167083210507,139.41231273700822,,0.4866350310741994,0.1734314932132132,8.007864555642527,,0
3.3131518171378804,4.735853515631101,8.169016372145135,554.6004525074378,1170.1971549556065,82.28583626145804,140.72209238101237,,0.6995891670852872,0.030983627854864,9.802845044393734,,0
2.8269481487089005,4.712584595596715,8.052649196200218,486.43070540565895,1166.1695955821262,85.67333005765089,141.511434893383,,0.5998721276537797,0.1473508037997817,13.830404417873751,,0
2.028767495020481,4.454074294304346,8.37728440071749,548.1464698865359,1191.586315483774,90.98049439451272,148.0838997202393,,0.4554857778549596,0.1772844007174914,11.586315483773888,,0
2.583872914956528,4.301216771438493,8.309166185333382,515.9836940596895,1177.2757295021274,87.1645999847177,142.93692972767988,,0.6007306889328552,0.1091661853333825,2.724270497872567,,0
3.1350522044271925,4.326426272124871,8.078597566105113,534.7723327957224,1200.3178756274424,86.16999252290222,133.22233484542315,,0.7246285979496934,0.121402433894886,20.31787562744239,,0
3.4977945625997493,4.584209821836704,8.282567671907975,520.6790531487926,1208.170794948196,91.71170708711928,130.53008755203126,,0.7630092639248606,0.0825676719079755,28.170794948195866,,0
3.4896645761579665,4.671299059381956,8.0829574487793,554.9996188928671,1172.180259794019,83.03042423691174,147.54102613941612,,0.7470437090518091,0.1170425512206989,7.819740205980679,,0
3.796225788988149,4.852741776398219,8.231867993061314,484.6043503753258,1192.2187170914428,86.30382489795208,135.27694830814167,,0.7822847295665262,0.031867993061315,12.21871709144284,,0
2.914722260818351,4.228532446819073,8.423334151309206,533.095973153419,1187.2928683057507,81.58297087456832,127.65238265567996,,0.6892987807913503,0.2233341513092064,7.292868305750744,,0
3.286863553864136,4.475303027954826,8.287174544077535,553.0076212913511,1172.333020320258,82.01471599644596,142.39378963405963,,0.7344449152601312,0.087174544077536,7.666979679742099,,1
3.673810655311908,4.484126911068629,8.408204088256069,514.4362777601249,1156.3550585626017,90.07805342640668,146.39193407735277,,0.8192923008990163,0.2082040882560694,23.64494143739853,,0
3.753079564174014,4.473295000317258,8.418991353173082,530.4180237918046,1160.1378505305474,79.37833597219387,142.58956407939613,,0.838996659748315,0.2189913531730827,19.86214946945256,,0
3.538594457297339,4.580633577170762,8.054452829303884,524.5241468607371,1208.4027679892351,73.04230282619804,137.0083454125527,,0.7725120110372259,0.1455471706961155,28.402767989235144,,0
3.661111676084828,4.560007783519556,8.47199233128691,509.7784650113661,1173.3475686310028,90.07368214620357,156.11340488357317,,0.8028739969509864,0.2719923312869099,6.652431368997213,,1
3.2532898669565133,4.253761449008004,8.048592441703706,510.1921538659244,1187.091019334459,76.9147910541955,132.6351941708797,,0.7648030819759278,0.1514075582962935,7.091019334458906,,0
3.157610979594238,4.182347378884198,7.883683006300996,524.3201187950467,1215.6173085283608,90.20294641023015,145.6857834969246,,0.7549853450197308,0.3163169936990035,35.61730852836081,,0
2.7918786801228825,4.65534438337265,8.165293383035781,492.05504071831183,1164.761952157532,86.5020431647244,146.4024285498314,,0.599714747096871,0.0347066169642182,15.23804784246795,,0
2.8435230752504133,4.2243340499564495,7.982987700793751,514.4961251212691,1190.6577486525132,83.31095467494927,143.96138748497174,,0.6731293124431291,0.2170122992062486,10.657748652513192,,1
3.300958658696234,4.773500490960408,8.15791952492062,494.4054360726968,1190.458741161079,85.61309427202926,145.65125296067035,,0.6915174020104852,0.0420804750793788,10.458741161078931,,0
2.5979803340710723,4.272465890365319,8.281355061164096,510.0874520598353,1170.5490219804328,81.8828416982291,150.06004285509903,,0.6080751491361481,0.0813550611640963,9.450978019567174,,0
3.673401723130576,4.387605635949402,8.488431457865225,552.6152515485829,1181.3584364559183,80.62318726332616,137.1859057907999,,0.8372224003442125,0.2884314578652258,1.358436455918536,,0
3.236379817018504,4.31164097055335,8.063826971668927,500.7362073099249,1237.8060350710389,88.40765485329203,145.96028871969816,,0.7506144037434862,0.136173028331072,57.80603507103865,,0
3.7772613975521385,4.908086014971016,8.065936825334566,512.3397222430289,1171.4286776831143,82.73849409444736,140.8238830691566,,0.7695996739382418,0.1340631746654335,8.571322316885471,,0
3.075869403100819,5.062067840914387,8.261684368357887,510.58643263701936,1170.391353427152,93.26842134165376,135.61346398365626,,0.6076310115072614,0.0616843683578878,9.608646572847874,,0
3.1051916828962587,4.509373472647735,8.109481117829104,532.5263289051396,1161.6315631065547,84.86452778073085,133.54255081745023,,0.6886082292900876,0.0905188821708957,18.36843689344528,,1
2.9372063883953348,4.31532699584906,8.260645602685013,524.1069210723622,1177.9066479753758,85.41157055812373,139.66017214833565,,0.6806451493803383,0.0606456026850139,2.0933520246242097,,0
2.8447275013612985,4.346133597246252,8.56109193554549,523.3470540406227,1187.306667145475,81.89661424769237,145.358212022569,,0.6545421204974464,0.36109193554549,7.30666714547533,,1
3.1600551432572326,4.756575008239843,7.915968137475503,540.2699747211996,1215.8579545320467,86.52789047315295,140.32452379920036,,0.6643551583058598,0.2840318625244959,35.85795453204673,,0
3.4593170692714748,4.42939632312518,8.258506971351588,502.9641010515723,1184.845358563059,85.64322640237216,146.5721964881257,,0.7809906398372923,0.0585069713515888,4.845358563059335,,0
3.06345970942519,4.889819861072375,8.01832752132222,504.2614803065257,1196.550871932499,82.74621413389687,147.26211142937242,,0.6264974571326749,0.181672478677779,16.55087193249892,,0
3.3716208079993715,4.468884774495037,8.094179625457492,550.0681834584403,1156.2786220385822,86.29525550943792,140.55469255867928,,0.7544658180688677,0.1058203745425068,23.72137796141783,,0
2.8151262329159863,4.866667304052373,8.216902787118478,556.3883431349897,1133.568384618755,84.2306849224943,145.96608079826444,,0.5784505199263238,0.0169027871184788,46.43161538124491,,0
2.5786719634461024,4.452587999006933,8.201375286517194,483.53833762281,1203.6046357763123,84.05098273951052,160.85726738899172,,0.5791400334911039,0.0013752865171952,23.60463577631253,,0
3.5709325741299485,4.226831318473355,8.213639633043893,536.3339057181499,1163.660074513873,89.66114181439409,150.25228922895766,,0.8448249537847352,0.0136396330438941,16.33992548612696,,0
3.8153128225437474,4.043345557293515,8.27012265680105,507.0650569994537,1120.7344823087824,79.90607831424373,128.40253787151357,,0.9436029563978182,0.0701226568010504,59.26551769121761,,0
3.434634010106175,4.65700775615475,8.10521217304385,549.2534025307295,1224.2687604148944,88.95337518331687,156.95992184043567,,0.7375194951800129,0.0947878269561499,44.26876041489436,,0
2.598301720893484,4.083533657301212,8.44187922675637,521.4261260688489,1213.380446087211,79.85049567847886,147.795926222693,,0.636287573046331,0.2418792267563709,33.38044608721134,,0
3.113991494841198,4.833264743698203,8.047042509321338,480.3971578548935,1175.3672394855496,84.44448927526014,135.2238648818019,,0.6442832452447504,0.152957490678661,4.6327605144504105,,0
2.9221814733157108,4.193960050118356,8.2200197368077,525.6655016832319,1160.6607382406694,86.38278866598307,138.23282938492997,,0.6967594916733852,0.0200197368077006,19.33926175933061,,0
3.2247351256693246,4.642011137095316,8.365253950001522,530.8484255728964,1152.0321903744564,84.04936986313992,151.7906327371574,,0.6946849177515072,0.1652539500015226,27.967809625543623,,0
2.7292786630404477,4.984109280653427,8.06483847414962,522.6570023531929,1175.9035013964617,88.19219360781207,146.57845701083613,,0.547596071596375,0.1351615258503784,4.096498603538521,,0
3.659692077992864,4.757158614516298,8.14030249672637,544.2462977000346,1197.1272699091269,86.96201372328129,147.47948198048334,,0.7693020926517236,0.0596975032736288,17.127269909126653,,0
3.071560221446794,4.3777527469066815,8.17821864969461,540.2345602984443,1179.8214479487615,81.00442106647071,134.96069338146577,,0.7016294428495369,0.0217813503053889,0.1785520512382845,,0
3.468192305456608,5.235862503203936,8.15311690796962,522.4670573860234,1181.4127089913047,84.00872982739644,140.26701807455228,,0.6623917840989818,0.0468830920303791,1.4127089913047255,,0
3.461049946223758,4.936852038338824,8.122862190856209,483.4033943422645,1225.8101095659747,85.81657914580926,138.44500979149913,,0.7010641434348689,0.0771378091437906,45.8101095659747,,0
3.1143647208209777,4.790790075067246,8.278028849091443,524.2639471748789,1142.036265848575,89.55957674860039,148.47328843960756,,0.6500733013494,0.078028849091444,37.96373415142466,,1
2.614171250307079,4.494010706695023,8.204157111140365,516.3465779634153,1191.8914931517936,88.88700865691061,142.5971398641128,,0.5817011619110909,0.0041571111403655,11.891493151793613,,1
3.7894163878473663,4.340792962522556,8.159145634841277,518.5217558080516,1198.8002924419209,85.01084911586655,142.99066955595333,,0.8729779143330191,0.0408543651587223,18.800292441920877,,0
3.9507221812427273,5.213901663515824,8.029437303750624,509.57717210728407,1176.0493094745864,91.63513642938624,143.20910992964687,,0.7577285563573439,0.1705626962493749,3.95069052541362,,1
2.958547003239357,4.482583877897911,7.882688949985226,489.4254978721618,1215.734881171676,78.27178938419858,139.6544033760874,,0.6600092899916346,0.3173110500147729,35.73488117167608,,0
2.6967853680500595,4.324003727300508,8.372873921390633,500.8482603667451,1205.2637336907142,81.95804080404051,132.34700800488525,,0.6236778544846433,0.172873921390634,25.26373369071416,,0
3.763854878285407,4.44231763940059,8.172210052888177,537.3849980187377,1191.9777176475277,84.38079730648865,148.11754673391414,,0.8472727938351562,0.0277899471118221,11.97771764752747,,0
3.11840358930954,4.17630320827135,8.028968056336755,539.2126572281961,1168.2029993773178,86.35573971399974,146.20808511886457,,0.7466899391755646,0.1710319436632446,11.797000622682162,,0
2.80688810481618,4.296794873936931,8.35168425839892,550.0828298470547,1154.412690770982,87.3559782277372,141.62655725542487,,0.6532515948547298,0.1516842583989213,25.587309229018047,,0
2.721163690518871,4.607264736715664,7.856336105807063,515.8053529697034,1139.7233275576114,80.0506355505012,141.81362927563532,,0.5906245560935697,0.3436638941929359,40.27667244238864,,0
3.54758583497,4.580890643756271,8.612417104657881,519.5434962571536,1215.184208643485,84.47631378973702,139.06113833628763,,0.7744314610589774,0.4124171046578819,35.18420864348468,,0
3.068123549118733,4.616524916761608,8.32493407435181,503.3960682238156,1234.0230784789433,87.05611237336274,150.26411768882804,,0.6645959035798641,0.1249340743518114,54.02307847894326,,0
3.515459680280526,4.1521573458780185,7.9792512923445855,523.7762656100316,1195.9834077276323,80.95163445554493,143.88235518487335,,0.8466585889197523,0.2207487076554137,15.983407727632311,,0
3.0537772537390677,4.649502704613059,8.07654854937015,518.8258860228109,1184.9812112098682,84.55081353099781,137.3520208499549,,0.6567965322511652,0.1234514506298491,4.981211209868206,,0
2.6586056762372734,4.365328510379412,8.241394288769483,494.9656287286144,1183.584542017979,87.74697171080587,144.3854630880227,,0.6090276297206263,0.0413942887694833,3.584542017978947,,1
3.0919631304794515,4.630275923366062,8.187338076589768,528.6134237162638,1187.1153773812,92.46675530606936,134.61064916343895,,0.6677708156026958,0.0126619234102314,7.115377381200005,,0
2.5741255644086527,4.932355022570776,8.332601836667264,488.8008977382066,1205.6294225288304,82.77894999910258,139.58710938360733,,0.5218857020849882,0.1326018366672645,25.62942252883045,,0
3.1484182536454863,4.889379222984556,8.371943926887477,499.1325286763413,1138.969379485054,86.35343085370764,143.5734105276032,,0.6439300593010069,0.1719439268874776,41.030620514945895,,0
2.860833431602828,4.738804982309815,8.066492400781087,525.5521639252569,1181.7885291098369,86.58196992728472,145.54391719625033,,0.603703558529788,0.1335075992189125,1.7885291098368723,,0
2.843500744145583,4.5116584519199305,8.167810211934121,502.4493140068474,1168.3553325157975,81.04737397784943,137.1878428610126,,0.6302562070728733,0.0321897880658781,11.6446674842025,,0
3.5906845143637827,4.513701430962329,8.188604703932446,509.4219907856118,1185.4979191670568,88.52222805821135,138.64585602219515,,0.7955077597595406,0.0113952960675529,5.497919167056807,,1
3.155974036771562,4.331764503463424,7.898286040898338,518.8079706163346,1135.1116635051458,84.742208377483,142.2625517352642,,0.7285654687644413,0.3017139591016615,44.88833649485423,,0
2.339838778427958,4.71952749770161,8.22919710041099,534.1754271118009,1155.3108416305436,86.82183910079904,133.47937751220954,,0.4957781852254641,0.0291971004109914,24.68915836945644,,0
3.1106776596128776,4.22067199423658,7.917870643570586,543.8969073792675,1146.1022589055078,83.83426570808143,134.52827929335152,,0.7370100455860029,0.2821293564294134,33.897741094492176,,0
3.6702025938877063,4.021537373025443,8.336642670128048,505.4307043752341,1192.548327113644,84.07039115515875,139.80643412756586,,0.9126366989880638,0.1366426701280492,12.548327113644064,,0
3.732599751333588,4.383890714056484,8.085597241724592,535.8246872669912,1173.9793827615754,83.2791434283766,132.81313882958875,,0.8514354015518598,0.114402758275407,6.02061723842462,,0
3.375935098618198,4.010467463229539,8.177430346323785,513.4179990365419,1174.209126329648,81.34160537386163,140.65539989535162,,0.8417809466674623,0.0225696536762143,5.790873670351857,,0
2.8795998940848846,4.261602595680332,8.167765082528312,514.9217773990514,1199.7650524419842,76.95697738365054,143.2578797989359,,0.6757082174504051,0.0322349174716869,19.765052441984157,,0
3.251753438418648,4.651798310695866,8.050066595348087,521.9562745840345,1169.6968390424042,85.31788984194047,133.152548284597,,0.6990314756860523,0.1499334046519127,10.303160957595765,,0
3.387350235579521,3.869033107022464,8.14759264985063,542.988637885361,1202.2577121360755,82.79209384236407,142.6925251894646,,0.8755030368067488,0.0524073501493695,22.257712136075725,,0
3.920343329578954,4.528650784770537,8.141053492728,524.267682821284,1174.1535642404667,81.62927457527512,129.3182633219058,,0.8656757862401436,0.0589465072719992,5.846435759533279,,0
2.8215128105858,4.662840076029567,8.261997845693811,517.2675433807715,1201.3185140788753,87.20558361781943,141.69950010845065,,0.6051060649678611,0.0619978456938117,21.318514078875296,,1
2.984744306948654,4.78411979628582,7.86083622496392,526.107684034301,1204.4821258852896,85.58963564616015,141.4679840280728,,0.6238857790814504,0.339163775036079,24.482125885289637,,1
3.1957699868181537,4.271584315104974,8.12130443958481,527.1142870474225,1180.5612789354311,80.42184359473285,140.96351468280238,,0.7481462966256518,0.0786955604151895,0.5612789354313463,,0
2.863769597406382,4.048464535945183,8.632366163800311,487.5336700476127,1219.4803454913806,84.88712488859753,153.09683387094788,,0.7073717878154548,0.432366163800312,39.48034549138061,,0
3.076382470900844,3.922461521418704,8.25068706978883,529.3799797772556,1160.3638731210297,83.28315929930687,151.96278602886633,,0.7842989544493625,0.0506870697888306,19.636126878970344,,0
2.9840774854124623,4.655371690312524,8.160325335112939,526.8817083959606,1165.8892219353422,86.27404826353957,131.7839643016003,,0.6409966127905758,0.0396746648870607,14.11077806465778,,0
3.7112531872520336,4.336908057466196,8.249611038368377,533.5579389549383,1121.0583966904967,89.61558044342118,144.29942402450305,,0.8557371143728066,0.0496110383683774,58.94160330950331,,0
3.2613371317384034,4.32375994187563,8.113247801037188,516.5095214497577,1178.5402961931657,81.86214900394245,137.27844157869555,,0.754282655565139,0.0867521989628112,1.4597038068343409,,0
3.276496601917823,4.484408534100636,8.411054039067238,522.2109510433,1148.5506707607306,83.5598492159785,148.35783306886586,,0.7306418619694948,0.211054039067239,31.44932923926945,,0
3.148777964264976,4.856552298403388,8.275844961557874,517.9837945980561,1212.8958403176846,86.9353173935458,138.5054298146853,,0.6483566468854444,0.0758449615578751,32.89584031768459,,0
2.8731644280081285,3.796915985621912,7.997770191703264,521.6117835610911,1176.1531881577987,82.69300340306962,146.954723854463,,0.7567100347048663,0.2022298082967353,3.846811842201305,,0
3.6809335534201377,4.321726188179724,8.22269598805843,527.0335891845854,1165.895064252538,85.6324670573806,144.94219224859896,,0.8517276181531503,0.0226959880584303,14.104935747461925,,0
3.3860362641259414,4.73771825007131,8.186611854103575,533.5438655744764,1188.7257626400476,83.40672799994131,139.15306972905714,,0.7146976845573876,0.0133881458964246,8.725762640047606,,0
3.322435953498961,4.660593366924092,8.348247226090473,529.3021154990893,1196.2597143602093,88.71742565450948,139.4477481672094,,0.7128783163888918,0.1482472260904739,16.259714360209273,,0
3.621908189864445,4.462358433659268,7.997330736586623,523.917257143368,1147.9601479796493,86.85008332049016,145.4835125729024,,0.8116578358504279,0.2026692634133766,32.039852020350736,,0
3.0212291549311328,5.04068646976324,8.141750928491744,495.6894076602789,1167.381261690302,83.33754699385095,143.74871131804738,,0.5993685924436539,0.0582490715082553,12.618738309698074,,0
3.847309302350634,4.55885416824985,8.083166949924607,516.8053094831131,1197.6334529715882,84.39306274695848,132.18442593817844,,0.8439202394981853,0.1168330500753924,17.633452971588213,,0
3.055305740057508,4.078616319536047,7.995100646096362,529.7129349112108,1182.681982266752,79.9132113397381,157.06289618891037,,0.749103494897003,0.2048993539036372,2.681982266751902,,1
3.6137057519241935,4.317299743448988,8.016801599446007,489.7209267768623,1203.4506203075312,84.51430063384234,147.02950602143102,,0.8370291538294401,0.1831984005539926,23.450620307531157,,0
2.754191835398212,4.9767571075991714,8.133569897049266,577.9492067115475,1184.826985956125,81.4288484177761,143.5318552946695,,0.5534109411607282,0.0664301029507328,4.826985956125327,,0
3.176978062561827,4.544252797826776,8.447135752248126,514.7406786152478,1163.1762258343845,85.87828435163934,147.83476410803888,,0.6991200100887985,0.247135752248127,16.823774165615532,,1
3.6251637115592175,4.704626362541765,8.197332015457475,502.7252146472069,1189.1085722970429,86.92401422832366,133.28161065125013,,0.7705529475522686,0.0026679845425245,9.108572297042656,,0
3.320221735850615,4.966596501634344,8.277710832325626,511.6715210601196,1200.4889750634902,84.86221386051092,132.31743493038633,,0.6685104646792887,0.0777108323256268,20.488975063490216,,0
3.789044424462063,5.227872126672548,8.139719182583917,507.18801298482936,1219.1425878121222,86.28399921509212,130.26940850624865,,0.7247775637827141,0.060280817416082,39.1425878121222,,0
3.0234323894641237,4.129371057879162,8.044926384558647,541.9463978733526,1190.929647080597,86.07926188631369,126.61445953201044,,0.7321774542307118,0.1550736154413527,10.929647080597078,,0
3.4345053964958585,4.466432281750581,8.16273257229687,539.990872784315,1176.6379400626083,88.34879116708461,143.17151801827885,,0.7689594690061601,0.0372674277031297,3.36205993739145,,0
2.74808325237618,4.546451050391917,8.185653693868959,548.6373567193178,1164.8685141684134,75.90272513324913,139.13606898252624,,0.6044458020800293,0.0143463061310402,15.131485831586588,,0
3.447569875116641,4.555093985240806,8.418331926743345,509.574449625416,1173.8044244497617,87.8861053995524,143.59623549156225,,0.7568603162811632,0.2183319267433461,6.195575550238345,,0
3.165023911579006,4.757070367787011,8.312698356896375,535.7793579853599,1170.1178800262396,91.22401448060064,141.3894230214741,,0.6653304799411754,0.1126983568963755,9.882119973760382,,0
2.716412311888011,4.828685713927933,8.228956958786108,517.0336464081126,1140.825718542663,87.2692521461101,151.35659410729107,,0.5625572820964914,0.0289569587861091,39.174281457336974,,0
3.244749385772768,4.54878300542176,7.957764260945374,536.3351329961417,1163.665613482497,80.9007407858985,141.5958350622614,,0.7133225263091207,0.2422357390546254,16.334386517502935,,0
3.7915975373695128,4.496700855752212,8.274935388367844,490.7533599493517,1201.7569277428931,89.28174336385379,129.69266214631594,,0.8431954132941885,0.0749353883678445,21.75692774289314,,0
3.1795161805217163,4.007766939546082,8.33718090889334,520.0058607074633,1139.0807928102558,83.82103854556955,137.32082052910465,,0.7933385917117447,0.13718090889334,40.91920718974416,,0
3.345531203036344,4.377244070933241,8.139543194208077,502.79269393010935,1214.513397234813,83.88190031023353,161.23466403180885,,0.7643008130361729,0.0604568057919223,34.513397234813056,,1
3.254098779404284,4.870271563611219,8.288959659886126,494.8504476685821,1181.3594312197365,86.85804768358878,134.8896381880164,,0.6681555096536079,0.088959659886127,1.359431219736507,,0
3.2053541155621224,4.213618540888858,8.316178273163198,507.42574922293056,1136.7338889946825,86.12811240648631,146.30308214303258,,0.7607129320551271,0.1161782731631984,43.266111005317725,,0
2.844746179961596,4.813102511180694,8.162195435183254,499.34705777428337,1145.872738271304,88.78675635369522,150.70985955154765,,0.5910420924470843,0.0378045648167457,34.127261728695885,,0
3.383271062389128,4.130742500568867,8.154108169290549,499.1997908930625,1139.8710872761123,79.0306596410143,144.37343975091574,,0.8190467116030961,0.0458918307094506,40.12891272388765,,0
2.856530879222586,4.660670810927813,8.042177187625102,542.0192420553974,1175.6540152896791,83.6716566852629,130.9503695203873,,0.6129012312802729,0.1578228123748974,4.345984710320863,,1
3.939068446867629,4.583631323146645,8.344349502373182,518.9834925975782,1175.8831736805264,80.40748068096836,141.0898209631036,,0.859377242256931,0.1443495023731831,4.116826319473603,,0
2.8109297999568787,4.264141918182554,8.3511496095716,493.62168736043577,1194.262091038507,76.14180119039554,129.51009418347638,,0.6592017463845904,0.1511496095716005,14.262091038506924,,0
2.596375200399816,4.533021461811248,8.225427494771163,516.4147503052736,1198.5491884922933,86.28193521397802,142.12971837858638,,0.5727692272583285,0.0254274947711632,18.549188492293297,,0
3.188022526790325,4.481086253066819,8.204615069364648,509.7310473460695,1161.881695567825,89.94058342266327,156.71531564149177,,0.7114396702132274,0.0046150693646485,18.11830443217468,,0
3.0009081718300914,4.726327510365792,8.304477446257648,525.1186165450081,1169.7209625491896,91.01622788543172,146.71001992196804,,0.6349344527254107,0.1044774462576487,10.279037450810392,,0
2.864931287275828,4.579285662492972,8.269925689180495,514.7752594862588,1189.5541542868957,84.91812510692822,122.77673995320352,,0.6256284271836681,0.0699256891804953,9.554154286895482,,0
3.471183106585929,4.167803846658425,8.206256769670324,506.9970547177901,1177.263873559432,82.63784379244234,139.02856003901144,,0.8328566394831957,0.0062567696703244,2.736126440568114,,0
3.4549465014822025,4.133629378589096,8.362871140873063,516.4210545936093,1161.0272439134387,86.25152156397938,126.91125923764608,,0.8358142891430779,0.1628711408730634,18.97275608656128,,0
2.66367283130348,5.141092027465497,8.457308556473494,537.7681588317952,1193.237581535764,90.73690144927916,153.90214688734133,,0.5181142093071086,0.2573085564734949,13.237581535764091,,0
3.274546907276296,4.494715328083393,8.536944928054407,542.1350645393179,1165.179113229132,85.343652453559,131.89843173767918,,0.7285326583617197,0.3369449280544074,14.820886770868128,,0
3.324256006851479,4.419815384885858,8.038135074929754,529.9560680147448,1178.914801546209,90.52952214482674,149.40708284643097,,0.7521255339005981,0.1618649250702457,1.0851984537910084,,0
3.304677717216704,4.413434880752363,8.254435333269297,534.8361029623406,1154.5078701217783,88.58545402499247,148.12497255226037,,0.7487768157359953,0.0544353332692981,25.49212987822148,,0
3.1234101178269467,4.609898597621737,8.276083531748952,536.6680622193794,1203.323461857267,87.96000045587115,137.15552623893194,,0.6775442129596474,0.0760835317489529,23.32346185726692,,0
2.8448046514735,4.591768995541302,8.246559215355004,539.9969127748312,1141.7769660708952,85.50716052195904,151.46705908138506,,0.619544374644351,0.0465592153550051,38.22303392910476,,0
3.745361618650854,4.086692359622993,8.446098942333114,556.3484024384418,1143.1583071950072,96.12823796536928,143.05419548310616,,0.9164775050696244,0.2460989423331145,36.84169280499282,,0
3.290854422539237,4.12656866257514,8.262333001221132,500.0460946580741,1159.8590876122664,87.52625884510603,161.33618656410147,,0.7974796231036503,0.0623330012211322,20.14091238773358,,0
2.7251900619482106,4.971840451142127,8.60191465601245,533.1223781854236,1218.1278745554105,86.11789022191164,131.01777800803282,,0.5481250028395536,0.4019146560124511,38.12787455541047,,0
3.913369816834111,4.606027181061593,8.344760083825634,560.595755217751,1186.4871306087473,88.6939517282404,152.53410790457167,,0.8496193492029157,0.1447600838256342,6.487130608747293,,0
2.235530858656148,4.28925651723356,7.966071455011199,492.114988545556,1178.1618134714868,78.6216596376154,146.89141748524307,,0.5211930900268945,0.2339285449888004,1.8381865285132333,,0
2.7054959502873115,4.0618563776255625,8.27378067261842,548.8152283823171,1152.6554290826,83.38455899426576,135.3188805228061,,0.6660737599005871,0.0737806726184207,27.34457091740001,,0
3.3207298115813986,4.272354425027525,8.13127425009867,500.2921125353317,1187.6982779966745,82.41291902919298,153.39026064746798,,0.7772599088107593,0.0687257499013291,7.698277996674278,,0
3.0425220499668253,4.076138283390439,8.419298084375018,532.8712160355932,1170.1858299789485,82.10206918652202,136.01473823264848,,0.7464226769779023,0.2192980843750192,9.814170021051725,,0
3.272705703751746,4.270383714177751,8.196287294323987,521.6216786959268,1163.631095123071,86.9530502515194,153.45937280330776,,0.7663727482193068,0.003712705676012,16.368904876929037,,0
3.0296759742966706,4.634071020980664,8.093114787836393,521.6325661637492,1207.5594060598016,93.58841030635668,133.5777912167884,,0.6537828099582614,0.1068852121636059,27.55940605980163,,0
3.09435212128667,4.820908728213406,8.237483268274108,453.0322921143984,1204.0201260717192,82.69257006866988,145.01378909301363,,0.6418607559474692,0.0374832682741086,24.020126071719236,,0
2.7462541495857336,4.433683251206991,8.152937711206716,477.9812210957336,1138.380589282602,83.26028131330617,143.3275518665989,,0.6194069340020418,0.047062288793283,41.61941071739807,,1
3.2935482722992924,4.266722271614452,8.027904944001069,510.5807493129463,1203.120300990551,83.7974722823927,158.85420212476438,,0.7719153162226227,0.1720950559989305,23.12030099055096,,0
2.8117570206376854,4.336950957039119,8.027881135666936,517.9067052237106,1167.0694111487685,85.51546907286539,141.88263592265352,,0.6483257587743106,0.1721188643330631,12.930588851231732,,0
3.289896510793471,4.251275250495936,8.329543467226669,527.9424513570887,1183.0900540065516,82.15765674624376,128.74225792335682,,0.7738610925358983,0.1295434672266697,3.0900540065515543,,0
3.531578966024179,3.774575640191946,8.15312283933396,506.7901798258482,1130.2225930741351,81.09344348200611,139.77390906407405,,0.9356227829915648,0.0468771606660389,49.77740692586485,,0
3.450146663075147,4.327508835275692,8.366789440265672,515.233761371484,1195.7915378545686,86.17948039241642,131.9950964413626,,0.7972592994274244,0.1667894402656724,15.79153785456856,,0
3.13892149376442,4.547152099810158,7.900810542527927,500.6403084510486,1190.145986121547,79.92599903730412,158.00057311819583,,0.6903049258469194,0.2991894574720719,10.145986121546684,,0
2.786308971537198,4.635635216913983,8.170654313458494,498.368832550899,1162.0271069479152,82.28034704706347,141.02933070356195,,0.6010630346343399,0.0293456865415056,17.972893052084828,,0
2.854999550801808,5.079873209561931,8.412813004941535,508.75737927334353,1182.395933568483,91.37482150329087,134.73983641844617,,0.562021812840874,0.2128130049415357,2.395933568483088,,0
2.9837736575597544,4.521587581477966,8.310745024515303,480.2473066684885,1129.565950666473,83.63220271371875,138.8361418139767,,0.6598951370802724,0.1107450245153032,50.4340493335269,,0
3.727553033775535,4.714063895461144,8.295455555248504,528.3727541763346,1156.8684232382,80.37540730563398,157.04001706600263,,0.7907302734215833,0.0954555552485043,23.131576761800037,,0
3.0863011401323552,4.369394025849986,8.284917891216775,532.367984960187,1143.169514348605,89.14842113257696,155.66324246998676,,0.7063453470131081,0.0849178912167758,36.830485651395065,,0
2.499608576040904,4.472372637131311,8.011035683312778,543.0974018552852,1181.9467165812662,84.62733949831075,146.65738733393428,,0.5588998901230452,0.1889643166872208,1.9467165812661733,,1
2.847231113610812,4.616464488040768,8.276224506001702,567.5242472445588,1168.2943909012156,82.2469258882008,134.58714363083547,,0.6167557706487251,0.0762245060017026,11.705609098784407,,1
3.586879123599502,4.60159845285377,8.36162643104394,507.7455790727393,1178.797275735158,85.19636796183507,142.14356827762023,,0.7794854678368436,0.1616264310439401,1.202724264842118,,0
3.366917139969174,5.003187523647312,8.059726502297298,545.6867953522434,1151.7409620465858,76.62022905477708,134.27371274531356,,0.6729544162361808,0.1402734977027009,28.25903795341424,,0
3.615160481338,4.614530665619041,8.03566115751211,513.7619491609248,1131.3930346646664,86.49885082115946,146.85460986510023,,0.7834297228729316,0.16433884248789,48.6069653353336,,0
2.843946544041605,5.176919746377196,8.323595093471154,526.4425971567151,1212.0166011852905,81.25833507626906,134.1194947232152,,0.54935109733591,0.1235950934711542,32.01660118529048,,0
3.1852900364401573,4.383204786010974,8.230525814218522,528.215087038831,1142.1234735636112,87.39823227101363,150.8073833738021,,0.7267034490104882,0.0305258142185227,37.87652643638876,,0
2.603508113683244,3.602063160047443,8.066305006581059,539.4556992422455,1127.3071142394556,95.89220044284932,136.15830755922977,,0.7227824714006875,0.1336949934189402,52.692885760544414,,0
3.017829647912488,5.042118845959445,8.477465420371411,514.9246406778773,1203.9975524755498,94.54163927252948,142.49482394032742,,0.5985241005836928,0.2774654203714117,23.99755247554981,,0
4.066217490912544,4.3667425773515625,8.138116919318138,483.4396961590996,1179.7366572184085,88.94531455804346,145.19569396466323,,0.9311786573065028,0.0618830806818611,0.2633427815915183,,0
3.2511225223539704,4.633124529289733,8.312135820030017,513.5514999115866,1208.2511923586585,92.26427793688944,140.38879094088952,,0.7017127429015297,0.1121358200300175,28.251192358658272,,0
3.593184225117537,5.041842656363169,7.90965394656501,555.1334168926396,1210.7049393575592,86.52364828115735,149.17974852246493,,0.7126728200988197,0.2903460534349893,30.70493935755917,,0
2.9714170545596184,4.2654986124631815,8.240713758642068,524.7033228780302,1131.589450809155,82.06583192208885,142.4414689915662,,0.6966165796375934,0.0407137586420685,48.4105491908449,,0
3.0521745685410204,4.511898395682851,8.105217253722646,547.1201427409892,1176.928607403483,79.59392521648937,141.14873510812868,,0.6764723626722134,0.0947827462773531,3.071392596516944,,0
3.405608357819628,4.5805609792688085,8.290230265131179,546.4756152542066,1186.6618320924454,84.36089441711749,143.6788902502262,,0.7434915444832199,0.0902302651311792,6.661832092445366,,1
3.9835657239879145,4.643167082728833,8.392867081660704,525.100135310445,1186.0850246846137,78.29838395063172,144.15278022409586,,0.8579414981527639,0.1928670816607045,6.085024684613472,,0
2.9892584527615056,5.395809434528815,8.388162156818979,511.09029650154537,1174.6372994195965,79.87676805971165,147.5472832529646,,0.5539962981417902,0.1881621568189793,5.362700580403498,,0
3.808662676187821,4.545257804674667,8.184884315484144,508.5963144006458,1228.029892772617,88.76834041803164,123.85451211413768,,0.8379420571992151,0.0151156845158553,48.02989277261668,,0
3.910935015473984,4.365581248695143,8.310820765565643,526.2825793918298,1185.4207031593266,84.45977839634897,150.45071789607553,,0.8958566549980238,0.1108207655656432,5.420703159326649,,0
2.9622096097116613,4.838189420205177,8.581768191291237,531.220644232541,1188.327396952617,81.81944124384161,137.2311354026268,,0.6122558155182325,0.381768191291238,8.327396952616937,,0
3.011753528232022,4.11119104250246,8.185808624558463,546.1211553107353,1163.477432362993,85.09740704527798,130.27795272250685,,0.7325744526010178,0.0141913754415359,16.522567637006887,,0
3.1704472150511003,5.128742097773487,8.180829822940522,499.44414975893136,1134.5076274101737,81.0134231010864,131.97238152613207,,0.61817247855167,0.0191701770594772,45.492372589826346,,0
3.0013404421430856,4.51477856727848,8.040826734328604,503.1634372705886,1199.569707944948,89.44333949339878,153.24680130679323,,0.6647813169024411,0.1591732656713951,19.56970794494805,,0
3.3786398143134733,4.283215049349569,8.2598435260305,525.3693682433882,1176.6769351628088,82.80114350232476,146.98148204373769,,0.7888092880224937,0.0598435260304999,3.3230648371911684,,0
2.464942692863254,4.461411847590306,8.127244639927742,501.9627903423256,1209.454801359124,83.06899672649426,125.36766371177885,,0.5525028346446235,0.0727553600722572,29.45480135912408,,0
2.5746137517533643,3.811632499909808,8.097256434163379,532.4434635272746,1148.971328284563,84.81215928083522,142.97847010787595,,0.6754622202268512,0.1027435658366204,31.028671715436985,,0
3.501763995512942,3.966584919360818,7.918365819272609,522.1710477801658,1171.058772191717,83.49261743854125,138.02236343404414,,0.8828158392722387,0.2816341807273899,8.941227808282974,,0
4.056045442779686,4.388141366929242,8.053442885326586,505.4458571080934,1158.4519193845056,90.95524357979488,141.42650040689733,,0.9243196840519584,0.1465571146734134,21.548080615494428,,0
3.6189913732052834,4.699576099872429,8.06911033664671,558.3228470531367,1156.683402287074,91.7136477204506,127.01116627509998,,0.7700676179141889,0.1308896633532885,23.316597712926068,,0
2.5817107215044324,4.068065156975797,8.389475977799089,524.3338481252937,1180.5761931796178,85.40218315718789,145.7883743047581,,0.6346286554537514,0.1894759777990895,0.5761931796178033,,0
2.806317279884374,4.349155001210654,8.170654266092946,535.0961564278826,1115.4053778051666,92.60896232803988,146.2658727743786,,0.6452557516248413,0.0293457339070535,64.59462219483339,,0
3.0095486947219667,4.677136257082504,8.06831317855623,535.3018503149673,1180.5673640312782,87.28516226810818,140.63467474615103,,0.6434597002644944,0.13168682144377,0.5673640312782027,,0
2.57432268324303,4.682303898852504,8.45645560241789,545.8825503352756,1186.180506466762,85.16758518211442,141.36758119325376,,0.5497982912480591,0.2564556024178905,6.180506466761926,,0
