surface_roughness_um,weld_depth_mm,wall_thickness_mm,tensile_strength_mpa,temp_at_weld_celsius,pressure_test_bar,cycle_time_seconds,operator_shift,roughness_weld_ratio,thickness_deviation,weld_temp_deviation,is_night_shift,defect
2.547489673815622,4.384199227305168,8.317642712989562,487.9441304785546,1150.9295749334751,76.55423881151101,137.76377966837077,3.0,0.5810615670402423,0.11764271298956253,29.070425066524876,1,0
3.353680828802359,4.597577849468874,8.12686831653901,526.9319445782749,1201.7164310183891,87.604135433128,143.07899326623712,2.0,0.7294451421764051,0.0731316834609892,21.71643101838913,0,1
2.8383726841056003,4.102814674734131,8.076134635679775,535.7590908971994,1175.4241378751578,84.12048414096671,148.179201137051,2.0,0.691811087859512,0.1238653643202241,4.5758621248421605,0,0
3.0027508710400914,4.319212708615633,8.036572988758982,526.8783629660345,1224.9459683272619,86.98640963870376,154.36229872250954,2.0,0.6952079170250697,0.16342701124101744,44.94596832726188,0,0
3.101844753598852,4.270163750816799,8.04533409200586,532.9038316267502,1181.4609673720897,85.10302140369305,139.046200934516,1.0,0.7263994857993747,0.15466590799413993,1.4609673720897263,0,0
3.1023373458837407,4.259340177589446,8.227050803599582,500.49401499829435,1179.7941908857622,86.4251461932412,139.1540523621365,3.0,0.7283610173891143,0.02705080359958245,0.2058091142378089,1,0
2.8414669365631755,4.671367263070872,8.423839676421258,486.58423210114836,1219.2721618498756,83.417080905156,130.32858836385958,2.0,0.6082730763684322,0.22383967642125846,39.2721618498756,0,1
2.7610526724115734,3.9695529264740306,8.418874149128303,516.228489132693,1187.5747714166432,82.16259984679334,139.45404068194532,1.0,0.6955575912092777,0.21887414912830394,7.574771416643216,0,0
3.1327424725660844,5.025277782578143,8.28615795267008,510.96205915306547,1202.3251092049927,88.90771561125389,142.21524146632262,1.0,0.6233968762489944,0.08615795267008153,22.325109204992714,0,0
3.2152013912672803,4.821454780674312,8.232507946318432,526.0375837686466,1173.407523353173,87.6037264899998,134.46754655056264,2.0,0.6668529597099655,0.032507946318432346,6.592476646826981,0,0
4.288067666635848,4.504709338787327,8.367750720518968,543.3933631354619,1156.0169808695257,84.63830359729883,140.00045126990744,2.0,0.9519077354807297,0.16775072051896878,23.983019130474304,0,1
2.875039060425032,5.009287133912802,8.316444038612097,538.5717142809932,1185.358805206925,82.69370772421553,140.468394256302,2.0,0.5739417571788044,0.11644403861209796,5.358805206924899,0,0
3.5977789502035633,4.257195994561536,8.312734483810324,550.320034109395,1130.9392621817863,88.19925360130289,144.44957939812724,3.0,0.8451053120303912,0.1127344838103248,49.06073781821374,1,0
3.0119831408961995,4.504201490211414,8.383107279324316,564.714593453416,1193.1409980681774,85.32113980747248,141.91135579092557,3.0,0.668705240379049,0.18310727932431625,13.140998068177396,1,0
2.4049724341596432,4.943421569506933,8.044031016320764,513.8691266006122,1175.9577722993736,88.6448524151815,137.23276395308193,3.0,0.48649956307752656,0.1559689836792355,4.042227700626427,1,0
3.0974637286510034,4.0646321103296525,8.177801687871572,523.1574455528754,1159.0731253147158,89.99128309260095,125.83605463580362,2.0,0.7620526640079459,0.02219831212842749,20.926874685284247,0,0
3.2639425567989604,5.232366516741574,8.210713124887164,525.9940383300827,1183.681996394187,86.54490149497995,142.22027047742927,2.0,0.6237985327923402,0.010713124887164582,3.681996394187081,0,0
3.4718390995738706,4.787379616564706,8.077110030371593,518.6511237089729,1202.534417910723,77.53592930582204,150.0232810777407,2.0,0.7252065591029863,0.1228899696284067,22.53441791072305,0,0
2.245228051921731,4.197470093840656,8.030482505144658,502.55297442980145,1170.6903203644338,78.25922187676836,141.70593267964236,1.0,0.5349003092795028,0.1695174948553415,9.309679635566226,0,0
3.602369804718567,4.039040792885388,8.177735589840372,519.614470690858,1186.9228298949927,84.64908753480552,141.173543866668,1.0,0.8918874526278893,0.02226441015962699,6.922829894992674,0,0
3.0275497721699605,4.162440651678683,8.291471877981213,519.6729961347019,1166.736542042683,85.398166327583,139.79495120265688,1.0,0.7273496548765498,0.09147187798121337,13.263457957317087,0,0
2.828195655923036,4.5234022255436575,8.530336491005936,540.3429644607901,1136.9361293029929,85.7473449501259,138.0124961506138,3.0,0.6252363849774347,0.3303364910059372,43.06387069700713,1,0
3.1894376972164293,4.554088464151033,8.20607844134755,523.1120503261785,1203.09935835419,85.5622782006033,153.66553981744897,1.0,0.7003460125166132,0.006078441347550978,23.099358354189917,0,0
2.876602558842725,4.786888500627404,8.28986346388957,476.5234612825865,1224.8672236790637,85.59398122320442,138.6083267404517,3.0,0.6009336874808685,0.08986346388957145,44.86722367906373,1,0
3.046873124154813,4.419489360258786,8.212601528638652,548.1280330941523,1146.017773714496,88.16168067905208,139.1345672257454,3.0,0.6894174586918757,0.012601528638652937,33.98222628550411,1,0
2.6607811552239333,4.05528096390127,7.919653888625968,520.7855223843833,1190.3917993524144,85.12431807294905,140.24581371748891,1.0,0.6561274491837122,0.28034611137403154,10.39179935241441,0,0
3.213885499501025,4.23993462453496,8.07953731289214,549.2881249388756,1166.2669867429186,88.9572457276009,138.00567456560955,2.0,0.7580035503720823,0.12046268710785846,13.733013257081438,0,0
3.5975128858121757,4.51378828081468,8.224902827181186,520.0208977609757,1211.53652009972,90.71915928002166,135.44890010071472,2.0,0.7970052340084206,0.024902827181186638,31.536520099720065,0,0
3.0361253629482015,4.681215493476487,8.070218641922162,515.0467161270458,1211.0775894462074,80.65703071613228,127.90021863393072,2.0,0.648576286763688,0.12978135807783708,31.077589446207412,0,0
3.5312918760738494,4.277550525026182,8.144667534559446,524.9416513764991,1180.5905150603662,79.4521380977126,146.85661244343308,2.0,0.8255406580444059,0.05533246544055359,0.590515060366215,0,0
3.4973056376090863,4.318848510752044,8.210693089082419,511.9589164169891,1164.021519555374,81.1332395642999,146.07254711943202,3.0,0.8097773348827928,0.010693089082419505,15.97848044462603,1,0
3.538968670860169,4.58542637801567,8.243951321088797,505.6696329002268,1174.6988921908253,84.5732704620279,141.65967769259373,1.0,0.7717861717408842,0.04395132108879807,5.3011078091747095,0,0
3.18041398765662,4.890330618907228,8.063552196125043,526.9808921561613,1164.8582904560371,82.69084859758932,152.282281699027,3.0,0.6503474375965513,0.13644780387495636,15.141709543962861,1,0
3.721403172773904,4.556237814626673,7.932258404621221,537.3511225189848,1148.7675768566214,86.42678438908823,152.16308822503183,3.0,0.8167710561574485,0.2677415953787783,31.232423143378583,1,0
3.1713594962343747,4.723608217223362,8.273650591893663,522.5940945300342,1149.025851379879,87.60237047985497,147.6194985374085,1.0,0.6713849561018806,0.07365059189366363,30.974148620121014,0,0
2.781235606927224,4.599034137141283,8.17612757926934,516.7249821098364,1183.0252310799704,83.79084622762598,137.18256519624904,2.0,0.6047434142446421,0.023872420730659982,3.0252310799703537,0,0
3.3394380479443924,4.437805171197526,8.311526600550188,515.9768729146629,1197.4055920640712,77.19317081445827,146.82532647216516,1.0,0.7524976690877935,0.1115266005501887,17.405592064071243,0,0
3.6833464922372574,4.854567012767668,8.100425034576146,532.9687499485772,1185.3081535166975,81.91618396210853,149.56095120377867,1.0,0.7587384172040882,0.09957496542385336,5.30815351669753,0,0
3.357780856951319,4.491235078243805,8.184602713982404,460.457800855047,1174.471794302147,84.31005246330426,147.5581933705671,3.0,0.7476297271699865,0.01539728601759549,5.528205697853082,1,0
3.525144847535584,4.708896858624097,8.362972018433556,478.6115614677329,1183.3763926195923,85.16128484295835,148.43019458197753,2.0,0.7486137311185427,0.1629720184335568,3.3763926195922522,0,1
3.622422723626421,5.300071566696003,8.075028771500655,484.2425114444046,1156.5096104680244,80.07433532373526,133.57533804099404,2.0,0.6834667565066722,0.12497122849934428,23.490389531975552,0,0
3.2781926926213165,4.687595500206451,8.192262811417663,497.03432200176536,1190.7503345005896,80.9679117533333,141.79758729149634,3.0,0.6993335264908426,0.007737188582336074,10.750334500589588,1,0
3.415502396978548,4.452648747047922,8.192802130772412,513.624224290022,1166.055615937031,82.31599301875545,141.68624578362477,2.0,0.7670720486263221,0.007197869227587361,13.944384062968993,0,0
3.0833225000826894,4.504352699778797,8.187529971141775,529.9202788735652,1168.753342482246,82.92639209898088,129.38072730424503,2.0,0.684520663657086,0.01247002885822468,11.246657517754102,0,1
3.3852825168396494,4.767956504162176,8.145004918199659,502.9815698800962,1146.3691886975043,81.80159370021535,156.25836211079954,1.0,0.7100070047145918,0.05499508180034063,33.63081130249566,0,0
3.5243194582366844,4.730192208780746,8.343390709026746,520.6108819324294,1178.3933717892598,86.94810577043461,138.26079696439317,1.0,0.7450689743535904,0.14339070902674678,1.6066282107401548,0,0
2.790388563645448,4.438248042023597,8.261896204216445,483.78433541729737,1198.9784799730028,84.70916974905485,129.7457596872607,1.0,0.6287139737562911,0.06189620421644548,18.978479973002777,0,0
3.431191409455823,4.501964597341361,8.314443738507094,523.5433346765468,1201.8997595644823,83.98453948819574,133.1253093422306,1.0,0.7621542405553259,0.1144437385070951,21.899759564482338,0,0
3.4085119620055258,4.9560275222973305,8.051320867356317,501.68958335283685,1155.2907234396475,85.20201956194515,148.66396734771297,2.0,0.6877508137278834,0.14867913264368227,24.709276560352464,0,0
2.89841416445333,4.601244622417919,8.2991729392992,529.1710248908394,1168.208935534121,88.2688260699902,141.4008033889461,1.0,0.6299195982108674,0.09917293929920135,11.79106446587889,0,0
2.765549480327436,4.152901063300691,7.837183679939586,536.5384836406424,1155.3123900445921,85.3746841293608,158.24705243938266,3.0,0.6659319443221864,0.3628163200604133,24.68760995540788,1,1
3.0602969182726287,4.596064973384649,8.459577692774193,502.5894147163408,1174.372185982872,76.72272659660925,152.19294474086058,1.0,0.6658515350258645,0.25957769277419374,5.627814017128003,0,0
3.81337348051853,4.706057373303677,8.488333684040418,504.6501784737413,1199.8015025519835,83.03310614297101,125.29827287954319,2.0,0.8103117274643871,0.2883336840404187,19.801502551983504,0,0
2.873225731605106,4.827541601722394,8.143841495018963,501.2094223555183,1145.949257949975,94.47218236862177,134.98125977041644,1.0,0.5951736863302863,0.05615850498103647,34.050742050025065,0,0
3.602853334589264,4.814435027780746,8.310002201076726,509.20500677323514,1175.5742636021296,80.01028553991164,143.0314483523071,3.0,0.748343951689319,0.11000220107672654,4.425736397870423,1,1
3.297462889481086,4.99925761643517,7.990098542832118,511.52505322293194,1154.3056520521536,81.13870212101061,126.6938231232517,2.0,0.6595905115953644,0.20990145716788167,25.69434794784638,0,0
3.623974553618649,4.225356891272912,8.102852086543292,495.5205721538991,1144.2785846526642,83.82557136400949,165.18031192097547,3.0,0.8576730075146939,0.09714791345670726,35.72141534733578,1,0
2.89306097484478,4.72190264043535,8.286303508678019,526.4573449859495,1181.6544707966275,85.92307415465842,147.9935905322295,3.0,0.6126896707818092,0.08630350867801972,1.6544707966274927,1,0
3.451851536769445,4.583639943715638,8.266863977682569,523.0568801065064,1203.4840766017894,89.94852283115479,131.44477424398863,3.0,0.7530808655136616,0.06686397768256924,23.48407660178941,1,0
2.7610789889468625,4.939563151044414,8.20549054848446,535.7816798047768,1174.362833234947,86.90845891127013,145.2400377255769,1.0,0.5589723026021222,0.005490548484461399,5.637166765053053,0,0
2.522817274321846,4.452892551466587,8.23930248615377,493.76907415240987,1210.90795449266,91.87568629489205,136.09585248093998,1.0,0.5665569614798776,0.039302486153770744,30.90795449266011,0,0
3.3488421890427453,4.856767938376736,8.252214293768102,545.2397726110588,1163.5781679426652,90.87979102476336,138.8361308881065,2.0,0.6895207328914502,0.05221429376810249,16.42183205733477,0,0
3.5191375119583066,4.863953756517477,8.3744484393516,493.76851415826036,1197.5900967019684,75.60048081026808,155.97800646904412,3.0,0.7235137683040898,0.17444843935160037,17.590096701968378,1,0
2.6736736734289974,4.36419295544714,8.042300647296507,533.9845933856834,1186.9809438568839,84.07715642343292,154.1887753368197,3.0,0.6126387398795531,0.15769935270349222,6.980943856883869,1,0
2.9434052363822762,5.032647254772014,8.072743329417678,534.3177887225338,1155.800929013455,86.6923849759737,139.50066129991058,2.0,0.5848622179920206,0.12725667058232126,24.19907098654494,0,0
3.1851852811806354,4.59721093281196,8.189495533478793,529.656779088184,1167.4752182567395,90.02577189518553,154.1828937736239,1.0,0.6928516718156138,0.010504466521206623,12.524781743260519,0,0
3.0803272910290262,4.331673260705701,7.996518242157018,512.3120101228126,1219.7827202796168,89.4648145669742,154.42178084525932,1.0,0.7111171838053346,0.20348175784298128,39.7827202796168,0,0
3.23412725702601,4.312225194694619,8.368965057511904,528.1306036175669,1143.49624344834,89.37757913978484,137.20488828634723,2.0,0.749990343791647,0.1689650575119046,36.50375655165999,0,0
3.48310077418219,5.066531081884277,8.38561968876003,497.3506650654837,1214.4469910454618,92.8079457267544,143.4175092345482,1.0,0.6874724969020282,0.1856196887600312,34.4469910454618,0,0
2.857566469636453,4.962097193945966,8.144496630124413,493.48337422036246,1192.494816886975,86.25449084193708,144.8894573363331,2.0,0.5758787781398083,0.05550336987558602,12.494816886975059,0,1
3.2767590943492144,4.523275616845917,8.377711584806,496.3730511912516,1187.0658464064973,82.55447991610522,135.46574817391559,2.0,0.7244217180622919,0.17771158480600135,7.065846406497258,0,0
2.9849416968880735,4.327619442544982,8.056737656779625,475.17492924922607,1210.3399390575562,79.83527786331474,132.74326561134134,2.0,0.6897421863977369,0.1432623432203748,30.339939057556194,0,0
3.1369012067074062,4.882281677620311,8.32034991668267,517.8524323875456,1160.603212513844,77.90062105720908,152.3237017995147,3.0,0.6425072155185169,0.12034991668267025,19.396787486155972,1,0
3.845911516283941,4.372849938538055,7.976906531018885,506.2105517893553,1212.487149954544,82.76917007340609,127.91735589734657,3.0,0.8794977118950075,0.22309346898111393,32.487149954544066,1,0
2.652673984466876,4.303569067312815,8.165745881101353,527.6777072204778,1180.759466910324,83.80559936182642,146.14147355110427,3.0,0.616389313697442,0.03425411889864627,0.7594669103239085,1,0
3.4734277292801914,4.349139373898713,7.844646353262812,527.5962584693925,1168.7469131676528,87.40353779536562,127.10287392603725,2.0,0.7986471413924471,0.3553536467371874,11.253086832347208,0,0
3.6376766073883795,4.610044212985633,8.471578371763147,527.775938140653,1156.2969013391864,81.2397301784326,139.47872514241882,1.0,0.7890762948330621,0.27157837176314814,23.703098660813566,0,0
2.6246888086730533,4.5577954597944075,8.398825032958188,523.7238855356222,1209.9643417716563,84.97435513051263,141.05816408110684,1.0,0.5758680553461211,0.19882503295818843,29.964341771656336,0,0
3.1570940936756235,4.378166892892979,8.129022534053933,517.7816451006796,1198.0773971788371,90.76229719163047,145.69235070397679,3.0,0.7210995309656636,0.07097746594606669,18.077397178837145,1,0
3.260167562057431,4.437904623270489,8.182526747105344,547.6052112231927,1156.1258991089248,83.17367978204567,140.3122200431005,3.0,0.7346186631023741,0.01747325289465529,23.87410089107516,1,0
2.9327423657844025,4.488251365367172,8.054321519629301,513.8919548005109,1171.175894231445,81.52508306883308,151.4086324770818,3.0,0.6534264965106419,0.14567848037069808,8.824105768555,1,0
3.623369794739835,4.268639910135213,8.36596926562181,517.2088831954273,1172.0863574197565,84.36365334252555,139.83787692526894,3.0,0.8488347272600529,0.16596926562181125,7.913642580243504,1,0
2.9128324437009594,4.138193288577565,8.307761754666494,483.6041165905349,1185.2642688083486,80.4012738937683,145.85571990756608,2.0,0.7038898958724829,0.10776175466649462,5.264268808348561,0,0
2.434375971765013,4.289412810511464,8.302542746790449,563.0613709060557,1181.8066977442224,75.67734608785042,139.32721459246554,3.0,0.5675312866208394,0.10254274679044961,1.806697744222447,1,1
3.529268233584766,5.125413876369305,8.081029800457909,556.1962546374418,1211.5107349805814,83.49810955119024,147.05920035963982,1.0,0.6885820965927956,0.11897019954209043,31.510734980581447,0,0
2.9400692458010256,4.91935329210945,8.386833522202544,492.14898607755543,1166.0429401747433,86.56252488180509,138.1726506676908,3.0,0.5976536082332586,0.18683352220254434,13.957059825256692,1,0
3.3039531176993697,4.772388694088114,8.233935713300113,510.487882037793,1197.1843310559377,80.84227614839732,133.26687961758213,3.0,0.6923059559461067,0.03393571330011369,17.18433105593772,1,0
3.555614848911957,4.545142349632171,8.375093607607566,505.14978582868866,1200.4855301801317,82.55663644257487,139.55186992488268,2.0,0.7822889966069857,0.17509360760756643,20.48553018013172,0,1
3.543063849280808,4.550271031740297,8.179933094121813,510.69923603026206,1187.59231484803,80.82160084248633,148.6329302740545,3.0,0.7786489692125171,0.020066905878186603,7.5923148480299005,1,1
3.2514469801619867,4.612218626439313,8.23377563983404,484.6845966877903,1188.6327389041192,82.23361316838441,136.6845179873326,3.0,0.7049637588336045,0.033775639834040305,8.632738904119151,1,0
3.1582203125850117,3.9868189936690457,8.197249290004942,524.5286705307112,1199.8636199553328,88.2157925678902,149.1676393421304,1.0,0.7921654624421147,0.002750709995057221,19.86361995533275,0,0
2.665309824449628,4.385658690997975,8.397631122852609,514.976094585521,1156.4604258383144,84.74502673066317,129.32212533621671,1.0,0.6077330708184664,0.1976311228526093,23.53957416168555,0,0
3.769798328498779,4.171238756760385,8.384309208284337,510.3190893424296,1224.0788028662496,87.30659831991628,131.33535991209732,3.0,0.9037599014166365,0.18430920828433806,44.07880286624959,1,0
2.83113387032895,4.4689239439782655,8.100243112299532,506.0556869620508,1169.640332097274,86.31957038952483,147.33339823964766,2.0,0.6335157870633037,0.09975688770046709,10.35966790272596,0,1
2.8600622522140835,3.678257938158758,8.248247898938738,530.525056246647,1214.2534726201138,88.42140482800434,135.30526254041024,2.0,0.7775589149868588,0.04824789893873849,34.253472620113826,0,0
3.671718873625531,4.32890577966406,8.32823558839546,514.3307125758146,1142.7831829054535,90.05921447286873,139.38965420476168,3.0,0.8481863684873927,0.12823558839546045,37.21681709454651,1,0
3.83098131190539,4.621816836728424,8.28251927218268,509.8200502767564,1181.9399597436334,86.20815729235665,156.52050935178514,2.0,0.8288907688060347,0.08251927218268129,1.9399597436333806,0,0
3.004957510371003,4.522672911801012,8.241105826097394,532.8957436658332,1166.1588378862302,84.72346574044779,146.59965346266603,2.0,0.6644207017194955,0.04110582609739488,13.84116211376977,0,0
2.641820598097971,5.191691051210157,7.88945896832299,531.3186489099897,1168.3179844957945,83.33914942747182,147.40321062360815,1.0,0.5088555099928993,0.3105410316770092,11.682015504205538,0,0
3.012210245626019,4.279730003408688,8.072855918125466,497.2653636356128,1174.2112626513676,82.58442539541718,142.61100470962054,2.0,0.7038318404485899,0.1271440818745333,5.788737348632367,0,0
3.219909474872384,3.97865861524605,8.285825969655619,487.6115797381035,1181.5878315320115,82.05428806493893,151.39577600987766,2.0,0.8092952387833762,0.08582596965561962,1.587831532011478,0,0
3.0262015090270737,4.853155488955302,8.339579997898689,501.5727799849993,1152.7549238958266,82.52627533122185,155.77785848478572,1.0,0.6235533799175565,0.13957999789868936,27.24507610417345,0,0
2.8141178296997142,3.9030161190536625,8.219762516462094,488.00925162358635,1165.4686012506115,82.55968702394412,132.6740555775123,2.0,0.7210110701928187,0.01976251646209448,14.531398749388472,0,0
2.5325663704489645,4.372550595742308,8.286033825531613,498.7780688867759,1158.0245778458811,90.99324617499872,151.31949426981433,1.0,0.5791965843313073,0.08603382553161332,21.97542215411886,0,0
2.5933429802316836,4.365636706520412,8.024918577157845,512.8406748835804,1193.9799108519585,89.93220401794166,135.9569706660408,3.0,0.5940354532396825,0.17508142284215467,13.979910851958493,1,0
3.503003084018922,4.574825306305512,8.373770799470998,509.0726105552374,1176.41325674239,87.14205017946126,140.88587202900044,2.0,0.7657129723456317,0.17377079947099894,3.5867432576098963,0,0
3.117656227647864,4.767403170481574,8.39469102903027,553.4201020825188,1217.7498581107982,88.07716704286405,147.60903838529913,1.0,0.6539527108379601,0.19469102903027036,37.749858110798186,0,0
2.9573198820938815,4.0281032228781415,8.203002070750241,509.10885356700453,1194.73208582394,90.83724325341504,147.08102800921208,3.0,0.7341718217555158,0.0030020707502416144,14.732085823939997,1,0
3.555062170349535,4.20831052657955,8.484533312180812,517.9629283307788,1157.3755502024799,87.07785776245403,150.58463795178073,1.0,0.8447718263780936,0.28453331218081246,22.62444979752013,0,0
3.5673817775769656,3.8639738354639475,8.24865489613657,537.910316433086,1205.6373396566564,81.2731656232015,131.41012023480823,2.0,0.9232417010467122,0.04865489613657026,25.637339656656422,0,0
3.1331513144854357,4.540557102296216,7.948074581062989,492.57804295355885,1133.3983793736072,82.88934405941733,134.96952856667272,2.0,0.6900367605135779,0.25192541893701037,46.60162062639279,0,0
3.51997676077682,4.6844833917094135,8.084074940366655,527.3891222467548,1199.5098898646297,83.81063381953791,151.20593200728288,2.0,0.7514119414437574,0.11592505963334432,19.509889864629713,0,0
3.8553438929083765,4.4468495654655715,8.114999411055782,503.23915869718115,1199.4410109493986,85.72529468494764,143.7674132969133,3.0,0.8669832058143282,0.08500058894421691,19.44101094939856,1,0
4.156843854109598,4.2687559108157735,8.152415741766777,512.5706063040121,1231.9199146332387,91.41185738768667,135.46814954428768,1.0,0.9737834488506576,0.04758425823322199,51.919914633238704,0,0
3.2314540761264365,4.156998302674841,8.00393524834013,520.5552760069631,1164.0548983130616,85.48362366034422,146.44391020050244,2.0,0.7773527531319386,0.19606475165987014,15.945101686938415,0,0
2.6301007255146174,4.020181571341706,8.209718702518506,499.45451573991005,1171.591990704262,83.66259269474419,138.6259230784664,1.0,0.6542243623047642,0.009718702518506817,8.408009295738111,0,0
3.3385792837987904,4.2443326071008025,8.07180630373674,518.1592056960833,1136.5989485112152,81.80845271401644,144.3188256390147,2.0,0.786596996999416,0.12819369626325994,43.40105148878479,0,0
3.080064721490048,4.252604897912794,8.038078912063817,525.0366133774424,1164.8580696810704,91.0565778990891,149.18933913431286,2.0,0.7242771888537038,0.16192108793618232,15.141930318929553,0,0
2.5380450255086817,4.571451391841888,8.322180318954297,539.7023192419703,1189.4203767760193,84.86247227881655,140.79113782272094,2.0,0.5551945776964459,0.12218031895429782,9.420376776019339,0,0
3.1541054234132404,4.247270210962102,8.10306365137801,537.8222461640707,1170.8839486470717,86.40468057104692,140.8850375338088,1.0,0.742619439311855,0.09693634862198941,9.116051352928253,0,0
2.6723011221604933,4.18823395080277,8.412976673105957,505.38117165038676,1168.388284180561,86.28958038050776,137.1546107192539,3.0,0.6380496297276412,0.21297667310595791,11.611715819439041,1,0
3.022687099523396,4.253736323277094,8.006548585305842,497.46943512663745,1200.2635499736734,86.48067853928134,144.6949975229822,3.0,0.7105957842925513,0.19345141469415772,20.263549973673435,1,1
3.4648522698084188,4.697716303174026,8.190686695267857,502.7392911811369,1166.8511815051427,82.40284535455595,155.79422599335413,1.0,0.7375609861178335,0.009313304732142313,13.148818494857323,0,0
3.1034010216516887,4.194339012879979,8.390321148447542,516.9236190374546,1186.6208999129497,82.9634218022524,136.70973329148794,3.0,0.7399022852902115,0.1903211484475431,6.620899912949653,1,0
3.379687488514014,4.5179715770389315,8.194532901961294,513.4767561936145,1190.3566724947848,86.29238168527158,156.3645632222332,1.0,0.7480541721293872,0.005467098038705487,10.356672494784789,0,1
2.38430712889596,4.3148363260056115,8.354157812316929,530.557272837124,1186.3099551663013,85.81658641803222,136.87640019416494,2.0,0.5525834465546482,0.15415781231692982,6.309955166301279,0,0
3.2665808832852226,4.7162990858716904,8.142814406909068,538.3352411806086,1220.1299503802381,88.0128601439958,152.68815749406653,3.0,0.6926152949837491,0.05718559309093152,40.12995038023814,1,0
3.4923835905504865,4.557896892531879,8.2316687165267,542.1123968276238,1152.4033952446964,81.46164605593009,141.26937240181846,2.0,0.7662269840957866,0.03166871652670089,27.596604755303588,0,0
3.6423601697429238,4.537028754511095,7.9630982256894605,522.5094728682353,1207.6451825853198,87.44225719355701,136.9332154359888,2.0,0.8028073803408401,0.23690177431053883,27.645182585319844,0,0
3.630137360782759,4.258044050263032,8.551428551243111,522.0550435027864,1166.1069884462659,86.40563226366312,137.85579056384918,3.0,0.8525363563831564,0.3514285512431119,13.89301155373414,1,0
3.185996955997506,4.555457596218109,8.004317665062382,523.962613426323,1187.9535578674092,92.2574023055591,152.62451169889016,3.0,0.6993802242705772,0.1956823349376169,7.953557867409245,1,0
2.939432798554221,5.153568652197499,8.173833409857206,499.32087784691447,1173.5299784097772,91.30543018516369,132.68808428698017,3.0,0.5703684177624119,0.02616659014279321,6.470021590222814,1,0
2.8521347674901225,4.530793658561899,8.177518294971675,486.26700095083805,1193.0717816728575,83.19525873920747,132.49411130791998,1.0,0.6295000350481436,0.022481705028324583,13.071781672857469,0,1
3.22197364439994,4.406718745094672,8.089991294362882,512.9189361167968,1200.943655638879,92.69578378371968,153.5908830105159,2.0,0.7311502798437776,0.11000870563711729,20.94365563887891,0,0
3.809249630907863,4.629258725704511,8.09413666566592,500.73540207974054,1214.6025007722526,82.89611176238407,148.10531434182394,3.0,0.8228638440391518,0.1058633343340798,34.6025007722526,1,0
3.176992898797815,3.9973258651127717,8.318911026445866,558.4056208842742,1170.1135225823868,86.23729399488087,148.4545969228277,3.0,0.7947795614389839,0.1189110264458666,9.88647741761315,1,0
3.857987085400514,4.449044292696681,8.254449355514902,504.1777071588919,1198.3867127320423,82.43689890365368,138.75026994735308,3.0,0.867149623766712,0.05444935551490282,18.38671273204227,1,0
2.6803134546216705,4.848900290911591,8.275809006433068,522.4283280940863,1170.203086822186,87.80845655670701,139.34257734720686,2.0,0.5527672860365221,0.07580900643306876,9.796913177814076,0,0
2.6338517031798343,4.808630697427044,8.410847139626194,546.5137043973369,1132.2604308200775,86.13894222827734,146.09860043364134,3.0,0.5477342446034369,0.2108471396261944,47.739569179922455,1,0
2.913878516296013,4.680063889723283,8.12007455968301,513.8796437687778,1165.4841180061824,82.73204834462929,142.29300025721113,2.0,0.6226151147363259,0.07992544031698934,14.51588199381763,0,0
3.0330532745579664,4.341300475739062,8.094526530661627,500.4795287755819,1167.7666906134448,91.84520206124185,148.55166204822447,3.0,0.6986508514693329,0.10547346933837254,12.23330938655522,1,0
3.845484507623459,5.060580965748901,8.254381463663943,501.05458501004716,1194.3706621115466,80.83805960701667,137.50456112391493,1.0,0.75988992822971,0.05438146366394392,14.370662111546608,0,0
3.370877744748674,4.201922098820566,8.16798509543681,533.2293666835358,1173.6244565304698,89.53036523568748,139.14576136608756,1.0,0.8022228077223564,0.032014904563189006,6.375543469530157,0,0
3.4370107796804734,4.392576166146204,8.13489499685146,538.4524228820364,1153.2917957219856,88.85961103501694,148.64167510431778,3.0,0.7824590055801927,0.06510500314854006,26.708204278014364,1,0
3.396483066164799,4.62561137348771,8.061667108429791,504.703689945587,1177.0280309215045,88.34661348738382,137.14362958619023,1.0,0.7342776535222788,0.138332891570208,2.9719690784954764,0,0
2.9823543991543233,4.206209930915209,8.273760946113432,511.0178512402638,1209.5079579246528,85.29774092203624,141.66399833627588,1.0,0.7090360318264882,0.07376094611343298,29.50795792465283,0,0
2.728252351346953,4.198698652111828,8.39828214882397,511.2079703559043,1199.6023899093125,86.52643368158142,141.51672564197943,1.0,0.6497852255543354,0.19828214882397077,19.60238990931248,0,0
3.8705572108832813,5.092223606323508,8.285014057167649,515.1303387310973,1181.0374021555715,87.08716749963664,151.51074294564708,2.0,0.760091761350924,0.08501405716764943,1.037402155571499,0,0
3.7365903662123525,4.01524605870995,8.154155191782147,533.5196297740654,1174.6922138004895,87.20659082570094,130.40932448693792,1.0,0.9306005934994362,0.04584480821785242,5.307786199510474,0,0
3.312064463527843,4.255539555327196,8.314176105857745,554.120345918114,1193.6402665845208,81.5514448701853,137.61438008680776,1.0,0.7782948365744642,0.11417610585774618,13.64026658452076,0,0
3.874856654029026,4.286561341774888,8.052140044985878,524.7912015736753,1182.2296924309635,92.84276574296126,144.92215360047274,2.0,0.9039545556860392,0.14785995501412152,2.229692430963496,0,0
2.6569929840632263,4.710546912163003,8.111777031201914,486.5637139869955,1156.9852263882603,86.16648900265274,142.2369406986725,1.0,0.5640519101165534,0.08822296879808533,23.014773611739656,0,0
3.5025953417264395,4.3310370797872135,8.093396201129949,555.6852351465618,1206.5207171746472,78.83733147523482,118.79143496764867,1.0,0.8087197769015185,0.10660379887005078,26.52071717464719,0,0
3.452324673821911,4.543297941517811,8.317768987819008,530.1336252742874,1180.0076241065572,79.97832974246684,134.9997806272206,1.0,0.7598719514988922,0.11776898781900869,0.0076241065571593936,0,0
3.3976255675902083,4.815764193220424,8.024277530504351,521.1330117377559,1194.838474659958,82.22715668986866,131.81632893635322,1.0,0.7055215809087628,0.17572246949564807,14.83847465995791,0,0
3.2271422042109617,4.32269446327997,8.576245940958485,545.8845169937188,1153.294904213642,95.50515702078091,145.95691281548656,3.0,0.7465580162738857,0.3762459409584853,26.705095786358015,1,0
2.3920290671375457,4.690717957932165,8.218811301921376,524.3606468191651,1092.6238694377848,85.45151505461034,130.9065762636304,2.0,0.5099494550898318,0.018811301921376256,87.37613056221517,0,0
3.6680794836786417,5.237961595508814,8.15361341385509,510.1081973654192,1170.3309302817088,83.47499620130519,154.099986140071,1.0,0.7002875863243204,0.04638658614490865,9.669069718291212,0,0
3.69200022908766,4.100932123307599,8.173696273840774,543.5016201131208,1169.377214747929,85.66236201934989,147.08681235770283,2.0,0.9002831837191202,0.026303726159225604,10.622785252071026,0,0
3.329231709246412,4.2638477790039016,8.007776354069676,517.4165559503867,1184.2913442492224,84.5952931508903,140.20350425862014,3.0,0.7808045411141215,0.19222364593032282,4.291344249222448,1,0
2.8761585920313415,4.057121236799466,8.181903544880525,485.50658621204127,1189.9069384971717,83.01870807206451,159.66343374235348,2.0,0.708916106631148,0.01809645511947444,9.906938497171723,0,0
3.1496852319601407,4.785743447085841,8.09289373843338,530.5633276981276,1159.2724986970973,86.69171443404514,161.70299172135321,3.0,0.6581391723411173,0.10710626156661895,20.727501302902738,1,0
2.6861662937200124,4.326831382286828,8.26023079535788,543.8276896842208,1194.6778599267745,91.50847769756155,140.6396801222043,3.0,0.6208160327429946,0.06023079535788156,14.677859926774545,1,0
3.4886250020504574,5.019096544457151,8.406434795595334,566.5708862052156,1160.7240921464745,79.57086472115377,151.58143379626807,1.0,0.695070312048103,0.20643479559533517,19.275907853525496,0,0
3.2784963762666886,4.406464328023192,8.100942794419668,502.7124954326339,1181.3980165230805,79.38873485371366,140.0403789441032,3.0,0.7440197245380749,0.0990572055803316,1.3980165230805142,1,1
3.4233307650086893,4.924923537510088,8.11701384972403,548.7581499406897,1152.6254845471929,85.38022089493484,137.08148261343112,1.0,0.6951033327198278,0.08298615027596945,27.374515452807145,0,0
3.334457985210492,4.179443773775269,8.405012010504159,517.3283923511344,1185.183145854841,85.5420971901168,137.99875619634167,3.0,0.7978233862925427,0.2050120105041593,5.1831458548410865,1,0
3.454068720672788,4.024312287969122,8.08946479716523,534.4861739834931,1156.8484458912747,93.04812011028739,141.44916005745415,1.0,0.8583003685227397,0.11053520283476992,23.15155410872535,0,0
3.7422291742841396,4.696043694585522,8.169708089687047,510.2960081073703,1203.3069588706594,83.89994611097981,142.63492810713225,2.0,0.7968897686795359,0.030291910312952197,23.3069588706594,0,0
3.4947375588369733,4.493442975767363,8.360417108218627,493.9790163860219,1205.8556668501192,88.67606265007903,142.4326833021721,1.0,0.7777416063597473,0.16041710821862765,25.855666850119178,0,0
2.77691562841764,4.661530487164936,8.118805135755663,551.3921842133632,1191.6617422734078,83.77672214669481,134.49466617250252,2.0,0.5957089920290973,0.08119486424433653,11.661742273407754,0,0
3.305910124391192,4.914041681660555,8.36353664254871,518.579319836058,1198.2733858525394,89.64613160484654,132.31557883411566,3.0,0.6727476765319804,0.16353664254870992,18.273385852539377,1,0
2.118707082800305,4.76826983235028,8.296948024470373,559.8039945148275,1175.1052074714987,90.58344678980839,137.02582791085757,1.0,0.4443345609305964,0.09694802447037354,4.894792528501284,0,0
3.0464114912190596,4.3629907154930265,8.3942722816293,515.5565579348047,1202.8472435381489,88.0978991797027,141.45630091068145,3.0,0.6982392787825518,0.194272281629301,22.84724353814886,1,0
3.555852318249375,4.552845135566308,8.230311175924196,490.11877331069746,1200.7637572582535,82.15702408044767,135.70812956594725,2.0,0.7810176299849173,0.030311175924197187,20.763757258253463,0,0
2.7515025039622434,5.0361719893814,8.256941508462171,511.6819126516026,1193.4760647765652,86.00075567992134,144.68659609575212,3.0,0.5463480018588217,0.05694150846217205,13.476064776565181,1,0
2.9002569242308893,4.621510615756714,8.126798079524187,506.22757599202686,1192.988260812899,91.85161060124321,146.14375542039392,2.0,0.6275560449250321,0.07320192047581209,12.988260812898943,0,1
3.7011370537709936,4.685724950816403,8.136852119798023,509.0173045795574,1188.9923026079261,83.46533623874376,156.29032259109314,1.0,0.7898750122617125,0.06314788020197604,8.992302607926149,0,0
3.0727049889029523,4.708400737235575,8.442603804616757,521.621502595722,1222.4502421221564,84.17784934033133,152.69238435371386,3.0,0.6526005664620673,0.242603804616758,42.450242122156396,1,1
3.3340232116336472,4.798305455944627,8.065962854803297,540.2098823242002,1165.684037014395,84.62541085864714,143.22465804178418,1.0,0.694833466012108,0.13403714519670196,14.315962985604983,0,0
2.281527618745105,4.304433425240585,8.191320076117847,544.1694568597018,1176.8073198212842,90.97296623788841,136.342308434417,3.0,0.5300413301403409,0.008679923882151996,3.1926801787158183,1,0
3.118781845582803,4.6406934234445405,8.335528102570525,519.8365097062776,1181.4619267117034,85.18186610493278,140.16681725621635,1.0,0.6720508252397862,0.13552810257052528,1.461926711703427,0,0
2.836897527941232,4.831116004116779,8.40390778348461,510.20078164757956,1211.4434616875915,82.35875837735526,138.29823450071137,3.0,0.5872137048534106,0.20390778348461147,31.44346168759148,1,0
2.9705351972479055,4.483566491898353,8.410647442299242,535.4827143257058,1209.3031577397346,83.38439566645518,134.01303245089605,1.0,0.6625384505734485,0.21064744229924237,29.303157739734615,0,0
3.864503685819148,3.9747073276784315,8.241309435121481,524.0651530126715,1154.2296180637484,89.14497742000559,135.74408495458337,2.0,0.972273771690273,0.041309435121482,25.770381936251624,0,0
3.3456561184218647,4.1477393112839565,8.152509483564538,514.75468549572,1174.9500000735345,91.92478760655744,146.81858946404077,2.0,0.806621599509246,0.047490516435461316,5.049999926465489,0,0
2.6830949219577525,4.527350443999932,8.10562005895445,518.0424815889949,1147.6781566948869,87.84565987681856,141.50843455263595,3.0,0.5926413151694495,0.09437994104554903,32.321843305113134,1,0
3.5043386617245913,4.204002291682767,8.155677877914881,521.2725463899671,1173.6320302503527,88.81484502163829,152.133058751852,2.0,0.8335720148925779,0.04432212208511821,6.367969749647273,0,0
3.2238521479680697,4.217381944927727,8.366612975862196,503.57814074680556,1172.185823549467,84.5211770678372,133.49830591485252,1.0,0.7644202468028768,0.16661297586219703,7.814176450533068,0,0
3.5505822582011746,3.61705753035848,8.056636846326603,538.2931829696195,1177.8515131875793,83.91387233311042,143.96720441174656,3.0,0.9816217263394372,0.14336315367339658,2.1484868124207424,1,1
2.870155099826096,4.924130894487377,8.232627024390817,515.8338601302222,1170.7350892056163,88.24878577002754,141.6700413650975,2.0,0.5828754679239727,0.032627024390817994,9.264910794383695,0,0
3.7315733278141643,4.755215818338194,8.12142352445299,492.2292013173302,1183.5646573023894,84.93107974315633,134.00683057440568,2.0,0.7847326955464042,0.07857647554700975,3.564657302389378,0,0
3.27862191060463,4.247453510439554,8.232238894716506,512.7503687816845,1178.1173894814792,84.4526273005676,143.18700221829675,3.0,0.7719029535636834,0.03223889471650665,1.882610518520778,1,0
3.3619926843843824,4.627166844733196,8.200919717565283,506.93888578186085,1167.3399395431416,84.75107577211,129.0529874746603,1.0,0.7265769306513215,0.0009197175652833067,12.660060456858446,0,0
3.28658343583279,4.651847296638214,8.020370153310225,514.51033660273,1147.5571493846242,84.92295697570654,139.30176824374843,2.0,0.70651146212418,0.17962984668977455,32.442850615375846,0,0
3.6868634083301988,4.509142924176189,8.202505130090131,504.4552289308273,1195.197008327994,91.97998507091174,140.11388210379712,1.0,0.817641726933315,0.0025051300901317575,15.197008327993899,0,0
2.5942118763276936,4.235569888431901,8.209914136944846,537.723804366477,1220.9438754634527,78.39306022509618,135.7558491734946,1.0,0.6124823681461301,0.009914136944846774,40.94387546345274,0,0
2.897281964572216,4.9010907220667885,8.285665394288705,521.1487820506055,1184.6653706518393,87.15253019741374,127.9603821013154,3.0,0.5911504455398618,0.08566539428870534,4.665370651839339,1,0
2.9792567416430216,4.53240423629385,8.07792795371066,545.1387612320173,1167.2375360309102,84.23532588573106,125.59764885980182,2.0,0.6573237040793691,0.12207204628933965,12.762463969089822,0,0
2.9313506528247797,4.950082382700296,8.08825318487724,510.4113804240104,1224.8112705784647,85.49132927838535,154.66711962741599,3.0,0.5921821952857136,0.11174681512275875,44.8112705784647,1,1
2.8526829072494535,4.756560452324479,8.134789754781371,499.54594798319215,1168.5833102523818,81.39744100808751,129.59027509695179,3.0,0.5997364976735746,0.06521024521862806,11.416689747618193,1,0
2.8704258052112004,4.384745500287908,8.066395587210657,519.1956447740766,1159.6848559881098,85.7609261370268,149.50526085911918,3.0,0.6546390900835831,0.13360441278934232,20.315144011890197,1,0
2.6589318856625863,4.699093904109852,8.345274820393731,537.1183840512068,1162.2954484275247,84.76555431359382,142.81028906470652,3.0,0.5658392744122928,0.14527482039373218,17.70455157247534,1,1
3.0614293975972404,4.173675397393899,8.196800142755336,494.697817461328,1184.478195344474,81.20456477158756,131.57271337571532,2.0,0.7335092227764838,0.0031998572446632068,4.478195344473988,0,0
4.073638693352183,4.218459868277675,8.467095789921656,507.76059949122356,1188.38889636599,86.15935982822836,138.2678165901343,2.0,0.9656696566014056,0.2670957899216564,8.388896365989922,0,0
2.748117258136953,5.000976834421392,8.227617909749224,478.4343276146407,1183.6380623052592,79.92480834988443,143.06706806789268,1.0,0.5495160942702889,0.027617909749224623,3.6380623052591545,0,0
3.6733974667559712,4.686883209123993,8.337243299951533,475.2490017810156,1182.9219242479642,83.50712728249334,132.835088129116,1.0,0.7837612549894944,0.13724329995153361,2.9219242479641707,0,0
3.558826478754853,4.3873777660548114,7.892342138821921,491.84616825737294,1160.6033923609934,86.64666931286362,144.8508997199469,2.0,0.8111511403185703,0.30765786117807803,19.39660763900656,0,0
3.641573418680763,4.3546114306199755,8.37443538588162,534.3551855238062,1204.252149654433,91.58620568249216,143.8149465560906,2.0,0.8362567994559384,0.17443538588162077,24.25214965443297,0,0
2.9509201920717625,4.773125549905671,8.087324917056417,530.1412784880649,1152.8271576270822,79.96214894034257,141.73312400488038,1.0,0.6182364491778022,0.11267508294358208,27.172842372917785,0,0
3.2078466630775964,4.444634567344217,8.246986254054042,552.2098967993927,1148.3838181928372,85.45958885392864,141.13784797873103,1.0,0.7217346249171239,0.04698625405404222,31.616181807162775,0,0
3.407548472176049,4.255754023020719,8.281375634449677,516.966173513736,1175.9671819306616,85.30335601139186,153.87917464328316,1.0,0.8006920637195782,0.0813756344496781,4.032818069338418,0,0
3.3010275383986496,4.749149440195786,8.05044095089551,520.7109417016394,1225.3668361928196,85.53491889489416,138.72982412126282,1.0,0.6950776300624235,0.14955904910448936,45.36683619281962,0,0
3.012329739158118,4.740946422784207,8.07109011837742,508.32661066891626,1210.1342388946123,74.86265523277154,150.75778307391747,3.0,0.6353857373384294,0.12890988162257955,30.13423889461228,1,0
3.389533168364715,5.375452066518028,8.106599235017143,536.0753938221825,1153.201009078848,82.76362171158024,152.67899538177016,1.0,0.6305577885898147,0.09340076498285654,26.798990921151926,0,0
3.4361688245005855,4.2939802813297945,8.431959803078474,532.4923615670933,1160.9829565028524,84.77470441402667,114.51150088265582,2.0,0.8002292974284958,0.23195980307847464,19.017043497147597,0,0
3.30502453160077,5.085932159481772,8.198158519974672,518.791905024368,1170.6304037490402,89.78610714673154,146.02495825569648,1.0,0.6498365348403894,0.0018414800253268027,9.36959625095983,0,0
3.5281376050449826,4.490921082720904,8.292902394315204,507.0140665030563,1148.5928489648268,91.57374460516756,139.80767800402487,2.0,0.7856155873756264,0.09290239431520497,31.40715103517323,0,0
3.6250629163150108,4.89480222591555,8.34945826384645,543.2126851532456,1195.622752211721,85.49398372400029,145.164888392897,2.0,0.7405943587223006,0.14945826384645144,15.622752211721036,0,0
3.3187938692932746,4.597673345036121,8.141019849447671,512.6438977772913,1128.1101233780541,82.638292183761,156.70644412921206,2.0,0.7218420317212333,0.05898015055232797,51.88987662194586,0,0
3.3573941541687002,4.751146345899415,8.168216570320263,552.7323588108686,1189.6645647292733,85.30863210252669,137.52994082842326,2.0,0.7066492818853551,0.03178342967973613,9.664564729273252,0,0
3.4054400426278866,4.214713985071659,8.433574133454798,510.29236737500236,1205.5858363891127,87.15546729667692,143.73188285190275,2.0,0.807988407726319,0.23357413345479827,25.58583638911273,0,0
3.02410757669033,4.93258272058578,8.23394563116177,551.4470646019632,1149.107349399447,83.56020534074702,138.90601870017917,1.0,0.6130880610387629,0.03394563116177096,30.892650600552997,0,0
2.742811880867751,4.777701662850816,8.246050459000804,542.1891101572292,1167.2076532022072,84.12986888650667,144.04322319956478,2.0,0.5740860509605472,0.04605045900080462,12.792346797792788,0,0
3.837274650655759,5.014772289339808,8.379733808980193,516.5136941192012,1174.9272755354184,78.80987589804425,148.62669974225432,1.0,0.7651941959653247,0.17973380898019364,5.072724464581597,0,0
3.1411991993486046,4.618161965449423,8.425281870069448,519.6154772960534,1180.61564971392,85.34739407622159,143.9324638663051,2.0,0.680183852833479,0.22528187006944833,0.6156497139199928,0,0
3.9249794231987716,4.012985241017627,8.50096129565694,516.3323287571004,1165.79845964076,89.35242117040173,155.35420077778613,3.0,0.9780697377360381,0.30096129565693985,14.20154035923997,1,1
3.549806829653009,4.384166167174158,8.37113439657254,520.1489408981618,1228.697274495044,79.92616351630892,122.28582358614844,2.0,0.8096880212757473,0.17113439657254048,48.697274495043985,0,0
3.552933224929364,4.112717334152033,7.8758256844642425,538.7399406974421,1169.7198297357295,91.73349337203014,137.44716710657156,2.0,0.8638894763230851,0.3241743155357568,10.28017026427051,0,0
3.008202813040303,4.618487391096992,7.984965411555184,513.3784607134633,1181.8633500055562,85.27238994881237,131.9154719148008,2.0,0.6513394013346975,0.2150345884448157,1.8633500055561854,0,0
3.3984796749453268,4.466052451663175,8.166409086353008,520.6039287427284,1191.5499505925773,77.65033341226409,146.2445651238158,2.0,0.7609582984003607,0.03359091364699118,11.549950592577261,0,1
3.7424960114283294,4.438537000840585,8.192128921590541,531.7088135197919,1136.222284853192,80.6548433055858,144.03564915749462,1.0,0.8431823391077693,0.007871078409458221,43.77771514680808,0,0
2.3321290329097195,4.519767482580672,8.287510737369727,536.2746927073284,1153.5840446323618,89.43592342125287,151.2100309916404,3.0,0.5159842937456041,0.08751073736972792,26.415955367638162,1,0
3.296784908626414,4.502635096469445,8.002630388767278,536.6468718227812,1165.344307642975,87.90415517244143,132.77812679088288,2.0,0.732190114735094,0.19736961123272145,14.655692357024918,0,0
2.9869098007132386,4.4906215757537264,8.220728912168697,552.4741436553593,1158.5630913364253,85.29320811741275,129.69331535810144,3.0,0.6651439560561854,0.020728912168697988,21.43690866357474,1,0
3.1843921922489824,4.7205396339162276,8.293821400045607,533.0283894959996,1128.5329828448678,81.01546737725633,132.1849846302839,1.0,0.6745822381608907,0.09382140004560746,51.467017155132226,0,0
4.240673245672158,4.31426311552502,8.045120008568588,507.5581761197599,1180.4518368355916,89.97915754439839,135.71972578629982,1.0,0.9829426558220362,0.15487999143141096,0.4518368355916209,0,0
2.8384369434140844,4.790630968704406,8.32134829138435,539.9006766152107,1198.886542846774,78.82927204010988,132.8234441685885,2.0,0.5924975147040439,0.12134829138435066,18.88654284677409,0,0
3.677094066166566,4.4025426220504364,8.269184239224819,498.89891505574684,1149.1398585559564,80.58169348492939,145.36360681310774,1.0,0.8352205488969868,0.06918423922481942,30.86014144404362,0,0
2.8105815201182125,4.340436674913201,8.023878644127832,527.1017926177001,1219.9892530517648,90.46760276006917,147.59348201228062,1.0,0.6475342759209551,0.17612135587216748,39.98925305176476,0,0
3.268346175251177,4.365611598465008,8.29584352213191,522.8241773415732,1161.5950728904331,81.37401552369414,138.87154514453655,1.0,0.7486571127059729,0.09584352213191139,18.40492710956687,0,0
3.5526559027797804,4.3846629363068725,8.0839329131664,522.0104943419201,1185.0630220683483,90.31702251832033,130.3940427642517,3.0,0.8102460676172012,0.11606708683359912,5.063022068348346,1,0
2.2007755930028243,4.378608443987716,8.122690930282687,525.3001827514355,1125.3292657182133,90.97089051476652,134.2678351998994,2.0,0.5026198667117856,0.07730906971731244,54.670734281786736,0,0
2.944904006299474,4.2235646929713235,8.157681258529339,539.7894808322728,1151.2700266327984,87.61969779340613,149.49344755555217,3.0,0.6972555695673378,0.042318741470660726,28.729973367201637,1,0
3.056283163685176,4.249744545380213,8.073294550194552,518.6532684336895,1161.688653100717,82.81526654623272,161.2088810486661,2.0,0.7191686771592927,0.1267054498054474,18.31134689928308,0,0
2.7743119972730605,4.459073354916715,8.087461178846238,541.3682905433444,1205.8664342467052,83.96051294230892,138.35990028235406,3.0,0.6221723160467509,0.11253882115376079,25.86643424670524,1,0
3.3890521383373624,3.917250692711469,8.321396635589695,509.63154693141996,1226.6103415965,80.69147671907245,137.96885047654786,3.0,0.8651609006740246,0.12139663558969538,46.61034159649989,1,0
2.5863543317057514,4.270743964008646,8.03939974428751,512.1907445796537,1151.4950700560971,80.83639254210844,148.12403267024666,1.0,0.605598076797965,0.16060025571248993,28.50492994390288,0,0
3.2791666669368302,4.19840546220083,8.280958551960746,537.1190235246663,1117.075111194712,89.9098361246194,141.8511623547821,1.0,0.7810504954032764,0.0809585519607463,62.92488880528799,0,0
3.7482144575986855,4.663387372349802,8.334736685928434,534.6853631814133,1177.4789663113856,81.58540781354318,147.6084667880498,1.0,0.8037536145975945,0.13473668592843424,2.5210336886143523,0,0
3.177041853970386,4.650969715359749,8.311435495815038,532.4888574314083,1159.2352369915682,80.68952414190336,154.6097942777371,1.0,0.6830923544385091,0.11143549581503898,20.764763008431828,0,0
3.891017268040285,4.404671731794782,8.21865641834514,505.3172911342118,1152.7693877031684,90.27224515934957,141.72222297836117,2.0,0.8833841666496719,0.01865641834513987,27.230612296831623,0,0
3.5002316670087064,4.478663912750899,7.934573464547128,522.3690767189094,1197.1941682502807,82.20294717046434,136.8837480866907,2.0,0.7815347912715442,0.2654265354528711,17.194168250280654,0,0
2.969238537735039,3.8466096803415937,8.286861445131326,534.0581611829288,1182.3816016094179,83.26370471296237,143.43926821136114,1.0,0.7719105351753414,0.08686144513132632,2.381601609417885,0,1
2.973769452850404,4.39650505141288,8.156511827046247,524.0987641325672,1154.1831117745503,84.31645495286419,135.95890865653334,3.0,0.6763939577911657,0.043488172953752624,25.816888225449702,1,0
3.305707308658255,4.213159289112438,7.972411920914183,521.0737821701275,1175.83432229864,85.63193511109134,133.92795473179876,1.0,0.7846148415076977,0.22758807908581602,4.165677701359982,0,0
3.9645676348558894,4.326304734018029,8.430268260971896,539.3924765775209,1208.3634582752018,80.46243785851516,139.2944126669134,3.0,0.9163865880195255,0.23026826097189712,28.363458275201765,1,0
3.851666545960378,4.195201370649591,8.144083630830286,512.5937828242033,1169.6246549550858,92.84385049368686,143.75917301000825,1.0,0.91811243483787,0.05591636916971332,10.375345044914184,0,0
3.0500711773512776,4.0440321601143046,8.395983110160174,522.7384069395541,1214.4233432897165,82.55688440943321,155.31110457926775,3.0,0.7542153612623229,0.19598311016017433,34.42334328971651,1,0
3.887751162482919,4.588653507477102,8.179870346607181,504.39881192811436,1197.1067488915194,84.07693717953356,140.02512662661903,2.0,0.8472531550487888,0.020129653392817914,17.106748891519374,0,0
3.184946119030061,4.618373995645266,8.163224136722292,536.3370125988419,1176.044246587228,84.880226211769,133.89388553126983,3.0,0.6896249895187287,0.03677586327770754,3.955753412772083,1,0
3.6693895429941303,4.4615209558548505,8.092955666019328,544.0381551106314,1176.695956191117,76.9972484809859,146.41095320256167,1.0,0.8224526071891113,0.10704433398067081,3.3040438088830797,0,0
3.6737026580784695,4.180259186595372,8.156844566780633,510.1800319525925,1133.716032300252,84.9768284430591,143.0266086724672,2.0,0.8788217412403341,0.04315543321936666,46.28396769974802,0,0
3.5162502396651076,5.006264416571038,8.281500939549856,543.7349409072048,1171.918576173785,86.18267653997906,147.29054447680255,1.0,0.7023700600638945,0.08150093954985671,8.081423826215087,0,1
3.866189777785031,4.311556878249246,8.138136989522513,521.1867599544202,1186.2565434411367,86.68488895774095,134.053163852533,2.0,0.8967038789149024,0.06186301047748621,6.256543441136728,0,0
2.877651973401525,4.011806481615805,8.106460467950104,523.6192058205651,1163.495897834661,86.51544833096935,145.08792648815475,1.0,0.7172958082278234,0.09353953204989551,16.504102165338963,0,0
2.680167505228961,4.387349987977329,8.329102813205294,517.61633947102,1167.2640263944943,83.32608586022899,149.64580154360985,3.0,0.6108852751575663,0.1291028132052947,12.735973605505706,1,0
2.7750785145095582,4.61779023469529,8.071677595611161,507.99112809880614,1169.517174225388,82.89193205046678,157.2931854678888,1.0,0.6009537837077004,0.1283224043888378,10.48282577461191,0,0
3.076815388144384,4.429882782644483,8.193750996492799,519.1952423783274,1181.716286426857,84.91490860147562,131.05561632625827,2.0,0.6945590974786641,0.006249003507200257,1.7162864268570956,0,0
3.667718236178269,4.043913962327817,8.278687702457141,496.82718532356375,1161.959445219266,85.55580229222038,138.90921898271597,2.0,0.9069723711827021,0.07868770245714174,18.040554780734055,0,0
3.7404456359946865,4.443882745057901,8.190957887645801,521.1025487861269,1168.7395278358085,78.6497730092869,144.72355341426538,2.0,0.841706644783276,0.00904211235419794,11.26047216419147,0,0
3.811212543755133,4.55302863097508,7.931402351056493,520.2490430180031,1183.791829645035,85.46591510012367,145.5630109359707,3.0,0.8370719474482745,0.2685976489435067,3.7918296450350226,1,0
3.1669139904414028,4.645420394390677,8.241730689403147,528.2332133702514,1170.2167398692784,93.53250430608041,156.58147018580948,3.0,0.6817281797754425,0.04173068940314728,9.783260130721601,1,0
2.028220523999093,4.169614053048051,8.072587379542554,514.1753607169414,1164.9028487486737,76.83835653940656,134.75095013314902,1.0,0.48642883914639634,0.12741262045744506,15.097151251326295,0,1
3.6907732895537233,4.674534531188509,8.057870388854182,538.1997461005658,1139.7768362638599,83.99460288143322,140.40790669804335,1.0,0.789548834036699,0.14212961114581724,40.22316373614012,0,0
3.5038849181936675,4.7538355407887805,8.223029268587553,507.83707595652044,1203.590001319865,86.61113106578037,142.90314829606305,3.0,0.7370648158508277,0.023029268587553275,23.590001319864996,1,0
3.9656125415467147,4.281977428535394,7.999072311465244,520.3466675625618,1193.0257172332851,89.95877812025697,140.36702732149115,2.0,0.9261171051938483,0.2009276885347555,13.02571723328515,0,0
3.1162744721682554,4.686404021990731,8.315126362272593,535.6632071454419,1168.5273708969128,82.45302550824476,133.0419127326797,2.0,0.6649606941442358,0.11512636227259421,11.472629103087229,0,0
3.0210712417364998,4.612060105023531,8.08918919120426,494.01306934728905,1207.0351636098121,82.68847265198858,152.17244730776684,1.0,0.6550372658393724,0.11081080879573868,27.035163609812116,0,0
3.6772451783404114,4.027697484680411,8.247357913344478,537.6727949998949,1160.9764254858258,88.88958360691144,137.3946051831692,3.0,0.9129894167608278,0.04735791334447903,19.023574514174243,1,0
2.941614328350186,4.773786096762132,8.034048376438433,510.3655773290729,1175.704373883082,81.03461700922985,144.35622660007382,3.0,0.6162015364972393,0.16595162356156656,4.2956261169179015,1,0
3.399874044121174,4.314967391544088,7.931026974631877,524.0736871521726,1160.7155693415098,93.42390269666214,137.5080459341668,2.0,0.7879257789979779,0.2689730253681226,19.284430658490237,0,0
3.3829121618460967,4.1061094410158185,8.260055243419384,531.1779561857093,1156.4916953122608,91.84339462498548,141.08941898008462,1.0,0.8238728678856934,0.060055243419384396,23.508304687739155,0,0
3.7553351112833795,4.00343258634317,8.201747756152786,531.9657356150385,1160.6587272033069,81.32978832663225,136.92764038569132,2.0,0.9380288113644903,0.0017477561527865504,19.341272796693147,0,0
3.1755697314590496,4.22780203218832,8.115354558128406,512.6350287541491,1196.1624491398998,79.80128579067853,149.65878608777797,3.0,0.7511159951508541,0.08464544187159362,16.162449139899763,1,0
3.0335222380458986,4.525678411183358,8.190353432482112,528.8485571366285,1232.7764494658722,80.11850538769512,140.6500532936663,3.0,0.6702911611835922,0.00964656751788695,52.77644946587225,1,0
3.0832754924337826,4.704523022644542,8.29949100718967,560.1669340336443,1141.8910232450705,87.09419063148522,139.31829765458465,3.0,0.6553853551013559,0.09949100718967152,38.10897675492947,1,0
3.5615739364344785,4.313318933131801,8.394389179236061,491.7440196750602,1182.7460773283453,82.09457879230837,137.76310887798024,3.0,0.8257154156283979,0.1943891792360617,2.7460773283453364,1,0
3.0899793211393427,4.954633442505674,8.278599843337648,529.9230999899605,1211.619238169374,85.34583636016977,140.1105768138184,1.0,0.6236544754263422,0.07859984333764913,31.619238169374057,0,0
3.251241765964316,4.792714013300775,8.256633209925687,557.0861477890629,1112.7431092161617,79.80739929745025,132.43985322408915,1.0,0.678371744331724,0.05663320992568721,67.25689078383834,0,0
2.5442063349898265,4.948637473572887,7.89726488328532,538.858628239797,1172.9840630171636,89.84100807965362,148.13672313685268,2.0,0.5141225939589391,0.302735116714679,7.015936982836365,0,0
2.5875569989777114,3.9617569466404197,8.151906328553977,533.7627927574405,1153.3391631233706,83.47659291489418,136.87012953714355,2.0,0.6531337063771246,0.04809367144602206,26.660836876629446,0,0
3.3712744991242305,4.5554481100864965,8.304274902642737,519.3300785440521,1177.2133479305146,81.0033602261921,138.06346007972022,1.0,0.7400533200937207,0.10427490264273764,2.786652069485399,0,0
3.1633175903419497,5.3305120816877825,8.352559831595523,528.9866527404699,1195.113323602524,85.41507299868799,139.7415870920308,1.0,0.5934359666148478,0.15255983159552322,15.113323602523906,0,0
3.079012125404749,4.366557948548853,8.09134545522948,512.4995442376768,1240.548887013381,78.19697225386166,144.0582871045928,2.0,0.7051348364042365,0.10865454477051983,60.54888701338109,0,0
3.2083545953183847,4.236990874314212,8.376713105284326,495.07726075490774,1168.7877392283392,82.83270775491471,145.54281335445685,3.0,0.757224806409444,0.1767131052843265,11.212260771660794,1,0
2.8558346538864194,4.1833081530604215,8.364622745702974,540.195108854474,1174.9080341356912,79.12115054130498,121.31477420148416,1.0,0.6826737473581707,0.16462274570297453,5.091965864308804,0,1
3.5800063314678585,4.417231283567948,7.852921075658968,510.40867226451667,1195.14215527823,85.62951777742825,149.7024898625917,3.0,0.8104638631839313,0.34707892434103105,15.142155278229893,1,0
3.4372405031873536,5.013308642757236,8.302707228107483,514.8234853433422,1163.9975087070773,82.40860618979778,139.77288970772963,1.0,0.6856231577657875,0.10270722810748367,16.00249129292274,0,0
3.680485568865578,4.509447468678599,8.54499536865797,554.6470905174376,1230.529839989519,90.46023328604889,152.137349096706,3.0,0.8161721793219817,0.34499536865797076,50.529839989518905,1,0
3.6297332019080977,5.094741135050678,8.223047369394493,517.349143104767,1138.072636038196,81.96964530388648,135.82088454371285,1.0,0.7124470321414171,0.0230473693944937,41.927363961804076,0,0
3.6718900833442842,3.6449909672048455,8.20157319740108,535.4559419033964,1185.327009899289,87.23796451683558,137.84372482908353,3.0,1.007379748091032,0.0015731974010808614,5.327009899288896,1,1
2.9327638185427807,4.433520091684488,8.232896336969807,516.9189184856524,1175.388638233636,87.4082100928405,147.22194523121695,2.0,0.6614978069868175,0.03289633696980765,4.611361766364098,0,0
3.484564231786198,3.9004965098566124,8.385572646321807,544.7925984180607,1172.8128957523782,90.77841593343891,135.20351717060208,3.0,0.8933642735193553,0.18557264632180726,7.187104247621846,1,0
3.5831166457891626,4.704490267100517,8.335166767159325,497.7294103082567,1157.4507965405412,85.29122451545042,148.7853029858435,3.0,0.7616375933616035,0.13516676715932618,22.549203459458795,1,0
3.1208249084061275,4.402827344035224,7.992947059688022,491.685846232309,1213.9784420825504,89.20622473524165,142.88728858727686,3.0,0.7088229139680607,0.20705294031197763,33.97844208255037,1,0
2.8177838237598296,4.635183914829416,8.163122752383401,515.2116994799137,1159.598395287706,84.79120997814856,139.54054123640546,1.0,0.6079119782360605,0.03687724761659794,20.4016047122941,0,0
3.441806130542147,4.386670533743257,8.19904987893021,518.8747521728102,1175.1771157227154,81.38459901582536,141.62122336195367,2.0,0.7846055689120927,0.0009501210697884233,4.822884277284629,0,0
3.130258296838866,4.222692799910887,8.249138909671442,517.6765602151567,1141.351130551924,93.15680817888979,139.78923483950294,2.0,0.7412943456752598,0.04913890967144319,38.648869448076084,0,0
3.0664722040975962,4.516500880810012,8.01356926209053,516.056945415557,1186.8329911127983,82.08601306253416,137.23754221254282,2.0,0.6789486561261759,0.18643073790947007,6.832991112798254,0,0
3.666548218267701,4.370701139934056,8.23012364345117,508.0661806971211,1130.0290616850195,83.39103820508363,145.32758311903925,3.0,0.8388924568482686,0.030123643451171134,49.97093831498046,1,0
3.435421307908288,3.892488025897148,8.063789954386005,535.9394927015072,1156.5991871737956,92.73277688607055,142.7028640933115,1.0,0.8825772318808632,0.13621004561399452,23.4008128262044,0,0
3.1235888949599326,4.706171535118586,8.07680704238907,529.9251701700084,1156.6644683322434,82.19640151516774,149.93290928432702,2.0,0.6637218535251505,0.12319295761092874,23.33553166775664,0,0
3.7301728436380315,4.720231900742174,8.180322976860273,494.7774277444042,1146.5538407046013,88.33904973876035,145.48031563609544,3.0,0.7902520302575122,0.019677023139726302,33.44615929539873,1,0
3.090910572100932,3.9771157408540008,8.233943840086514,520.778170413608,1194.24458376336,92.42391568722566,153.32090181574443,3.0,0.7771739050923498,0.033943840086514854,14.24458376335997,1,0
2.963057617739179,4.410145488735757,8.490714234908971,518.5159727353152,1161.9416594037448,91.91225519456732,132.1934434197693,2.0,0.6718729857405944,0.29071423490897175,18.05834059625522,0,0
3.1250683926374503,4.619713242193958,8.326532543683317,502.3223366775961,1166.40150582571,92.11779436908046,132.57424939464315,2.0,0.6764637171455372,0.126532543683318,13.598494174289954,0,0
2.9642540972223155,4.051152356050605,8.068042395792316,511.85636323343726,1205.8891266944352,81.53741382168673,151.27362553175925,3.0,0.731706397579282,0.13195760420768288,25.889126694435163,1,1
4.128016288806904,4.352124517515224,8.071524706432086,498.7259084613042,1145.404279901885,91.21518778575985,142.9718624805731,1.0,0.948506016141106,0.12847529356791298,34.59572009811495,0,0
3.612986104220459,4.0551046704052744,8.084734672464476,525.1713383094835,1193.509353273276,90.63995004646456,156.8771799488289,3.0,0.8909723415273516,0.1152653275355231,13.50935327327602,1,1
2.8612596135498545,4.370208745099942,8.21727284716607,506.4815174772576,1136.270929953548,86.43388052037385,143.54227202870797,2.0,0.6547192090316732,0.017272847166070804,43.72907004645208,0,0
3.237137960456446,4.2447347732883305,8.121041370233398,521.9293563660835,1176.0476490785202,78.94204216786301,134.15942226469124,3.0,0.7626243175580228,0.07895862976660162,3.9523509214798196,1,0
3.378749000321079,5.095614118578088,8.328155398052413,513.6312845281807,1222.999613258235,84.00569333059555,135.84952907502594,2.0,0.6630700286623815,0.12815539805241372,42.99961325823506,0,0
3.2388310197392163,3.953771916659395,8.134172501428274,505.34431580706325,1181.365986041126,80.87320672092667,146.43100720746583,1.0,0.8191749770069137,0.06582749857172487,1.365986041126007,0,0
2.8162243053106084,4.742113924982006,8.06265515554623,516.1538109294121,1178.2032303547307,86.27419444776777,149.33799137642455,2.0,0.5938752947035998,0.1373448444537697,1.7967696452692508,0,0
2.367228236846511,4.267963246789971,8.172612268238133,497.96394984959954,1159.8227985065605,86.15124198770548,136.59015406550438,1.0,0.5546505673572295,0.027387731761866263,20.177201493439497,0,0
3.6748121222241523,4.544326772220039,8.20819176743651,498.18817226519144,1148.2586933474674,92.42105643830546,148.44758710991218,2.0,0.8086593032613801,0.008191767436510844,31.741306652532558,0,1
2.566564644084968,4.552672225477747,8.319502624013742,489.74596675160825,1195.6405723837402,79.71053897577967,145.1597708926112,3.0,0.5637490503177811,0.11950262401374268,15.640572383740164,1,0
2.739602569031079,4.190410114845847,8.236824802269146,521.6951764451255,1226.8394098474284,86.21028133974313,150.35757734694513,3.0,0.6537791035467854,0.03682480226914642,46.83940984742844,1,0
3.3068201063477036,4.255573199152936,8.214401390199557,555.2998772432464,1214.7998924528167,85.4802555829259,144.862603324979,1.0,0.7770563331465814,0.01440139019955744,34.79989245281672,0,0
3.099384445582202,4.814182922567839,7.987354036415889,506.50599488297354,1186.3780772030861,82.71955033512745,140.92154710430208,2.0,0.6438027999329151,0.21264596358411048,6.37807720308615,0,0
3.5262004089777053,4.66063762422289,7.98560102935389,535.6906923591048,1142.3572584405174,78.38474249071307,143.59188344111496,3.0,0.7565918426899942,0.21439897064610935,37.6427415594826,1,0
3.0867127844219073,4.584404504246873,8.381429710170439,533.1414416656768,1176.8124670330424,86.66459272207716,135.98003173975508,1.0,0.6733072487144512,0.1814297101704394,3.187532966957633,0,0
2.901115328340871,4.903829938354277,8.028558618042517,511.4507793186152,1217.657397872179,87.02730764551127,134.87843139234508,3.0,0.5916019446471429,0.17144138195748226,37.65739787217899,1,0
3.663752417320209,4.247010506614514,8.223802498542808,536.3130601631684,1192.6595634622015,91.86977771119031,125.94821907970405,1.0,0.8626662003193599,0.023802498542808692,12.659563462201504,0,0
2.813364843605874,4.619291250532884,8.038477453955942,504.4557695252219,1178.7900237342856,87.32670754086149,144.1923568307585,3.0,0.6090468624753367,0.1615225460440577,1.209976265714431,1,0
2.83017435424876,4.671342372611422,8.239944303466093,517.7048563796352,1161.7588399484605,80.26259073150503,141.18943452366454,2.0,0.6058589004814794,0.039944303466093345,18.24116005153951,0,0
3.3713228388830596,5.039544026141435,8.307660805998847,536.083759706004,1188.9727495353172,81.25205650596607,133.3012685206042,1.0,0.6689737842801157,0.10766080599884731,8.972749535317234,0,0
4.1650461686451665,4.369263081112909,8.341824595698908,516.8157983711649,1219.217047971034,86.74324222738609,149.08466587370748,1.0,0.9532605591309492,0.1418245956989086,39.217047971033935,0,0
3.0063063708534994,4.159850892958094,7.997243870196303,515.3019371916698,1164.534251231332,89.07117194881636,141.9971141971418,3.0,0.7226957041224624,0.20275612980369662,15.465748768667936,1,0
3.3545530615392245,4.41055424214003,8.168724035356936,536.4992983970111,1209.0435575126442,80.3162767383134,126.95170361706012,3.0,0.7605740404976856,0.03127596464306315,29.043557512644156,1,0
3.0514236536016837,5.347299177300914,8.061977165281347,484.92918687882127,1214.068520674974,87.36926920850985,145.00963999780151,1.0,0.5706476394633417,0.13802283471865273,34.068520674974025,0,0
3.217743519006243,5.077054046281036,8.20407657515087,501.0930860677035,1175.1536210925678,88.80728821220647,116.23066001727656,2.0,0.6337816160790078,0.004076575150870454,4.846378907432154,0,0
2.626931484104139,5.0239471894783865,8.112498560068227,520.5033977916153,1208.1201576674468,80.86765979817804,132.90599136751464,1.0,0.522881985917929,0.0875014399317724,28.120157667446847,0,0
3.6781922603301918,4.541795889218868,7.984235992183689,501.88645589932446,1202.0992960669632,86.25971387377768,152.63563903128784,1.0,0.809854152242174,0.21576400781631033,22.099296066963234,0,0
3.1221210815533276,4.123030399216369,8.122048828269454,537.6226448584154,1169.585148858696,87.0681142527635,134.7772467277137,2.0,0.7572394036651984,0.077951171730545,10.414851141304098,0,0
3.5821202232951013,4.908050439248404,8.198669360156563,520.3134564819682,1164.9064726708434,84.74093417216118,139.01235838866066,2.0,0.7298458454949792,0.0013306398434362876,15.093527329156586,0,0
3.4549298732092293,4.434951884933357,8.21452990487138,548.2275944294947,1137.3771229817758,92.10514427731167,162.91496009040708,1.0,0.7790230789577377,0.01452990487138095,42.622877018224244,0,0
3.075893297362618,4.433838531253039,7.94969292064808,515.5667774330416,1209.8796350600774,82.97737488728612,156.9873209888972,2.0,0.6937314642803679,0.2503070793519191,29.879635060077362,0,0
3.4153184316198533,4.158890135055754,8.227632584429513,520.6258464657002,1186.2426790305635,83.20883516370411,161.7797723236268,1.0,0.8212091014404397,0.02763258442951333,6.242679030563522,0,0
2.9492131768848933,4.561522601770389,8.31921377837079,518.4113158575692,1161.1719762391836,90.83417106264193,140.48559624344395,1.0,0.646541392800229,0.11921377837079028,18.82802376081645,0,0
4.016830416057498,4.588224611637965,7.976926864643533,499.4947217632525,1199.315574649201,84.62690166473239,150.28951476077376,1.0,0.8754650774928067,0.2230731353564659,19.315574649200926,0,0
3.5478423680422644,4.435837449733608,8.071638613007273,558.5687986203553,1192.7609994500249,87.17472359550678,135.33744496092638,2.0,0.799813430371646,0.1283613869927258,12.760999450024883,0,0
2.9419520981579503,4.586755101935617,8.147118063589506,511.3535258951556,1158.0021648819215,91.47183873752363,149.6842525824995,1.0,0.641401607919952,0.052881936410493324,21.997835118078456,0,0
3.8797743932034843,4.567580916604514,8.400090345983191,540.1521901056597,1186.4453676313747,84.9484328657664,146.54019400243067,2.0,0.8494155797546872,0.20009034598319175,6.4453676313746655,0,0
3.383122243970314,4.315178635399103,8.216092879914486,554.8729163412289,1149.1540853436452,87.50185416018265,152.8453492658183,2.0,0.7840051430161501,0.016092879914486602,30.845914656354807,0,0
2.3517199389459735,4.42837421938097,7.8800321173422825,521.52798834748,1187.0423978456838,85.1209793106986,146.5631332416086,2.0,0.5310571830453066,0.3199678826577168,7.0423978456838086,0,0
3.7028596867450294,4.734947966333103,8.206339459744747,535.8078519667899,1200.7454941872923,89.97877810809541,145.2445789524144,1.0,0.7820275348940352,0.0063394597447477,20.745494187292252,0,0
2.753125415317199,4.7332788185376815,8.087832234345102,524.6025916848665,1204.3868238917785,78.81878583612757,139.52591822382752,3.0,0.5816529133997029,0.11216776565489717,24.386823891778477,1,0
2.482443000852844,4.102905128747346,8.076026293643464,534.6581166622217,1195.3859812822805,84.67137656203857,135.64847165899602,2.0,0.605045186849278,0.12397370635653537,15.385981282280454,0,0
3.118530499929214,4.847050134311097,8.186463567783951,502.8992461552153,1153.390689739145,86.28190715764622,136.06783152237307,3.0,0.6433873000839216,0.013536432216048055,26.609310260854954,1,0
2.832246163365431,4.103533264046685,8.211083040418682,517.1444615312241,1156.0883214065097,79.95019757996533,137.13061758278073,1.0,0.6901969547779965,0.011083040418682799,23.91167859349025,0,0
2.06058295174797,4.716734095566294,8.106607915006101,545.4671224562667,1157.3085572939633,84.16948345389649,135.4854528100826,3.0,0.43686646513485694,0.09339208499389784,22.691442706036696,1,0
3.339336695698451,4.439794434487401,8.400265692590294,498.488729856729,1214.2652095372525,81.39628312613519,133.56086214487195,2.0,0.7521376820978557,0.20026569259029436,34.26520953725253,0,0
2.6658622565159598,4.294652480816161,7.9553398562207525,518.5287398314331,1167.2726337356623,91.68644677064147,134.61861778725225,3.0,0.6207399243136422,0.24466014377924683,12.727366264337661,1,0
3.358319539483899,4.218130449823812,8.413040662790118,534.1501698567685,1205.1583892276283,87.54093208741814,131.51098440214864,3.0,0.7961630344618693,0.21304066279011913,25.158389227628277,1,0
3.4771430336949747,4.409319182375242,8.305910042478313,519.1148656595124,1187.2965328253663,84.79298704282915,146.92143462743152,2.0,0.788589550696417,0.10591004247831393,7.296532825366285,0,0
3.3951489139484297,4.05624119449267,8.202614342943715,520.5251396818257,1156.055416077426,83.99343794126088,137.01591674098447,2.0,0.8370184982394904,0.002614342943715542,23.94458392257411,0,0
3.6029775892780798,4.77422314926721,7.87559814842282,492.6140423428213,1156.0957984937334,91.75362873697783,146.45016686907113,3.0,0.754673059024571,0.3244018515771794,23.904201506266645,1,0
2.8695552033141833,4.641791928897003,8.144161521981143,545.370090695839,1186.8411496867448,86.74157699391965,150.85472488020417,3.0,0.6181998776877222,0.05583847801885611,6.841149686744757,1,0
2.478454882975054,4.375965388958462,8.414948241506435,532.8304864891875,1188.5746085339777,83.7893003560848,153.47626701408814,1.0,0.5663789957439724,0.21494824150643588,8.574608533977653,0,0
3.1702216336935334,4.524324762870247,8.397020974198785,514.0708637926742,1168.5941498847876,87.39267253581103,134.88479636885563,2.0,0.7007060277833875,0.19702097419878584,11.405850115212388,0,0
2.7444667528876927,4.8573782044895495,8.153243861129917,508.52356255820433,1218.8311796672187,89.14378456125942,142.69562632089495,3.0,0.5650098956235368,0.0467561388700819,38.83117966721875,1,1
3.5387528415539657,5.041625053925934,8.306123081080804,485.2693192727305,1183.7948987218126,81.91325416686841,133.84911309205705,2.0,0.7019071832992454,0.10612308108080448,3.794898721812615,0,0
3.052317119821022,4.336711156105713,8.237831950504429,529.2543885998762,1160.2193205838255,87.54230881382283,144.88506678165345,2.0,0.7038322381281474,0.03783195050442956,19.780679416174507,0,0
3.3318034942292036,4.147838002108191,8.276314499657396,503.9934610755235,1133.0568784022448,80.94273181307685,145.80865991822563,1.0,0.8032626857009627,0.07631449965739634,46.94312159775518,0,0
3.705482671061868,4.203640226958068,8.317902593622131,556.3257411910388,1161.3016594530516,88.51796604514284,149.46853926884475,1.0,0.8814937697134508,0.11790259362213185,18.69834054694843,0,0
3.067476646726671,4.726025242026328,8.08623041156037,547.6992512284482,1195.9149594377166,84.8376326549524,131.33619011587496,1.0,0.6490605718310554,0.11376958843962903,15.914959437716561,0,0
3.5064321113538766,4.617362798171218,8.417788994847207,546.5927060913555,1196.4672703476404,78.96663175247721,140.6393311653239,2.0,0.7594014730623408,0.21778899484720782,16.46727034764035,0,0
2.9397429723512696,4.354914858133369,8.203375058236816,500.80546464307326,1149.3118939340402,85.76315974674715,149.50857231876466,3.0,0.6750402860772071,0.003375058236816386,30.6881060659598,1,0
2.7409234440737333,4.217579049299393,8.324813802756092,499.3528192050566,1209.7509688301761,88.22120792289616,146.93395218718805,1.0,0.6498807518211576,0.12481380275609233,29.750968830176134,0,0
3.8204607902090095,4.385264280699213,8.39086425742249,504.9925496670559,1192.9970732941988,88.25514697968839,137.31090988989556,1.0,0.8712042296179806,0.1908642574224899,12.997073294198799,0,0
2.831256074749875,4.916599356030744,8.467683833328037,520.6676621548562,1168.6247813569717,80.67847865373824,152.32076650146706,3.0,0.5758565767009619,0.2676838333280376,11.375218643028347,1,0
3.5930763935782055,4.923608063562975,8.04995942158348,525.6382884820129,1149.1950383421724,90.80338934292854,136.54124459285552,2.0,0.7297649094855666,0.15004057841651885,30.804961657827562,0,0
3.1646548163178663,4.287734314411768,8.141876700509545,541.8027789368742,1139.8707389389617,87.76999885721834,141.23211923215828,1.0,0.7380715742910838,0.05812329949045392,40.12926106103828,0,0
3.279233904307142,4.913540206636142,8.300913518079913,520.9084789663023,1161.2556031242048,83.51655188877996,157.741244978788,1.0,0.6673872128309601,0.10091351807991344,18.744396875795246,0,0
3.1903217574436336,4.580415128276926,8.15699174577699,516.7500947640567,1159.9515631234071,80.33731965747246,128.55282171484617,3.0,0.6965136712285867,0.043008254223009246,20.04843687659286,1,0
2.6111851707892835,4.95459542829714,8.358258182341382,500.83906441888684,1171.1469691080663,77.49432861037393,145.09860496318194,1.0,0.5270228837149892,0.1582581823413829,8.853030891933713,0,0
3.3678822433429065,4.311885415590678,8.164918059502995,500.31216879594086,1140.2812412567994,78.43913764549688,129.36870747642735,2.0,0.7810695132074785,0.03508194049700464,39.718758743200624,0,0
3.781413630862927,3.9440944551307293,8.282436147409665,529.119456188362,1178.5293397707987,80.16355484404579,163.65175658791006,1.0,0.9587533140807695,0.0824361474096662,1.4706602292012576,0,1
2.936700635066461,4.950585889556579,8.11411209278102,488.6531501809463,1171.3103094263795,87.1901209099729,150.430863749214,2.0,0.593202643078736,0.08588790721897865,8.68969057362051,0,0
3.1144044623097966,4.322616597189088,8.11082534163599,508.3934391449173,1175.1204581771356,82.64394784274094,155.26873612650897,1.0,0.7204905620393308,0.08917465836400851,4.879541822864439,0,0
3.7597421746344013,4.165775592530074,8.023273046899858,535.8275312687616,1242.7783136922503,84.43462717810118,131.4441356788793,2.0,0.9025311350120998,0.17672695310014142,62.77831369225032,0,0
3.2733439679116625,4.05024563941269,8.243839818423355,538.1673092040365,1153.8033423502757,88.25896010327442,149.62919167861625,2.0,0.808184060554444,0.043839818423355936,26.19665764972433,0,0
3.4582350848696777,4.072570303883553,8.331348454484235,494.1528103954957,1180.3286197139942,83.98946280802288,141.708981358679,1.0,0.8491529491149101,0.13134845448423604,0.3286197139941578,0,0
3.072500673901547,4.178800078142946,8.29434086645447,517.8982458164865,1178.8455196835182,89.11650177982547,135.5006527439935,3.0,0.7352590733490422,0.0943408664544716,1.154480316481795,1,0
3.0345577866313427,4.448287512763901,7.958349584817224,532.4444148594495,1174.16025669305,87.69719698414842,138.98467986812346,2.0,0.682185622498952,0.2416504151827752,5.839743306949913,0,0
3.357518919286501,4.365391295214155,8.030747299373383,529.0360340031981,1233.95047527143,89.16341416025263,153.3464597594075,1.0,0.7691220995923728,0.16925270062661646,53.95047527142992,0,0
2.574981657245383,4.565516696263252,8.285481456396928,531.5210094585925,1156.2824616334208,87.42636344617145,138.7520911874815,1.0,0.5640066235633148,0.08548145639692883,23.71753836657922,0,0
2.5373507169288905,4.945643210781765,8.266583925856432,501.52418600855407,1196.9441641545202,80.99274081775044,154.46479028267152,3.0,0.5130476680736458,0.06658392585643291,16.944164154520195,1,0
3.068935141360893,5.0112306234177355,8.052885273450618,523.5394793515044,1201.6408546204918,85.21990348624914,137.771226280653,2.0,0.6124114756178236,0.14711472654938085,21.640854620491837,0,0
3.103496938152583,4.151087204914619,8.31245470321673,524.5285825239793,1165.0683656681624,82.08729261281356,143.00974774096085,2.0,0.7476347241586754,0.11245470321673068,14.931634331837586,0,0
3.1908527750804474,4.22278115779768,8.086943853270737,531.4293317250259,1148.7119301423868,82.02912575101215,126.3606188710116,3.0,0.7556282589810915,0.1130561467292619,31.28806985761321,1,0
2.6205634341465824,4.5089388495364275,8.240070444469259,510.477556288502,1203.6303578062596,91.00545001928093,132.8239650709456,3.0,0.5811929416241284,0.04007044446925967,23.630357806259553,1,0
3.6386188472921015,4.288338615816461,8.565397768634385,508.0797145840188,1178.602399171219,85.15024186967925,152.46839774543344,3.0,0.8484914957562999,0.3653977686343861,1.3976008287809236,1,0
2.648152734084428,4.892833230420794,8.157323454349116,524.3722457328025,1180.7276016787102,92.56153161146989,132.42450070422683,2.0,0.541230941017675,0.04267654565088286,0.7276016787102435,0,0
3.3470597171965686,4.8897449461643,8.223908979666433,514.1244827293343,1174.7322379855957,79.20766716742403,139.5757058881041,3.0,0.6845059923089899,0.023908979666433794,5.267762014404298,1,0
3.6039268357370537,4.634545636258932,8.366919729341936,506.0675382934731,1197.2633115537797,94.89503662845024,154.1421822715028,3.0,0.7776224721499495,0.16691972934193622,17.26331155377966,1,1
3.3034644591421554,3.8391259940382847,8.203310155140528,518.0128017262172,1175.3516145965516,86.31914490504118,160.73507941575883,1.0,0.860473051265204,0.003310155140528792,4.648385403448401,0,0
4.194075966671557,4.163659796172624,8.336129845118904,516.6053466800863,1221.6419770128473,83.41080635382718,141.64880715228972,3.0,1.007305152433344,0.13612984511890502,41.64197701284729,1,1
2.81648861752529,4.4196703443825465,8.37593414179472,525.9871741260587,1181.4206015537327,85.86480563411196,130.6657068230735,2.0,0.6372621479490701,0.17593414179472155,1.4206015537326948,0,0
2.8880588215113447,4.073595016404436,8.304917513590981,561.7123677810675,1161.7196752615907,89.07982017004132,159.9749849470124,3.0,0.7089705307405652,0.10491751359098167,18.280324738409263,1,0
3.4742358985193666,4.335842463335252,8.407513611783395,537.1239869099898,1185.8003272102007,76.00747653574672,140.2776033164111,3.0,0.8012827788594523,0.207513611783396,5.800327210200749,1,0
2.7764369651773597,4.549572015019478,8.055779227973423,504.17555032406165,1201.635081750056,84.27936413341375,149.86601285328513,3.0,0.6102633292541056,0.14422077202657668,21.635081750056088,1,0
3.0735708575891802,4.876355610714357,8.268231370099576,532.8393671791714,1185.4489543909351,83.50915878152101,133.77574508429493,1.0,0.63030080296146,0.0682313700995767,5.448954390935114,0,0
3.587130409610082,5.0138134233828815,8.12857012594015,501.95424468391127,1203.270503125933,88.11972137844613,157.60685675997587,1.0,0.7154495203521857,0.07142987405984869,23.27050312593292,0,0
2.9372422884114417,4.069858252821476,8.168419758947051,532.7939324531535,1195.4422347065836,84.46105174703474,154.64757145563337,2.0,0.7217062868598577,0.03158024105294821,15.442234706583577,0,0
3.6281460640919723,4.573229533050716,8.403893713650476,532.0756995010348,1175.881744281026,88.04651385658555,118.89908919883105,3.0,0.7933444051032268,0.20389371365047637,4.118255718974069,1,0
3.0138758172879787,4.574244164292032,8.140111503108105,499.1139365901973,1207.665632728432,83.25173405322553,141.1814993156242,1.0,0.658879523781513,0.059888496891893794,27.665632728432,0,0
3.8624833008229187,4.798324358462275,7.903102030772095,522.761692846937,1194.2257036495364,78.89135586648767,137.67523507149778,3.0,0.8049650276780723,0.29689796922790457,14.225703649536399,1,0
3.1793908285901415,4.695200288637626,8.104295475152144,551.4502719131781,1150.4783515049799,81.72533305119948,145.1115362497382,1.0,0.6771576572797336,0.09570452484785541,29.521648495020145,0,0
3.4631052704601495,4.378888969800628,8.201922145684973,511.6028645076979,1177.8023959548827,87.78516219382287,143.00327738170708,1.0,0.7908639140094391,0.0019221456849738416,2.1976040451172594,0,0
3.119403386420993,4.25770483267597,7.970711802660449,532.922764944808,1166.3369709822855,79.32183381691648,168.11431608695207,3.0,0.7326490464412483,0.22928819733955041,13.663029017714507,1,0
3.4488279961224197,4.633468768502965,7.992026586896313,508.0306027962401,1204.183359116954,82.10977564615801,146.16453424168867,1.0,0.7443296086988361,0.20797341310368633,24.18335911695408,0,0
2.7840773875892464,4.913200508858503,8.069475526333013,518.8116042529715,1197.6978334763376,87.71882718652834,146.336302958887,3.0,0.5666525072613872,0.13052447366698594,17.697833476337564,1,0
3.488668825617294,4.214644688883613,8.07512850674149,506.13591430401743,1167.2879106495366,87.28894690777824,133.9152733808497,2.0,0.8277492131166182,0.12487149325850844,12.71208935046343,0,0
2.9662178832598247,3.6764101338982846,8.0219304501575,528.3906483489092,1181.0896915985445,90.0380310398245,143.61934229832335,2.0,0.8068245311106703,0.17806954984249934,1.0896915985445048,0,0
3.3974240817337167,4.702041838847469,8.143013805018914,541.324524361858,1167.168146580133,84.39310698838392,144.4752825657275,2.0,0.7225422906581211,0.0569861949810857,12.831853419867002,0,0
3.308022943356569,4.839841409152442,8.236161411820493,500.89348648737473,1192.4642422751056,84.91035502838494,135.95238889083686,1.0,0.6834982105854528,0.03616141182049404,12.464242275105562,0,0
3.219544028130282,4.151380253923115,8.404834055564827,521.4143179773002,1162.4425696702192,86.3779137633881,142.21024674069926,2.0,0.7755358050644072,0.20483405556482737,17.5574303297808,0,0
3.2747067057908317,4.3848375776007655,8.172739969357613,546.6839925175834,1150.966328232069,86.13322071752195,142.56593777432815,3.0,0.7468250869250703,0.027260030642386468,29.033671767931082,1,0
2.704378918989343,4.914958354598803,8.381484094002865,498.3133418631258,1199.284860872258,87.16277931158157,138.03775240928454,3.0,0.5502343505939759,0.18148409400286525,19.284860872257923,1,0
4.182120055964358,4.2016934803107375,8.394251072490762,548.2525131930594,1155.2321619652976,86.79913047177742,147.07704165113623,2.0,0.9953415389691221,0.19425107249076312,24.767838034702436,0,0
3.0795585217642847,4.25615292289903,8.218657715036157,504.75905209732286,1152.8511816605367,83.59299679276532,141.49583809361226,3.0,0.7235544814360485,0.01865771503615754,27.148818339463332,1,0
3.1933558630696366,4.808118128061905,8.394781199465362,515.1560055544546,1166.5677747276902,85.28079116609801,145.01767053098507,1.0,0.664159194377506,0.19478119946536232,13.432225272309779,0,0
3.65422625607224,4.176446177590621,8.260377431460297,511.5221834152479,1180.7942428174408,83.33191126968656,137.0239838461767,3.0,0.8749606962025765,0.060377431460297615,0.7942428174408178,1,0
3.1925947456030443,4.0103955344920745,8.27497324539607,505.17049640878446,1196.1717616224194,76.69941213532884,163.55857865756408,3.0,0.7960797675312876,0.07497324539607142,16.171761622419353,1,0
3.060273281552721,4.234839331457781,8.566865435367053,516.1197496955242,1222.9018986599629,85.33557047738437,142.65658618119662,2.0,0.7226421220038648,0.3668654353670533,42.90189865996285,0,0
2.953098725381231,4.873028483430877,8.26261705516162,521.442875688776,1197.2695581620158,79.20100619657819,147.4176953040123,1.0,0.6060089192616579,0.06261705516162053,17.269558162015755,0,0
3.6779051447507753,4.708111833760856,7.923437056181105,491.6990359649576,1146.7452621111624,90.24824937513125,136.0352856677823,1.0,0.7811847453571781,0.27656294381889435,33.25473788883755,0,0
2.8966018661199726,4.5942388489352,8.188571858306346,510.51480741583015,1152.9702880490252,81.9377676403599,139.67179285587767,3.0,0.6304856932200702,0.011428141693652805,27.029711950974843,1,0
3.6560596154085068,4.098153190041402,8.208476151164389,504.77868721619075,1173.8228375824178,87.43657169684231,150.1476476523601,2.0,0.892123706698101,0.008476151164389378,6.177162417582167,0,1
2.8907960864578137,4.9766820985332245,8.46472388256876,498.11480830914337,1209.516080791511,80.09016514715081,143.57160864834927,1.0,0.580868142397311,0.2647238825687612,29.516080791511058,0,0
3.3376215686253867,4.857158893115303,8.130432344293283,502.82072708964745,1141.3499363945082,83.44055135974774,141.00145586123827,2.0,0.6871551129754241,0.06956765570671664,38.65006360549182,0,0
3.0046095679558564,4.087474430049874,8.255172935266579,528.9406290203631,1173.3086057498613,83.1141831473672,151.76577217955287,3.0,0.7350772753786053,0.055172935266579515,6.691394250138728,1,0
3.5488788000291915,4.489630728046859,8.072204313242503,514.2558743854378,1208.4796578337694,80.10776966443444,152.7681105834108,2.0,0.7904611791497187,0.12779568675749609,28.479657833769352,0,0
2.4956764752076896,4.077906761368803,8.034801005684542,518.2396900524843,1175.8041141904891,83.25810380784732,139.5564702892509,2.0,0.6119993959248797,0.16519899431545682,4.195885809510855,0,0
3.219408651177931,4.431868197665723,8.273800608115444,526.9814357814807,1172.082301691852,82.87271089907512,154.90377111951577,2.0,0.7264224717123087,0.07380060811544453,7.917698308147919,0,0
3.256686765455962,4.525358095135298,8.316351294942352,512.6855766753324,1181.7041775096648,79.26370934665906,134.0421296088114,1.0,0.7196528310626303,0.11635129494235308,1.7041775096647598,0,0
3.0933390683062343,5.136489392199061,8.136111310102365,507.4077529855884,1133.4897124450877,84.46309046426424,151.02647243650136,3.0,0.6022282597141059,0.06388868989763452,46.51028755491234,1,0
2.942592707847943,4.6093684432066375,8.205159069296137,527.5481537043092,1152.8810299622387,90.53656049618586,132.51452967004872,2.0,0.6383939022159077,0.0051590692961376305,27.1189700377613,0,0
2.7155935200950174,4.563148889676451,8.322339136689424,493.43897056510707,1187.275240681186,85.38773450292295,141.16808648882494,3.0,0.595113941086514,0.12233913668942442,7.2752406811860055,1,0
2.7017130494214463,4.279180903959446,8.031970179783823,528.2941992687053,1192.4931568246163,87.69880166080895,150.81666348188745,2.0,0.6313621951084702,0.16802982021617652,12.493156824616335,0,0
2.8302136047481783,4.723375919541939,8.099318338729915,516.25757841881,1166.638258103957,79.27085763226755,138.39228841573038,1.0,0.5991929612122534,0.10068166127008382,13.361741896042986,0,0
3.3147096449530347,4.657781184076395,7.985240545521288,506.4439915564484,1222.7664668147747,81.20757862350933,146.97716014808492,2.0,0.7116499279900518,0.21475945447871148,42.76646681477473,0,0
3.041727715297495,4.202541887668611,8.262599395249065,522.445151465946,1161.2064108828204,77.00551389898425,139.02411392725065,2.0,0.7237828428311351,0.06259939524906599,18.793589117179636,0,0
3.4275932316741105,4.273214787992424,8.22451716199262,540.3138239955614,1208.4964151090426,92.11231150700657,149.0269837575081,3.0,0.8021111507203921,0.02451716199262144,28.496415109042573,1,0
2.711148876443222,4.330741146041854,7.9634157443620746,540.2622387782224,1198.861645723378,84.84274424600066,142.51491061493664,3.0,0.6260242264294862,0.23658425563792473,18.861645723377933,1,0
2.4134573642495996,4.652906769367397,8.14449450811477,538.5192847649727,1182.0995394373688,88.92111596443752,130.4692992494775,1.0,0.518698844262257,0.055505491885229574,2.099539437368776,0,0
3.74674970697781,4.349940654871201,8.057026374286735,543.8135195502198,1153.4139533434561,87.96462329633965,137.79129849967947,3.0,0.8613335223138614,0.14297362571326389,26.586046656543886,1,1
3.489130757994205,4.678456312019174,8.162534108193942,553.6908632376851,1176.104137749825,85.23669677837692,138.31810930218347,3.0,0.7457867562607515,0.03746589180605753,3.895862250175014,1,0
2.4441837076217876,4.308424252456491,8.237245821360396,521.1121888641337,1197.9795845237322,80.55948823607082,146.2664173872252,3.0,0.5673033953564133,0.037245821360397,17.97958452373223,1,0
3.7087569687754627,4.5821733260541535,8.047004692184846,485.2449951869665,1182.1147658436885,85.31778039709111,151.82823453152503,2.0,0.8093881885432291,0.15299530781515358,2.114765843688474,0,0
3.3186302180563048,4.821878884352204,8.489390499493192,501.834343256127,1185.3758953034308,88.87208109889258,145.66989158337176,2.0,0.6882442087331487,0.2893904994931926,5.375895303430752,0,0
3.1474972131630783,5.097610990787793,8.118075084367296,496.7385392512879,1194.6602252492476,83.55632650796296,133.3445810776296,1.0,0.6174455481663212,0.08192491563270288,14.66022524924756,0,0
3.9544743604842125,4.1910083175669195,8.284436599042762,516.1663841820962,1182.515552770886,78.030523094995,150.53492470113272,3.0,0.9435615632078755,0.08443659904276224,2.515552770885961,1,0
3.2637850027216517,4.6905300034793775,8.12978131993057,539.4872485780398,1173.739319564081,89.21000946174209,148.3662125922047,2.0,0.6958243523876388,0.07021868006942888,6.260680435919085,0,0
3.1114985505656914,4.905840160469017,8.187718873421373,498.0850121281144,1190.792644633037,82.47440231891666,139.56048352899717,2.0,0.6342437682751524,0.012281126578626456,10.792644633037071,0,0
3.2746436492625435,3.937967608813615,8.120940082264033,519.6873758648362,1153.6203513842206,85.0859876227598,151.03853237087156,3.0,0.8315567759120124,0.07905991773596632,26.379648615779388,1,1
3.0522891443015188,4.5918403659308265,8.125569118638774,480.08889321543575,1221.5717774641014,88.2259089196925,136.61990189591964,2.0,0.6647202211739038,0.07443088136122533,41.57177746410139,0,0
3.0494797100300017,4.507015564397553,8.204123145004122,507.28797962677464,1187.030263248897,84.2824607747318,135.26515467206156,1.0,0.6766073171440256,0.004123145004122364,7.030263248896972,0,0
3.1257364093344733,4.814073538346442,8.235774838850958,520.6855211029508,1166.759795010761,83.86793788918234,149.23750722362874,3.0,0.6492913711822572,0.035774838850958446,13.240204989238919,1,0
3.4562171740299097,4.394263880508677,7.934341479649422,510.7109168224537,1162.5584288496734,79.14172293615356,146.68285867836482,3.0,0.7865292725304632,0.265658520350577,17.44157115032658,1,0
2.869835788008418,3.827425219647326,8.375528850110584,543.2766653503829,1212.1699713181474,87.42434073152133,125.97052710642546,3.0,0.749808454134356,0.1755288501105845,32.16997131814742,1,1
3.614177366566778,4.357382327335637,8.151617693466006,504.07739895742907,1169.7632985355485,89.51853414654035,147.24639733750192,3.0,0.8294377436343217,0.048382306533993,10.236701464451471,1,0
3.151300996646687,4.28888688020057,8.429951881337377,532.1698290456984,1205.509546854442,90.885805210272,140.48270779900645,2.0,0.7347596436874447,0.22995188133737798,25.50954685444208,0,0
2.0414978487225244,4.5691832546298645,8.051299841164862,532.7241332365332,1173.4491194539642,84.65039316123529,139.12561020384774,3.0,0.4467971045387854,0.14870015883513688,6.550880546035842,1,0
2.555373056358869,4.462832291029439,8.452399437197217,492.3437253361698,1163.7888466145937,83.12593713845794,135.53390718026296,1.0,0.5725899807892697,0.2523994371972176,16.211153385406305,0,0
3.1782820533928753,4.970454728858198,8.250274084980267,511.326442321275,1192.7092169180487,97.86149678485133,146.6189463857109,3.0,0.6394348658484912,0.050274084980268086,12.709216918048696,1,0
2.7851735705720015,4.26605799727872,8.087916725166927,493.4343202521746,1207.2330339157038,83.41809487829521,145.85454702799095,3.0,0.6528681915941533,0.11208327483307201,27.2330339157038,1,0
2.7975930474001194,4.559518055153246,8.22734203353068,511.6255822749565,1167.577523821185,85.46264407044168,138.4538119477955,2.0,0.6135720953280708,0.02734203353068132,12.422476178815032,0,0
3.8435123422937494,4.630563458486881,8.46730361690522,530.1963787139716,1165.8034213187145,87.57921127678604,141.15352284783307,1.0,0.8300312426167795,0.2673036169052203,14.196578681285473,0,0
3.335398562997766,5.070080527293289,8.036704773541144,519.160754226136,1176.4208416591116,82.9529441730654,138.62418508726154,1.0,0.6578590900844214,0.16329522645885497,3.579158340888398,0,0
3.439971491998482,4.533338812588954,8.13124024551808,546.9812523280156,1156.5234187515075,79.18546440512682,142.90053804216626,1.0,0.7588163235642043,0.06875975448191873,23.476581248492494,0,0
3.5400886968453973,4.900997207327695,8.434353176405983,510.7941244819143,1156.346160471758,87.73225084559618,142.58909537613764,1.0,0.7223200802543074,0.23435317640598363,23.653839528242088,0,0
3.3390705934153346,3.9846983554909814,7.896849651868563,498.23215957998855,1148.8202501971768,81.28747242460086,147.3391452373665,2.0,0.8379732403021337,0.30315034813143615,31.179749802823153,0,0
3.5753135223903993,4.588569772512181,8.114828823672383,493.4278513544308,1148.5736731339139,85.02886858435159,148.30415988040448,1.0,0.7791781968815491,0.0851711763276164,31.42632686608613,0,0
3.5704710190126567,4.710942762666001,8.431198171720197,518.4421691077491,1152.518786060837,85.53261811268646,139.594332977168,2.0,0.7579100825742484,0.23119817172019808,27.4812139391629,0,1
3.391591930298557,4.273841365892712,8.187821022379678,508.02747461288055,1166.289907968411,89.28063413765015,145.80183665205303,1.0,0.7935699150117046,0.012178977620321163,13.710092031589056,0,0
3.418693427280552,4.710797999549792,7.947492680043576,516.5969574246573,1164.681645624631,94.93071104869729,139.98168111770562,1.0,0.7257142902076379,0.2525073199564236,15.318354375368926,0,0
3.1861260450452877,4.555292719223431,8.44680324284061,512.4897729657104,1187.3149611435208,85.88703098573356,138.04311722483465,1.0,0.6994338763127856,0.2468032428406115,7.314961143520804,0,0
2.7297621577500593,4.911681394982398,8.13999138491762,513.2180415447186,1182.5175803508494,83.19752340085404,140.192232363861,2.0,0.5557693868301229,0.060008615082379535,2.5175803508493573,0,0
2.9964145497170005,4.220288627045404,7.84958955924681,509.31287451365665,1183.2931322016289,90.6739401304139,138.2303756817608,1.0,0.7100022803664895,0.3504104407531896,3.2931322016288505,0,0
2.9221147475643767,4.72991654297172,8.249036629635876,515.075081982385,1174.6428173159168,82.71720531787567,151.45597163378577,2.0,0.617794145076114,0.04903662963587685,5.357182684083227,0,0
3.197775882540772,4.781687153470456,8.338455015585359,529.9122278072507,1177.7052538296803,80.18940693945542,148.2947379907818,1.0,0.6687547259446143,0.13845501558535922,2.2947461703197405,0,1
3.1944649015623052,4.42069325003896,8.305089309591569,487.19438181364114,1180.3508433470463,84.9906484087417,139.80099648567008,3.0,0.722616277619248,0.1050893095915697,0.3508433470462933,1,0
4.125863426669404,5.035432511755529,8.397426412229503,523.2297313833088,1216.5632595672862,77.27575403186395,138.79657551593115,2.0,0.8193662443529833,0.19742641222950397,36.563259567286195,0,0
2.728783653049448,4.692462493480804,8.205711702909468,540.1610194821961,1174.8642667626698,83.05818551445722,151.05655677310776,3.0,0.581524872337072,0.005711702909469096,5.135733237330214,1,0
3.53984083880841,4.224536350047063,8.17385994482996,506.1848733398714,1188.6157626158629,91.90582548751475,139.50478421184602,2.0,0.837924104483336,0.026140055170039034,8.615762615862877,0,0
3.0691930729560917,4.879998375959524,8.076131931211822,493.3075652587976,1179.0679695495103,92.32761530510064,151.87269395937787,3.0,0.6289332159303602,0.1238680687881768,0.9320304504897194,1,0
3.2055717167651787,4.803082376050805,8.415100150559569,494.722304499469,1171.5891105596997,84.28028338827174,125.79064602883128,2.0,0.6673988628805214,0.21510015055956977,8.410889440300252,0,0
3.3446644244988066,5.073481820118997,7.9545547322350805,508.9229381364122,1227.4796330209217,83.57531836279199,162.731734969833,2.0,0.6592443892429507,0.24544526776491882,47.47963302092171,0,0
3.837067999313154,4.361240110105986,8.253922890966077,521.9436366319308,1186.0860178560033,85.98582650779547,148.9484872793737,2.0,0.8798112237714183,0.05392289096607783,6.086017856003309,0,0
3.174124557986993,4.397308546965255,8.167821857449614,487.62699108667584,1188.465628940915,90.0761828454155,143.65652579312845,1.0,0.7218334859526152,0.03217814255038576,8.46562894091494,0,1
3.503662064121059,4.720343023500365,8.405467165294356,483.21630962986774,1187.7848839353005,83.46939060675393,161.32679829666907,1.0,0.742247342181644,0.2054671652943565,7.784883935300513,0,0
3.8199737620070158,4.515068309749704,8.128669832989695,552.0481495232633,1175.4325057019528,90.10677679735859,148.23547257619862,1.0,0.8460500482157108,0.07133016701030392,4.567494298047222,0,0
3.416363407424396,4.383178931542387,8.071910662814295,531.8624671363797,1179.8564101121021,85.48899421278401,144.6778375728196,2.0,0.7794259508914899,0.12808933718570437,0.14358988789786054,0,0
3.902190279326196,4.506566646349451,7.985043939307321,522.1346996150237,1171.8891854562878,92.12436798114483,153.639645458978,2.0,0.8658898413543444,0.21495606069267836,8.110814543712195,0,0
3.6228488904875666,4.493389540798719,8.231452909536172,523.6339694972467,1159.5480253173505,92.15953726220341,132.60017366182134,2.0,0.8062619224945559,0.03145290953617241,20.451974682649507,0,0
2.5694431372063002,4.959862006690893,8.111797222144455,496.30174372803015,1172.2905382691588,87.93145990727712,134.1439326926472,1.0,0.5180473031753814,0.08820277785554431,7.709461730841213,0,0
2.9087988235083464,5.022282445979097,8.181925387915095,507.65317892890687,1146.762660695177,84.92472128655464,141.44914966796304,1.0,0.5791786611400139,0.018074612084904018,33.23733930482308,0,0
3.4088570183735745,4.589148007142467,8.031704782007587,542.4967797469662,1183.0397884893503,78.91722290673313,153.02658343386062,3.0,0.742808253803382,0.1682952179924122,3.039788489350258,1,0
3.097528099001848,4.812017367238017,8.037223948249638,529.4475698510523,1155.0925246363665,80.08068437938365,132.0886227858844,2.0,0.6437067578864638,0.16277605175036136,24.907475363633466,0,0
3.975571599623314,4.176140144350188,8.047959123646828,538.9965798415127,1130.7829465479153,89.9490503406529,140.9069871781875,2.0,0.9519727454668417,0.15204087635317087,49.217053452084656,0,0
3.5517668164549616,4.294845329850127,8.103419198333746,509.37897987649495,1163.9721893113888,83.30394827499137,138.51481200694252,1.0,0.8269836380235653,0.09658080166625282,16.027810688611225,0,0
3.0718808781853433,4.976534152872033,8.142166153005627,520.3956679475848,1185.2515903239357,84.31693492338253,136.64252052978352,3.0,0.6172731429553721,0.057833846994371996,5.251590323935716,1,0
3.6028628802386677,4.402614097680617,8.33143188689825,529.8955219896116,1140.0760981075207,85.57945051540209,137.069977646187,2.0,0.818346282341298,0.13143188689825003,39.92390189247931,0,0
3.0521892284666565,4.588184816382949,8.162762332920835,515.134738282759,1186.2946311418875,88.86332658743252,146.65820087780563,3.0,0.6652280476808675,0.03723766707916454,6.294631141887521,1,1
2.894992304341361,4.066344555676403,7.777731446514122,555.9630676812322,1193.5114201197293,83.3885046583905,148.1797920962164,2.0,0.711939744404631,0.42226855348587744,13.511420119729337,0,1
3.39210420056237,4.191824433748462,8.274327478621734,521.8578926757865,1163.1029890973023,83.75817414847174,134.25019556010903,1.0,0.8092190532702784,0.0743274786217345,16.89701090269773,0,0
3.2628511675963767,4.499328565057746,8.184171259184357,538.8989847914503,1210.782513457267,85.45266983771495,138.1432425768202,1.0,0.725186240500601,0.01582874081564256,30.782513457266987,0,0
3.0171614973654917,4.446752434867715,8.337056747851388,495.6721458232438,1171.5314247057147,86.41403207706595,149.1815907479521,2.0,0.6785089884988704,0.1370567478513891,8.468575294285301,0,0
2.763349931136359,4.105536400678677,8.327189313003291,514.9935819107833,1186.8620726907104,89.03347773533845,153.5075122910949,2.0,0.6730789014576699,0.12718931300329217,6.86207269071042,0,0
2.659777614262807,4.1780429177798855,8.165996009515192,495.9616247179339,1183.325518452265,89.5251484254349,140.6146330338796,3.0,0.6366084949265055,0.03400399048480729,3.325518452264987,1,0
3.0339598844146525,4.054668279541972,8.082618807051032,515.9323023396595,1174.9834214222049,80.65308579250531,145.6944896415632,2.0,0.7482634026991511,0.11738119294896698,5.016578577795144,0,1
3.405953438430549,4.464102329258055,8.033880788705845,560.4313842440488,1180.8764604467779,85.3657596128409,125.3788417465547,1.0,0.7629649112980038,0.16611921129415386,0.8764604467778554,0,0
2.9697448695048907,4.508829177503266,8.340121216335053,533.2672720711181,1169.2317383758495,85.2198075745126,152.57966913286623,1.0,0.6586510049357683,0.1401212163350536,10.768261624150455,0,0
3.398560047093577,4.786128076743406,8.24786812628028,514.7893011546187,1186.2588152112764,80.60205247169617,137.58823593564472,1.0,0.7100854786769416,0.04786812628028159,6.258815211276442,0,0
3.3220972506125412,4.568079583140074,7.865985771256415,530.7340045095785,1134.3272424008505,80.93074044405158,141.2092067111781,3.0,0.727241544159287,0.3340142287435839,45.67275759914946,1,1
3.417440061837773,5.292603573147786,8.114210718070234,516.3605739630228,1179.29083738926,86.0226346163891,123.9576654428621,3.0,0.6457011211893097,0.08578928192976498,0.7091626107398952,1,1
2.8006458243246835,4.02616911038472,8.23352856438123,508.81957362166764,1216.2677481033606,82.02055888345916,137.46373327593093,2.0,0.6956105784045066,0.0335285643812302,36.267748103360645,0,0
3.103869840736746,4.876543736512471,7.9542631511358195,508.83524265998176,1174.6592422878653,82.14577403624499,142.2354935259391,3.0,0.6364896959419116,0.2457368488641798,5.340757712134746,1,0
3.1540791004963746,4.69865062618425,8.23184494264907,535.9990987517199,1175.2553313523797,88.50682733904499,149.23163290296907,2.0,0.6712733826704014,0.03184494264907123,4.744668647620301,0,0
3.750282725324648,4.486221351377952,8.420599298597843,519.0417939838583,1189.2676391778896,91.78580791960296,138.25113903064792,2.0,0.8359557923589269,0.22059929859784333,9.267639177889578,0,0
3.1971820058077784,4.3722546004900344,8.071587269199863,500.6109971291465,1176.9889284339706,86.5067131478183,141.7976902970272,1.0,0.7312433280345112,0.12841273080013593,3.0110715660293863,0,0
2.7984170511674007,4.5427133737531395,8.175186392172716,506.8661581187058,1207.1704507517222,77.15431836346785,152.39466938926194,3.0,0.6160232487306053,0.02481360782728359,27.17045075172223,1,0
2.58041578997861,5.042289241701206,8.405664822086788,518.3549859030953,1199.0880666976207,83.63692540230376,142.85351046725432,2.0,0.5117548132951324,0.2056648220867885,19.08806669762066,0,0
3.1015750047480206,3.8628021545623095,8.189493033440804,518.5575327781635,1159.8001207721281,85.8669603514599,139.6202866027419,1.0,0.8029339530842534,0.010506966559194808,20.19987922787186,0,1
4.2529528259349565,4.187318523585826,8.199477872714018,504.51995544779857,1194.1530236737476,79.1079741651618,133.64989521385934,1.0,1.0156745423028506,0.000522127285981,14.153023673747612,0,0
2.46732710111759,4.803113793984979,8.467209957490129,489.4637532199635,1169.0211166513297,81.46696984243181,146.31689518922929,3.0,0.5136932428487896,0.2672099574901292,10.978883348670252,1,0
2.682743382496541,4.488502849290788,7.922261974856411,506.79768235895864,1190.2673828444383,87.54863897420398,142.77405814331348,1.0,0.5976922532917048,0.2777380251435879,10.267382844438316,0,0
3.097049385030662,4.009823112282214,8.109505472683276,531.3951978549501,1183.699222015819,83.44232586687032,156.58706362208238,2.0,0.7723655875921153,0.09049452731672325,3.699222015819032,0,0
3.2203550807424075,4.6186796504288825,8.03368526568925,562.1254038854256,1161.7835214741554,80.40530299064895,144.38372910791455,1.0,0.697245819970676,0.16631473431074895,18.21647852584465,0,0
3.344558242203366,4.146322952610502,8.133864671708372,491.30482614518314,1198.5957408645531,88.25994014161697,132.88367441808248,2.0,0.8066323534424683,0.06613532829162772,18.595740864553136,0,0
3.2936858930146085,4.373991681811751,8.164725268262334,544.674253008504,1178.1348652720312,81.65807842543175,136.55098431891395,3.0,0.7530160393211618,0.03527473173766538,1.8651347279687798,1,0
2.8689639117405124,4.235996405492771,8.153863391565437,546.6026812508717,1183.7136881927822,86.47115155626241,153.3984974909302,2.0,0.6772819512648962,0.04613660843456202,3.7136881927822287,0,0
2.8766937113436297,4.206523518581857,8.440298898192012,515.9788285058423,1173.1036821340563,88.48630600919263,148.8112867356332,3.0,0.6838648822364324,0.24029889819201244,6.896317865943729,1,0
2.9902207454949394,3.885768844268775,8.383174862500612,510.86154438909904,1186.6251589767076,81.39787658682627,140.9505377130774,3.0,0.7695312985834876,0.18317486250061243,6.625158976707553,1,0
2.69200056104245,4.074170041036497,8.095825238462792,538.1123334516095,1158.8577295058763,85.08354865199631,151.96007239049356,2.0,0.6607482096394872,0.10417476153720706,21.14227049412375,0,0
2.50411448848876,5.2163903116574195,8.351067673511855,483.64132886903906,1161.7609730463103,87.54052415592093,127.96136752211936,2.0,0.48004737728551466,0.15106767351185546,18.239026953689745,0,0
2.83274920663337,3.8575707359040887,8.26415151565149,506.59228986502706,1179.0044855971225,82.00216810855268,148.12811724285564,2.0,0.7343349998830627,0.06415151565149024,0.9955144028774612,0,0
3.8092954486849036,4.206520305220128,7.974377720357802,528.2218739986083,1221.6647335843886,85.93176708848088,146.93096855098275,3.0,0.9055692523466836,0.22562227964219694,41.664733584388614,1,0
3.6234914119535517,4.901577641488682,7.897748734073936,506.72272722512463,1188.4030725736393,89.11264695706477,150.93980201267294,3.0,0.7392500285099622,0.30225126592606344,8.403072573639292,1,0
2.722545267297408,4.509642944089368,8.384830635612087,521.1528792103186,1177.9022275303998,93.99730716791524,129.95252803994572,2.0,0.6037163696655934,0.18483063561208724,2.0977724696001587,0,0
3.75680091453784,4.408366589267495,8.132552470923578,529.1055584460908,1188.1185830087775,89.03554454706705,149.56397800176916,2.0,0.8521979371751569,0.06744752907642138,8.118583008777478,0,0
3.645728677867549,4.687471078396213,8.317898921905469,521.1187163095431,1220.0475196192467,81.12533088917314,145.18018265514942,1.0,0.7777602498482296,0.11789892190546958,40.047519619246714,0,0
3.006575406461385,4.842075165801361,8.247214384218275,532.4088857735612,1144.7834183060352,90.55843421507531,132.7485136230588,3.0,0.6209270411734451,0.047214384218275285,35.21658169396483,1,0
2.9306037503024527,4.503667064524551,8.36567165557562,494.6397297203427,1216.041154583555,83.18563965831274,148.25523241608508,2.0,0.6507150079401172,0.16567165557562014,36.041154583555,0,0
3.1450756136844484,4.073329649547938,8.155964974511367,512.4555917153997,1151.1089621344297,87.23560209496709,154.55611815433573,2.0,0.7721141875323981,0.044035025488632584,28.891037865570297,0,0
2.577641741518549,4.801981962309789,8.161341315762055,538.8438225818192,1187.575407311874,87.21124791677201,149.08034717533238,1.0,0.5367870519325936,0.038658684237944385,7.57540731187396,0,1
3.624035895963466,4.189620612118004,8.124736335824542,472.9215587199307,1147.5296285433885,84.72326152106866,142.7696723322158,3.0,0.8650033572530049,0.07526366417545738,32.470371456611474,1,0
3.1214877394448255,4.305459239994259,8.123125991367864,493.9264430433934,1152.320005053525,86.37799114601347,137.09071625673164,1.0,0.725006919058414,0.07687400863213512,27.679994946475063,0,0
3.483285769302623,4.632695060449346,8.117419904769895,556.6254848467466,1237.5946077304372,80.54004199041195,154.0906078862672,3.0,0.7518918735421518,0.08258009523010479,57.59460773043725,1,0
3.072378425733353,4.961742703743195,7.920063109772561,494.64837908429183,1168.5308292583452,84.75840830003705,146.72713380700858,2.0,0.619213572440244,0.2799368902274386,11.469170741654807,0,0
3.4606087965358023,4.570636738533334,8.232785333331057,501.2542371424382,1180.0142916411444,80.36381382988257,144.91447127213394,1.0,0.7571393207873118,0.03278533333105749,0.014291641144382083,0,1
2.8435231098338853,4.553558750916143,8.305594701519134,511.86514951589214,1178.75454172735,80.83172870587558,144.66338179682376,2.0,0.6244617154961111,0.1055947015191343,1.245458272650012,0,0
2.810351261513453,4.660304164036135,8.421318119656343,525.3428879538259,1192.9758185272879,80.75066190264901,133.3044374054662,2.0,0.6030403085270856,0.22131811965634363,12.975818527287856,0,0
3.304269506329563,4.756320600336216,8.200083998850953,511.3524360507371,1184.0658617475044,81.66183779026919,141.33741672941775,2.0,0.6947112659733825,8.39988509540035e-05,4.065861747504414,0,0
3.458402474845821,4.192282981507618,8.317507708623136,520.2333509464917,1193.3780252199883,86.42512019896643,135.68373871472718,2.0,0.8249449021633493,0.11750770862313686,13.37802521998833,0,0
2.875899025194248,3.9620770806262833,8.092101746978773,558.9515739994284,1176.0873837849786,82.56863117429407,142.13292323736357,2.0,0.7258564045941781,0.1078982530212258,3.912616215021444,0,0
2.752153026684396,4.259270988040549,8.057484314628152,510.5290233209166,1199.4377166816475,81.12556601818513,140.40240734449486,2.0,0.6461558876544624,0.14251568537184767,19.437716681647544,0,0
3.6116622549302577,4.327775226873819,8.052338043073718,548.3164483967722,1207.6217488674677,85.33200420821139,141.28188090180922,1.0,0.8345309228789641,0.1476619569262816,27.62174886746766,0,1
3.0449193760256064,4.320053581824881,8.420756334754282,508.3968016405875,1139.4976415201236,85.90394984041723,138.80034608578922,3.0,0.704833705797356,0.2207563347542827,40.50235847987642,1,0
3.1794425105646056,4.710759994180156,8.019877150024744,520.9529104282265,1155.3306595456618,84.48042155619517,128.03108293928437,3.0,0.6749319672022502,0.1801228499752554,24.669340454338226,1,0
2.9963146549603463,4.383456027968556,8.438833761047315,492.26140475619167,1206.1963628428139,91.36185708915895,136.71649764870332,2.0,0.683550749718685,0.23883376104731546,26.19636284281387,0,0
2.6919755645151873,4.456539973456172,8.215681336832382,535.2697099546829,1180.6160391659487,92.67154530237401,137.86708913612176,1.0,0.604050581829166,0.015681336832383153,0.6160391659486777,0,0
3.2829069317595776,4.6144058503740855,8.000873876419385,501.4961066820861,1168.8729178594183,80.22107306496923,131.60152607507732,1.0,0.7114473753499572,0.19912612358061388,11.127082140581706,0,0
4.05757763573013,4.592349711754165,7.976462871505142,535.4199721576493,1167.6376849529463,85.61202149271466,142.10387063122332,2.0,0.8835515345142744,0.22353712849485685,12.362315047053698,0,0
3.287720934880175,4.917193078784988,8.161953931916123,527.2699857053311,1196.0084277732417,88.28078898150521,120.3623638366006,2.0,0.6686174167933906,0.038046068083875895,16.008427773241692,0,0
3.2492819227137946,4.995171888969854,8.201102601237954,508.875422669691,1166.3206348964059,80.03351975336732,138.5942580755587,1.0,0.6504845066970065,0.0011026012379549144,13.679365103594137,0,0
3.2462698537171435,3.907211010032514,8.23261087790905,514.1503700032961,1195.0799018264672,84.71540575123586,139.93947252315766,3.0,0.8308406801042693,0.03261087790905037,15.079901826467221,1,0
2.9667690245724248,4.098159067512674,8.191474472168958,531.3244353686401,1141.6033832283622,83.08828692489115,138.35079354255984,2.0,0.7239272500101225,0.008525527831041657,38.39661677163781,0,0
3.350920197217941,4.637698200502287,8.253827210901838,492.82807079554084,1182.7334225899338,88.43669104269595,135.47192667833585,3.0,0.7225395124099449,0.053827210901838285,2.7334225899337525,1,0
3.819002080532025,4.3995591037666495,8.198145109263645,511.8872819348093,1159.1371286106964,89.368957767603,127.26592235853421,2.0,0.8680419991163144,0.0018548907363538092,20.862871389303564,0,0
3.32569893303811,5.112653373160419,8.268747690868816,516.4251612036372,1142.078539587292,79.05704213710997,147.4947050661211,2.0,0.6504839443734525,0.06874769086881649,37.92146041270803,0,0
2.7973829738881437,4.466604345360659,8.278366781639004,492.80031612785456,1179.598152845948,80.72596947139225,147.55676527255545,1.0,0.6262885084432027,0.07836678163900501,0.4018471540518931,0,0
3.252771186708783,4.920450103965647,8.208663122000084,512.3178435233783,1232.291635881752,83.80753736948616,134.03117330888256,3.0,0.6610718770272933,0.00866312200008501,52.29163588175197,1,0
3.4367256534965516,4.529794144485405,8.255357807288494,514.4687829038551,1147.4822049852005,74.46272700796428,143.7611148671167,3.0,0.7586935615875052,0.0553578072884946,32.5177950147995,1,0
3.4794755254068175,4.167980103681165,8.172663726373218,530.5447113544141,1183.6899392208288,80.88022110511754,144.29242355263696,2.0,0.8348109727056829,0.027336273626781704,3.689939220828819,0,0
2.9141277292038277,4.274596359118989,8.189156101042826,496.7266117767365,1138.1525517912803,77.80337670387016,144.27678304011326,3.0,0.6817316732854536,0.010843898957173081,41.8474482087197,1,0
3.6090281728038565,4.973831367508458,8.540348741748918,511.38354059909454,1165.4126601632559,85.63708788866803,147.3488826831519,3.0,0.725603243337565,0.3403487417489188,14.58733983674415,1,0
3.583708330434083,4.4796385854901555,8.115197507124835,522.4062190882772,1182.1199408478274,85.22061822936635,135.79276491107163,3.0,0.7999994332672173,0.0848024928751645,2.1199408478273654,1,0
2.7427922751705087,4.479766032433445,8.570790065864777,541.9349471380209,1190.865267888723,83.44688576520761,132.42565172867032,1.0,0.6122623937724577,0.37079006586477803,10.86526788872311,0,0
3.54097333391849,4.751349160568844,8.325991680961303,568.0721567475351,1193.2612963272288,91.47728830529321,149.37213575467754,2.0,0.7452563921337448,0.1259916809613042,13.26129632722882,0,0
3.402386221382346,4.742897259044472,8.407018493437809,525.1635491707483,1192.9720168926333,85.2477480860706,145.01955312416342,2.0,0.7173645210586838,0.20701849343780943,12.972016892633292,0,0
3.272408623481483,4.084997766908517,8.118402487994096,526.3662287660388,1180.7358175104998,83.03670326809056,139.37077849637865,2.0,0.8010796601137258,0.08159751200590293,0.7358175104998281,0,0
2.8620234245626017,4.584610863138666,7.9073649299815925,500.16234479933394,1190.118771474909,93.09951443731778,141.99648809072073,3.0,0.6242674698848851,0.29263507001840683,10.118771474908954,1,0
3.6595062801488414,4.390415742538835,7.931648141424783,550.3311582159973,1166.9229000826335,80.74186631855315,150.72454517426297,2.0,0.8335215829012006,0.26835185857521626,13.077099917366468,0,0
3.246010431658967,4.363832575154062,8.425779399831855,518.2509920852949,1213.4669493558263,89.57468736792188,118.66109710957548,3.0,0.7438439433713896,0.2257793998318558,33.46694935582627,1,0
2.6411527259548038,4.483244345204157,8.48895181085817,510.37448551736355,1221.3760555367182,76.31562388222994,157.0871302434291,1.0,0.5891163902746004,0.2889518108581708,41.37605553671824,0,0
3.1745901701538584,4.550924330391198,8.275808351759819,538.1577251283965,1210.7445381743178,77.77746683350982,136.64397152058538,3.0,0.6975704140489191,0.07580835175981981,30.744538174317768,1,0
2.954350973996674,4.919825377996165,8.190535367056848,528.8520380128124,1171.7409134376592,80.45491924212497,124.46160873455244,1.0,0.6004991532035788,0.009464632943151585,8.259086562340826,0,0
3.8518568524451196,4.5042861635651965,7.817496056272548,512.9620100525746,1219.902662882823,81.65004437223222,123.58588915175059,3.0,0.8551536717953938,0.38250394372745156,39.90266288282305,1,1
3.930403885418775,4.521675614471374,8.208505997325888,507.9515902674947,1162.0451091553093,87.13645363284715,141.04326626097713,2.0,0.8692361459920958,0.00850599732588897,17.95489084469068,0,0
3.4165850912819153,4.093873597587073,8.433142366241654,527.5074489641556,1169.330929279036,85.80530387048645,148.2157068799355,3.0,0.8345604740852499,0.23314236624165474,10.6690707209641,1,0
2.1583144573491464,4.324679707021191,8.009164355915205,531.7331482956464,1142.6215085379029,90.5709364750201,135.955214013248,2.0,0.4990692035172032,0.19083564408479425,37.378491462097145,0,0
3.959106806698391,4.806588833003443,8.111297593030258,516.4277840882073,1129.8671900795985,77.52698467461799,132.81310539481697,3.0,0.823683269658999,0.08870240696974108,50.13280992040154,1,1
3.283813692105118,4.36945837561139,8.043371923170396,510.7480669900899,1162.8513186523812,84.9657084304516,129.7898856825727,3.0,0.7515379273739156,0.15662807682960356,17.148681347618776,1,0
3.6290029349239212,4.253455551473596,8.291492708099796,540.1337453680471,1099.6761597371244,83.03780461837931,138.05447650329117,1.0,0.8531893398565021,0.09149270809979626,80.32384026287559,0,0
3.8295947053160133,4.520801148514605,8.052258081232445,540.1985512105514,1204.7764856055642,95.351321991042,156.7536055114595,3.0,0.8471053201990966,0.14774191876755438,24.776485605564176,1,0
3.5547549560389204,4.475073201677045,8.32241215661709,504.05129100905367,1164.6314845970528,82.43373238580187,128.13944958081578,3.0,0.7943456553766364,0.12241215661709148,15.368515402947196,1,0
3.0207101534799405,4.3873473058081505,8.213506237580043,519.0529862795852,1201.2165238043056,80.29416737147139,138.74092541549746,2.0,0.6885049079183897,0.0135062375800441,21.216523804305552,0,0
3.3687120297003483,4.670927675911254,7.957356781206077,534.9779839099803,1196.9594299911157,81.67041516666696,143.6818367880337,3.0,0.7212083471881067,0.2426432187939227,16.959429991115712,1,1
3.147410961731333,4.268237366447329,8.246391757769004,575.7405192478969,1190.5561874689588,84.88389437535766,138.1141116160958,2.0,0.737402981787229,0.04639175776900473,10.556187468958797,0,0
2.8726285336231996,4.599815798875556,8.159949435734944,546.2338830886679,1132.784520257057,84.79908126164025,144.4484429284182,2.0,0.6245094713794661,0.040050564265055044,47.21547974294299,0,1
3.6327939236999773,5.02568757273661,8.37381322517648,500.4500256461387,1201.0085545056693,84.80148644249014,137.499274466555,3.0,0.7228451570854387,0.173813225176481,21.00855450566928,1,0
3.181051718982226,4.599260108521905,8.097420969498033,540.020829274632,1155.579396853117,87.82683840714415,158.1742999263972,3.0,0.6916442304266408,0.10257903050196582,24.420603146882968,1,0
3.6469183326352512,4.7574417212802045,8.177290376208788,531.3262872453143,1194.98157063502,83.7628628267482,135.25181751312087,1.0,0.7665713098609039,0.022709623791211442,14.981570635020034,0,0
3.503571435914706,4.234800342976068,8.334168826465769,500.242419455585,1192.494793262424,85.64278243462768,151.40171576240562,3.0,0.8273285990680711,0.13416882646576944,12.494793262424082,1,0
2.9400939092606935,4.804566267544292,7.995419809955598,506.09976961585227,1181.746494924544,81.24929313310052,143.03941913643052,3.0,0.6119374247181516,0.20458019004440153,1.7464949245440948,1,0
3.0459670878334735,4.605349640288125,8.295530523759309,536.7052961198924,1170.9601924982665,86.26740935493316,142.25396219529574,2.0,0.6613975756640945,0.09553052375930982,9.039807501733549,0,0
3.168244630237719,4.3708716903597855,8.123846084472985,495.20273819085594,1198.3620413994483,85.9319546699257,136.4512825550134,2.0,0.7248541833201406,0.0761539155270139,18.362041399448344,0,0
2.3912805440152214,4.304567235040896,8.426212427521602,527.0583062587783,1201.82304955893,87.34527883565964,138.61540997406402,1.0,0.5555217081972194,0.22621242752160242,21.82304955893005,0,0
3.745656171989538,4.392526686627748,8.193650215650967,523.208315390291,1178.0108237753466,75.54193852057665,136.15372932764137,3.0,0.8527338450873335,0.006349784349032106,1.98917622465342,1,0
3.04617778230807,4.393894272129899,8.02420991061652,492.32494207177496,1165.6272792823574,84.37449809058015,144.83056059681928,3.0,0.6932751661632925,0.1757900893834794,14.37272071764255,1,0
2.9326619220612793,4.48951754986241,8.246412427771308,538.2284596819169,1203.3414150357225,79.80863560037066,126.97707514901131,3.0,0.6532242916609007,0.04641242777130827,23.341415035722548,1,0
3.812300332937479,4.895459120170208,8.252404533022355,536.7911000625203,1225.1026166146576,84.38819708253517,135.98446703081075,2.0,0.7787421442151046,0.05240453302235615,45.10261661465756,0,0
3.4678690195320154,4.433433518612319,8.22959701184354,528.4702862692053,1183.795477318594,88.41266727873675,141.1132119172111,1.0,0.7822084179656905,0.029597011843540244,3.7954773185940667,0,0
4.066000937960434,4.599441268899269,8.237281765767847,488.3328336392696,1153.9655227869619,84.01738659149787,150.33357246016783,3.0,0.8840206232374573,0.037281765767847475,26.034477213038144,1,0
3.354126951891535,4.37140364192504,8.284844935283008,510.3726221898394,1173.1488502778566,82.74478614278249,140.10537565758162,1.0,0.7672883187806435,0.08484493528300874,6.851149722143418,0,0
3.0411218735416052,4.382692599940327,8.161843837446016,547.5430969939694,1195.4011099253205,88.20504618414326,137.46633214331405,3.0,0.6938934920713167,0.038156162553983464,15.401109925320497,1,0
3.3399200098271633,4.261208887844851,8.165817356742714,513.7304488892079,1139.5584048841736,82.04892907738359,150.66616959229188,2.0,0.783796358486562,0.03418264325728515,40.44159511582643,0,0
3.082413220934327,5.382914500580586,8.067411557525748,522.2570374925212,1158.1554278222918,88.74979006060614,148.27255181566665,3.0,0.5726290506804886,0.13258844247425117,21.844572177708187,1,0
3.585634867315343,4.155852146696486,7.998518591412414,521.2388258386837,1181.426345920634,81.43670932799903,137.42964046376267,2.0,0.8627917307652042,0.20148140858758534,1.4263459206340485,0,0
3.2799241734874856,3.985287504408561,8.068225181354574,539.2754367624246,1142.5593033482623,81.3912761465273,152.1388814525724,3.0,0.8230081691813189,0.13177481864542528,37.44069665173765,1,0
2.716122102863557,4.917611625476128,8.080482815099623,514.9443535756421,1121.2210446721958,86.68935840852541,153.4892680509939,1.0,0.5523254598309711,0.119517184900376,58.77895532780417,0,0
3.0328361816936438,4.501914462288995,7.9592793533652895,510.74049829018253,1225.5473828981505,89.5115421305898,147.01474485958255,2.0,0.6736769892953327,0.24072064663470982,45.547382898150545,0,0
3.5903266877378837,4.370563306632034,8.30548273822851,535.047458636901,1145.7832232869985,83.5809927214846,130.07819059471834,1.0,0.8214791629876008,0.10548273822851151,34.216776713001536,0,0
3.314931561761204,4.354296376627486,8.317822388474436,514.5849648348094,1203.8128689648975,83.08988058800519,144.15711590030668,3.0,0.7613013158207209,0.11782238847443693,23.81286896489746,1,0
2.961348376555308,4.83327334342033,8.009511536900867,517.0939516029424,1208.9564570194507,87.81445313630738,135.9653127174075,1.0,0.612700372093371,0.1904884630991326,28.95645701945068,0,0
3.0573307463280517,4.819251210702313,8.169602010576677,518.445070281673,1182.3458236346391,88.81613615489155,144.18766919745025,2.0,0.6343995388545236,0.030397989423322613,2.345823634639146,0,1
3.7046077010142064,4.296028230975951,8.536702338314537,526.5890064782942,1194.0928680607233,84.61943087680503,132.91092293702428,1.0,0.8623331833436947,0.336702338314538,14.092868060723276,0,0
3.628771946084719,4.381994662553138,8.005463108009202,517.3185100342415,1217.6028209425199,84.4135717791107,154.80006111831483,2.0,0.828109622375106,0.19453689199079705,37.602820942519884,0,0
3.516412778817219,4.085820388230105,8.575475768635856,501.45828862318916,1159.3067152575854,79.54761538567872,150.53496197286557,2.0,0.860638120091182,0.37547576863585697,20.693284742414562,0,0
2.9829304801063916,4.1142000880450516,8.238939347004843,511.62419466986063,1204.9355234531088,83.95412574983627,146.66530169986243,2.0,0.7250329141864271,0.03893934700484358,24.93552345310877,0,0
2.696852737636445,4.757889236056454,8.122684770297791,488.523165326463,1140.6641290252371,86.11815667577125,125.17633679525869,3.0,0.5668170491721866,0.07731522970220794,39.335870974762884,1,0
3.4543871002846953,4.164224927333807,8.12053326219539,513.8500248948443,1152.94871135519,84.10565450743698,129.89083501006252,3.0,0.829539028206833,0.07946673780460856,27.05128864481003,1,0
3.3360205178275564,4.44611408357831,8.02634306140881,527.8422960146411,1188.8512127146887,81.64259216682947,155.53079681202178,1.0,0.750322743493875,0.1736569385911899,8.8512127146887,0,0
3.1570791423983087,4.389838819736475,8.16360003078593,510.65095620237025,1174.4369479935485,88.0794158310859,152.5361757958447,2.0,0.7191788289549663,0.036399969214068406,5.563052006451471,0,0
2.832230306306479,4.025333049976057,8.04215057955952,526.4572505919391,1187.9941378370465,90.2184108133893,143.95103889464966,3.0,0.7036014835144445,0.15784942044047945,7.994137837046537,1,0
3.781304265328414,4.558620966384996,8.139174495016887,516.3800596847904,1139.690797047738,81.12177062673511,131.58647417893184,3.0,0.8294842436741386,0.060825504983112566,40.30920295226201,1,0
2.749293012436078,4.392602869675999,7.928861552622781,521.7052925649923,1213.6026423438614,85.13254984876045,145.43017456791318,1.0,0.6258915484460756,0.2711384473772185,33.60264234386136,0,0
3.90447524994695,4.307650521180945,8.424209651090395,538.9552549167084,1158.6777989028312,78.08069808027957,135.28569250662014,2.0,0.9064048324816588,0.22420965109039592,21.322201097168772,0,1
3.11061488586966,4.812129267793452,8.105614935491886,514.9385077804462,1183.8743004639118,86.07048421025065,141.9530919734295,3.0,0.6464113310591896,0.09438506450811346,3.8743004639118226,1,0
3.4623603106119045,5.073601640715809,8.055104361308269,525.8291067938941,1201.5030097996241,83.40075802178677,129.4930037528039,3.0,0.6824265196825722,0.1448956386917306,21.503009799624124,1,0
2.969291467772667,4.858659416426013,8.22482373461997,526.4482226922602,1157.9138973559538,91.00294553063176,143.16455584351795,1.0,0.6111338977832115,0.02482373461997156,22.08610264404615,0,0
2.064368536205829,4.146066975187647,7.94252536342842,478.27162635365505,1126.0108330589335,86.95801041616268,138.93428297038125,1.0,0.4979100791333665,0.25747463657157965,53.989166941066514,0,0
3.355591491740874,4.233342090589297,8.601944304085,534.7147296538658,1181.2810877913255,84.09920228326718,156.36146210500814,2.0,0.7926577675845481,0.40194430408500104,1.2810877913254899,0,0
2.984463257522905,4.413005593669008,8.174141095028615,530.2115012552607,1153.3030943267086,82.45487860109918,130.18977666854218,1.0,0.6762881200803804,0.025858904971384433,26.69690567329144,0,0
3.6872778847017025,4.65911075669964,8.469960743759064,533.9637769350891,1203.1993384355012,88.04872633279571,132.12158890906574,3.0,0.7914123695402845,0.2699607437590643,23.199338435501204,1,0
2.792894276369219,4.610977683901317,8.239932289022935,510.01599625741477,1128.2640185196437,83.57026463001063,144.24717949660246,3.0,0.6057054419314527,0.03993228902293566,51.73598148035626,1,0
3.7086220379976638,4.350409831263464,8.32072839072701,519.8018862106886,1197.3599835536809,88.02616314874962,138.45268682086282,3.0,0.8524764748584879,0.12072839072701136,17.359983553680877,1,0
4.048862478805054,4.359972356414568,8.279205400682194,528.6606260337734,1180.1052630218946,82.111460518685,131.79355045787585,1.0,0.9286440708550731,0.07920540068219495,0.10526302189464332,0,0
3.1394906865385956,4.4767517100321035,8.431613899528607,538.58611096649,1168.0408320853016,80.20369872944981,142.087110377865,3.0,0.7012876498828197,0.23161389952860745,11.959167914698355,1,0
2.8307067015556386,4.486423709410699,8.248822766848692,539.3668142086144,1206.5101052769662,86.08128498337348,147.0165880565129,1.0,0.6309494787545397,0.04882276684869247,26.510105276966215,0,0
3.2239730521065315,5.114612477309655,8.110551296636212,535.6932022577337,1161.892310905403,84.32713291158697,136.21095202951537,3.0,0.6303455180189982,0.08944870336378763,18.107689094596935,1,0
3.76111772437444,4.422713854346702,8.304881865800798,530.6653781756957,1223.545460373993,88.84224541393291,145.21169999364295,3.0,0.8504094651811024,0.10488186580079883,43.54546037399291,1,0
3.556079364449915,4.6317450401101254,8.118017755564528,550.9953571863791,1197.1942290949175,90.28789471008739,134.17090009112263,3.0,0.7677623299398195,0.08198224443547097,17.194229094917546,1,1
2.8597858885011824,4.598151165863337,8.420710052224978,536.838899125812,1233.507719495914,84.22224749105742,148.3105888083614,3.0,0.6219425557624733,0.22071005222497853,53.50771949591399,1,0
3.3767762598277637,4.320756342592679,8.323288222362384,524.766836364366,1215.2776252278034,80.38961359512845,158.07631720637693,2.0,0.7815243423377115,0.12328822236238501,35.277625227803355,0,0
2.86628727598615,4.136777212011251,8.252187411718133,506.68880971670706,1182.3865116889708,78.81178831310937,157.09527428729837,2.0,0.6928792942899907,0.05218741171813335,2.3865116889708133,0,0
3.207367351675821,4.49916416679993,7.9227834831417185,478.6098005739418,1202.01177763571,78.79210795100735,140.21927212796848,3.0,0.7128807111842306,0.27721651685828075,22.011777635709905,1,0
2.178431546039218,4.3703114462678005,8.159027163022014,520.0298054011952,1172.2734935355757,84.34378670764475,145.5513343668386,1.0,0.4984613962469686,0.040972836977985594,7.726506464424347,0,0
3.0163638759124036,4.737227793669759,8.227809498470164,485.47901208763557,1221.8700419483932,90.91721777767384,136.82805506849994,2.0,0.636736084193874,0.02780949847016423,41.87004194839324,0,0
3.3865719929734106,4.547626815281263,8.111327975511157,493.21135216918543,1201.1317757361467,82.12398089109988,128.32073244517034,3.0,0.7446899514377295,0.08867202448884193,21.131775736146665,1,0
3.7440463600721254,4.131651430182902,8.32980380635751,521.2310894914599,1178.6498199520186,76.87889939461066,145.2800049241634,2.0,0.9061864057104632,0.12980380635751132,1.3501800479814392,0,0
3.300896158570671,4.680219904543677,8.194260807630377,516.655499018204,1158.2717689375518,82.99548595880269,146.69660854277794,1.0,0.7052865517410389,0.005739192369622614,21.72823106244823,0,0
2.82576148049503,4.425103338534324,8.124247409388223,490.9636596595356,1141.7746243896304,84.17480548296537,158.27026009412722,2.0,0.6385752520736383,0.07575259061177597,38.22537561036961,0,0
2.742798034907807,4.563110134062266,8.247140113270177,500.54003173916595,1158.496030518465,91.26878125707896,152.171798338243,1.0,0.601080831653076,0.047140113270177864,21.503969481535023,0,0
3.3390326821446688,4.430824080442916,7.978299661704372,476.7649550088902,1205.867492402182,84.40538148547463,135.5022973140105,3.0,0.7535917970946161,0.2217003382956273,25.86749240218205,1,0
3.8898786599044435,4.463823843457959,8.172077767155152,537.9013260885126,1158.0766354531368,80.1264775890367,138.25359085874103,3.0,0.8714229762301003,0.027922232844847628,21.92336454686324,1,1
3.159487712519387,3.9399898239588174,8.27671228825328,482.3134458976582,1180.3855742722246,87.97984324379762,141.30519882998817,2.0,0.8019025055610166,0.07671228825328136,0.3855742722246305,0,1
3.9507183250232267,4.566175061321208,7.921940163817131,517.70756197382,1173.1439122880888,88.17371863880992,153.641922417198,3.0,0.8652139418883527,0.27805983618286856,6.8560877119111865,1,0
3.9949103996923236,4.346817450210726,8.23473116032207,546.8225847259026,1207.7844022247314,80.11369803735391,151.42164382505533,1.0,0.9190425971487748,0.03473116032207102,27.784402224731366,0,0
2.7218824945603024,4.225273487659932,8.105880825028644,508.0203903938438,1171.2128058699075,85.62919628864076,153.1757485337261,3.0,0.6441908439454797,0.09411917497135569,8.78719413009253,1,0
4.1089738881787525,4.413554921273245,8.010019175658254,512.9441147538212,1167.7965568985394,90.05790483818828,143.7712847783082,2.0,0.9309896354620155,0.18998082434174535,12.203443101460607,0,0
3.2387983859970872,4.566984273976611,8.237800564180288,531.4522449117459,1153.3145753527829,84.56733901386161,142.09797552778673,1.0,0.7091766012296318,0.03780056418028899,26.685424647217133,0,0
2.60039361581664,4.454143502455732,8.213857218849844,522.5872738807755,1162.557721398845,80.38230419904038,151.52635766606994,1.0,0.5838145119929641,0.013857218849844699,17.442278601155067,0,0
3.6384279629909595,4.2410430863499515,8.088811694873577,504.13924487776734,1195.3360816662537,88.16272303311183,152.0360308787257,1.0,0.8579087474596867,0.1111883051264222,15.336081666253676,0,0
3.2796238782293883,4.058853134630625,8.217752509848276,496.3688750843309,1205.6086550496457,80.95759983739578,142.98206257127487,3.0,0.8080173804366618,0.017752509848277143,25.608655049645677,1,1
3.175735674474152,4.227929137583382,8.20512158400103,520.2594981274399,1177.1000318459853,81.1495068895697,149.8050084759871,2.0,0.7511326633866481,0.005121584001031465,2.8999681540146867,0,0
3.6671128246639233,4.44821125971275,8.005340743647814,468.5870425598592,1190.05411391432,82.3647886945129,149.0867259770625,1.0,0.8244016773781404,0.1946592563521854,10.054113914319942,0,0
3.0763534143189997,4.517022504989046,8.052941762277477,542.71170088711,1181.3884685222918,84.47167139384443,143.11092638559055,1.0,0.6810578008500319,0.14705823772252202,1.3884685222917597,0,1
3.5578588750295492,4.975348312547117,8.077142103532179,521.7799698853933,1211.5878260708287,79.63437692746459,156.97936083867012,3.0,0.7150974466133436,0.12285789646782064,31.58782607082867,1,0
3.150391445044001,4.4350743865084885,7.956782106317166,506.9406705200455,1189.839516258393,92.90630666929447,143.02780318595424,3.0,0.710335649367498,0.2432178936828331,9.839516258392905,1,0
2.788075260583262,4.264703708909924,8.18092558055588,507.98998173604036,1170.9184115215821,78.78918079702095,142.40656818651445,1.0,0.6537559113672049,0.01907441944412014,9.08158847841787,0,0
2.4885119004382887,4.769600748101753,8.370195954973157,520.5247344218502,1190.5808700629532,80.57687885576118,147.40171892260986,3.0,0.5217442782620629,0.17019595497315798,10.580870062953181,1,0
2.443995931526823,4.718771084793226,8.440284818738496,520.7500855985083,1174.03772857373,80.22164141191251,140.45486178553543,2.0,0.5179305982621081,0.2402848187384965,5.962271426270036,0,0
3.4554369835109497,4.887618100297956,8.431112856477515,544.4504289957509,1178.6143984504395,86.25009926329304,131.6761042435494,3.0,0.7069776958623922,0.231112856477516,1.3856015495605334,1,0
2.999506356883915,4.343732128828871,8.157379066796654,533.4403274097042,1183.8258649266907,95.40733675135264,123.1156680743162,3.0,0.6905366784213016,0.042620933203345146,3.825864926690656,1,0
3.2572195079515813,4.479514137670713,8.112659940623683,513.875145796825,1164.7376918431992,87.21618228335902,143.21478125786314,3.0,0.7271367847313358,0.0873400593763165,15.262308156800827,1,0
2.6013882979639686,4.107667030455702,8.400321084677598,527.0431292281758,1160.0868606209913,85.12340779404185,149.40637634746375,3.0,0.6333006736045184,0.2003210846775989,19.913139379008726,1,0
3.331642711484052,4.662176862543673,8.191788040648566,517.9449351803113,1149.7719257150966,84.68119549424266,156.5125696008962,3.0,0.7146109658636384,0.008211959351433151,30.228074284903414,1,0
3.233802058277145,3.9935897024406968,8.267287131887777,498.37816925992126,1154.5824761812012,87.93281468896146,146.04732310400448,1.0,0.8097481960881077,0.06728713188777746,25.417523818798827,0,0
2.559213675241133,5.00017705252486,8.212801593328075,512.6031686216705,1143.8302336542533,82.86656417111858,154.5014796045675,1.0,0.5118246109779299,0.012801593328076066,36.169766345746666,0,0
2.8684019956311713,4.437399488633861,8.486123600882989,476.2398190485107,1188.584258744887,81.69962810665993,141.0853512075253,2.0,0.6464150911658958,0.2861236008829895,8.584258744886938,0,0
3.370177945673669,4.87104973983818,8.41910204981937,520.2230213714921,1176.8267699982132,89.61213366205179,140.80010022917804,3.0,0.6918791892882107,0.2191020498193712,3.1732300017868056,1,0
3.9237225398932445,3.8794872853706903,7.982475524944494,538.715721212886,1160.0215949785884,84.49205426288034,150.71696318671394,2.0,1.0114023452732943,0.2175244750555052,19.978405021411618,0,0
3.2617974662381006,4.360843671148216,8.28572960453511,522.5300152577215,1204.256212866704,79.9350818837231,133.489399439242,1.0,0.7479739498736241,0.08572960453511058,24.25621286670389,0,0
2.865231718481488,4.691456099654572,8.087364945106627,533.4493586222517,1219.240862614443,80.26134585288958,142.9377380485835,2.0,0.6107339932439565,0.11263505489337255,39.240862614442904,0,0
3.1296456750270654,4.5846102657628025,8.0441898348756,509.8323131042756,1166.7598987799427,86.95478058298991,134.50855042606926,1.0,0.6826415971966383,0.15581016512440016,13.24010122005734,0,0
2.953455436784209,3.878586846198553,8.05747712049222,518.3849396260999,1183.5051281542812,79.32209712558878,151.47953094096837,1.0,0.7614771959837504,0.14252287950777998,3.5051281542812376,0,0
3.242301516508592,4.596279018577698,8.318602931503875,522.3427191157406,1194.557822138112,80.78730962204898,147.20748541909208,2.0,0.705418775208841,0.11860293150387591,14.557822138111987,0,0
3.1608339014228384,4.722305085400935,8.260912766481164,504.87217427194525,1141.0325048651523,82.60335232981627,155.34422750835913,1.0,0.6693413160715208,0.06091276648116484,38.967495134847695,0,0
3.103505576857468,4.540979218676625,8.096056449320317,524.6706188155566,1227.797354112436,80.52430289209593,134.71186408009922,2.0,0.683444126634536,0.10394355067968242,47.797354112436096,0,0
3.8540265578110082,4.557066966553468,8.24968341397898,517.121041330621,1192.0822624107257,84.40448980773266,139.95063459782745,1.0,0.8457252406541004,0.049683413978980795,12.082262410725662,0,1
2.949774919396188,4.913154280951368,8.41665151179699,543.129634865719,1228.3978512680603,88.06687313048113,142.7551512599686,3.0,0.600383124591117,0.21665151179699116,48.39785126806032,1,0
3.420020839609821,4.49308483317436,8.323812189673461,519.879785685052,1171.0323439808458,83.72708974099537,142.1644812307932,3.0,0.7611743302946731,0.12381218967346186,8.96765601915422,1,0
3.200273127582993,4.625715220426038,8.402151712826893,525.7691154267754,1185.2156820121413,85.50695373596349,129.73646274321737,3.0,0.691843958045562,0.20215171282689326,5.215682012141315,1,0
2.880323197339899,4.626515079900929,8.215248364234904,516.1606616386226,1168.524418737642,85.9141910794877,147.16489717014835,1.0,0.6225686390238695,0.015248364234905054,11.475581262357991,0,0
3.869796973339015,4.573487127951601,8.137984179643523,547.8299540877654,1218.8710060106564,82.7409462447974,147.59155931204788,3.0,0.8461370643949104,0.06201582035647668,38.8710060106564,1,0
4.075921173287069,4.682620676737325,8.174228430429599,532.0299981329109,1218.8120093446269,88.81835936204135,139.7075315464314,3.0,0.8704359062576436,0.025771569570400388,38.81200934462686,1,1
3.051117289571579,4.835906333566014,8.07704274656989,503.80993642732585,1146.9456760839998,85.55814987633215,140.77194298680712,3.0,0.6309297737557179,0.12295725343010844,33.05432391600016,1,0
2.5828787127028403,4.1703961879696845,8.00576021719896,514.1918236300006,1142.6812206023494,80.98888977345008,141.81025789970477,2.0,0.6193365319904899,0.1942397828010396,37.31877939765059,0,0
3.7573818110097728,4.659102870501174,8.37643385601378,543.7070562034125,1182.225102763837,78.71860347382078,136.99970417771507,1.0,0.8064603668643906,0.17643385601378014,2.225102763836958,0,1
2.8641112631276897,4.324075455333368,8.552366283703755,525.6362215094739,1150.9225203737237,82.96554042364536,142.83882152352885,1.0,0.6623638491166235,0.35236628370375556,29.077479626276272,0,0
2.8508155638185197,4.817340302262576,8.172753229164064,560.319373460166,1146.9304256318442,85.4565042974364,146.6772048032462,2.0,0.5917820590519184,0.027246770835935408,33.06957436815583,0,0
3.53341158464357,4.39265161996762,8.184461815802939,478.90095176450984,1165.4780215455676,83.55361047329393,137.91975075728746,1.0,0.804391490501408,0.015538184197060545,14.521978454432428,0,0
3.5326467144721616,4.398399283834872,8.026309945040303,523.094575280334,1198.0745128274457,88.2531498240676,131.63497960883092,1.0,0.8031664443590383,0.17369005495969603,18.074512827445687,0,0
3.3086315348781494,4.589238615935345,8.208204229806194,478.3039925753052,1196.1520234409431,85.44644342897864,141.32748298184563,2.0,0.7209543479976261,0.008204229806194618,16.15202344094314,0,0
3.2522760097857533,4.666722653412868,8.070191574243216,482.5866445199706,1204.0554425349872,84.90893331512308,143.03781193198554,1.0,0.6969079267460625,0.1298084257567833,24.05544253498715,0,0
3.3455882523410954,4.40788549772247,8.241287303135254,522.8138525911979,1165.1127398298286,81.32910656855388,138.18521072673678,1.0,0.7590007166272222,0.041287303135254305,14.88726017017143,0,0
3.893005999794037,3.8670485278123077,8.238052533144714,499.62896460520614,1184.4415249117246,89.87692055036815,147.95377519301542,3.0,1.0067124761399624,0.03805253314471457,4.441524911724628,1,0
3.3901722730106494,4.569519282609118,7.972732759562577,536.862657704608,1184.9127981500303,97.05517313087199,146.3421793293769,3.0,0.7419100484313983,0.2272672404374223,4.912798150030312,1,1
3.077755754338479,4.561183157254798,8.333042891120975,560.6522943307835,1181.5060507835926,84.93425856467543,157.3448906263429,3.0,0.6747713581219332,0.13304289112097578,1.5060507835926273,1,0
2.6990426222347526,4.715750599906631,7.9473993973305745,507.088906485718,1176.6487808374452,84.74243023424157,152.70732061211234,2.0,0.5723463453974529,0.25260060266942475,3.3512191625547985,0,0
3.79077377044731,4.697442910800769,8.242237510762875,509.4790141188049,1220.2621183830802,78.32868994233165,137.53176221839092,2.0,0.8069866609606361,0.04223751076287563,40.26211838308018,0,0
2.980177145636568,4.398655471742579,8.040663952398507,541.9497594931859,1182.787855606347,83.73915927837723,145.35373610463816,3.0,0.6775200204026017,0.15933604760149223,2.787855606346966,1,0
2.91511169454038,4.568728449493914,8.256733942814726,526.0339302319127,1156.161881854084,88.75849726480867,139.6278694588374,1.0,0.6380575528022976,0.0567339428147271,23.83811814591604,0,0
3.126841423558064,4.1131558238370935,7.921610006921734,528.5201413009326,1190.1186876328875,85.13481524903004,141.21286538313583,1.0,0.7602049513117841,0.2783899930782656,10.118687632887486,0,0
3.53087329961441,5.040429029779946,8.169914322901635,531.378729334434,1174.0438924525386,75.80834986885708,138.54244877203755,1.0,0.7005104680678441,0.030085677098364627,5.956107547461443,0,1
3.9422013259177056,5.004994372778259,8.335401721404887,520.1041320668797,1210.2689434904398,81.25242788615338,139.91347315575254,1.0,0.7876534979881998,0.1354017214048877,30.268943490439824,0,0
3.249231280662473,5.144489059136088,8.094451543402737,516.5844719693257,1179.826002927191,84.63220416930787,139.20174934474142,2.0,0.6315945553933242,0.10554845659726197,0.17399707280901566,0,0
2.9120623166421167,4.821324150120842,8.218029783811907,519.8847864531435,1203.7051498705837,83.92418772840223,142.8638471129319,1.0,0.6039963763824369,0.018029783811908118,23.705149870583682,0,0
3.1532936336819013,4.673121655150542,8.414427948778899,535.355088208929,1204.7700714030711,80.00250206210035,148.60093087810134,3.0,0.6747724253083985,0.2144279487788996,24.770071403071142,1,0
3.228911586153716,4.35003868964849,8.234581238027609,521.5335267394742,1136.0444592532606,84.02702750683027,147.51175469070455,2.0,0.7422719234877334,0.03458123802760937,43.955540746739416,0,0
3.1309490800236723,4.5328714740233575,8.199360559353417,520.8068163747811,1150.7499078390035,82.33924583706661,136.24545145932393,3.0,0.6907209033557561,0.0006394406465819458,29.250092160996473,1,0
3.0909821114552765,4.467441647230546,8.093772075796062,524.5583636025546,1183.7979715939202,89.11264924587789,137.0294529980531,3.0,0.6918908751006397,0.10622792420393701,3.797971593920238,1,0
3.265717906148228,4.615036504456265,8.428099625947176,504.08734526431215,1143.9997365919992,82.3766962210289,144.5953077667883,2.0,0.7076255848219695,0.22809962594717703,36.00026340800082,0,0
2.985865965193511,4.6005163055736515,8.22480771535358,488.6491008424101,1145.1741924572793,82.71623840202936,149.36276808281542,2.0,0.6490284494649055,0.02480771535357995,34.82580754272067,0,0
3.4850848115445325,4.693100625906747,8.401881250476658,535.2480017339093,1204.8723333722094,81.84462700559796,134.07836821037037,1.0,0.7425975039963237,0.20188125047665828,24.87233337220937,0,0
3.6428322677147893,4.821762539871828,8.500288368887253,500.7216478744332,1238.4036524899907,89.79266667249232,128.31353506945618,2.0,0.7554980646259957,0.3002883688872533,58.40365248999069,0,0
3.3694396262373845,4.1063510396413445,8.162233198911043,505.5929601226596,1170.9622006887382,86.97801851900961,137.3035126527661,2.0,0.8205434929672095,0.03776680108895647,9.037799311261779,0,0
3.9272247690231303,4.5462095525050765,8.10457023381968,515.7492177785699,1190.3464799919445,82.2042183670604,166.02121987929348,1.0,0.8638459628406887,0.09542976618031851,10.346479991944534,0,0
3.53189296715167,4.7098392740687105,8.075070508726819,521.5263591224706,1162.4305708502,81.59498520974334,142.110262117047,2.0,0.7498967079083912,0.1249294912731802,17.569429149800044,0,0
3.2850296122528864,4.527788276384677,8.278891627093719,530.4324624637264,1200.2512849181253,87.96960827137679,149.8569010378489,2.0,0.7255263300761872,0.07889162709371966,20.251284918125293,0,0
3.2909983502928215,4.576793143925632,8.395169477826785,516.0870484105029,1240.189785538689,82.21352269981693,143.36323508017375,1.0,0.7190620694626776,0.19516947782678606,60.189785538688966,0,0
2.9766792984215877,4.606601458677041,8.375308419134685,538.6957771717553,1181.284799224371,90.51894084434629,134.7014700214509,1.0,0.6461768669326728,0.17530841913468542,1.2847992243709996,0,0
2.869247858384056,4.275763303812536,8.370215292230014,522.3969968085287,1162.668096901921,85.6967050256184,128.83619130371267,2.0,0.6710492732735245,0.17021529223001508,17.33190309807901,0,0
2.7382549327068064,3.9695606901879845,8.064339924650369,498.7385630692771,1207.073920726017,84.31515515261715,141.84397547286028,2.0,0.6898130916061946,0.1356600753496302,27.073920726016922,0,0
3.5355762001878452,4.221534009795595,8.47399706189679,510.8988294534546,1205.1594568700946,86.13898624221497,136.1502034475907,2.0,0.8375098225304898,0.2739970618967913,25.159456870094573,0,0
3.41334369788218,4.653160613535371,8.495267693404044,505.8972136897743,1151.6635090237385,75.5902502174821,144.53899372934924,2.0,0.7335538101177301,0.29526769340404435,28.33649097626153,0,0
2.6894782333846656,4.558486527723656,8.325108317777405,510.3097097648024,1200.6532158455739,87.06234738141407,121.22052387024999,3.0,0.5899936780415802,0.12510831777740528,20.653215845573868,1,0
2.7476446258696336,3.8851576542990958,8.20307525940515,526.2286193963944,1165.7976612102243,86.59046733621277,144.67130945082593,3.0,0.7072157347648504,0.003075259405150632,14.202338789775695,1,1
3.4502523734584005,4.4876221042049815,7.956651908005934,524.6415091113092,1149.0082390161879,86.54597909925485,132.7523233085565,2.0,0.7688375474968392,0.24334809199406493,30.991760983812128,0,0
3.025016679870636,4.588415775870691,8.016116160484007,537.347281789116,1216.5225856536133,86.23372952371841,148.32480877712254,1.0,0.6592725740154489,0.18388383951599252,36.522585653613305,0,0
3.459483955035857,4.802019021368119,8.240320740165885,509.11584673062544,1114.389720848903,86.00785441651226,138.7144560330863,3.0,0.720422792771406,0.04032074016588538,65.61027915109707,1,0
3.712375830666691,4.35128821602753,8.078046572174676,540.9758607860191,1188.8232085822533,85.85597157249505,139.8483035221983,3.0,0.8531670727163885,0.12195342782532315,8.8232085822533,1,0
3.4284717624876837,4.3625330912230496,8.171845910286734,533.0336956451097,1160.4564881943866,79.63778282183733,144.83037206393593,1.0,0.785890144558333,0.02815408971326505,19.543511805613434,0,0
2.797759449724214,4.058293781546767,7.947689907445332,492.33277623276047,1179.164726997552,87.47882472071645,142.88291705087818,1.0,0.6893930305776165,0.2523100925546675,0.8352730024480479,0,0
3.7314563312992926,4.630784288914642,7.968310040964155,536.6644835487291,1196.6884023698533,89.6003410469501,136.77287332197338,1.0,0.8057935973018673,0.23168995903584388,16.688402369853293,0,0
2.5716495391726006,4.150784810278252,8.281488544746141,525.333316579066,1208.4133713943693,90.92593698754067,143.8382140826793,2.0,0.6195574225349085,0.08148854474614176,28.41337139436928,0,0
2.7395385053788526,4.646753505191338,8.363029523458275,508.494109465839,1186.9774334305387,87.3118071293762,150.48828323892747,1.0,0.5895596789734359,0.1630295234582757,6.977433430538667,0,0
2.3798570170863202,4.465443501367056,7.939240363221732,532.0630107183483,1184.4332090785285,90.52687889652455,148.89340035594145,1.0,0.5329497542236954,0.26075963677826763,4.4332090785285345,0,0
3.117748858542701,5.040458522349656,8.216912340711511,528.8193215701489,1194.2158645890738,90.56620935904647,131.2955897899407,1.0,0.6185446907458707,0.01691234071151193,14.215864589073817,0,0
3.3573271357577488,4.444941548352854,8.201705486319774,513.5255320173852,1190.583084537878,84.46079955119927,152.3303177514266,3.0,0.7553141247147664,0.0017054863197749626,10.583084537877994,1,0
3.1955631984205595,4.111422413799864,8.251129689887232,526.1115390687459,1178.3151436701553,79.93616070479867,139.81722562927996,2.0,0.7772403017791383,0.0511296898872331,1.6848563298447061,0,0
3.0354293571535993,3.9564031987313837,8.173070524903611,510.8317882660472,1214.3745909052955,82.61017971675508,148.11334238240386,3.0,0.7672194172119987,0.02692947509638799,34.37459090529546,1,0
3.1360245880146294,4.8486778792517,8.070934229789975,516.0485215159515,1219.6549316269782,86.95936305895157,133.46895543490524,2.0,0.6467793211810215,0.1290657702100244,39.65493162697817,0,0
2.9047771665354434,4.626697439234962,8.242941000516616,504.657993787844,1216.446764198787,85.97868813738775,128.33246907292445,2.0,0.6278295056155492,0.04294100051661687,36.44676419878692,0,0
2.5474659558331707,4.616527384103252,8.098759321462975,503.13319566654826,1193.4778016313007,84.68142114196515,150.2735573663813,1.0,0.5518143278112916,0.10124067853702456,13.477801631300736,0,0
3.23291359571017,4.125053898123191,8.199369712691325,534.867139760667,1222.5536830875544,79.43677732889918,142.18926009752258,1.0,0.7837263887381807,0.0006302873086738714,42.55368308755442,0,0
3.617664350827629,4.049857035251099,8.236390421958241,539.6569974058984,1170.2312057523845,88.06890185459834,135.45292552607057,3.0,0.8932819895727615,0.0363904219582416,9.76879424761546,1,0
2.51593264293735,5.0166465293424585,7.903242262514037,530.7545128101417,1134.8849272652694,83.12030800150316,140.22903272122514,2.0,0.501516825576627,0.29675773748596246,45.115072734730575,0,0
3.0946207135671004,4.237255552606112,8.230229440867374,516.6232212170169,1166.7497173989652,88.36311748936726,132.86396371749584,3.0,0.7303361042109973,0.03022944086737489,13.250282601034769,1,0
3.112927518709112,4.418276995018894,8.214852167423087,519.5924056575452,1140.4026102228038,81.0501981251058,135.17121476592143,3.0,0.7045568943536198,0.014852167423088147,39.59738977719621,1,0
3.5358655457724755,4.550992361924781,8.24442003848284,505.05528128703907,1190.649578044626,89.39880015188129,125.16643360054599,1.0,0.7769438539554228,0.044420038482840596,10.649578044625969,0,0
3.2390704394195327,4.353334164286893,7.99458043380159,515.7424014622698,1154.6380627245924,82.5694852619,145.29572035634507,3.0,0.7440436034632025,0.20541956619840906,25.361937275407627,1,0
3.258025498383753,3.9358693367810758,8.003100915880108,524.4723235803632,1181.394740715414,85.60047186943929,143.48251612871056,2.0,0.8277778601818446,0.19689908411989165,1.3947407154139455,0,0
2.682596949918362,4.6670624167104435,8.278146531023765,499.890442016672,1197.4198240124017,84.01726607443467,136.88057718137586,1.0,0.5747934588872252,0.07814653102376568,17.419824012401705,0,0
3.0659448875314195,5.313099493300468,8.08454393511432,548.5069158215117,1164.0484247670968,84.4181536429203,134.63280775053033,1.0,0.5770539194344764,0.11545606488567906,15.951575232903224,0,1
3.3286714165506,4.539335797402544,8.09022111852129,537.8496348086944,1170.9416385431284,84.975523981649,126.68334427612754,3.0,0.7332948176519583,0.10977888147870907,9.05836145687158,1,0
2.3122798509009863,4.425797883892453,8.516041027339478,532.5393670219195,1180.8665358014296,81.36611986279445,120.27921444802254,1.0,0.5224549134505212,0.3160410273394785,0.8665358014295634,0,0
3.311597664889521,4.141000322314682,8.180926210468767,501.1506816055319,1187.2152412824623,79.45361997377134,152.05380161474687,2.0,0.7997095885852862,0.019073789531232066,7.21524128246233,0,1
2.6350785194658837,4.619444179536761,8.46917872725883,516.2112154503334,1225.5241806316558,79.54454740133144,137.65045565510093,3.0,0.5704319429961588,0.2691787272588311,45.52418063165578,1,0
3.4064713148459838,5.127328281819743,8.333389513713845,531.4512487963126,1199.0442431565943,91.85976755019698,135.68040914480164,1.0,0.6643755045410542,0.1333895137138459,19.044243156594348,0,0
2.967327634420543,4.8997654402995385,8.146952116767766,517.5057827788467,1187.675687948234,80.00588527070293,142.02651025226038,2.0,0.6056060580796975,0.05304788323223342,7.675687948234099,0,0
2.789393880235576,4.548389862798809,7.995748745430455,510.09186629159416,1196.8181744439173,90.33426728879338,140.4451372265938,1.0,0.6132706218604309,0.2042512545695443,16.818174443917314,0,0
3.232749655754529,4.140314580601837,8.27818449859668,535.854523362716,1209.4159387154186,83.66181588430551,151.16936360740598,3.0,0.7807980751317253,0.07818449859668064,29.415938715418633,1,0
3.474826318343567,4.524383150277321,8.037460518299119,513.0342862151616,1162.5274279493924,80.01639059956311,147.68775525288586,1.0,0.768022115315887,0.16253948170088073,17.472572050607596,0,0
3.353626179575723,4.319416667419447,8.152254847884349,523.9658192504365,1176.5263912283667,88.71086367500034,131.8393220918988,3.0,0.7764071950027631,0.04774515211565067,3.4736087716332804,1,0
3.6286172608939546,4.374665096245915,8.408043983540992,525.5833573029166,1199.5124380171965,87.43822387598321,147.58038027902853,3.0,0.8294617256937824,0.20804398354099263,19.512438017196473,1,0
3.4833425789197414,4.02581881775725,8.140250948067756,527.2190495384854,1214.8926870466876,88.8704454644888,152.81824866337908,1.0,0.8652507069344546,0.05974905193224345,34.89268704668757,0,0
3.4585958150903084,4.737813305320099,8.205080582415286,519.8969888637114,1199.4910963090379,86.39039508389914,146.2866892197373,3.0,0.7299983328757692,0.005080582415287083,19.491096309037857,1,0
2.9300263924837795,4.456055798781551,8.088015497159512,539.6654574642115,1198.2929618965534,93.28654341844847,154.86843389390924,3.0,0.6575380839323013,0.11198450284048711,18.29296189655338,1,0
3.113147570021519,4.361143114285686,8.147735807456261,557.281083445596,1176.9155272414123,89.49504252127686,139.56971519150085,1.0,0.7138375163864774,0.052264192543738375,3.084472758587708,0,0
3.1861797504184146,4.491355019523413,8.061742324527712,494.02863242678796,1149.367308162126,81.34814653477846,164.88911434573768,2.0,0.7094027828704363,0.1382576754722873,30.632691837874063,0,0
2.6207944398335026,4.5308752171569715,8.02510387214793,512.7267498954554,1105.8697367528664,90.28577096094136,125.5198446665701,2.0,0.5784300634303422,0.17489612785206887,74.1302632471336,0,0
3.3659462001447644,4.712823294175982,7.967619633227824,556.3998261334975,1170.400994949129,78.13322506413826,135.65517667242003,1.0,0.7142101431195452,0.23238036677217533,9.599005050871028,0,0
3.7023024502294084,5.310908269321525,8.103978024235944,535.9715613242754,1196.5586579938322,84.31202005827242,138.80771997475517,3.0,0.6971128593801281,0.0960219757640548,16.558657993832185,1,0
3.544574610253122,4.585173317620915,8.375601818305974,520.5618626140522,1174.952159992973,78.70928372567374,139.59747706100868,3.0,0.7730513906329775,0.17560181830597443,5.0478400070269345,1,0
3.5504676668764934,4.9067416018294505,8.370742216733436,491.901233639438,1181.7775964329337,79.55481626552118,140.74829592262452,3.0,0.7235896964350297,0.17074221673343715,1.7775964329337057,1,0
3.781046698194472,4.3236786092040305,7.976661661589413,543.6290332469079,1161.9436481900925,89.52749609558414,150.63694657640795,2.0,0.8744976301594368,0.2233383384105867,18.056351809907483,0,0
3.0392819892233467,4.682028645061922,8.092943130420158,511.3918130585483,1177.123229877922,83.50450368150484,137.77957041488312,1.0,0.6491378457882145,0.10705686957984106,2.8767701220779145,0,0
3.2992882345201346,4.282810580859664,8.00990849674409,539.491145810495,1214.1464156332836,84.01294984455964,152.36216987066678,2.0,0.7703558612875967,0.19009150325590873,34.146415633283596,0,0
3.6215208208139615,4.7312250628856365,8.20827559568072,531.9338866369468,1216.178369961121,82.83532361285799,137.05203451956527,1.0,0.765450971347302,0.008275595680720116,36.17836996112101,0,0
2.630526945246431,4.982420174151819,8.06280193970114,523.0743802708084,1162.9983592186254,82.96566808434801,135.6367448773563,1.0,0.5279616838349601,0.13719806029885895,17.00164078137459,0,0
2.328715472107428,4.580523982108368,8.300653901708326,504.8598153839129,1221.1195411554097,84.91967588448395,143.6086852732301,3.0,0.5083949960081093,0.100653901708327,41.119541155409706,1,0
3.314321314717893,4.369425540898449,8.0376762796258,515.2108541962839,1171.0412266911112,84.04606678266936,133.06731176710375,1.0,0.75852564208655,0.16232372037420006,8.958773308888794,0,0
3.3992886993987144,4.664420077412151,8.235297575272694,523.5888385717722,1208.8647561902299,80.71667895914098,140.98116727792535,3.0,0.7287698453943476,0.03529757527269517,28.864756190229855,1,0
3.427906912092882,4.366304909091002,8.252442299654257,536.4126446842745,1162.5127623737326,87.1223826595573,154.75827037189399,3.0,0.7850818902204055,0.05244229965425795,17.487237626267415,1,0
2.959115175855288,4.524732529990453,8.22791395313139,498.45100133157587,1197.4566384123025,84.52283877721705,137.73211791883324,3.0,0.6539867617782802,0.027913953131390556,17.456638412302482,1,0
2.9885533273000973,4.27018643927988,8.141723939932172,529.6131332137052,1216.2353442249216,83.2928344184059,138.2495573983135,3.0,0.699864834731717,0.05827606006782737,36.23534422492162,1,0
3.1942190916486886,4.470971969043934,8.09280038247385,537.0378734989021,1201.4637867525844,88.71516239326728,143.85613173122925,3.0,0.7144350519418042,0.10719961752614893,21.463786752584383,1,0
3.4345456075020375,4.361619884850508,8.323833561230433,518.5133741425028,1175.5445246858037,82.09750632545143,139.13108319872998,3.0,0.7874472552374443,0.12383356123043399,4.455475314196292,1,0
3.1261898569376605,4.280623629356113,8.254777156045396,517.0667864054949,1177.9072535715245,80.22601765564339,128.92363103192903,1.0,0.7303117785848383,0.05477715604539668,2.0927464284754933,0,0
2.9612102853115707,4.456395173305834,7.756926477189905,513.020303389308,1185.6044871213448,84.72583985469113,138.9119582193508,1.0,0.6644855694990814,0.44307352281009393,5.604487121344846,0,0
2.5322378875514513,4.27621736205732,8.138310935427477,520.1246449787868,1160.6958828283837,78.22770858467436,143.3877253253492,3.0,0.5921677203380057,0.06168906457252277,19.304117171616326,1,0
3.0521558655825465,4.82494356379822,8.206586245281573,525.6572076786167,1135.3252747547301,94.7728100953896,148.30623975304863,1.0,0.632578562752617,0.006586245281573255,44.67472524526988,0,0
2.933124366088998,4.555488776202626,8.134047698662231,491.2458240700758,1190.7337417623007,91.44908048653451,137.56841327150386,1.0,0.6438660063805781,0.0659523013377683,10.733741762300724,0,0
3.241375251723243,4.350804856092699,8.452433258342174,539.9686882502672,1159.9201926218236,79.6619637115515,126.59307779967864,2.0,0.7450058915970778,0.2524332583421742,20.079807378176383,0,0
2.37064390703674,4.513801916020903,8.19097682508923,524.2596444281113,1179.704071343992,90.72282399056253,135.95326033566997,2.0,0.5251989233504866,0.009023174910769427,0.2959286560080727,0,0
3.3892153128640863,4.652854069178906,8.059737574535868,550.301467205368,1168.9670248899974,83.39282302816041,151.99431485019886,1.0,0.7284164217799697,0.14026242546413137,11.032975110002553,0,1
3.130821576030631,4.422318361026483,8.085272615753784,534.9269263581964,1234.7696378552675,86.10132224452724,145.38482441471336,2.0,0.7079593371011768,0.11472738424621554,54.76963785526755,0,0
3.730110436174815,4.7903795846294965,7.915774844862668,486.94320090573234,1170.9992168972908,83.90093883064722,154.44681424045217,1.0,0.7786669865086792,0.2842251551373316,9.000783102709192,0,0
3.6762585099145366,4.450475830499086,8.204521099197276,537.3803240582773,1177.2657733397386,85.91706736438165,143.07911365141854,2.0,0.826037180989754,0.004521099197276612,2.7342266602613563,0,0
2.934839632979621,4.538756241999513,8.11156315060958,511.55672887701127,1141.3039884680334,85.04798427575435,129.84661152922774,3.0,0.646617592100536,0.08843684939041907,38.69601153196663,1,0
2.5628025065873326,3.6862162308568687,8.148084359232996,552.9152547239529,1193.4617346813623,87.70203870197007,138.74371162429838,1.0,0.6952393308995779,0.05191564076700317,13.461734681362259,0,0
3.400266288552484,4.489025988036946,8.15430660274679,543.8032778466112,1228.5063573370478,83.32903053183368,140.50553165685585,2.0,0.7574619297942538,0.045693397253209866,48.5063573370478,0,0
3.4079608558115013,4.55426133344473,8.455145727912475,525.3855211992416,1194.011356323745,88.10964046303074,151.47043373262147,2.0,0.7483015588140399,0.2551457279124758,14.011356323745076,0,0
3.3031903924884727,4.992428588316694,8.20269548725247,501.0422848712321,1203.9968865321223,85.30146896016105,147.38619777396602,2.0,0.6616399881125941,0.0026954872524704854,23.99688653212229,0,0
3.169022615709603,4.384193160638791,8.166261965359672,497.420780924905,1213.3925348738678,81.34233439155116,139.45846887839645,3.0,0.722829149828115,0.03373803464032754,33.39253487386782,1,0
3.242150202458384,4.824899981555061,8.175932493510155,528.7675580640807,1176.0913706625204,86.04823273022974,128.02109481063212,2.0,0.6719621575951259,0.024067506489844348,3.908629337479624,0,1
3.1615760401101403,4.078554916821748,8.440136198783337,513.6001599185673,1187.4116891512306,85.71869607384178,141.48956353818045,3.0,0.7751706434784645,0.24013619878333792,7.411689151230576,1,0
2.634514201238008,4.541896106869605,8.404932217780868,537.4039015016034,1196.4864631109838,82.45115270056394,135.74406342697714,3.0,0.580047217873008,0.20493221778086834,16.486463110983777,1,0
3.105633388275151,4.177304854927534,8.204642213240174,520.94271111505,1183.057111559055,81.12128135512877,148.04379014293477,3.0,0.7434538525164863,0.004642213240174442,3.0571115590551017,1,0
3.6363446682414793,4.396873044146967,8.195573860207139,524.1663084849779,1158.0181384479831,83.87170116102675,137.8352233490822,3.0,0.8270297165516484,0.00442613979286044,21.98186155201688,1,0
3.2318391449504147,4.240714421417839,8.07562847718349,497.3278708803447,1221.8993967767,85.95529730374817,149.3743952924232,2.0,0.7620978031120956,0.1243715228165101,41.89939677670009,0,0
2.3204776173519672,3.8057867801999685,8.215403577512287,532.3902466666843,1213.1888662677309,81.04893165290213,133.21988263915864,2.0,0.6097234949721272,0.015403577512287825,33.18886626773087,0,0
3.6450753499959703,4.333415850928401,8.126067263142442,526.7870963733112,1156.2720592930002,86.90884498262159,130.46802023597039,2.0,0.841155216703674,0.0739327368575573,23.72794070699979,0,0
3.503587688197307,4.651286356015282,8.055243162913573,550.046444962777,1159.4274102255881,87.7498255915121,134.55072478599848,3.0,0.7532513415161026,0.14475683708642606,20.57258977441188,1,1
3.006330419500505,4.689367307091535,8.382259840838746,499.20946287265565,1152.0013682355698,88.38428651965854,155.742240529536,3.0,0.6410951034509627,0.18225984083874636,27.99863176443023,1,0
3.1438499764378656,5.023293334422934,8.278239274052876,502.0009535177191,1196.718293271382,82.19781273666999,142.40817288706086,2.0,0.625854348235702,0.07823927405287634,16.71829327138198,0,0
3.3304532088968473,4.380030002967205,8.40669615008881,517.519854498539,1128.746523936116,82.72612199450232,139.37482317527062,3.0,0.7603722362358922,0.2066961500888116,51.25347606388391,1,0
3.1005235495265815,4.0963993537754275,8.17192516782042,532.0341270940683,1168.5552661785246,88.01559854909455,146.42496623744074,3.0,0.7568899614028374,0.028074832179578735,11.444733821475438,1,0
3.1713602992567735,4.717347318114518,8.221462740554198,509.0532360708326,1170.5734795704489,83.89620910878396,135.7736481499371,3.0,0.6722761935307452,0.021462740554198945,9.426520429551147,1,0
3.5271558632100115,4.077873841564795,8.224333482534824,520.37514667848,1162.9758291021756,83.8706145104908,152.64206223324982,2.0,0.8649497261032462,0.024333482534824924,17.024170897824433,0,0
3.1721870855030923,4.748744710517863,8.02472636618511,512.6395203714402,1184.556461089551,84.40850740888095,141.4506171674534,1.0,0.6680053947328645,0.17527363381488925,4.556461089551021,0,0
3.3713266769500954,4.628628377664229,8.336393109504053,529.4520329719447,1212.3876895529365,93.71682044763509,141.86219053778925,2.0,0.7283640856739125,0.1363931095040538,32.387689552936536,0,0
3.202825263451271,4.5054141757404675,8.273385102032504,534.8785113724705,1159.5814783469273,93.08869943531442,150.97625722840118,3.0,0.7108836474981794,0.07338510203250515,20.41852165307273,1,0
3.4040629875660735,4.537172044956321,8.241613166685601,507.1410419253276,1202.616437047746,91.89880021666605,129.86047708314217,3.0,0.750260945162943,0.04161316668560211,22.616437047746103,1,0
2.846457025519547,4.808832166778112,8.240877698534439,528.3610389738558,1184.3176104144238,83.38930976023119,132.1963636222487,3.0,0.5919227218184936,0.04087769853443923,4.317610414423825,1,1
3.14981829599884,4.146832074764637,8.176414541195717,501.53077451065917,1193.6626238402102,85.70411054671004,143.34367116923906,2.0,0.7595721838864292,0.02358545880428231,13.662623840210244,0,1
2.6010969419285423,4.732067311862044,8.283542182351075,511.08129374021246,1197.3992485820331,87.66998199485343,137.1636981943149,3.0,0.5496745439057056,0.08354218235107602,17.399248582033124,1,0
3.664330714951408,4.829166057481931,8.267983285342433,510.09121131518265,1170.0250963944425,84.6378350410065,143.0462294558382,2.0,0.758791615483048,0.06798328534243403,9.974903605557529,0,0
3.3269813045000705,4.5315835871729035,8.278634526992803,522.5083217421807,1179.0345716612821,91.67324447825806,142.47477435746728,1.0,0.7341763071927536,0.07863452699280415,0.9654283387178566,0,0
2.704296642058611,4.5165597727590265,8.231908918178767,522.7677489318047,1182.158325469679,89.28233067870306,144.3798138821228,3.0,0.5987514341712982,0.031908918178768175,2.1583254696790846,1,0
3.6476979670256386,4.49693831988272,8.604706068522614,522.8510552035444,1196.5950894676591,80.54750699451249,146.02180048324337,1.0,0.8111514338737069,0.40470606852261426,16.595089467659136,0,0
4.039888715666606,4.165640305497582,8.207803097565943,516.3560228647,1178.7280087089005,88.0437383096545,145.7390222147684,1.0,0.9698121821428443,0.007803097565943773,1.271991291099539,0,0
4.025009967697258,4.380865400529644,8.168554000987125,504.11699254458483,1198.3210451749408,83.89247830189566,139.22348757450445,1.0,0.9187705165038548,0.031445999012873926,18.321045174940764,0,0
3.3446544100190536,4.493831832794847,8.232350315640042,513.3700112192948,1183.4183163967878,82.03406109815987,160.28118857774163,2.0,0.7442767183378638,0.03235031564004309,3.418316396787759,0,0
3.2597453929084756,4.7340605163558225,8.27094303470699,509.2869580166468,1180.6788727305625,88.68730516602916,131.34790160710227,3.0,0.688572818399285,0.07094303470699082,0.6788727305624889,1,0
3.8705749249101133,4.34007287939525,8.121735001405138,552.418813537708,1169.1826384847932,85.19539386761708,145.6156396361756,3.0,0.8918225641772219,0.07826499859486091,10.817361515206812,1,0
3.6320192262858595,3.8851456451435027,7.926253337955831,494.163361113156,1173.0040231039266,87.3460488758673,147.2057208195327,1.0,0.9348476368938953,0.273746662044168,6.995976896073444,0,0
3.318448110825831,4.766746147436342,8.300970053834945,518.2694028173592,1155.7953312319726,86.0680413337207,124.79157853822491,1.0,0.6961663171248162,0.10097005383494562,24.20466876802743,0,0
2.819232615991106,4.287768136556344,8.385530784027733,496.4419905192528,1219.543853939437,85.48778789388649,128.3208818832377,2.0,0.6575058458263148,0.18553078402773338,39.543853939436985,0,0
2.707654273426418,4.302288217533406,8.00559269607641,543.3279580715163,1172.3830259351566,84.80464243549572,149.30262528868928,1.0,0.6293521344670446,0.19440730392358851,7.616974064843362,0,0
3.2437633887331883,4.189211421418008,8.482868277472829,542.7210020320902,1196.529524764818,87.83869496100561,148.70375073581948,3.0,0.7743136026447888,0.2828682774728293,16.529524764818007,1,1
3.2867102255050518,4.977889228808214,8.52358238311716,483.21216337252304,1220.1586759882578,85.81945723234276,136.83583840486568,2.0,0.6602618245950163,0.32358238311716114,40.158675988257755,0,0
3.0409768938033115,4.494263346043888,8.445229427674052,518.5180500996903,1199.7045002286286,80.12990867035953,128.50981035327297,3.0,0.6766352256156776,0.24522942767405276,19.704500228628604,1,0
3.1669277256629207,4.543628165221728,8.193994418871835,520.2039828106192,1153.1375402585297,89.16684079417051,155.11008997560026,3.0,0.6970041583082253,0.006005581128164295,26.862459741470275,1,0
3.910124357043805,4.273540141028423,8.222840406371125,524.2154947269677,1208.1458044752937,87.76336627942933,142.1687010850614,3.0,0.914961420062355,0.02284040637112561,28.145804475293744,1,0
2.9795257134685866,4.136951849105735,8.26304647262278,536.7909166736596,1206.722231888605,84.68888147596174,133.8878008467333,3.0,0.7202224781495665,0.06304647262277996,26.722231888604938,1,0
4.170686594538209,4.8174510281472305,8.10238095173973,492.2867375042927,1185.5757564396283,81.4275430735384,134.80469610737813,1.0,0.8657455092546089,0.09761904826026857,5.5757564396283215,0,0
3.211497929173927,4.454409785305188,7.972837890640281,539.5616615864782,1203.8272013748124,82.41264129165829,137.83878010803835,1.0,0.7209704726869723,0.22716210935971848,23.827201374812375,0,0
3.111612160186711,4.493626566217127,8.093683269591775,547.5936084555595,1155.52048909306,81.12415177874581,150.14585466562778,1.0,0.6924500987436772,0.1063167304082242,24.47951090694005,0,0
2.8196357081251073,4.620192491501951,8.069361509519497,521.4775641932938,1204.5022905049489,86.17472475983847,138.03738283965328,3.0,0.6102853317694136,0.1306384904805018,24.50229050494886,1,0
3.598628204231779,3.9083732920068543,8.214018773764952,534.8479126791182,1193.2658790936127,81.07888425881579,141.81584012679838,2.0,0.920748335546839,0.014018773764952641,13.265879093612739,0,0
3.174750794755501,4.9830878941448615,8.06235760163405,555.6157231758731,1168.0944029823759,85.33686635578577,136.90137315512735,3.0,0.6371051166584347,0.1376423983659496,11.905597017624132,1,0
2.8084945136870774,4.416998468484256,8.33266636560726,476.5740852774434,1222.1095832045385,88.53397370842077,143.94206188715017,1.0,0.6358377828496297,0.13266636560726042,42.10958320453847,0,0
3.7560830196069257,4.128123596242491,8.07266430154443,484.05314614087644,1156.555333341471,82.5593814431898,147.4612217405138,1.0,0.9098765894790355,0.12733569845556936,23.44466665852906,0,0
3.222289964915478,4.256731819139925,8.339633107418775,485.2584363521782,1194.783004014346,84.43249309446796,148.71554573725078,2.0,0.7569868389805108,0.139633107418776,14.783004014346034,0,0
2.8057095814657824,5.011377627989213,8.33734807063875,515.5229783665144,1178.3672322081902,78.67409828783127,135.8300816060048,2.0,0.559867922392368,0.1373480706387511,1.6327677918097834,0,0
2.772878831368323,4.5995755343123665,8.492941683099925,503.59430612431663,1192.4875199242226,90.78763977928183,148.54195328871927,1.0,0.6028553743883698,0.29294168309992585,12.487519924222624,0,0
3.289780727423989,4.746069719491795,8.224588609539014,507.34900936716207,1167.5971505054156,95.74122123534355,144.8129506924378,1.0,0.6931589549179856,0.024588609539014428,12.402849494584416,0,0
2.645604823040401,4.7687388654707785,8.165777297606764,535.6557170471732,1180.152966603545,86.09182931802681,141.89806828304762,1.0,0.5547808125208469,0.03422270239323488,0.15296660354511005,0,0
2.95656411070412,4.991124722397823,8.356747074269979,508.5335390222885,1176.927848950577,82.81890509767513,143.72875893082164,1.0,0.5923643015459191,0.1567470742699797,3.072151049422928,0,0
3.1809154575432084,4.617874053164465,8.28057697218126,513.5822362844299,1159.2897973190309,91.22810860884125,152.4761512517379,2.0,0.6888268108296746,0.08057697218126059,20.710202680969132,0,0
3.7241234984478435,4.095823824725596,8.146535931921237,479.85765544753696,1156.443470152651,82.3154035676975,137.30774967652567,1.0,0.9092489464651464,0.05346406807876214,23.55652984734911,0,0
3.3297437126886416,4.484664392095387,8.21169059448373,494.8345232814619,1147.006783596275,81.87460479371694,139.9977248738233,2.0,0.742473331519552,0.011690594483731331,32.993216403725,0,0
3.417688140936139,4.347691761483087,8.175322820230575,527.4713051745836,1217.4985023134077,89.43136120010776,141.59138316705713,3.0,0.7860925584531786,0.02467717976942474,37.4985023134077,1,0
3.220479160752434,4.421051618382052,8.28069755082264,553.3839184094725,1171.2898542623896,84.5660577526434,152.86994853159953,1.0,0.7284418817083556,0.08069755082264152,8.710145737610446,0,1
3.300197140138351,5.182747628294291,8.20513070268071,530.6248655993558,1168.875744925322,87.8033163993,141.90393410690527,2.0,0.6367659350196302,0.005130702680711252,11.124255074678103,0,0
4.062923285306201,4.345448730272395,7.985541363545444,503.872953935402,1230.1442073627409,81.04089996852176,127.02404091885481,2.0,0.934983596991267,0.21445863645455532,50.14420736274087,0,0
3.5751662150042622,4.210532009944084,8.23839165656175,513.1693733917886,1220.9783031982383,89.33150717820799,130.49047668150249,3.0,0.8491008275703952,0.038391656561751475,40.978303198238336,1,0
3.438891287301354,4.29812840039718,8.064652426810818,502.0403869760752,1201.0700672815133,81.89848398345379,142.73378418901586,3.0,0.8000904035773999,0.1353475731891809,21.070067281513275,1,0
3.7089414000427072,4.348761397904501,8.189244048057255,543.2514613131874,1171.4258790888314,87.08881017868563,147.45328100230273,1.0,0.8528730504683537,0.010755951942744701,8.57412091116862,0,0
2.9058786157272194,4.43378137291249,8.1819248412665,516.9293320337788,1186.0330800824847,87.47350768202679,147.00310404404615,3.0,0.6553951064941645,0.018075158733498853,6.03308008248473,1,0
2.7208488429644606,4.438961657675908,8.45164381632342,529.6743175610536,1158.331744166657,84.03103936375398,141.5401140063136,1.0,0.6129471376817566,0.2516438163234209,21.668255833342982,0,0
2.9057880229640936,4.790153436731685,8.364184368192069,514.6599627398596,1212.6465271546704,88.62671612681122,131.24318240240984,1.0,0.606616898756398,0.16418436819206939,32.646527154670366,0,0
3.1450205941489235,4.603835198639317,8.21425418279081,539.5790815240994,1177.08038685559,83.7820341836987,135.28225954307723,2.0,0.6831305765235292,0.014254182790811143,2.91961314441005,0,0
3.3192633863962104,4.183166529243874,8.214534681405146,504.7731944781466,1190.9468036237338,92.17468573055777,145.68985982310997,3.0,0.7934810537420084,0.014534681405146799,10.946803623733786,1,1
3.2931146971760654,4.379637238036596,8.20763705433032,509.3005534255965,1147.5320091252656,85.94975062927304,148.9394215307757,1.0,0.7519149457913694,0.007637054330320581,32.46799087473437,0,0
3.480597912769886,4.6218282056546,8.074876142992512,515.9650060691632,1205.276250391321,86.18324774163385,134.95514299567066,3.0,0.7530781667216562,0.12512385700748752,25.2762503913209,1,0
2.8186685566965153,3.989500242513775,8.038338409760447,512.495806549851,1193.7575918502273,82.8177273988246,126.66115992954605,2.0,0.706521715665809,0.16166159023955196,13.7575918502273,0,0
2.8006583837044836,4.933323658516526,8.09725057748104,554.7518486630127,1154.2608851943207,96.82676653290619,146.96653760729595,2.0,0.5677021369360048,0.10274942251895958,25.739114805679264,0,0
2.88299170462692,4.46940158500922,8.452855263105246,527.445274798858,1138.918274135743,87.25646770560078,130.0592320469567,3.0,0.645050942312207,0.2528552631052463,41.081725864256896,1,1
3.300526659295241,4.497881128634751,8.042343707456995,558.1127106955662,1185.5354265431065,85.18571704025759,146.68120320587485,3.0,0.7337958839217388,0.15765629254300428,5.535426543106496,1,1
3.168373063254178,4.43582206009465,8.148815316846486,493.2490790570809,1187.8772735803925,83.55879392495991,146.46451814854802,1.0,0.714269648244705,0.05118468315351343,7.877273580392512,0,0
2.4124307430335667,4.880776701569586,8.073842735440255,490.2273609953074,1165.5060030818995,87.33741023310145,137.04777199415355,2.0,0.4942718936032235,0.12615726455974396,14.493996918100493,0,0
3.795645243331316,4.550595410283059,8.091342225231674,529.1418372112352,1192.1121059782436,85.40722574890503,133.50647660553574,3.0,0.834098595959582,0.10865777476832505,12.112105978243562,1,0
2.955025050143825,4.615791027770663,7.9834106616261655,531.2931727411841,1164.4021449538773,81.06897322863666,162.36306230732148,2.0,0.6401990540136835,0.21658933837383376,15.597855046122731,0,0
3.2856374976520817,4.6668066290526875,8.361594050952354,522.0368802050701,1173.9519718216927,84.75866911031973,138.27161583992228,3.0,0.7040440622702611,0.16159405095235435,6.048028178307277,1,0
2.847698364158908,4.671283708381162,8.222048842643282,522.5050323111872,1165.146909750861,85.2803958357696,136.41894475680374,1.0,0.6096179425882405,0.022048842643282995,14.853090249139086,0,0
3.307717901032294,4.902816558405355,8.451269490953534,510.0411821436383,1213.4148518886125,86.32969884408182,148.9606760572841,2.0,0.6746566715181109,0.25126949095353446,33.414851888612475,0,0
3.018082113048923,4.475048468419614,8.081753610283755,498.73405729160845,1201.0796054811253,89.09504324054922,138.9826899104703,2.0,0.6744244523099767,0.11824638971624424,21.079605481125327,0,0
2.955656944077974,4.520671839936291,8.012496151661859,505.61981983432366,1184.7274889191713,84.6890373886748,144.36056595415408,3.0,0.6538092230702192,0.1875038483381406,4.727488919171265,1,0
3.132471310723996,4.382072939789562,8.182388454948269,511.2183564146717,1192.6602585344785,77.61997974427054,134.40282689697128,1.0,0.7148377840921076,0.01761154505173046,12.660258534478544,0,1
3.7021614437839587,4.587650648462198,8.160764916516019,519.5158026551911,1195.812674401545,86.17616434865607,139.3980157984272,2.0,0.8069841682949325,0.039235083483980304,15.81267440154511,0,0
2.7786337747305376,4.241772959489454,8.118519774943548,534.1279963748954,1149.4082681984808,89.30934754911348,126.59485580353333,3.0,0.6550642386125998,0.0814802250564508,30.591731801519245,1,1
2.345730314408522,4.528358270276541,8.407730664069106,555.246369075432,1195.623011602559,79.97527989311286,139.20547149052422,2.0,0.5180089944047785,0.207730664069107,15.623011602559018,0,0
4.112660734615537,4.478748945625173,8.122304905117522,520.8763099282278,1198.6543513425013,85.8104863834238,149.90769877882687,2.0,0.9182610554035429,0.07769509488247728,18.654351342501286,0,0
3.215778819296296,4.237740218995755,8.2943628113521,533.9163735484581,1185.9337029872383,91.82888473981544,141.40667036351027,3.0,0.7588428389552196,0.09436281135210045,5.933702987238348,1,0
2.1881759689222786,4.615713252159436,8.246004541304474,542.5551470847204,1166.5555861048863,78.74634610903344,134.0674915196263,1.0,0.47407103710883286,0.046004541304474955,13.444413895113712,0,0
3.759837858058318,4.809414157583199,8.350496996922235,515.2016988712783,1179.6951108351527,82.47702053294587,132.1056408760318,1.0,0.7817662888001154,0.15049699692223584,0.3048891648472818,0,0
2.9367534043698975,4.815014712466028,8.362380551302437,563.669541049355,1213.383633918426,83.48109684269818,136.33378929330556,2.0,0.6099157695524283,0.16238055130243723,33.383633918426085,0,0
3.288853508653485,3.80873641921681,8.113722032553472,502.1645064276991,1184.3203069942822,88.18161789296373,143.7768429539383,2.0,0.8635025230930181,0.08627796744652727,4.320306994282191,0,0
3.155396469142823,4.699600360352663,8.305169680106937,536.4390511247251,1163.9871443911004,85.34936582410019,149.23547480541205,1.0,0.6714180412214074,0.10516968010693795,16.0128556088996,0,0
2.7385230874640567,4.407086756458028,8.16610276819839,508.2902440712517,1189.4712807308745,81.81979164076212,141.80778939025674,3.0,0.6213907822054346,0.03389723180160864,9.471280730874469,1,0
3.791012032422105,4.927388319623173,8.359226373576377,522.455684525211,1163.788833665702,96.23060313311552,132.83982209793953,2.0,0.7693755364388758,0.15922637357637726,16.211166334298014,0,0
3.725965781433619,4.547428462760043,8.236367527095371,515.378791537359,1184.9944055458773,88.6506365502069,136.18605005626736,1.0,0.8193566564327662,0.036367527095372054,4.994405545877271,0,0
3.4330285275235224,4.659260148620144,8.343888006467354,526.1655578151327,1178.6056415580047,78.17802622462042,129.21398112400752,3.0,0.7368183825930834,0.1438880064673551,1.3943584419953368,1,0
3.5765242323069937,4.391511567188236,8.328165662671083,503.8068641641758,1195.3536923509432,75.60413571258276,149.76133642555715,2.0,0.8144175819130373,0.12816566267108342,15.35369235094322,0,0
2.8619384166295365,4.0773117759623885,8.023196330230562,475.2556915788487,1176.7465233279968,81.30936876799379,152.62929123830074,2.0,0.7019179727191945,0.17680366976943773,3.2534766720032167,0,1
3.517270275287471,4.029183121387595,8.353218715602306,501.3134928697941,1206.5988961261462,83.6614113654642,149.65945168363618,1.0,0.8729487264414091,0.15321871560230704,26.5988961261462,0,0
3.143389698653221,5.116227732430793,8.197633346665048,514.422659955571,1203.8171688727043,83.83178387900044,141.89963244066956,2.0,0.6143959695369846,0.0023666533349508967,23.817168872704315,0,0
3.5841219185125883,4.0946128791904695,7.900002015953456,489.96467032298585,1158.5153467232312,85.88484933515745,136.7560582977309,1.0,0.8753261964891453,0.2999979840465432,21.484653276768768,0,1
3.6920888702603154,5.052544682815983,8.0651689283684,512.1982305224774,1206.0534973158794,78.85617080623173,129.83445152956165,3.0,0.730738489475729,0.13483107163159858,26.05349731587944,1,0
3.1914530822606255,4.409134426860302,8.225678071561848,535.4032357754951,1204.167624534915,86.89484321963029,126.48282547841627,3.0,0.7238275753387265,0.02567807156184898,24.16762453491492,1,0
2.7108419921777744,4.688921854322621,8.40243194707506,516.4444851227581,1181.1237239255177,94.52946943504608,133.86164321847357,2.0,0.5781375923551737,0.20243194707506085,1.1237239255176519,0,0
3.1061651466499414,4.520421680774587,8.112525142411606,496.8435491157506,1197.740025535037,82.776346014744,140.61682851887355,1.0,0.6871405734498979,0.08747485758839346,17.74002553503692,0,0
3.4824315655260527,4.526217428676037,7.892082635024421,521.6509410954706,1189.8393002788648,81.30981468620767,132.98724661631564,1.0,0.7693911350112288,0.3079173649755784,9.839300278864812,0,1
3.389362966284987,4.126454827211974,8.392224309888011,509.3532113727235,1185.6331294885126,82.16452588624745,133.6966535763662,1.0,0.8213740625760405,0.19222430988801165,5.633129488512623,0,0
2.852695615360667,4.295377560592865,8.216663252695724,489.4615142792333,1170.1312594916174,85.49596313626323,139.7547685801192,1.0,0.6641315168352268,0.016663252695725106,9.868740508382643,0,0
3.049746533693786,4.338364548645783,8.47863863149745,505.73942633005436,1122.015046502589,87.94317221591886,154.48762420498213,1.0,0.7029714766461453,0.2786386314974507,57.98495349741097,0,0
3.542559517729389,4.4876121938978155,8.16012574515295,480.7388457220178,1179.5653972614336,82.89020386829819,142.17778770960473,3.0,0.7894085682709163,0.03987425484704943,0.4346027385663547,1,0
3.089274680044432,4.360027778639167,8.284551048140523,496.7474658339919,1174.2147999586687,83.38522752213747,155.6161676040154,1.0,0.7085447240659779,0.08455104814052383,5.785200041331336,0,0
3.2096877826691035,4.170288232640442,8.255079969816308,521.4361917657818,1208.2919634250304,88.61315248439277,155.449985112492,1.0,0.7696561011724637,0.05507996981630825,28.291963425030417,0,0
3.985034876212318,4.9911634934108555,8.303164577284264,520.1812061534065,1167.2517688658565,78.36754698168681,159.62596609539915,2.0,0.7984180203022385,0.10316457728426442,12.748231134143452,0,0
3.9386829302944135,5.001679771229258,8.36219754366528,528.280817035904,1192.0267592377693,84.78204762456879,149.8047959855427,3.0,0.7874720313289738,0.16219754366528072,12.026759237769284,1,0
2.408280075849685,4.577211931925205,8.307182464219526,540.0562182413669,1189.7239634010073,89.65738998016103,146.4238306971671,2.0,0.5261456343164345,0.10718246421952671,9.723963401007268,0,0
3.3264623828731117,4.770681419983036,8.438034948554963,531.9013385466881,1171.9124332643757,84.163603692403,139.91506675534214,2.0,0.6972719595658241,0.23803494855496332,8.08756673562425,0,0
3.4720881441906766,4.592714050507211,8.060325210883455,520.1178633994595,1208.5129083711554,83.65714417444643,140.72598154548947,3.0,0.7559991990033054,0.13967478911654396,28.51290837115539,1,0
3.3229626791236404,4.3113989258907415,8.159698318371255,528.6006547525718,1203.2572927322406,91.62060904155963,138.47011003941972,2.0,0.7707388565687812,0.040301681628744035,23.257292732240558,0,0
3.524558621796637,3.937497783758419,8.074549219525556,474.6321075288568,1203.6734295488802,88.95673953590415,152.17505310724445,3.0,0.8951265027855457,0.12545078047444314,23.67342954888022,1,0
2.814496429515756,4.779499790060428,8.188407214380055,575.284060628908,1184.399931303185,86.33920116455776,141.63924440649683,2.0,0.5888684072714027,0.011592785619944479,4.399931303184985,0,0
2.8558459956881994,4.348904921887321,8.279115797779,505.93556147889495,1188.5838837096576,87.72220215127633,147.62560843747497,1.0,0.6566816351073843,0.07911579777900002,8.583883709657584,0,0
2.6601695153793874,3.7473128464514773,8.131505682141713,543.1390089367194,1172.3731115224437,87.73891343454498,133.47402949923531,1.0,0.7098872241714622,0.06849431785828664,7.626888477556349,0,0
2.9568712051622272,3.687736843385647,8.105733596626697,538.6991148156777,1183.889377818964,83.21232655085593,149.67538845649477,1.0,0.8018118781072685,0.09426640337330205,3.8893778189640216,0,0
2.878870222419663,4.464848398507687,8.225152200017385,541.1581722221044,1148.4231087368519,86.39663353514912,160.45050651981188,2.0,0.6447856600768571,0.02515220001738605,31.576891263148127,0,0
2.9577537841052544,4.771963247132989,8.287743023962966,497.18793461260174,1208.9028654161327,83.81585724302259,151.10237977265663,3.0,0.6198190619473993,0.0877430239629664,28.902865416132727,1,0
3.405701902407134,4.661929353848502,8.108871863511892,491.6521602256708,1170.3882971825144,89.25633309090215,148.3024319422707,3.0,0.7305348586771556,0.09112813648810736,9.611702817485593,1,0
3.1485362214591777,4.2573108321222595,8.447787150530106,509.0446908256108,1170.1678965846547,79.81462006345309,139.30520722149035,2.0,0.7395598641666669,0.24778715053010636,9.832103415345273,0,0
3.4412749724329372,4.606131189267417,8.15090116373914,481.13315916424415,1210.4291783724161,81.87403653105952,137.10674073220537,3.0,0.7471074596625086,0.04909883626085865,30.429178372416118,1,0
3.390543107742488,4.650275198725757,8.181354859168225,519.6846874678765,1190.0320604044302,89.27026448263183,148.2593336398036,2.0,0.7291059049456772,0.018645140831774043,10.03206040443024,0,0
3.2779369361080555,4.399449908032085,8.059142028444704,529.2635243196609,1192.74168188659,84.7492706282063,145.17445025272988,3.0,0.745078817553631,0.14085797155529534,12.741681886589959,1,0
2.8034430602174774,5.067657528249921,8.18890228276956,519.0540250854365,1167.1295084400656,83.18173430983295,140.97032658547928,2.0,0.5532029431816051,0.01109771723043984,12.870491559934408,0,0
2.9677406789784198,4.4153278224230315,8.113699394793537,518.2585107040536,1228.6012073450474,81.72400570610593,150.03832673775287,1.0,0.672145036034413,0.08630060520646232,48.60120734504744,0,0
3.027876272018143,4.60094993664627,8.110484128544858,522.3037905461907,1195.0982732170082,82.37057863335475,154.277245509497,3.0,0.6580980695406411,0.0895158714551414,15.098273217008227,1,0
3.2083174830701635,3.9703837238910076,8.111467808169927,518.2202927381293,1204.6090617395507,89.48180196604213,145.55601354824344,1.0,0.8080623197593417,0.08853219183007255,24.609061739550725,0,0
3.528824063997796,4.348929114327685,8.427900452663597,499.7561976100061,1175.377875422533,83.38220127012356,152.80616104443098,3.0,0.8114236793514407,0.22790045266359726,4.622124577467048,1,0
3.1818355128271048,4.6383234096889305,8.403017734221416,537.0224026749488,1187.9108920856613,80.68459615468564,146.64073381198403,3.0,0.6859882830711251,0.203017734221417,7.910892085661317,1,0
3.1143729209088558,5.0544120575312546,8.280856224512913,499.41391657229696,1244.6812283851123,91.4158601914761,140.9171196749434,1.0,0.6161691775113902,0.08085622451291385,64.68122838511226,0,0
3.273820521278815,4.699063685549531,8.394687475849114,512.639868850189,1214.3572728393344,89.15269790677694,152.3983786434235,1.0,0.6966963505197232,0.19468747584911483,34.35727283933443,0,0
3.2763666096574844,4.596475362111827,8.353555350488515,517.8905973868383,1169.588431613479,78.03909367519871,135.91929657804812,3.0,0.7127997760961292,0.15355535048851543,10.411568386520912,1,0
2.972066828704497,4.616645673079114,8.422027461532279,501.4271220868882,1157.9307880415272,87.61925281745928,129.10997097758263,2.0,0.6437719154821941,0.2220274615322797,22.069211958472806,0,0
3.458150379834059,4.4467212015723785,8.056834206056354,523.0487944589687,1204.2007401799087,78.1707762330373,131.36542974467974,3.0,0.7776854500870344,0.14316579394364481,24.200740179908735,1,0
2.6145940207471527,4.396224201285849,8.43986848612551,541.2619894159708,1206.5139969522954,85.5645395629812,141.73955124622864,1.0,0.5947362783244029,0.23986848612551093,26.51399695229543,0,0
3.0333498777538153,4.4732390106925,7.906737082912277,510.7324360767319,1174.1539196216468,83.1810644521701,138.2158042785616,3.0,0.6781103960295906,0.29326291708772256,5.846080378353236,1,0
2.8051281891395266,4.336917931172084,8.299346034497194,531.8065445138591,1225.133861478148,76.07692938741042,141.8292563946166,2.0,0.6468022298348214,0.09934603449719503,45.13386147814799,0,1
3.094843668316693,4.4866180403451,8.154040685937021,529.0209172612322,1167.8165018490208,85.07130151573314,143.03637364176078,1.0,0.6897943261042232,0.04595931406297815,12.183498150979176,0,0
3.3170861928567414,4.653180207123094,8.135139821908306,539.8652843880062,1150.5759198735168,86.52604980400432,133.63111519914,3.0,0.7128643303059868,0.06486017809169375,29.424080126483204,1,0
3.603005475934769,4.698678894647886,8.091539034263178,540.0340125844963,1165.5164857606046,85.10263939639488,134.3049362655569,1.0,0.7668124500425054,0.10846096573682118,14.48351423939539,0,0
2.922837920881637,4.537765959172997,8.187781601833317,523.6188579570705,1139.4323357314033,81.42803793167909,148.63819080915482,3.0,0.6441138539393088,0.012218398166682576,40.56766426859667,1,0
3.1121312448649956,4.201923145321789,8.477299460344982,515.9624770970144,1186.8723252227744,82.7996268325757,137.2070208583557,3.0,0.7406444945546522,0.27729946034498276,6.872325222774407,1,0
2.842157079112199,4.430801500008087,8.276201843658189,520.6253422037024,1233.21169421254,83.29531236973726,141.54205119172036,2.0,0.6414543911447075,0.07620184365818972,53.211694212539896,0,0
2.923031608050458,4.450755176183468,8.07365564248449,518.6539366602765,1197.2060237706335,80.27255729012457,139.28680475952152,3.0,0.6567495833145813,0.1263443575155101,17.206023770633465,1,0
3.9253630794061696,4.192012355134747,7.959031164843937,548.5439422248342,1139.1640647150348,86.60563450393825,134.57069858300028,3.0,0.9363911043014097,0.24096883515606216,40.83593528496522,1,0
3.1041992311913003,4.39277548554879,8.323700293703714,512.5387080855822,1150.8617652605922,80.99723953463406,168.68214551846515,3.0,0.7066601151587951,0.12370029370371505,29.138234739407835,1,0
3.8679618017405626,4.245083723556691,8.151139166022606,520.3648940582012,1138.9091464445012,86.20186728922343,142.45972439760416,3.0,0.9111626655006643,0.04886083397739327,41.090853555498825,1,0
4.0024371552636495,4.614427685260303,8.191374554680761,508.61609731462886,1160.882306760301,93.80886057872868,145.4228133688206,2.0,0.8673745537677647,0.008625445319237812,19.117693239699065,0,0
2.8381542500024937,4.443242945617476,8.151888044278172,556.4325136548266,1191.5828930096254,90.30527286743832,148.92291760173697,1.0,0.6387573860130934,0.04811195572182747,11.582893009625423,0,0
3.873571076583148,4.7862255306469885,8.124086606321216,523.4136631877482,1177.8890803411118,85.76347871452627,132.5974476087594,1.0,0.8093164542645805,0.07591339367878369,2.1109196588881787,0,0
3.229072209731737,4.445351824842623,8.000237877340274,522.6032974082118,1169.8770327324125,79.16835572732269,144.81953323199744,2.0,0.7263929462140292,0.1997621226597257,10.122967267587455,0,0
3.051256847088534,4.641417378829497,8.301137246263714,520.337999020983,1172.1657842178731,81.77452529315033,141.2669537250862,2.0,0.6573976433036544,0.10113724626371479,7.834215782126876,0,0
2.927990111368604,4.655430510608992,8.131451224926215,496.7911223961389,1214.2265324960617,88.08721200109672,130.2206973153194,3.0,0.6289407830419196,0.06854877507378454,34.226532496061736,1,0
2.5981118503875993,4.517359214228027,7.924599207496475,545.1837546267415,1156.2288666385232,84.39528930659054,137.29851237048751,2.0,0.575139528782515,0.27540079250352445,23.771133361476814,0,0
3.418905918951187,5.221451262676192,8.217627642873714,552.8030709859252,1253.3401426542819,88.10925154914341,150.93089161467438,2.0,0.6547807776614364,0.017627642873714322,73.34014265428186,0,0
2.758564273113692,4.763014255915834,8.22680046628286,515.2442328701014,1168.5989581428507,87.9876399490253,139.70000928381015,2.0,0.5791635557479788,0.026800466282860924,11.401041857149266,0,0
3.184502842004183,4.177469085564973,8.198258482831744,524.0785107224915,1183.2490467892278,86.32223957214066,124.63266561821983,2.0,0.76230434648715,0.0017415171682557684,3.2490467892278048,0,0
2.881545278725402,3.935104965998482,8.130083770068373,517.6398316615059,1195.1623156539686,88.10109204664121,143.7585028245029,2.0,0.7322664332695838,0.06991622993162672,15.162315653968562,0,0
2.728216134196888,4.106259808965435,8.30887317220582,544.8828894224189,1195.523038922229,88.65801286940733,132.55172217594514,2.0,0.6644041683811169,0.10887317220582027,15.523038922229034,0,0
3.651163597301428,4.200820512609475,8.287871947533198,540.2762396283249,1163.4564897941748,89.00030623018093,134.19542464112772,3.0,0.8691548675961485,0.08787194753319838,16.543510205825214,1,0
3.1625455245043317,4.4135811604946165,8.361763929170941,536.220585349526,1177.870597693225,79.94125585963884,140.38806480069303,2.0,0.7165486276983669,0.16176392917094162,2.1294023067750913,0,0
2.5539472736377964,4.31745182888064,8.11939561160299,494.3925975541407,1139.7326426270688,80.42314017945444,123.42010359525169,3.0,0.5915404211257645,0.08060438839700979,40.2673573729312,1,0
3.5992040439438613,4.3236431085276,8.255630168870653,514.1905980509798,1162.8842550705613,83.49358102423388,134.99181356434508,1.0,0.8324470713164642,0.05563016887065331,17.115744929438733,0,0
3.5063513117922462,4.5886996654446,8.111956268503556,495.041918941942,1200.9463448691952,84.22460346230984,149.76861042620055,2.0,0.764127436239257,0.08804373149644285,20.946344869195173,0,0
3.1363819158399795,4.391482849171984,8.253744972239915,516.7720954982855,1161.5092737882853,90.06501878471325,145.49617296914374,3.0,0.7141965533845017,0.053744972239915256,18.490726211714673,1,0
3.4728277960250526,5.11562199342658,7.974240121464444,543.8093709738362,1192.7910765867393,88.69685877165865,143.71758904942544,2.0,0.6788671641119427,0.22575987853555546,12.791076586739337,0,0
3.2595507215670767,4.307453578816697,8.114470960345276,508.3655643313115,1200.176514055213,87.04494292904457,147.80966737364767,2.0,0.7567233543363655,0.08552903965472325,20.17651405521292,0,0
3.1037339301879148,4.417248012031063,8.231595316782258,537.7857277043804,1158.105468123681,84.60114913041679,135.06603685324444,3.0,0.7026397252388302,0.031595316782258465,21.89453187631898,1,0
3.5426809920970226,4.222151020955038,8.325883771700317,502.3678243365781,1128.010297017689,83.28235466567054,140.26213626024102,2.0,0.8390701738699552,0.12588377170031784,51.98970298231097,0,0
3.940911273803575,4.876301508227201,8.341845014135144,490.0535803924651,1209.6477063857465,80.52579616183257,147.71056166676706,2.0,0.808176292287581,0.1418450141351446,29.64770638574646,0,0
3.167648600853816,4.961265395710303,7.8964102583525575,502.5611659473701,1218.5141652835327,90.50296154750467,159.82778315362063,2.0,0.6384759426404014,0.3035897416474418,38.51416528353275,0,0
3.160329654488247,4.036669845525527,8.147925777637232,548.178183879264,1147.2945200525908,81.93766482905251,146.9593283776329,2.0,0.7829051606012392,0.052074222362767486,32.70547994740923,0,0
3.5673266424009253,3.981245133148974,8.314585436286347,537.5200740930416,1182.976551956077,86.99125106565323,143.9570753642233,3.0,0.89603290483229,0.11458543628634743,2.9765519560769462,1,0
3.41851369920148,4.803251920506094,8.146013335964998,526.3867261272111,1184.0346762408628,84.7811661149841,141.18772499811587,2.0,0.7117081833445831,0.0539866640350013,4.0346762408628365,0,0
3.6651354310139945,4.5776791284677065,8.18113110585125,531.1826096956635,1184.0944217798215,88.64266835114577,141.2197283698496,2.0,0.8006536341572235,0.01886889414874915,4.0944217798214595,0,0
3.639510740794876,4.870117283500858,8.121637790743373,516.4667148805762,1150.5770026967105,86.99305882878353,139.2723732570517,2.0,0.747314803357532,0.07836220925662651,29.42299730328955,0,0
3.4745414220058133,4.072005236756896,8.161719079834056,513.332301139546,1154.5831405994722,86.28784834853579,133.34476674241557,3.0,0.8532752830936432,0.038280920165943755,25.416859400527755,1,0
2.472808309845138,4.18486871137321,8.132293715337799,536.685993317215,1164.1750741925928,90.2573844548661,149.43065124123285,3.0,0.5908926850044062,0.06770628466220074,15.824925807407226,1,0
2.849752698646097,3.8416852590539925,8.387095547599701,539.8554990092806,1184.3730866860492,85.80335935472442,127.14090475289498,2.0,0.7417975460608258,0.18709554759970182,4.3730866860491915,0,0
2.824869984033951,4.748170832297227,8.379494068124085,530.9156451110409,1203.9508817157207,81.45868975598265,147.71888027333821,1.0,0.594938573865992,0.17949406812408597,23.950881715720698,0,0
3.560910869514659,4.182288863396371,8.407836285091221,525.5950911556982,1214.3977104824744,80.18339569630956,165.3884293001117,3.0,0.8514263325588355,0.2078362850912221,34.397710482474395,1,0
2.975695637208056,4.400440541453406,8.095625508041158,527.1244889331438,1141.542926446734,80.55082737681435,135.33524564558905,1.0,0.6762267569576107,0.10437449195884163,38.4570735532659,0,0
3.751387850984602,5.002281229821339,8.056004122128392,506.63057972025257,1156.5941448560638,91.87178943951858,143.83199171743323,2.0,0.7499354150403597,0.14399587787160684,23.40585514393615,0,0
2.9633714444656682,4.244501347699682,8.257924974699758,534.3059326922861,1129.167522223997,83.05321860468194,141.40981709016248,3.0,0.6981671581688877,0.05792497469975899,50.83247777600309,1,0
3.00968182239804,4.681621351428824,8.11232598508084,540.0723445329907,1153.353147487879,94.29227730888367,140.93820992420362,2.0,0.6428716882104568,0.08767401491915905,26.646852512121086,0,0
3.88424534903277,4.191622870496778,8.22022021349353,504.9163741357723,1138.4493155497366,80.14788068416782,146.6357825513017,1.0,0.92666861216113,0.020220213493530537,41.55068445026336,0,1
2.987601217999273,4.33038210891438,8.105370473397487,553.8691832084398,1192.9493344072541,86.78468377777298,139.59727561352585,1.0,0.6899163034964468,0.09462952660251212,12.949334407254128,0,1
2.793326748569401,4.622905603123965,8.139248339282394,538.849179790054,1186.646241212707,86.92705083629458,143.39886637007123,1.0,0.6042361639566146,0.06075166071760485,6.646241212707082,0,0
2.4321307375209376,4.742571302067035,8.34042303911923,521.2375010217443,1207.374239242402,85.08979567882172,149.6526394481417,2.0,0.5128295563944545,0.1404230391192307,27.374239242401927,0,0
3.581600705397281,4.447411641028796,8.30041575573137,534.2315485099781,1174.7459088110998,83.92235752666933,147.81735377362833,2.0,0.8053225097381465,0.10041575573137074,5.254091188900247,0,0
3.6229473221512905,4.464132373012081,8.1175974863198,500.5023697026772,1176.2163566337679,79.59557518314479,147.6549090651938,3.0,0.8115680760817613,0.08240251368019891,3.783643366232127,1,0
2.990191893488091,4.197921791716457,8.173055444091172,532.2698917251539,1186.6847825199352,82.5722734905781,144.84038885276925,2.0,0.7123029063276453,0.02694455590882683,6.684782519935197,0,0
2.4516832315896577,4.581935530288093,8.128071250805231,487.6789620284383,1145.2923872921626,85.40991392813213,146.37930233651304,1.0,0.5350758898391637,0.07192874919476822,34.70761270783737,0,1
2.8190734477044814,4.3804664175031895,8.312058824173619,511.4066878312393,1180.4229949791688,89.20326824334681,131.25887132961006,2.0,0.6435555437194201,0.11205882417361934,0.4229949791688341,0,0
3.154748778993704,4.471828929386086,8.296306763784033,565.3547376216168,1174.3618043169567,86.34468532924656,146.90944822493307,3.0,0.7054717047776985,0.09630676378403358,5.63819568304325,1,0
3.3957498244911672,4.514347595935405,8.316869593838252,562.8469794309608,1212.1692439093813,95.13813027442454,145.28616271354318,1.0,0.7522127509180717,0.11686959383825268,32.169243909381294,0,0
3.450266939106003,4.565597792027189,7.987092346630593,512.8120595877962,1143.366490413876,85.42048438612176,136.65510080293575,3.0,0.7557097877468366,0.2129076533694061,36.63350958612409,1,0
3.0330278472042274,5.054360098710631,8.342388595277935,530.0895271276693,1228.4169940571442,85.30496132169091,160.3064239538288,2.0,0.6000814717134761,0.1423885952779358,48.416994057144166,0,0
2.9934281424449716,4.7081470361577304,8.163489028780731,496.02167881664377,1157.6563679470587,86.61920545575914,133.40704854833987,2.0,0.6357975056471642,0.036510971219268384,22.343632052941302,0,0
3.2277377348145,4.90965793875788,8.124823429457043,528.6241443000899,1127.1109646470331,85.06895014001228,137.64245450142752,1.0,0.6574261943335459,0.0751765705429559,52.88903535296686,0,0
2.768105471489661,4.809956959308944,7.8860232966413255,545.743109385138,1150.4357652867839,82.29570197210306,149.8406622836629,2.0,0.5754948525177376,0.3139767033586738,29.564234713216138,0,0
3.2454069381004995,4.307675620038493,8.251843051697715,525.0980492549929,1160.8264684404235,83.68179248801815,140.15520070366293,3.0,0.7534009576417683,0.05184305169771619,19.17353155957653,1,0
3.0605391462368563,4.964591788507211,8.333348162377545,516.2141000884212,1221.8422674330334,81.08531983191212,141.56430253815745,3.0,0.6164734737517357,0.13334816237754588,41.842267433033385,1,1
3.283788033459109,4.939932717356574,8.190340368906293,503.1492919706522,1200.2556958075609,84.08908396986344,153.89886621798914,1.0,0.6647434733790395,0.009659631093706267,20.25569580756087,0,0
3.8009428208384115,4.706379891615429,8.237650531472521,498.479644091978,1185.4900420453387,84.33473176028126,136.20195929412074,2.0,0.8076149625750147,0.037650531472522175,5.490042045338669,0,1
3.002799626136467,4.63700640321912,7.9912025069804375,535.9631678707946,1190.3884498459252,83.79396264119949,144.18516448856053,1.0,0.647572887413802,0.20879749301956174,10.388449845925152,0,0
3.4588783758810964,4.232775340934321,8.348585024116417,542.6021954633399,1148.3953101002073,85.50426287136199,143.44771709871847,1.0,0.8171655938395341,0.14858502411641794,31.604689899792675,0,0
3.6025171236857765,4.1302706282508,7.927142347704617,518.9993705824131,1231.9539154277506,85.99389287198836,148.24258872242277,2.0,0.8722230204898815,0.2728576522953823,51.953915427750644,0,0
3.8573512623218136,4.294503846256876,8.228638559763265,525.0609725721031,1185.1413666482429,92.42374365413586,144.96140362255863,3.0,0.8982064982397688,0.028638559763265903,5.141366648242865,1,0
2.8612825127726382,4.224607168616779,8.235039262189236,524.7387787763571,1158.511479466447,87.81381817767726,129.72908206564637,1.0,0.6772896030075596,0.03503926218923681,21.4885205335529,0,0
3.017079337965284,4.682384270101726,8.411021129309944,519.4236615192327,1181.7883295510237,86.49334215481309,135.98125997433928,1.0,0.6443468035260999,0.21102112930994466,1.7883295510237076,0,0
2.436799145150677,4.1772318513827225,8.187839388848795,558.9425473666025,1168.6372925174433,87.53454828793073,134.06451597997503,3.0,0.5833526199319555,0.012160611151204037,11.362707482556743,1,0
3.4771674492126445,4.394020759368552,7.933269590865122,508.9101972416929,1133.454518511957,83.82084998700768,137.3388550518226,2.0,0.7913406965607951,0.266730409134877,46.545481488042924,0,0
3.665265500861984,4.140082420472936,8.495313596415093,521.8744009843841,1200.632687931008,92.01617220130746,140.57993179608647,3.0,0.8853122058275293,0.29531359641509347,20.632687931007922,1,0
3.6496450879944056,4.596299269105807,8.230522300517842,540.2154471881315,1170.9621693223282,90.22439485106297,137.72332585875637,2.0,0.794039916358708,0.030522300517842993,9.037830677671764,0,0
2.7921218721164576,3.976640133418184,8.188313793050302,526.987024601811,1192.6333485968507,89.36725413461782,141.240005628714,3.0,0.702130888825063,0.011686206949697464,12.633348596850738,1,1
3.105195211994949,4.845499674914243,8.04929427089398,509.46627585573515,1187.2305485229156,88.8525294482608,152.51238098787277,2.0,0.6408410730951218,0.15070572910601854,7.230548522915569,0,0
2.7201209886538766,4.623944242785787,8.242300081383176,534.4596887692809,1170.7779739258488,86.94184689169828,148.79592484036948,1.0,0.5882685528290058,0.042300081383176646,9.222026074151245,0,0
3.1893944498203135,5.261814486834858,8.479629928883101,523.4594604902566,1183.924215676219,84.67788140085428,145.43017752108432,3.0,0.6061396609846449,0.2796299288831019,3.9242156762190916,1,0
3.147975882578552,4.564250682339525,8.166073706847886,526.6690361949056,1197.8805817020439,90.16601762253617,140.00695460081167,3.0,0.6897026699408353,0.033926293152113374,17.880581702043855,1,0
2.453093922963301,4.5040351093857875,8.170214621967855,543.1436626571901,1174.011263577879,88.55980038430435,150.10629198585076,1.0,0.5446436057540378,0.02978537803214465,5.988736422121065,0,0
2.5230141481140724,4.277852968100352,8.382241616028244,540.5569826623405,1214.2506594094057,90.38485106445049,141.40770394988323,3.0,0.5897851483765866,0.18224161602824474,34.25065940940567,1,1
3.2271354055667754,4.538378160712374,8.531206907131532,513.6710662909263,1142.597612715139,93.11821915368452,134.4155040440943,3.0,0.7110767967271255,0.33120690713153245,37.402387284861106,1,0
2.6536703378338244,4.208918602227528,8.171199809460786,505.53984444477146,1157.5978825529987,86.99713176338417,149.6276103858069,3.0,0.6304874453497172,0.028800190539213233,22.402117447001274,1,0
2.9886811813348086,4.318174850334103,8.241169026642076,505.45503827637936,1188.043034300395,80.39908728703105,139.61120375744062,1.0,0.6921167586373799,0.041169026642077,8.043034300394993,0,0
3.6212611413331617,4.468141772988074,8.15828202034505,516.0822078195139,1160.7982411133908,86.64381332283213,140.208408659018,1.0,0.8104624527392688,0.04171797965494939,19.20175888660924,0,0
3.129290334753687,4.412867555396655,8.305188345916505,491.3047117649428,1194.6292186052297,87.05374474539201,127.51422955866379,2.0,0.7091285416480801,0.10518834591650617,14.629218605229653,0,0
3.285591964293689,4.275571180613506,8.073146603283021,530.5312636442507,1196.0978252574039,93.38804764485445,148.72584459625003,2.0,0.7684568504958861,0.12685339671697804,16.097825257403883,0,0
3.394922094817998,4.71457097516737,8.191861809570376,533.0958527282312,1158.655340499299,89.93646719976749,137.4379489198112,1.0,0.720091417009028,0.008138190429622938,21.344659500701027,0,0
3.3350410648300812,4.480927938244164,8.351437895183679,536.5453507661852,1174.1761246637866,88.73376163267419,139.1198811213961,1.0,0.7442746480302986,0.15143789518367967,5.823875336213405,0,0
3.2896865617163176,4.783778875581113,8.053735171631958,543.2633607484371,1154.0871842310353,76.45882099968125,135.82892774868674,3.0,0.6876752974141233,0.14626482836804122,25.91281576896472,1,0
3.7070606044751897,4.733339289263315,8.099832640856755,509.46477043630534,1173.1031511045865,87.56073857902625,138.31665487352166,2.0,0.7831808322088329,0.10016735914324393,6.896848895413541,0,0
3.2232834873784,4.246069709562306,8.393720333359804,550.3433954555313,1121.37569326197,79.7946988639006,146.83924178524703,3.0,0.7591216600519592,0.19372033335980454,58.6243067380301,1,0
2.5931305213313287,4.833790291560991,7.955761892842723,527.8187845965106,1158.1258745829957,85.57354505291929,159.86977630370535,1.0,0.5364590444318721,0.24423810715727612,21.87412541700428,0,0
3.0199738114083026,4.244538006066204,8.136762653283956,525.5561552930011,1154.0168175280483,80.45444259707068,137.6231525698857,3.0,0.7114964706125197,0.06323734671604342,25.98318247195175,1,0
3.3814034850217873,4.923407058523687,8.224950829892597,537.4795900908796,1155.9638889006405,87.57455580762881,140.88633468539277,2.0,0.6868015266949955,0.02495082989259778,24.03611109935946,0,0
2.8022602501565954,4.390454216040536,8.272295174057932,531.1538204517367,1186.3112138738416,89.03182360720803,145.23292568789216,3.0,0.6382620365975503,0.07229517405793295,6.311213873841552,1,0
3.4675360522184873,4.242767271135835,8.2652339444016,534.7403495142511,1198.798024990698,83.20969128444179,156.87395318270936,1.0,0.8172817007879172,0.06523394440160146,18.798024990697968,0,0
2.867822237377374,4.53667290136412,8.34670044639976,516.4520562171269,1177.022853939317,81.9525858239583,131.9714944624778,1.0,0.6321421665385913,0.14670044639976076,2.977146060683026,0,1
3.7124065446940455,4.936630345174597,8.10594582222544,511.30958760367093,1155.2348915731043,81.31191448677653,148.8331797659737,3.0,0.7520122602598339,0.09405417777455938,24.765108426895722,1,0
3.6754387292348034,4.61437339654863,8.029748185272089,513.8943142262221,1201.4103376501448,86.42923070414179,126.99635808954832,2.0,0.7965195732073541,0.1702518147279104,21.41033765014481,0,0
2.757389636503332,4.838471934980651,7.950192304263849,526.94478675578,1185.9409100752687,83.37031520718185,125.53179128933402,1.0,0.5698885253417245,0.24980769573615014,5.940910075268675,0,0
3.1613147552518432,4.189156928407441,8.517401808524648,529.7699441304261,1165.2156444152015,81.57556863842431,137.79790480415693,3.0,0.7546422367373602,0.3174018085246484,14.784355584798504,1,0
2.6812672208176616,4.770518609142082,8.264106406820618,532.9010976589121,1227.188783756396,88.5817635637933,152.58384456334252,1.0,0.5620494206054055,0.06410640682061874,47.188783756396106,0,0
2.776623746543339,4.667608584876546,8.071228616324102,510.2264372781038,1161.1134819949737,92.2421043502687,127.40413341674035,2.0,0.5948707342224385,0.1287713836758968,18.886518005026346,0,0
3.472092083367052,4.523873863966968,8.381947589282404,535.4079512255179,1170.2013023201432,84.94518645518882,160.65639683411288,2.0,0.7675041760680045,0.18194758928240518,9.798697679856787,0,0
2.616979400214028,4.373640355016126,8.234747210741638,511.05158757034116,1148.4998025586935,81.6001335333028,133.40069364528753,1.0,0.5983526735604273,0.03474721074163867,31.500197441306454,0,0
3.6343928464700133,4.859150408174356,8.095647888375023,519.9717074672825,1152.5326046232867,85.8997766021481,140.2845464793104,2.0,0.7479482091371508,0.10435211162497637,27.467395376713284,0,0
3.4727811885179856,4.046987636404424,8.38340676892479,547.1851597229166,1171.8755351457833,83.55363813654375,134.28394885389784,2.0,0.8581150968737055,0.18340676892479024,8.12446485421674,0,0
3.328679122478406,4.324262182965393,8.132953367079093,532.7173739215713,1172.4683828856441,83.45098378360419,141.64384441655537,2.0,0.769768108608524,0.06704663292090629,7.531617114355868,0,0
3.7179942339267824,3.9425125535324677,7.9787832188142405,490.2810388888855,1190.4405379092937,85.71204210370362,135.6378362327489,2.0,0.9430519706658714,0.22121678118575883,10.440537909293653,0,1
4.185296844994115,4.078728130121523,8.213379729491885,510.2748604978777,1147.484157381289,77.933741969919,144.09306051695177,2.0,1.0261279277379265,0.013379729491886039,32.515842618711076,0,1
2.929443079176292,4.755337229514072,8.295286830490593,512.9288099661902,1177.3004133313682,81.68773122709605,155.16815071494895,2.0,0.6160326675421939,0.09528683049059339,2.6995866686318095,0,0
3.6273517334776066,4.936447852243996,8.061912516124528,559.7502687581177,1177.5788584762054,86.84011000441441,142.53178390344672,2.0,0.7348100985395574,0.13808748387547176,2.421141523794631,0,0
3.2423577812460938,4.706461591935865,8.037004571667207,525.3313219717924,1163.9637670375535,80.8113143387349,145.68077758679397,2.0,0.6889162308500916,0.1629954283327919,16.036232962446547,0,0
2.641684319123006,4.562358150320124,8.051626822301051,495.6319103057533,1180.7226648331448,86.84102355727093,145.8885102351175,1.0,0.5790173045398971,0.1483731776989483,0.7226648331447905,0,0
2.8607737607877968,4.693316536061455,8.17693222522807,490.8414435426082,1180.3896143142415,84.08446316444916,136.67616211099656,1.0,0.6095420452034892,0.02306777477192945,0.3896143142414985,0,0
3.600652730083424,5.113696364303146,8.285199180928636,515.8941156798727,1176.2617408864182,82.85837496502012,152.05024988690926,1.0,0.7041193830971568,0.08519918092863676,3.738259113581762,0,0
3.344065673578307,4.720185143509272,8.39741491777757,532.0428053644696,1188.7432420519092,86.85667813757661,157.55110770735564,2.0,0.7084607004172859,0.19741491777757147,8.743242051909192,0,0
2.873164547572724,4.906036094286361,8.194688884143197,524.4511862612993,1201.2218457571262,81.80199336617723,140.1001813076514,2.0,0.5856386891105863,0.005311115856802218,21.221845757126175,0,0
3.170410854562249,4.972244035809723,8.268149714972834,491.09859874486983,1165.5459094234534,80.76099514053455,151.53542479938838,1.0,0.6376217319768639,0.06814971497283473,14.454090576546605,0,1
3.657717227423976,4.254183950850363,8.400242009257546,555.4722110463969,1185.0691900405845,85.76357097403788,120.8096670904945,3.0,0.8597929165317467,0.20024200925754698,5.0691900405845445,1,0
3.1743688943405135,5.021395495537056,8.407365001135814,485.1016016311316,1162.4444878481106,84.51119618753614,142.1799299054948,2.0,0.6321686663656902,0.20736500113581435,17.55551215188939,0,0
3.076786286325704,4.095022308641618,8.26127280072197,482.51550441935194,1158.7319002363352,80.80371856163707,137.16993305015097,3.0,0.7513478691145331,0.061272800721971166,21.26809976366485,1,0
3.0880959326016666,5.137366868948704,8.311878477714785,534.8111573178944,1160.0050515569924,76.13551741219244,144.9748953274411,3.0,0.6011048092877394,0.11187847771478587,19.994948443007615,1,1
2.806002749673194,3.7437458980281795,8.013495660898016,513.9693179436697,1186.3048037674523,86.50115203211145,148.31764192655038,2.0,0.7495174152715841,0.18650433910198316,6.304803767452313,0,0
3.3870772687061734,4.362042221305458,8.11421457252851,564.7077878665751,1184.8651899615256,86.59364329660045,124.90041034880164,1.0,0.7764888774772132,0.08578542747148887,4.86518996152563,0,0
3.305420324781914,3.957511401450146,8.228060340696489,552.3558072043478,1220.0842373001844,84.39655589285863,137.19128347166887,2.0,0.8352269870240895,0.02806034069648966,40.08423730018444,0,0
3.368076617157997,4.599235141961471,8.208318000273653,523.5033144025134,1157.195168219847,93.37142769634185,158.83128766737784,2.0,0.7323123329130928,0.008318000273654036,22.80483178015311,0,0
3.4138516344489744,4.579287063045975,7.975720361904526,530.5667636332211,1181.8012712546663,82.11888006351641,136.28375694219287,2.0,0.7454984993739846,0.22427963809547347,1.8012712546662897,0,0
2.9705592908412397,4.654843211875914,8.265110273077475,526.3859116353042,1163.7931611456834,87.978532186396,139.1831880076577,1.0,0.6381652732414872,0.06511027307747597,16.20683885431663,0,0
2.758653357530451,4.934646032501314,8.082202311960513,524.9858979601438,1173.4073673605862,88.01349553532512,145.6083723372972,3.0,0.5590377382292371,0.1177976880394862,6.59263263941375,1,1
3.8503835661448256,4.476653569159058,8.110104581706441,525.0206157490139,1220.9045325264274,74.28743045658742,133.60352586913112,3.0,0.8601030894619838,0.0898954182935583,40.904532526427374,1,0
3.4128024795287772,4.072749719943721,8.127256668268357,507.07352214227086,1178.7236396809985,89.08362353409954,142.39125439420314,1.0,0.8379602758251438,0.07274333173164216,1.2763603190014692,0,1
3.7494634180651834,3.7845283473148252,8.38531476636352,501.80133165917687,1164.0701320685112,78.75427096140648,143.88907851167212,3.0,0.990734663074923,0.18531476636352018,15.929867931488843,1,0
2.3177735771603727,4.308753769552497,8.319285137388576,524.354469717787,1146.456943916092,91.75637252430955,147.37368692081742,2.0,0.5379220304954145,0.1192851373885766,33.54305608390791,0,0
2.767577383836695,4.4145489186773395,8.327952278236523,514.5304582693396,1197.3929925211269,79.44423792374778,146.2955965687008,1.0,0.6269218971615741,0.1279522782365241,17.39299252112687,0,1
2.667874549704404,4.504508325086129,8.10053617392619,518.6774850178441,1210.110198903266,82.90850874650422,145.1339767367769,2.0,0.5922676475597645,0.09946382607380855,30.11019890326611,0,0
3.4535107523728397,4.473874582157055,8.188558277239062,522.6322350224025,1168.1896963972915,87.17805288971377,136.0971589628768,2.0,0.771928378451731,0.011441722760936912,11.810303602708473,0,0
3.010464261171634,4.310018188586918,8.172878883236915,514.3197815343786,1192.925691120619,89.17598076532275,143.83513552599976,1.0,0.6984806394657382,0.02712111676308382,12.925691120618922,0,0
3.2895151806555596,4.614233421409516,8.347560406585535,517.8663837874805,1170.004566723135,85.99870011195114,137.16030596942954,1.0,0.7129061058505795,0.14756040658553538,9.995433276865015,0,0
2.994714573411366,4.369983129994154,8.307899140274415,509.1122608178347,1170.9439575560655,77.26226764953124,134.42411776424308,2.0,0.6852920214202476,0.10789914027441583,9.05604244393453,0,0
3.7690992544399764,4.981685949769536,8.274437284936813,505.18692473447754,1194.5541749184338,73.23348611294495,136.57307029446358,2.0,0.756591100219345,0.07443728493681334,14.554174918433773,0,0
3.8258574623256028,4.033387879847627,8.268880627239929,549.0876702385227,1150.5669739682558,84.05684672695719,142.35597468569628,2.0,0.9485468730871449,0.06888062723992938,29.433026031744248,0,0
3.146946501446971,4.938676381210419,8.368959017458309,527.9661237224105,1144.6829483248273,90.27823520624085,123.87561766688232,2.0,0.6372044365536018,0.16895901745830955,35.317051675172706,0,0
2.9577140307986647,4.462044330913815,7.986865902216483,524.8786165515024,1211.5757017454225,77.81473454069801,140.22362389015103,1.0,0.6628607451620885,0.21313409778351655,31.57570174542252,0,0
3.0362870247547584,4.375831517317543,8.18478882554172,523.08239285833,1200.2583657114362,83.03646416935696,133.88311338557307,3.0,0.6938765836949261,0.015211174458279686,20.258365711436227,1,0
3.1509164265617104,4.5661892412921485,8.075754619063465,539.8956502268792,1195.137823005896,86.07338666974815,138.08001304270925,1.0,0.6900538412595455,0.12424538093653403,15.137823005896053,0,0
3.205709227134574,4.422884277356081,8.545251227807615,492.6142063435425,1182.5080738939037,86.2498194246069,122.81932234388555,1.0,0.7248006109547337,0.34525122780761563,2.5080738939036564,0,0
3.523567707757088,4.3531757296516735,8.230647982598247,526.1748735524927,1177.317651414153,84.89217453057039,149.53577706073818,1.0,0.8094246420944755,0.03064798259824819,2.6823485858469667,0,0
3.272425097108433,4.703788145994705,8.322747060447993,542.6628100731502,1176.1360295028064,85.80653174936059,147.23274759081028,1.0,0.6956999326594283,0.12274706044799366,3.863970497193577,0,0
3.3452462510978096,4.03648307777807,8.173927772429593,533.7970678061005,1194.299890934817,87.30670524615721,145.475400923025,3.0,0.8287527002616564,0.02607222757040617,14.299890934817086,1,0
2.3930644807510357,4.316674481256984,8.100233894347179,520.760492879683,1142.7753124340518,88.93256091117834,140.6682046227382,1.0,0.554376868255263,0.09976610565282051,37.224687565948216,0,0
3.0818078727883362,4.0576491938855295,8.3555757208798,546.6578632741149,1176.0609511111556,87.52831753412565,154.38654164306732,1.0,0.7595057445263642,0.15557572087980098,3.9390488888443542,0,0
3.123864528766557,4.3044974633530755,8.21308074880559,526.6089772907748,1172.3387049997202,86.19932185651098,138.52885745467233,1.0,0.7257210753720454,0.013080748805590403,7.661295000279779,0,0
3.4289561244702704,4.745629791254645,8.322782307466,503.98067398197145,1150.3194897564279,83.29464072933872,146.52283349828764,2.0,0.7225502777453645,0.12278230746600016,29.680510243572144,0,0
3.169619590542991,4.4259826727656675,8.255627783906649,534.6988642664388,1148.0598793985985,83.27796284163057,140.96641352167728,2.0,0.7161391772567083,0.05562778390664924,31.94012060140153,0,0
3.5855516467179642,4.748797131774858,8.160848691374152,510.6203986816435,1150.5540911230923,85.38913866050504,138.37841659526853,2.0,0.7550441820248539,0.03915130862584704,29.44590887690765,0,0
3.4207543887288616,4.208351334617003,8.368662122495632,533.3961241521088,1171.578541267763,79.40415426273275,128.99453834014847,3.0,0.8128490508331884,0.16866212249563262,8.421458732236943,1,0
2.5308424394753706,4.550469162355109,8.291932610764476,482.5358550044312,1182.984806259855,82.80913256440134,128.26957501702202,1.0,0.5561717591355687,0.09193261076447712,2.984806259855077,0,0
3.312254561796055,4.331420965842622,8.013040975219125,500.8471733095797,1182.4746621760062,82.68654645205032,149.62648247812808,1.0,0.764703912907942,0.18695902478087412,2.474662176006177,0,0
3.2986019113728022,4.482818876753369,8.305772298840726,555.4357738069225,1211.1874180892069,82.34058405159001,142.04659246338622,1.0,0.735832073819129,0.10577229884072636,31.187418089206858,0,0
2.9950503037293226,3.9380279664542543,8.206480607302824,527.5981260682803,1202.7675242756159,80.5082254266558,140.41714856939234,1.0,0.7605457169125892,0.006480607302824737,22.76752427561587,0,0
3.3885873428543984,3.9661803208478337,8.267189609915942,506.58292002332087,1228.3240793867133,82.80417983487557,136.41989109856627,2.0,0.8543704692871008,0.06718960991594258,48.324079386713265,0,0
3.3729051802536625,4.825350159087278,8.11005257328236,566.6090149130029,1191.2381272040052,84.81775697369835,152.29055210379042,1.0,0.6989969781162276,0.08994742671763944,11.238127204005195,0,0
3.0668558382469957,4.54518074785339,8.525567826841682,508.6000614124557,1162.8829776871837,86.91401789660344,154.5506915850781,2.0,0.6747489280862305,0.3255678268416826,17.11702231281629,0,0
3.2062473335798414,4.200831513768367,7.930730620507019,542.430969961803,1158.1238826393007,86.15886009294454,138.98567209696208,1.0,0.7632411160285806,0.2692693794929806,21.876117360699254,0,0
2.812781696595902,4.9260554816345845,8.17769056182739,502.29921898692373,1192.5429081058548,84.39978237111544,162.28308009345614,2.0,0.571000815259099,0.02230943817260922,12.542908105854849,0,0
2.7631515198605734,4.32302538112502,8.442710272174905,531.1616775565636,1193.3659133159367,83.82348343468296,132.34503724900043,2.0,0.6391707833328341,0.24271027217490548,13.365913315936723,0,0
3.544654449799178,4.323223880761479,8.339146829770494,505.5231774139105,1196.8591946412096,81.74005246275956,139.77027586360464,2.0,0.8199099900315417,0.1391468297704943,16.85919464120957,0,0
3.917823145407115,4.205981309447816,7.907561474091095,497.96080408202147,1179.3393619658234,83.8406404292908,147.54766005427524,2.0,0.9314884818140049,0.2924385259089046,0.6606380341765998,0,0
2.9030063069846466,4.6117944559440165,8.207438774149237,520.7449437215281,1190.7703517674354,88.9642852663897,153.1682204013086,2.0,0.6294743475858007,0.007438774149237659,10.770351767435386,0,1
3.7906161398903584,4.096495654820799,8.172014012041695,532.1313727307809,1152.241145976458,89.8895737506023,149.0581843442726,3.0,0.9253314194302122,0.027985987958304648,27.75885402354197,1,0
3.654925816945892,4.809797254986604,7.974660212148957,536.2418637003469,1213.1655409874986,83.9889133613684,142.02697593767888,1.0,0.7598918670421545,0.22533978785104214,33.165540987498616,0,1
3.329087424135236,3.9578875815204553,8.145815471062843,506.15538496348086,1197.8095836216614,78.64693942623389,137.23451019112173,3.0,0.8411273323774426,0.05418452893715653,17.80958362166143,1,0
3.4379017366661144,4.451413554917602,8.183802447098108,550.3987994614482,1209.5079459794406,85.62987696933814,153.10168508644193,1.0,0.7723168592358377,0.0161975529018914,29.507945979440592,0,0
3.021622514455536,5.116354466821428,8.539385321250297,497.3379509145733,1166.7090457468257,80.45725403276398,143.44623214507578,2.0,0.5905811517672581,0.3393853212502975,13.290954253174277,0,0
3.398679689294609,4.755949591923957,8.526594017132359,532.5416415288574,1235.2407163047715,86.53999675695808,154.5186432402805,2.0,0.7146164236793563,0.3265940171323596,55.24071630477147,0,1
4.084209200636541,4.310504542645907,8.201413954084565,531.0436503253334,1169.3813902532247,81.5088662885853,146.6727214434811,3.0,0.9475014257106057,0.0014139540845654608,10.618609746775292,1,1
3.6916859137188203,4.749363330959927,8.32979067359418,527.1225551189441,1164.8147688080967,80.38006319926933,155.61609360917302,1.0,0.7773012203291186,0.12979067359418117,15.185231191903313,0,0
3.511739601562133,4.426028683722127,8.112057242567177,535.0697707611163,1153.6473640751078,80.33855960062631,141.9161005711147,3.0,0.7934290199437795,0.0879427574328222,26.352635924892184,1,0
2.9672871866431785,3.9765718837184094,8.091262876935176,530.9999097180284,1190.3337194637563,85.6031955625364,146.0176284096641,3.0,0.7461922662698952,0.10873712306482375,10.333719463756324,1,0
2.4252989189990144,4.930253110956098,8.13786838286087,511.66905057825335,1161.5817253120777,82.69119525641116,143.85584263254407,3.0,0.4919217865544366,0.06213161713912996,18.41827468792235,1,0
4.058059651109356,4.911030556083111,8.14253576182603,529.0654594512015,1183.2026900498374,83.0715899281243,151.13490808227021,2.0,0.8263152924708385,0.05746423817396895,3.202690049837429,0,0
3.1790382197690126,4.78875077758599,8.118157876550686,539.7410357373271,1124.5441117421897,82.49223745779571,140.43200525463885,2.0,0.6638554326077731,0.08184212344931296,55.45588825781033,0,0
3.5900478933671005,4.268477755620966,8.23000506809685,482.77926922340856,1194.0090487666685,86.78744046558404,139.69909960148007,1.0,0.84106046653247,0.030005068096849996,14.009048766668457,0,0
2.9446869093886026,4.203917179049533,8.274582697067979,494.2804092919061,1172.9131002111421,89.24283546526608,140.41055107545282,3.0,0.7004626359822594,0.07458269706797971,7.086899788857863,1,0
3.40637568708164,4.441971711425638,8.162812596138547,534.153368156205,1141.2500205375998,80.40299792323887,135.21035260748545,3.0,0.7668611840892414,0.03718740386145214,38.74997946240023,1,0
2.7543814199352026,3.9089074255945797,8.128917569532142,533.9958957794344,1198.47796631933,86.72161369092676,141.491365138639,1.0,0.7046422745127033,0.07108243046785745,18.477966319330108,0,0
3.694312876728862,4.6159758689715575,8.366807026315481,521.5605022867396,1149.991988695067,80.830759069251,137.40895568271185,2.0,0.8003319299742409,0.16680702631548172,30.008011304933007,0,0
3.455492088811674,4.2714525985023455,8.298598164267931,532.1830777739981,1168.0010807728743,90.48160720455566,145.6892416050673,2.0,0.8089735302726438,0.09859816426793166,11.998919227125725,0,0
3.218196590532301,4.314814287936334,8.307341360195963,529.5476223515543,1177.9818765421765,82.65528546440673,148.5153917735,1.0,0.7458482277636183,0.10734136019596363,2.018123457823549,0,0
3.512852000612584,4.683979663398343,8.336314521718654,487.22812912241255,1226.1650768020263,83.48368140205089,135.1864741892728,1.0,0.749971659209543,0.13631452171865455,46.165076802026306,0,0
3.0768766115444466,4.194724566835987,8.243706168435788,517.933801210578,1162.562085734097,86.83399390497173,137.74699529458198,2.0,0.7335109997774595,0.04370616843578823,17.43791426590292,0,0
2.373966781497472,4.4942045087184495,8.15531569828847,514.0940328095156,1187.7848375269518,79.61834530246668,146.28106898809295,3.0,0.5282284721053325,0.04468430171152882,7.784837526951833,1,0
2.58496608142033,4.020714081249463,8.05747368068953,533.9201505036048,1142.20488138304,91.35239732944167,155.86075412821026,2.0,0.6429121863781279,0.14252631931046977,37.79511861696005,0,1
2.824048085469058,5.030450787917935,8.042358825071656,484.19738446891665,1129.9568629691428,94.96499332002907,134.76694900806456,1.0,0.5613906593998346,0.15764117492834373,50.043137030857224,0,0
2.4533840194557537,4.548194982105935,8.34503761016132,516.9826325412095,1199.0627645191,77.89114616967679,134.55506144219038,2.0,0.539419270406994,0.14503761016132088,19.06276451910003,0,0
2.987896952651024,4.792812215806784,8.051669147854662,535.2967665757403,1192.9033741521985,82.46725223780318,148.10739050387363,2.0,0.6234120632086256,0.14833085214533703,12.903374152198467,0,0
2.453385353170776,4.408195813692777,7.990820734320177,521.4374230438475,1199.6461603289038,91.47725591852273,147.16195856257693,1.0,0.5565509011631239,0.20917926567982192,19.64616032890376,0,0
3.290673699397839,4.41544654518087,8.41702342601673,537.1043497309078,1204.0428990128305,80.43380373030236,125.28160649030697,3.0,0.745264078045311,0.21702342601673053,24.042899012830503,1,0
3.547661836998759,4.682480149903257,8.09207914234931,499.23413167432176,1168.6710526578515,89.02493870108196,146.13155192380472,1.0,0.7576458890732105,0.10792085765069004,11.328947342148467,0,0
2.510032866994787,4.522982721135498,8.323448288800497,534.7595255622422,1193.0742893474237,86.74999318563383,117.2541946004387,2.0,0.5549507971168395,0.12344828880049796,13.0742893474237,0,0
3.003239020997518,4.576419341214063,8.26635043899643,533.4924862847254,1157.1737704000816,86.62722475052357,139.6191431177446,3.0,0.6562420959318288,0.06635043899643023,22.826229599918406,1,0
3.340822158605719,4.507615583391681,8.353913116144,520.3383314557389,1180.2336794091432,85.0661056565382,147.759044669256,2.0,0.7411506363084364,0.15391311614400038,0.23367940914317842,0,0
3.906181696112439,4.745811980441822,8.319860210971344,516.8614689445744,1176.4271327001704,81.37048445933402,141.45877778720975,1.0,0.8230797409141575,0.11986021097134447,3.572867299829568,0,0
2.4479959864368945,4.799465296791519,7.977628522695453,513.461514719449,1153.2522714208449,78.53833222292535,145.84150996057633,1.0,0.5100559821868789,0.22237147730454598,26.747728579155137,0,0
3.156495940617257,4.51856500586614,8.236793761395539,509.763297281253,1230.082797009551,83.938214487098,148.38486170467527,3.0,0.6985615866587811,0.036793761395539804,50.082797009551086,1,0
3.4493628553119664,4.955526609195654,7.9887352764447455,520.604830732364,1190.6352157354647,86.7499159571245,147.812966578729,3.0,0.6960638347123675,0.21126472355525383,10.635215735464726,1,0
2.3651891925591726,5.359563606925788,8.234750902629258,539.4684531105661,1192.1752241952038,85.37777330199462,135.62751844983308,3.0,0.44130256968337905,0.03475090262925917,12.175224195203782,1,1
3.014238295076245,4.874913126055295,8.179060730932637,534.8335584497968,1154.830186016835,85.95705670244223,146.65290201007264,2.0,0.6183163097507347,0.02093926906736243,25.169813983165113,0,0
3.126721352511845,4.9309104102731265,8.356259927898188,543.0330541451995,1144.8464389504275,80.32716505517914,145.14648554841955,1.0,0.6341062991863499,0.15625992789818888,35.153561049572545,0,0
2.8875374487475547,4.369045541020337,8.148550866159665,523.0370063922257,1184.2025365315399,84.02583099851739,142.86033523328078,2.0,0.6609080681297494,0.05144913384033423,4.202536531539863,0,0
3.5191978198448948,4.3197756208084295,8.433651890773335,504.92064986172056,1172.548895645088,87.60640901979542,137.5605382719746,1.0,0.8146714385067109,0.23365189077333604,7.451104354912104,0,0
2.883647283322174,4.6255543677471165,8.264513373425762,562.4958790926335,1150.7453231139411,89.85351653039643,144.4812902915382,1.0,0.6234165796008668,0.06451337342576302,29.25467688605886,0,0
3.1300160973218367,4.787644891940301,8.091574780723262,503.7853886617954,1219.902232304856,93.82313077899265,141.60060842504404,2.0,0.6537694769169811,0.10842521927673765,39.90223230485594,0,0
3.010328729958414,4.171651691749531,8.390754518728382,502.2295138234202,1179.4303591290557,82.5135630941512,145.96054743751466,1.0,0.7216155498289718,0.190754518728383,0.5696408709443403,0,0
3.4282028833418066,4.336077714160898,8.474434389448184,529.0599179292202,1125.2003675368896,80.23201197385482,138.44055760346853,1.0,0.7906230258178379,0.2744343894481851,54.799632463110356,0,0
2.8554863194686946,5.124798096632939,8.097363672922713,486.0065785711227,1176.186376309072,81.66958235203906,141.43312666687643,3.0,0.5571900131612204,0.10263632707728654,3.8136236909278978,1,0
3.4634177090691325,4.303961131282557,8.093302013418015,521.1343178601861,1199.9077520713383,86.56583799173413,132.97045599389872,2.0,0.8047046900798446,0.1066979865819846,19.907752071338336,0,0
3.2095612173139823,4.485660224884563,8.00001744190735,497.87899168350594,1195.7666352471917,92.08837100330099,139.19417911243374,3.0,0.7155159008239559,0.19998255809264975,15.766635247191743,1,0
3.2758824670441586,4.724233491428117,8.306151736604086,501.89748842827254,1166.5326829632968,77.9041002814236,145.64320672155597,2.0,0.693420948032027,0.10615173660408672,13.467317036703207,0,0
3.3330430041296792,4.079978629679478,8.336762518595839,534.9173281663403,1204.449125324998,83.6368468951839,155.08503600620224,3.0,0.816926583650904,0.1367625185958392,24.449125324998022,1,0
3.2997234382566916,4.271471888795206,8.276601420678821,541.9589775861909,1213.5614972351677,83.26320952822468,141.94979942028303,3.0,0.7725026696628677,0.0766014206788217,33.561497235167735,1,0
2.6668890410081403,5.172277966861738,8.082314951109622,535.1064612170308,1151.949170734427,85.00660686852974,136.22627163782136,3.0,0.5156120876679515,0.11768504889037779,28.05082926557293,1,0
2.867619953435585,4.457472733791739,8.030339705509753,534.770382610041,1138.5033037435553,82.53299462339227,148.82841526591858,3.0,0.6433286581997603,0.1696602944902459,41.49669625644469,1,0
3.612232234249623,4.644837037218095,8.257317575588877,495.91004871723163,1168.3771731110994,82.24865922663089,149.49240343670198,1.0,0.7776876141246472,0.05731757558887729,11.62282688890059,0,0
3.2391932613883583,4.1096672200825966,8.448830454168299,514.1482635135234,1169.996598417436,87.61300378136517,153.74917611631244,2.0,0.7881886992628732,0.2488304541682993,10.003401582564038,0,0
3.466147574013132,4.797577892966086,8.289401300947917,523.4358388465367,1209.6370129760408,86.25796268945948,147.575105136419,1.0,0.722478644561979,0.08940130094791776,29.63701297604075,0,0
3.620261758403045,4.3967705915213005,8.345569395536,505.3771356155793,1184.2611762603242,90.20650255252156,146.32927709038316,2.0,0.8233910963107649,0.14556939553600046,4.261176260324191,0,0
2.9630142963388426,4.443295710695258,8.212054348894453,519.2161779025802,1185.0923069619114,79.13276213842843,144.38331684132504,2.0,0.6668505741222338,0.012054348894453781,5.09230696191139,0,0
3.0400487045326514,4.600595176919192,8.177924252822734,510.6410469264003,1195.5021647374863,82.81579447961188,147.30085749340162,2.0,0.6607946552488537,0.022075747177265015,15.502164737486282,0,0
3.335421150514366,4.936152071136566,8.223564797596573,526.9057904296022,1205.1352753870608,89.45182135284269,138.46696364295465,3.0,0.6757128025576937,0.02356479759657404,25.1352753870608,1,0
3.4609224606440923,4.556132130037527,8.26271371412599,493.32186933218776,1159.4887883306978,91.34803711950431,152.47878729328335,2.0,0.75961854509605,0.0627137141259908,20.511211669302156,0,0
3.2296379121679104,4.316105018618793,8.226912125657325,508.07469136647865,1180.5308266443956,85.96782160928404,138.8245231438305,2.0,0.7482760260669372,0.026912125657325703,0.5308266443955745,0,0
3.189770275123202,3.814266826651515,8.460214418968535,498.4815451000208,1194.090858136078,84.04454243528144,159.60739054057095,1.0,0.8362735013709509,0.2602144189685358,14.09085813607794,0,1
3.1849717420082078,4.6755063996863395,8.382424866517338,514.7731061502857,1182.9112994426837,81.9800139274942,147.05511012313588,1.0,0.6812035893140197,0.1824248665173389,2.911299442683685,0,1
2.9457768634382386,4.446593012980848,8.154536092046241,540.3026497393029,1169.9816050345912,87.34807695918076,147.38835329847055,3.0,0.662479533021397,0.04546390795375821,10.018394965408788,1,0
3.2789262829622383,4.853982639011539,7.974526739560059,513.0532037227199,1151.5664949847462,85.22354255076822,144.65660351042598,3.0,0.6755125689848869,0.22547326043993987,28.433505015253786,1,1
3.0508667391632933,3.8916968184987453,8.250448445398192,525.5886269861068,1168.8379103601394,80.9646748701975,137.3638312704026,2.0,0.7839425527387943,0.050448445398192376,11.162089639860596,0,0
3.0929435636404827,4.603893813067466,8.178326823783335,548.8071513800073,1169.7576527511826,81.74427555761072,123.8270897281707,1.0,0.6718103606538043,0.021673176216664203,10.242347248817396,0,0
3.2587741193546753,4.613909903225133,8.328241697658422,537.1647091119253,1185.8478729093347,87.65101383101685,130.60868927482366,2.0,0.7062934012583322,0.12824169765842264,5.847872909334683,0,0
2.844892195384584,4.424534429944759,8.218833778371035,510.6060985533092,1207.3125201063995,85.38923126977323,141.25316502971162,1.0,0.6429811406795,0.018833778371035947,27.31252010639946,0,0
2.950492415721678,4.660262358712402,8.171079086903887,509.37206613634106,1184.5234456751,81.83828514260213,141.50932674927648,1.0,0.6331172341772966,0.02892091309611189,4.5234456750999925,0,0
3.541109470048888,4.632017978706943,8.471028832621975,521.2397435112479,1193.4886883340255,84.62836612060687,153.64114348234756,1.0,0.7644852601096608,0.2710288326219761,13.488688334025483,0,0
3.361492036134644,4.405420099825124,8.051401888375114,527.0808102004548,1132.2550582585268,84.91081951498508,147.97197762611512,1.0,0.7630355242409333,0.14859811162488512,47.74494174147321,0,0
3.0400403751475453,4.614247925503576,8.243152306551357,506.8189166122564,1194.169659764705,79.0216199929078,144.63339738457788,1.0,0.6588376748648443,0.04315230655135771,14.169659764705102,0,1
3.946309804457903,4.541205743822111,8.03542841953443,513.8526325299046,1163.8420675575646,77.24810674204659,151.76686656518194,3.0,0.8690004430998288,0.1645715804655694,16.157932442435367,1,1
2.9922414512695497,4.047832253884819,8.054132404346948,515.6562150171186,1224.3109135823975,83.55465845323381,141.20930010681352,2.0,0.739220714410433,0.1458675956530513,44.31091358239746,0,0
3.935273470718049,5.035176778560531,8.279803364840918,500.7681252547751,1144.6770600146283,80.99278733122775,140.6066586777521,1.0,0.7815561683340776,0.07980336484091843,35.322939985371704,0,1
3.3924036926946854,4.617109858318613,8.392207509718544,565.4861875299149,1127.487142094155,81.55268459425417,148.06194653958286,1.0,0.7347461498772594,0.1922075097185445,52.51285790584507,0,0
2.1212453428233715,4.3177293624661335,8.49453292503157,503.7565350266057,1187.4606974870705,87.12394731744801,159.74917522869487,2.0,0.49128724018045083,0.2945329250315716,7.460697487070547,0,0
3.736180178409258,4.706228026537952,8.301907205951785,505.6274896576066,1193.2065190166109,88.90199823704923,139.6494826719785,3.0,0.7938799727823279,0.10190720595178604,13.206519016610855,1,1
3.3336705668979594,4.995873915369127,8.431433215830866,499.3125176069771,1177.6212545850292,78.19974021232812,149.20080160193618,3.0,0.6672847679312103,0.23143321583086696,2.3787454149708083,1,0
3.5985067277788563,5.012198942867767,8.10170087151988,522.5101443885255,1219.5469023374746,93.57346393096967,129.78367494070142,2.0,0.7179496999378868,0.09829912848011979,39.54690233747465,0,1
2.964291339284278,4.426976909229627,8.391831064705055,530.9305903195886,1145.7465564310028,80.38201109242752,141.76803452366926,1.0,0.6695971990354294,0.19183106470505606,34.25344356899723,0,0
3.0592314728733965,4.517907564173921,8.341891144095914,523.0067758750446,1161.85290845698,90.47132170870624,138.02728784225485,1.0,0.6771345869170363,0.14189114409591497,18.147091543019997,0,0
3.168707736376593,4.136202860213006,8.209877274634888,526.4085844082886,1227.0450458160037,86.62349570281033,140.4542223651316,2.0,0.7660909879665139,0.009877274634888522,47.04504581600372,0,0
3.3437903190188503,4.480166281814398,8.270439472494159,536.5814026808421,1157.7605878761244,83.83814729735494,152.77508803222787,1.0,0.7463540654384624,0.07043947249415972,22.23941212387558,0,0
3.2303218232774906,4.5768511817082835,8.484326101898702,547.2870126332962,1157.5200975987996,83.69814987303032,133.94695941760966,2.0,0.705795686668142,0.2843261018987029,22.479902401200434,0,0
3.1136157918599072,3.840749698421391,8.399551526123457,515.2393537221648,1171.3648262041866,82.0309292368309,140.16700298392212,2.0,0.8106791734772442,0.19955152612345728,8.635173795813444,0,1
3.2335306511717445,4.259066749814005,8.092673085081588,547.8805231615277,1149.2670494796873,83.58566074788716,143.99730441544884,2.0,0.759211076124539,0.10732691491841173,30.73295052031267,0,0
3.016946700264954,4.628505874131434,8.289000489944703,517.6587248568964,1234.3988540458872,82.70391062420133,129.61415467367266,3.0,0.6518187038445279,0.08900048994470389,54.39885404588722,1,0
2.9955137294275263,4.470742384876313,8.157168756203916,564.3342463979504,1190.3306362421508,87.12151476735116,143.55640805894708,1.0,0.6700260204861646,0.042831243796083385,10.330636242150831,0,0
3.1677601002812956,4.628388787965791,8.168446359433462,517.9552553025745,1175.610096633426,86.19856474977522,144.4625201084507,1.0,0.6844196208912537,0.03155364056653731,4.38990336657389,0,0
3.4637804964454446,4.615563795677806,8.089757218474693,533.7397501257966,1141.7146254439192,83.95074868601871,138.5089924574696,3.0,0.7504566395417623,0.1102427815253062,38.2853745560808,1,0
3.40223569673435,4.777584567815049,8.24236746460834,533.5704171734584,1187.987519160388,84.20864026309195,134.74694268723695,3.0,0.7121246411715916,0.042367464608339844,7.987519160388047,1,0
2.932888177412446,4.598121712463354,8.322630176476794,528.2859007308667,1165.3137181286074,84.44787121012548,143.6102423181433,1.0,0.6378448332119863,0.12263017647679497,14.686281871392566,0,0
3.5133562037130384,4.822566462354574,8.236872883272458,508.56529507794505,1161.5019067871124,89.33083909417167,130.94144819786615,1.0,0.7285241645522392,0.03687288327245852,18.498093212887625,0,0
3.066089867157384,4.271890907635161,8.346589505545468,532.3891319527881,1188.9251106324891,86.93221428660578,147.48720286467434,1.0,0.7177359939036875,0.14658950554546912,8.925110632489123,0,0
3.413926934538364,4.153364461854702,8.274178373807315,497.52552959620425,1161.1129151615771,80.1277526182422,139.15974071288693,1.0,0.8219666164793769,0.07417837380731562,18.88708483842288,0,0
3.4801239517635967,4.755960463515466,8.064506033383132,536.0802507269466,1182.207725332109,86.11753797360242,137.3119324132485,1.0,0.7317394620348572,0.13549396661686686,2.207725332109021,0,0
3.417344076951974,4.301537567245412,8.221842549524032,503.3782742970149,1169.7465934557254,84.87375314947084,134.9389446694568,3.0,0.7944471070482598,0.02184254952403286,10.25340654427464,1,0
2.7829689221317695,4.855064730774481,8.152278605100785,538.1638614111049,1179.815278252992,89.85306876803399,142.27655533558885,2.0,0.5732094371303305,0.047721394899214786,0.18472174700809774,0,0
3.1946011101048266,4.719300188035644,8.27565475985776,530.0265332047804,1147.200961365847,87.87391895472258,155.91312116599283,1.0,0.6769226330477657,0.07565475985776082,32.79903863415302,0,0
2.949074621619479,4.364507673246916,8.235481329042228,503.49349548266576,1153.281826144842,83.91238519873764,147.62738543653808,3.0,0.6756946812170136,0.03548132904222889,26.718173855158057,1,0
2.5418405012172434,4.040244516951101,8.553942138865015,533.7815759166886,1157.6007508190824,81.21859970677106,144.59718323935888,2.0,0.6291303632549121,0.35394213886501547,22.39924918091765,0,1
2.955392878803221,4.494631506897495,7.9158128274291535,537.8127879326285,1174.1581677068768,88.45127022092133,135.46072310714894,3.0,0.657538415242788,0.2841871725708458,5.841832293123161,1,0
2.3047075066700113,4.10397684367881,8.246018494369217,522.346429647828,1228.841418699418,78.19802224549443,142.12104861878845,3.0,0.5615790716895199,0.04601849436921768,48.841418699418,1,0
3.18053905937182,4.261203326997374,8.145836925491968,512.9051542625307,1134.0754209693714,85.4606192153511,131.2663572745924,1.0,0.7463945779059008,0.05416307450803082,45.92457903062859,0,0
2.420251297871031,4.612607908843342,8.200024076111061,514.8392862075342,1195.2880417309962,83.99089148233747,138.7404953989107,1.0,0.5247034530522734,2.4076111062143468e-05,15.288041730996156,0,0
3.804461972098939,4.278891191654191,8.00542535554514,517.4887474900047,1143.813443574321,84.97785456333492,134.35320001278387,3.0,0.8891233267698578,0.19457464445485861,36.1865564256791,1,0
3.1719337154165412,3.9758334999104235,7.938687631344105,498.2995176815724,1146.7162639656196,88.68000393806017,142.83422031005298,2.0,0.7978034579894259,0.26131236865589447,33.283736034380354,0,0
3.3469149253605366,4.186549105829078,8.12497709781779,521.9581283054944,1204.6462944750376,83.73466322704067,144.19426972564673,1.0,0.7994448028570991,0.07502290218220864,24.64629447503762,0,0
3.1643063383114205,4.418097975593224,8.19645730308723,513.0330455277929,1234.953487986987,82.83635155596077,141.08679025978827,3.0,0.7162146143149598,0.0035426969127687613,54.95348798698706,1,0
2.9078533473131456,5.042282552330779,8.343308285676978,520.5192801062773,1177.6199721114735,89.530489831087,138.3684676222278,1.0,0.5766938517541635,0.1433082856769783,2.380027888526456,0,0
3.918351069238209,3.9618236660424113,8.150751858596415,483.83412380753987,1161.8251751845396,82.7994204066064,151.68181379929732,1.0,0.9890271245119155,0.049248141403584356,18.174824815460397,0,0
3.3524633539531115,4.798792103653934,8.32436476600275,493.5933888741031,1188.4038292528505,88.31550059302613,139.21916174281787,2.0,0.6986056659345269,0.12436476600275093,8.403829252850528,0,0
3.3968075391971198,4.755477313767959,8.090750609736737,507.57393287592976,1199.576022682161,80.13855606957198,147.5441097574777,3.0,0.714293711095721,0.10924939026326186,19.57602268216101,1,0
3.484645951235556,4.342040493871187,8.200438895001914,519.8572854258393,1204.2931577440127,89.8645089906864,137.82230218790284,2.0,0.8025364930040646,0.00043889500191518493,24.29315774401266,0,0
2.844194228149791,4.592968433814191,8.465486960148338,517.451480452702,1186.5426820869084,86.17658353555642,141.01064342733838,2.0,0.619249678833217,0.2654869601483387,6.542682086908371,0,0
3.7766274482631603,4.44071385966121,7.778405752507287,505.82035136283207,1190.7272100902733,92.86946444436597,138.00355818103736,2.0,0.8504550319530902,0.42159424749271235,10.727210090273275,0,0
2.9542707423614822,4.287999268778058,8.428127684809565,514.0860414677746,1166.2411603045045,83.79904296031054,153.6601216955525,3.0,0.6889625106009852,0.22812768480956613,13.758839695495453,1,0
3.384824357300759,4.183050878812422,8.291019253758945,525.4567689107729,1194.9806907666098,81.71681339088994,157.74375557439416,2.0,0.8091759948787768,0.0910192537589456,14.980690766609769,0,0
3.407197910556581,4.571319518371796,8.348544932064929,522.9270812244808,1175.3493584198445,84.67928033250699,133.5613151179979,3.0,0.7453423231777961,0.14854493206492947,4.6506415801554795,1,0
3.530039305867054,4.790338340701028,8.361308583162462,509.43737111914453,1211.3068869382653,85.04936780255302,132.62603758682963,2.0,0.7369081376021454,0.16130858316246233,31.30688693826528,0,0
3.691592200995625,4.717524313334253,8.030421931595056,523.7226945122453,1178.583461439669,87.25552621181839,136.25320912242177,3.0,0.7825274349469019,0.1695780684049435,1.4165385603309915,1,0
3.4745273827826804,4.200920512079362,8.141079847467829,552.2162338655512,1152.5926102578437,78.68826772172689,138.57223929322708,1.0,0.8270871519622682,0.05892015253217053,27.407389742156283,0,0
3.14118983062766,4.588542293801225,8.346474655415932,503.3555398505764,1144.420993071286,91.41507837125242,149.35674944153064,2.0,0.6845724913959274,0.14647465541593263,35.57900692871408,0,0
3.425563648020944,4.453800700440651,8.34448398008409,506.65171733991684,1210.0799339535595,81.18679811826226,141.3368975298718,2.0,0.7691326751358435,0.14448398008409136,30.079933953559475,0,0
2.4195592543845503,4.632106198163374,8.079591742566262,520.245752417351,1197.9382629100169,84.04797523707819,134.99003459342487,2.0,0.5223453760238826,0.12040825743373773,17.938262910016874,0,0
3.11245349930575,4.113149979082806,7.976509569303966,516.0111389767123,1131.4645483278339,77.37770568454489,146.00850598320474,2.0,0.7567080010155842,0.22349043069603347,48.53545167216612,0,0
3.3469462027264716,4.079140152837644,8.27628029764407,526.5628324666869,1206.5290683093463,85.38971518478205,142.7844439193571,3.0,0.8205028698456643,0.07628029764406996,26.529068309346258,1,1
2.708622467493695,4.8426622178656675,8.118885496753416,537.4374031810105,1191.2537440014933,87.44667803239436,151.45953304874357,3.0,0.559325087127005,0.08111450324658342,11.25374400149326,1,0
3.04277889717544,4.163041484737387,8.269639561485368,510.2566991955083,1173.496080509333,77.63264170170288,153.52583860287976,3.0,0.7309028525418314,0.06963956148536887,6.503919490666931,1,0
3.8235156737987577,4.818650234276598,8.164602985169957,520.565514522398,1185.3023261044025,82.43071440155217,141.91778348866657,3.0,0.7934827155138563,0.03539701483004265,5.302326104402482,1,0
2.7967654756330385,4.707485572536417,8.298460984823494,546.3768296949734,1180.3838362938993,86.47371923373908,131.0304480306673,1.0,0.5941102594887013,0.09846098482349497,0.3838362938993214,0,0
3.5038059549944434,4.683321271533171,8.268790068081644,514.6109108200196,1195.9755118867247,88.60846865324613,128.15749914876855,2.0,0.7481455469526784,0.06879006808164512,15.97551188672469,0,0
4.07848925686112,4.202672659400516,8.160553762897644,532.4916983258867,1189.4173712169097,86.65532695393566,139.3419916015449,3.0,0.9704513261978482,0.0394462371023554,9.417371216909714,1,1
2.9383697267490305,4.420636230388584,8.061064133111717,508.88887775340606,1134.6129521670173,88.74805574727793,133.61760765118296,2.0,0.6646938524109339,0.13893586688828208,45.38704783298272,0,0
2.724235242853069,4.689967593034528,8.269558458633567,541.6144147497121,1176.11567529455,87.23239748962683,138.44456002619432,2.0,0.5808644064658781,0.06955845863356735,3.884324705449899,0,0
2.871169595268829,4.875584236353947,8.096449281498414,533.0948236748218,1162.1617215946426,88.04349472378722,149.74215030386773,1.0,0.5888872913468635,0.10355071850158559,17.838278405357414,0,0
2.6837754312215125,4.7064779132317245,7.951014165624222,529.1709075097995,1178.6684360001577,90.97060471533602,140.51232639063443,1.0,0.5702301126509389,0.2489858343757776,1.331563999842274,0,0
3.083296547096585,4.270060070694064,8.336233378613759,509.33960120276777,1142.5100975860157,81.14531883020977,147.25914550035074,2.0,0.7220733421376311,0.13623337861375973,37.48990241398428,0,0
3.1411178885257613,4.573167282486136,8.623625051410409,521.3698434964346,1163.3666049141639,84.06663652121198,141.75817472432644,3.0,0.686858296189699,0.4236250514104096,16.633395085836128,1,0
3.4007130944670183,3.9272407623068273,8.057070843912054,535.4312470742143,1192.36102308734,81.71359330943808,138.03360374892569,2.0,0.8659293634963036,0.14292915608794488,12.361023087340072,0,1
2.648952999698305,4.503558803754236,8.165682348412092,520.7855854638326,1186.9388492539965,80.892310498867,157.18844359097582,2.0,0.5881910539065031,0.034317651587906894,6.938849253996523,0,0
2.6532485206338317,4.149155811239095,8.407675744397654,520.1287586097548,1230.7738404337288,85.78144158703553,141.355650615689,3.0,0.6394670725084205,0.20767574439765468,50.773840433728765,1,0
2.804563557139633,4.977420110328842,8.14574245182741,530.4309772768116,1148.793131099257,88.51864398947575,148.7164851644314,2.0,0.5634572719221178,0.054257548172589765,31.206868900743075,0,1
3.5293119662710826,4.673672945420741,8.162843920234824,501.2064531551709,1186.083489131604,83.16818799918657,132.91575911834497,2.0,0.7551473983591322,0.03715607976517532,6.083489131603983,0,0
3.5166650775851744,4.565340701924618,8.274716799346681,492.96693535666293,1207.9617352860837,90.99715103390275,140.85153993054794,2.0,0.7702963056694436,0.07471679934668174,27.961735286083695,0,1
3.669091607703746,4.8076896341617745,8.098589392705957,533.3214105826952,1160.8082461423799,83.7357481134502,133.75906061253454,3.0,0.7631714786389875,0.10141060729404217,19.191753857620142,1,0
3.1743247291566012,4.886760915422062,7.81325607247892,508.42322805038,1182.8373586556436,80.34275290241116,127.49769820522441,3.0,0.6495764338478718,0.38674392752107956,2.837358655643584,1,0
3.7421771204421983,4.613413878128365,7.982917333111305,516.4444719255549,1181.5136955091052,92.59154335073673,143.84187290990008,3.0,0.8111513986144304,0.21708266688869404,1.5136955091052187,1,0
3.2006476125427765,4.061909269437233,8.272439491776638,502.19119112668506,1174.5049323598066,83.84332701907613,151.5007195951722,1.0,0.7879662984688605,0.07243949177663822,5.495067640193383,0,0
2.8799845742409413,4.618910086940205,7.959009589696298,522.0704601941706,1182.7805228870857,85.93513718534624,143.65810982898006,1.0,0.623520380221401,0.24099041030370127,2.780522887085681,0,0
3.1446176064064906,4.3857709788414585,8.288265427036045,515.6762403219547,1177.3835983805225,79.50589351368986,155.12965773329228,2.0,0.7170045177598775,0.08826542703604545,2.6164016194775286,0,0
3.417319211614555,5.060238601248405,8.181838685141416,569.5581311944577,1163.392975638142,86.50080629966587,128.32803670310415,1.0,0.6753276831839797,0.018161314858582855,16.607024361858066,0,0
3.7381680184619914,4.642995312240167,8.402913854592214,520.5321211636979,1158.3171372811416,87.42925032267318,150.78155408753867,2.0,0.8051199207119742,0.20291385459221445,21.68286271885836,0,0
3.212962805336055,4.9006711366610265,8.149163718148625,523.7372931642864,1195.1787760194827,81.65855221352943,147.0667083008933,1.0,0.6556168971724811,0.050836281851374565,15.178776019482711,0,0
2.9947214541946416,4.2434713576772385,7.928254022932241,552.3462972969631,1130.925202308682,86.99510820701069,132.45076171099424,2.0,0.7057244413988802,0.2717459770677584,49.074797691318054,0,0
3.1921448804293275,4.070750639512599,7.913072296997825,516.2519912269704,1137.799453885078,87.8256264346129,135.7197839983838,2.0,0.784166155661985,0.2869277030021742,42.20054611492196,0,0
3.1951012908612344,4.338371748796171,8.08377967327967,508.95945518878176,1148.5932713772413,90.92196861067632,126.109234035911,2.0,0.7364747594558602,0.11622032672032923,31.406728622758692,0,0
3.650626011819103,4.524896225643753,8.235239218763217,523.3926218396108,1219.0722454919544,86.71178976235412,126.09391262152359,2.0,0.8067866817195228,0.035239218763218005,39.07224549195439,0,0
3.71138074504292,4.818043145601381,8.282305071459234,532.0826739893923,1149.5549173669353,75.89654723991721,147.51827318508396,1.0,0.7703087399001202,0.08230507145923482,30.445082633064658,0,0
2.9217220491211746,5.059214559123528,8.108901543179362,558.3025253456307,1185.1353174304666,90.05330903647163,133.42641095587445,1.0,0.5775050681088008,0.091098456820637,5.135317430466557,0,0
3.3315049641213923,4.0634836184728345,8.346420803510037,546.2947369292041,1164.237537143831,83.09829724350332,145.57548251925343,3.0,0.8198642534588576,0.14642080351003806,15.762462856168895,1,0
2.7889299436296167,4.631138033919315,8.183672706239625,525.878134285535,1201.5354589969065,85.75136962908466,153.16133914794253,1.0,0.6022126575802239,0.016327293760374673,21.535458996906527,0,0
3.525592344079097,3.9896578577198274,8.506740819704653,520.6571120029394,1160.9057624702996,84.44284655108198,157.3221159657413,3.0,0.883682879315963,0.30674081970465394,19.094237529700422,1,0
2.5656066751048168,4.602631811895125,8.276213157163117,520.7103195874707,1173.3196994076338,80.46721594811959,138.04265553679687,1.0,0.5574216620840265,0.07621315716311727,6.680300592366166,0,0
3.3296228112886244,4.623469715749285,8.02212215061417,548.0753550511114,1198.3902142578886,90.12262224352905,140.1340922226519,2.0,0.7201567254191185,0.17787784938582973,18.3902142578886,0,0
3.114031587884506,4.6999883650370675,8.170900781115005,507.8263144556075,1170.43262147293,86.4010441918682,144.49935856079938,1.0,0.6625615523619248,0.029099218884994116,9.567378527070105,0,0
3.8621628452353183,4.503163713522308,8.272427311862216,465.8105947063567,1187.055443874266,78.5889240876989,151.06725119292537,2.0,0.8576554373939775,0.07242731186221718,7.055443874266075,0,0
3.3352093924406834,5.157125100356527,8.308838526322347,524.935870632343,1196.9047067894587,81.5928019318455,154.09900109996565,1.0,0.646718729309745,0.10883852632234792,16.904706789458714,0,0
2.3152552354681974,4.512909291996384,8.27702820538821,552.3714696249667,1184.175449452924,90.61521893136141,130.10620090081613,1.0,0.5130294196387369,0.07702820538820987,4.175449452924113,0,0
3.5821220834282044,4.647423826906658,8.147250972424867,520.3744724279057,1195.027068452694,92.85930776663966,148.29256514712,1.0,0.7707758569206506,0.05274902757513189,15.027068452694039,0,0
2.7908829739206378,4.323865418813956,8.236734595256909,546.3936124525214,1212.2627749406997,88.66398225261136,141.611739792174,3.0,0.6454601850306252,0.036734595256909586,32.26277494069973,1,0
3.110719098146078,4.5929180337408,8.147111035440338,505.7678744813933,1182.7526896439083,86.94899743506058,142.3332073612857,3.0,0.6772860030631115,0.052888964559661744,2.7526896439082975,1,0
3.6788987694580912,4.52516175052828,8.134221324159252,513.3264822914623,1153.510287907448,83.48639388815164,138.11974340094676,1.0,0.8129872414429427,0.06577867584074681,26.489712092552054,0,0
3.55361815854442,4.9414755247709685,8.440740175263084,509.0217512749144,1171.2129090959706,80.1669690335159,153.53159122727138,2.0,0.7191411026952288,0.24074017526308467,8.787090904029355,0,0
3.0637605172360556,4.748051589212734,8.157688441468547,510.3725577008884,1180.251289305855,85.95743572947059,140.5509432801646,1.0,0.6452668971734541,0.042311558531451965,0.25128930585492526,0,0
3.172750629932819,4.361179005601099,8.31062920951998,505.92063860796225,1145.1766840602845,85.51559965366536,137.1153472228363,3.0,0.7274983726030346,0.11062920951998123,34.823315939715485,1,0
2.6057758507852116,4.7052489625826865,8.149136755820976,531.2513823460733,1182.637518744907,91.44924856009482,149.98883276119426,3.0,0.5538019073917638,0.050863244179023326,2.6375187449070836,1,0
3.698756686213888,4.482350143760543,8.224488343943824,510.0291756908396,1173.4442965691542,90.61213371010746,137.97735284945097,3.0,0.825182452677731,0.024488343943824376,6.555703430845824,1,0
3.198558984363773,4.977121070572092,8.341632226037772,507.51346313564073,1175.6228712431573,89.14048866308629,137.06761963145144,1.0,0.6426524366933803,0.14163222603777292,4.377128756842694,0,0
4.257737338806814,4.763689191921196,8.143610763179296,512.3143533128783,1196.2652724026534,95.20736037828942,136.4001367520632,3.0,0.8937899107972406,0.05638923682070285,16.26527240265341,1,1
3.5392696850666674,4.191091128110082,8.220511975397269,541.4071021619136,1135.0958835207855,80.52449194356089,141.29611146070883,2.0,0.8444745237067133,0.020511975397269566,44.90411647921451,0,0
3.380948718499894,4.299168925909953,7.754987039688889,500.3729404214661,1215.647758308034,89.5434700655821,133.37419819522356,1.0,0.7864191372749724,0.44501296031110993,35.6477583080341,0,0
3.629191219106405,4.7844428851416145,8.421777081786031,510.6431460008763,1118.8126214412584,85.35184623447176,151.2475840598804,2.0,0.7585399816598385,0.22177708178603162,61.18737855874156,0,0
2.8460789143892398,4.371958741519423,8.38806021793296,520.3888998566504,1229.483340459597,86.70577086504377,135.0139465851797,1.0,0.65098485187194,0.18806021793296068,49.483340459597,0,0
3.616689865623541,4.846050854934463,8.433757601782116,530.3090557479368,1180.8106529455608,85.17609093098272,140.12191256907474,3.0,0.7463169440730385,0.23375760178211635,0.8106529455608324,1,0
3.098894697961526,4.5190625713682815,8.497783980350702,560.4081714546771,1179.6751580329103,89.0074287762152,148.22269731204685,3.0,0.6857383911675966,0.29778398035070275,0.3248419670896965,1,0
3.8449113031954583,5.119266040455723,8.262063130442108,529.3189737524873,1223.1104590152477,92.696151375355,143.01395892920652,2.0,0.7510669053062367,0.06206313044210887,43.11045901524767,0,0
2.5728562298538176,4.277301596137028,8.22543965145924,519.8485540125155,1228.378806706633,74.15773351368291,147.56400384357784,1.0,0.6015138683640955,0.025439651459240764,48.378806706632986,0,1
3.310676319732008,4.664904955887078,8.100829433171354,559.6595766746397,1185.7396849243926,83.62995036800218,142.53844243727482,1.0,0.7096985577046449,0.09917056682864533,5.739684924392577,0,0
3.6307392578630724,4.71815039666763,8.547627434679528,510.55193381854326,1210.1944122943898,81.57952737253316,144.58286366680937,1.0,0.7695259692564891,0.34762743467952895,30.19441229438985,0,0
3.620779047089168,4.301692483611752,8.234059457971622,487.8315054234799,1141.041088881987,88.04331684609006,144.259364164531,3.0,0.8417103407650862,0.034059457971622464,38.95891111801302,1,0
2.9394572424832686,4.230591832102663,8.288958107542452,488.9909953318236,1195.5218853976687,80.64024840057458,132.10893232371276,1.0,0.6948099363978367,0.08895810754245304,15.521885397668711,0,0
3.4648207339033896,4.4395740299769075,8.103965425679798,544.2133237962333,1155.4401547224577,89.51174463997529,149.31370400786645,3.0,0.7804399047583788,0.09603457432020157,24.55984527754231,1,0
3.005854580868359,4.345829812005347,8.378114072752298,523.8228415484228,1178.47651220535,82.61804003004285,141.24197482947724,2.0,0.6916641263477523,0.17811407275229918,1.5234877946500092,0,0
2.8800237973192266,4.21925063106283,8.18529533930803,502.971279671472,1205.0681137520405,84.86558881095517,134.67808457089788,3.0,0.6825913055350202,0.01470466069196874,25.068113752040517,1,1
3.573251228936428,4.4688562546791095,8.05573563688402,509.36117702691683,1177.8689267715135,83.88538107843362,134.44140885084988,3.0,0.7995896543764348,0.14426436311597968,2.131073228486457,1,0
3.4463742427777055,4.185852729392921,8.186714339909681,530.0054522677133,1185.222981836944,85.17233496880849,138.65969417338422,2.0,0.8233386276956282,0.013285660090318174,5.222981836943973,0,0
3.3558456709483617,4.153750984566138,8.290831597387836,550.3114965412481,1160.5752197076613,89.04006286888526,142.47763551497897,3.0,0.8079072825043158,0.09083159738783664,19.42478029233871,1,0
3.4226212498135036,4.883356996509154,8.177773219975265,533.4919906740123,1201.0517215094476,92.07624821261145,136.8520923708095,1.0,0.7008746752611521,0.022226780024734438,21.05172150944759,0,1
3.2012590907625307,4.593618639518022,8.23092030694339,493.03092743215626,1213.9296061743569,86.33248822776882,145.37271760108516,2.0,0.6968926550684506,0.030920306943389875,33.92960617435688,0,0
3.5480270922755017,4.644176027528314,8.20492950609703,541.6841668436247,1206.887500528266,87.92062865612577,131.3344354496672,1.0,0.7639734304816673,0.004929506097031577,26.887500528265946,0,0
2.444140283161539,4.588971803008293,8.310434116774768,520.5197046431405,1194.116268037589,81.37554850791044,145.09734901301442,1.0,0.532611745626041,0.11043411677476911,14.116268037588952,0,0
3.011494503718992,4.767552173878443,8.02440062046997,550.5165428952388,1193.1084321394012,90.14513774546712,140.1580586282192,3.0,0.6316647187601623,0.1755993795300288,13.108432139401202,1,0
2.974300960537045,4.787398182444006,8.233981412639649,501.9218752786074,1181.4793366390124,95.57164193049721,141.63070359144345,3.0,0.621277121009676,0.03398141263964938,1.4793366390124447,1,0
4.1783007918467305,4.346703248941282,8.227267184888074,506.0785313209297,1168.7401389796137,89.58000591408793,133.01481687894264,2.0,0.9612574292719831,0.02726718488807478,11.259861020386325,0,0
3.5029980597349946,4.790086993603445,8.415413401927301,536.0711299777473,1182.695208207781,83.27008170701448,140.1345976172771,1.0,0.7313015533290947,0.21541340192730196,2.695208207780979,0,0
3.1393142265691085,4.544123048233792,8.320597974383574,517.0795262807471,1210.015741524493,83.46508181886028,152.02060297154256,2.0,0.6908515004008187,0.12059797438357478,30.015741524493023,0,0
3.657501617282772,4.5047046709414875,8.159706756409289,509.045347499753,1165.9621994638876,87.25316758308479,142.59116440082883,1.0,0.8119292791965474,0.040293243590710404,14.0378005361124,0,0
2.83349035977451,4.162836478462322,8.220292376282847,517.5502637437303,1147.9553951221346,86.25537212761827,152.60329788328278,2.0,0.6806633827088225,0.020292376282847968,32.04460487786537,0,1
2.97537690146775,4.30893705773807,8.236597928199647,513.7773296987126,1192.6655542487936,85.75868617595734,149.69903525527803,2.0,0.6905129643130896,0.036597928199647356,12.665554248793569,0,0
3.1101467400011904,4.8501362364009895,8.282269491031085,522.8924716143683,1216.0647905361343,78.0265789145953,139.50561773285716,1.0,0.6412493562588675,0.08226949103108616,36.064790536134296,0,0
3.752863596415011,4.635288790432943,8.149589995524138,505.95922315330085,1181.6667438853447,87.86165616497618,142.39530788559716,2.0,0.8096288635459236,0.05041000447586086,1.6667438853446583,0,0
3.3445669269092413,3.9057490587232095,7.8807026313222215,542.5958174115569,1157.1600043599235,86.99455730206678,131.3949127234175,3.0,0.8563189482394095,0.3192973686777778,22.839995640076495,1,0
3.384869066432777,4.510033040391945,8.360967704019906,525.1062120945794,1178.9220863721562,84.37198932617233,146.08365384633,3.0,0.7505197933955923,0.16096770401990668,1.0779136278438273,1,0
3.359170819978724,3.951478235747411,8.146218620865607,490.24717787728673,1213.0940515708824,87.69664184899166,151.56687325554014,3.0,0.8501048515817627,0.05378137913439218,33.09405157088236,1,1
3.0548645758241366,4.859073284628406,8.255812221800108,495.1246698702339,1174.2335957782989,90.78981932938481,137.91807502582938,3.0,0.628692838377115,0.055812221800108475,5.766404221701123,1,0
3.6746938480709326,4.403049700289254,8.271926584441195,536.9878381263878,1160.5747442448774,76.04101124925087,143.70281813730148,1.0,0.8345792342509665,0.07192658444119537,19.425255755122635,0,0
2.893337364886661,4.40637842038418,8.358558851703485,510.60270571902953,1196.528450333451,92.59246806327403,130.83281231410385,2.0,0.6566248034543012,0.15855885170348571,16.52845033345102,0,0
3.4060190745224195,4.192239568209157,8.201503172761084,568.6155964518927,1128.0075741213498,82.60098304736475,133.82161188772926,1.0,0.8124581189344926,0.0015031727610850254,51.99242587865024,0,0
2.9228361618957384,4.4492631943071554,8.159305515527853,521.8428795702578,1164.2286240321896,88.55899617125627,144.7507538222304,1.0,0.6569258849372159,0.040694484472146186,15.7713759678104,0,0
2.741461842792525,4.266571564250186,8.334934206510745,520.3099524891501,1213.1380642338515,78.56639525227767,154.43142530907883,2.0,0.6425444413310266,0.13493420651074572,33.13806423385154,0,0
2.9352071288813564,4.589362857307154,8.275980158707887,520.6776526990485,1170.2243420558611,81.81662016190613,153.63087283557127,2.0,0.6395674562032878,0.07598015870788721,9.775657944138857,0,0
3.286649990161848,4.283529275297991,8.11841349197301,496.25490475902177,1214.1458072197468,88.82005396044823,139.0560004790608,1.0,0.7672761823638826,0.08158650802698908,34.14580721974676,0,0
3.443655248362871,4.722546688317038,8.12511970025861,523.6933280332513,1171.5550934235669,90.15252210331663,131.13107354097244,1.0,0.7291945373780694,0.07488029974138932,8.44490657643314,0,0
3.919074610739809,4.845794430978508,8.248787751378151,541.4265055555372,1216.5139158895886,87.19591385681483,137.2209803296527,1.0,0.8087579169427696,0.04878775137815161,36.51391588958859,0,0
2.5737407873577616,4.924233117182035,8.133793374505805,563.1464305276213,1159.171555495261,87.10847836623142,145.19301446364167,1.0,0.5226683476569352,0.06620662549419443,20.828444504739082,0,0
3.401113770758078,4.544634190442191,8.08287925726315,559.0958777708972,1153.3285039584423,83.92740526422726,129.71136258369418,1.0,0.7483800956219032,0.11712074273684969,26.671496041557702,0,0
2.7989882541448767,4.768473166808048,8.58591285838667,512.6621095858131,1136.1310395430935,78.72979851323585,133.9256256559529,1.0,0.5869778764911252,0.38591285838667133,43.86896045690651,0,0
3.4426892236544733,4.806490564148282,8.30229899488812,509.6537219101243,1163.2811470369622,88.85830597867995,156.64805584381705,1.0,0.7162583962230799,0.10229899488812144,16.71885296303776,0,0
3.0013873058072127,4.69096596206198,8.27650998897566,497.7935050420861,1147.8347718650066,78.68639989321248,145.4928580447088,3.0,0.6398228700529918,0.07650998897566019,32.16522813499341,1,0
3.4206963199643683,4.7933542693963,8.16194353974004,496.85981931320003,1149.2701261905368,91.55978379501568,156.86180663158706,3.0,0.7136331109700255,0.038056460259959124,30.729873809463243,1,0
2.829447548007385,4.684999192941335,8.116407803557816,534.56297720358,1214.3090986316292,81.65297723558966,137.98886363218736,2.0,0.6039376808573288,0.08359219644218285,34.30909863162924,0,0
3.2761695559700232,4.157417454251607,8.32078597868566,525.2647153829613,1149.2380985455686,81.8378857237841,150.13085465282404,3.0,0.7880299708251813,0.12078597868566021,30.76190145443138,1,0
3.855646722177627,4.790810790722416,8.227219159522095,493.18354482342687,1167.517735229861,80.46571671581017,130.22500925728068,2.0,0.8048004585861397,0.027219159522095637,12.482264770138954,0,1
2.829227811368767,4.875762219308769,8.206046154899536,506.91599110231516,1183.785844004018,79.14472566339583,135.97408007918193,1.0,0.5802636969424648,0.006046154899536305,3.7858440040179175,0,0
3.038769604373988,4.8019233120079665,8.262732261739929,530.7899382755127,1166.7592471824573,94.70826958221966,140.20006916727067,2.0,0.6328234347562864,0.06273226173992974,13.24075281754267,0,0
2.9274479059721705,4.167163333366134,8.184080198858151,516.4249169881876,1170.8414169852622,82.98600371656816,141.42894574515896,2.0,0.7025037588111395,0.01591980114184821,9.158583014737815,0,0
2.653991281829346,4.776913448168028,8.017482153837786,487.9964403753577,1163.0671867937453,83.1347277713072,143.60054530770253,1.0,0.5555870563850343,0.182517846162213,16.93281320625465,0,0
3.068552609700406,3.7897567039880165,8.216683500226129,539.4192921971613,1156.695973628366,85.73903458741468,132.37370296262,1.0,0.8096964656495301,0.01668350022612941,23.30402637163411,0,0
3.4344663201571137,3.8655919202778795,8.076874156172456,537.8191153792019,1153.6590846488402,71.18658366724894,151.33709475449314,3.0,0.8884710000691834,0.12312584382754288,26.340915351159765,1,1
2.929231199877617,4.6024980695857876,8.099347773150631,502.7226945601067,1143.8073307980412,84.84045299053159,144.56322816487761,3.0,0.6364437648758853,0.10065222684936792,36.19266920195878,1,0
4.2483172364119905,4.279556730739743,8.313851945587327,537.0701070279254,1148.1372447673768,83.27226812263591,128.00849474756524,3.0,0.9927002964825629,0.11385194558732792,31.862755232623158,1,0
2.8098535890887,4.804688365198341,8.084969571232312,511.0915862806027,1169.0262307375294,87.99013988738191,143.01904507573818,3.0,0.5848149505088437,0.1150304287676871,10.973769262470569,1,0
2.8883629042493197,4.559302670086273,8.143301538102216,514.103064530342,1143.706976049661,79.84341995928712,141.69068180256616,3.0,0.6335097958217271,0.05669846189778305,36.29302395033892,1,1
3.614099733889501,4.749953829381054,8.185356895633888,545.5940755966782,1165.2088150371062,81.64797191903395,143.9150471259427,1.0,0.7608704974716708,0.014643104366111714,14.791184962893794,0,0
2.9473689083338677,4.6821867045305074,8.211509928908942,546.8669790543527,1229.3593288772324,82.4471409088829,158.9200390685266,3.0,0.6294855574324905,0.011509928908942868,49.35932887723243,1,0
3.1977615924683818,4.642390045670037,8.34245505764168,545.4653887484766,1184.9027323032958,86.17220075527376,141.31728233171242,1.0,0.6888179494444073,0.14245505764167987,4.902732303295807,0,0
3.618839321044862,4.745191861121498,8.088601125134142,518.3036108165545,1182.1005440233273,86.7067793692175,148.43451473136201,3.0,0.7626328768563087,0.11139887486585742,2.100544023327302,1,0
3.144164148737931,4.604977114574818,8.235507568153958,513.0477324031954,1153.172314647533,88.68971100247325,129.12743193250006,1.0,0.6827751951478394,0.0355075681539585,26.827685352466915,0,0
3.4308288508722162,5.110762060554538,8.253146407227828,517.5938335362134,1185.622394872158,91.33895857218047,153.0308669863609,3.0,0.671294967277084,0.05314640722782826,5.622394872158111,1,0
3.3976120745130958,4.391060505954877,8.258072247409135,492.14444051905997,1195.263209855233,82.70098806717034,151.56508194555644,1.0,0.7737566059797432,0.05807224740913597,15.263209855233072,0,0
3.374695420693404,5.095090095730805,7.907899019100711,507.84929779444957,1192.1658989036202,81.77123254385634,142.1504241026067,1.0,0.6623426390160855,0.2921009808992885,12.165898903620246,0,0
3.7648882221661717,5.038999560502505,8.195279294469447,525.8833433126969,1142.74125481348,85.74384501424319,136.30122358196698,2.0,0.7471499404226134,0.0047207055305520385,37.258745186519945,0,0
2.9593173551082415,4.129159261190861,8.323513477684346,502.7248179730072,1169.4940231283756,78.70108250663162,141.7936919401059,3.0,0.7166876274803888,0.12351347768434628,10.505976871624398,1,0
2.9840961278762554,4.540757827224497,7.856306078967389,505.98268872335524,1230.9660481262067,84.84314474430268,129.03090916703712,3.0,0.6571801978356289,0.3436939210326102,50.966048126206715,1,0
2.9905074788914314,4.883530487389715,8.342173116461868,549.2676032801152,1171.7353665385417,89.25520140351487,141.1173111329863,2.0,0.612365886933884,0.14217311646186914,8.264633461458288,0,0
3.717098115807283,4.528638612407489,8.04836777551156,489.4283156337277,1183.8420440794225,83.48326805773786,139.8996463196701,3.0,0.8207981323134155,0.1516322244884396,3.8420440794225215,1,0
3.2702144918314393,4.388622788798882,8.067909031032752,500.8713950404978,1227.7608908033353,84.09253429199748,146.72624673540963,2.0,0.7451573417138692,0.1320909689672476,47.760890803335315,0,0
3.31303198019532,4.402129888667592,8.0187544726511,523.2457824851914,1212.8127335988609,80.55375063004693,128.14557040859242,2.0,0.7525975069412341,0.18124552734889932,32.81273359886086,0,0
3.1076534504620925,3.8263242307304512,8.166881627531192,484.4281108409744,1179.8056263886756,88.97667218520527,137.11115934356403,3.0,0.8121772391088403,0.03311837246880778,0.19437361132440856,1,0
2.5186470242579384,4.60254756418649,8.442478248177062,521.8144696682759,1187.2436006728508,72.91769631268087,162.87959536758282,3.0,0.5472288962984103,0.2424782481770631,7.243600672850789,1,0
3.056788248101206,4.4958080314571784,8.19629535353725,534.4203145104152,1123.5111671836103,85.09690344424187,135.12355380838207,2.0,0.6799196553840672,0.0037046464627490394,56.48883281638973,0,0
3.0214265541797887,4.693767126082768,8.046451038080392,509.44091675992445,1179.0038644304805,79.1494603850723,144.68166593626037,3.0,0.6437103657627858,0.15354896191960776,0.996135569519538,1,1
2.3078127923502167,4.250978851461229,8.085606562534672,520.0012936070596,1152.0560512920922,92.17221074086643,146.63583066579136,1.0,0.5428897372693446,0.11439343746532771,27.943948707907794,0,0
3.0268904465646447,4.781690840611438,8.043583741486536,479.8996079679415,1154.808173380306,93.83223631003635,148.29144086493383,3.0,0.6330167605617467,0.1564162585134632,25.191826619693984,1,0
2.7252026446777022,3.782676430414812,8.081406401309057,507.41226028137993,1206.6403814927078,85.86502334269439,145.62126111042593,3.0,0.7204429704970591,0.11859359869094277,26.640381492707775,1,1
3.1137561685727912,4.002856924460309,8.216690277875122,531.9408948792529,1188.9455265629974,79.65431629198366,129.17469307426072,2.0,0.7778834533824175,0.01669027787512256,8.94552656299743,0,0
3.752581631476195,5.337662660372988,8.102974554374855,498.3515614798924,1199.6738641023674,87.6847679669088,137.21215818860705,3.0,0.7030383652066411,0.09702544562514426,19.67386410236736,1,0
3.727320929941068,4.216052761203471,8.125825303927753,503.0175431606532,1147.679767751796,85.53989715420346,144.25865331832654,1.0,0.8840783406119013,0.07417469607224625,32.32023224820409,0,0
2.7104238932950975,4.649336492825333,8.188093578996952,535.3362706283528,1168.792818393867,82.95707327193435,144.42913440324878,1.0,0.5829700424769735,0.011906421003047285,11.207181606132963,0,0
4.065301889322185,4.229587296030847,8.095458780979286,517.3057429375243,1191.9452961567347,80.74267714958505,130.02189528768955,1.0,0.9611580525069218,0.10454121902071378,11.945296156734685,0,0
2.955133233138072,4.145930479739889,8.042301727864114,517.1315456543837,1162.0793348022971,81.25653119301415,149.28341452755146,3.0,0.7127792535032316,0.15769827213588528,17.920665197702874,1,0
3.539372352882114,4.934083243916094,8.420106398249152,479.1014501997291,1219.009170437622,84.83677248054427,145.57567045255325,2.0,0.7173313009116656,0.22010639824915224,39.00917043762206,0,0
3.3081827303119358,4.540669024924413,8.055678815771442,538.0505755351925,1201.0090899888694,85.98265296550899,146.5354477222518,2.0,0.7285672466819884,0.14432118422855744,21.00908998886939,0,0
3.3749252748155847,4.523894874784178,8.288324792731292,493.5756103221877,1156.9743517943368,84.77234334635929,144.93973482668014,3.0,0.7460220379746492,0.08832479273129223,23.025648205663174,1,0
3.392988966097274,4.610253123162181,8.292829049521695,502.59877846221934,1198.64089582007,86.47699377340383,147.72705967708853,2.0,0.7359658731783584,0.09282904952169524,18.64089582007,0,0
3.7767780023207562,4.350225715651604,8.349712625890547,521.4946875966394,1199.2346689509393,81.9864946416899,134.35526317088588,2.0,0.8681797792386199,0.14971262589054746,19.234668950939295,0,0
3.728165603913534,4.534292625917774,7.920772995901119,523.7851221501141,1179.358118491138,81.4824127071452,141.36616978178554,1.0,0.8222154833548508,0.27922700409888,0.6418815088620704,0,0
4.036954910274185,4.563090912066599,8.158677652723146,528.1708459912679,1151.3772935590255,84.12869674067305,148.02374009763594,3.0,0.8846974533674526,0.04132234727685358,28.622706440974525,1,0
3.192232157644907,4.544189400116725,8.340457020192492,495.68065974787305,1177.5219870210844,88.66062535001899,140.5691373952339,2.0,0.7024865990093685,0.14045702019249262,2.478012978915558,0,0
2.925194360120201,4.659240475101819,8.151452643293625,532.9395415517326,1138.278331245148,91.31886986979289,135.10548793984572,3.0,0.6278264397650456,0.04854735670637389,41.72166875485209,1,0
3.332792132227606,4.814519966344062,8.255658060732303,534.4295149042664,1173.3473986188446,83.0599273078949,147.3380987781195,1.0,0.6922376799417754,0.05565806073230384,6.652601381155364,0,0
2.7882513967271714,4.272098094674234,8.431016173561604,502.3425234665306,1178.158699343556,85.0948945065299,137.93484383610857,1.0,0.6526655835806883,0.23101617356160453,1.841300656443991,0,0
3.129774421800314,4.417606875190111,8.214612601459645,555.6390706292308,1189.9717031032785,88.90490834398628,139.3792489480006,3.0,0.7084773519955072,0.014612601459646157,9.971703103278514,1,0
3.285278651295076,4.439939623709889,8.398438924050328,536.4352745067195,1150.4759095538245,85.70880429587625,126.91027547825684,2.0,0.7399376858665595,0.19843892405032904,29.524090446175478,0,0
3.468192246896485,5.31323828971216,8.401767576041767,532.7255583604708,1197.0854307809723,93.79676059357877,144.88307416310698,2.0,0.652745474065991,0.20176757604176743,17.085430780972274,0,0
3.4783455356375144,4.074036850718722,8.519821969021555,511.83943622312484,1197.4500396877634,79.60007553191316,142.71786429635483,1.0,0.8537835228883848,0.3198219690215556,17.450039687763365,0,0
2.944415300924199,4.268091087119189,8.016438273001558,511.17656368788363,1174.1369268479752,86.33122850100298,145.170705293281,1.0,0.6898670248909117,0.1835617269984411,5.863073152024754,0,0
3.5004397818029243,3.9560119583948525,7.98912104712018,501.3151255343561,1190.0471165781887,90.03273243300679,131.85553520643663,3.0,0.8848405459164443,0.21087895287981961,10.047116578188707,1,1
2.6085912038530292,4.748417644467993,8.07575593594774,523.4885621499601,1159.6600186410303,80.07246301779801,135.1505491238929,3.0,0.5493601023791016,0.12424406405225952,20.33998135896968,1,0
2.985868725618431,3.9110132556483075,8.287828229928529,504.17524241631617,1166.5014521320165,80.08143964091657,143.44015311531714,1.0,0.7634514458734628,0.08782822992852957,13.498547867983461,0,1
3.705033641370873,4.896298736862213,8.381125479242787,552.7115947550609,1138.1357593581524,86.97413724524601,148.22028617863353,2.0,0.7567008958666069,0.18112547924278743,41.86424064184757,0,0
3.1667577709485224,4.502636532789621,8.108259228069311,522.6279264576275,1153.8570681509418,89.76457349099215,136.34600272827757,3.0,0.7033118812020203,0.09174077193068797,26.142931849058186,1,0
3.7206965157595193,4.492680429829153,8.327647401776014,525.5191561656746,1189.8974526735842,86.37244265372547,142.23592955678822,1.0,0.8281685227882636,0.12764740177601475,9.897452673584212,0,1
3.2681855083986284,4.078932411130901,8.105593868319032,530.4273756114335,1175.895709526159,87.56721380737002,154.46533084010358,1.0,0.8012355141455445,0.09440613168096768,4.104290473841047,0,1
2.763916637280228,4.35718123266664,8.227221682281858,529.7448287074343,1163.8328286734152,89.2225350273593,144.69136930375916,1.0,0.6343359362526094,0.027221682281858506,16.16717132658482,0,0
2.9006053853773786,4.6933786297245526,8.170800445746297,541.8975081858916,1188.6881373506678,91.42583347191456,149.0641964629295,2.0,0.618020750848646,0.029199554253702686,8.68813735066783,0,0
2.612989893699024,4.9059207480499225,8.348509184607453,550.1797144497044,1150.009476208983,85.50631722689172,123.87912624880482,1.0,0.5326196706714135,0.14850918460745355,29.99052379101704,0,0
3.5711360512324952,4.295947957095615,8.1036651282334,505.6266329406875,1157.3576102248924,86.20474783231107,147.9763114139491,3.0,0.8312801007057758,0.09633487176659905,22.64238977510763,1,0
2.8992835799619265,5.209622331599992,8.33545872501054,557.5708989122853,1206.0532077153612,89.72894087608664,136.32126907636555,2.0,0.5565247142425709,0.13545872501054035,26.053207715361168,0,0
3.0085005513346093,4.391697233024229,8.198214876535864,509.0800490664898,1127.017465807795,88.24799572886693,146.5327048458429,2.0,0.6850427957616377,0.0017851234641348412,52.982534192205094,0,0
3.160444138723543,4.703618420783826,8.015517532707019,546.1654147157491,1192.8976557578508,88.24696125506863,133.73427521581985,3.0,0.6719176292206456,0.18448246729298035,12.897655757850771,1,0
2.4520734641871345,4.624435338623773,8.051821288955162,500.40470102787475,1207.5631739114003,87.36426774534024,137.83062858895292,1.0,0.5302427829786946,0.14817871104483693,27.563173911400327,0,0
3.4294977684017653,4.547290367532283,7.776974676663896,523.3678276700009,1186.2599674319827,83.88871799396215,145.96929304711048,3.0,0.7541849080353967,0.42302532333610365,6.259967431982659,1,0
3.122536216288113,4.764685947779765,8.214110476178728,497.63283739099154,1179.061529965694,88.79666025076143,129.33872262420525,2.0,0.6553498488368984,0.014110476178728959,0.9384700343059649,0,0
3.4601800370144558,4.285346104354431,8.083211942978243,499.88345123278015,1166.6911082433455,87.31437013966156,142.6775970937032,3.0,0.8074447085361549,0.11678805702175588,13.308891756654475,1,0
2.916932213752488,4.278390750501131,8.160664964592572,539.2214201912992,1227.3163427084278,86.32341151305098,136.16497808610524,2.0,0.6817825633923321,0.039335035407427554,47.31634270842778,0,0
3.471150127812363,4.270103242565572,8.421174605135576,540.4286370687855,1170.181001947895,93.8438368450915,148.91524674165663,1.0,0.8128960659306972,0.22117460513557674,9.818998052104916,0,0
3.5109629411058045,4.793361681663341,7.970931880699636,528.1299245191154,1154.8567362413005,84.241729053394,144.8525350206096,3.0,0.7324635972712588,0.2290681193003632,25.143263758699504,1,0
4.1009743221377235,4.224594281508311,8.174600671432742,532.8279165782861,1166.87683698049,85.58922085587378,139.38307725526775,1.0,0.9707380278190433,0.02539932856725713,13.123163019510002,0,0
3.677643761218949,5.090075088752476,8.29841743027904,530.6323848071954,1155.6291105867851,84.67515196099546,127.28987174069779,3.0,0.7225126734619132,0.09841743027904037,24.370889413214854,1,1
3.9395824379781383,4.447166269812041,8.16708815185419,520.4741431974538,1216.064454306311,76.37854931576832,137.35574847322957,2.0,0.8858635360307274,0.03291184814580994,36.06445430631106,0,0
2.977552501295688,4.465028596064001,8.192358658140488,515.0530171949699,1165.865319771997,85.67695825370556,134.30139256541602,2.0,0.6668607908253018,0.007641341859510931,14.134680228002935,0,0
3.1527725892035687,4.310925211498669,8.111317657113643,516.0249791433325,1180.5791520015525,82.37182521090836,146.12614081251394,1.0,0.7313447656347023,0.08868234288635612,0.5791520015525293,0,1
3.1452018042230168,4.885231408553669,8.113703708739731,505.1797083094726,1174.7574473426112,84.44577033427608,133.76221121851137,2.0,0.6438183865911017,0.08629629126026828,5.242552657388842,0,0
3.271390665554156,4.4182719297207385,8.305033286692343,527.6782224121062,1217.1015138305174,84.76717578746768,137.8969314435057,2.0,0.7404231149304802,0.10503328669234335,37.10151383051743,0,0
3.1718004887763636,4.383637265441259,8.221403261830243,520.6833471077914,1165.7798645708674,89.55190645042333,140.89134413414112,1.0,0.7235545041689333,0.02140326183024399,14.220135429132597,0,0
3.6330764215548297,4.4061490580845435,8.297437199746925,512.2525352436289,1189.917642287848,90.01862417970675,143.81718750041026,2.0,0.8245468713919692,0.09743719974692588,9.917642287847912,0,0
3.3106403062044722,4.491248190232032,8.081597145114612,534.4321333179128,1133.7765530657186,82.27154136274996,153.5418762363644,3.0,0.7371314532711903,0.11840285488538704,46.223446934281355,1,0
3.305394886132424,4.950820297891676,8.494310254284779,542.0022146164235,1167.3912286514935,91.85913973466384,147.73648121804317,3.0,0.6676459024118472,0.2943102542847793,12.60877134850648,1,1
3.1080801477699227,3.7863011877740327,8.333267039553782,531.4719947428995,1172.407795258079,87.87078068074655,149.25045390129316,3.0,0.8208750421083877,0.1332670395537825,7.592204741921023,1,0
2.582752708822852,4.270960409007267,8.250967453320884,515.3245470988304,1144.3487739576071,83.69588273377012,138.6852158341016,3.0,0.6047241043890776,0.050967453320884815,35.651226042392864,1,0
3.224092083976411,4.488031684874486,8.099303861294336,514.2369488520269,1168.5642290622902,88.03485529932765,139.04985963755857,2.0,0.7183755172949946,0.10069613870566307,11.435770937709776,0,0
2.7352864624350546,4.210981097640429,8.390626843161332,522.1786098130493,1198.440169111924,84.08113664235293,146.53988582855183,3.0,0.6495603752099903,0.19062684316133272,18.44016911192398,1,0
2.70088672721406,4.254418492001976,8.260110588053742,553.0197639965215,1188.4535081339484,87.4704832573628,137.630535898183,1.0,0.6348427479940454,0.060110588053742475,8.45350813394839,0,0
3.4146611010109145,4.255796799212534,8.092540855944888,530.7470097952937,1189.0918161959746,94.30022006350235,138.98652677255387,1.0,0.8023552959202345,0.10745914405511137,9.091816195974616,0,0
3.5812546535652983,4.154400735726257,8.26497761009073,532.2877451312665,1140.1521868328998,84.02280237894394,141.43257424901694,2.0,0.8620388066817531,0.06497761009073066,39.847813167100185,0,0
3.327912773657015,4.78726114898393,8.107595868442306,513.3450996743327,1209.1471684867104,87.30500556808846,144.2015073341944,1.0,0.695160065305438,0.09240413155769289,29.14716848671037,0,0
2.5928505013276766,5.210786190243449,8.275958012084933,522.1067386404627,1145.8265210354473,82.10204455446717,139.91884465008752,1.0,0.4975929554900707,0.07595801208493391,34.173478964552714,0,0
2.864312990710945,4.712805754336595,8.166613760916272,512.4422650788815,1199.7216053963032,80.21897280246543,141.82121639548248,2.0,0.6077723418724631,0.033386239083727176,19.721605396303175,0,0
2.7739545347698513,5.197409674297026,8.336017640001314,527.1918431382827,1203.2867379888498,86.37864921857593,139.1743368358444,2.0,0.5337186614236491,0.1360176400013149,23.286737988849836,0,0
3.5696108076827606,4.468509687730913,8.278182368678308,541.1302167683358,1192.4091560908741,79.1619065037775,142.50957763722545,2.0,0.7988369851104774,0.07818236867830919,12.409156090874149,0,0
3.1005536584933293,4.8370281861287285,8.386949471661241,531.5782375339461,1175.9064313177196,86.23514543930558,157.4744173307017,3.0,0.6410038433813273,0.18694947166124187,4.09356868228042,1,0
3.31063260223642,3.9695829842476806,8.144395312717572,532.9090595430392,1182.1126451439197,81.35426344564847,139.26895378360382,3.0,0.8340000988869248,0.05560468728242718,2.1126451439197353,1,0
3.6647513210432763,4.052261318998202,8.182589378481927,528.2369753549267,1172.218369642391,82.2145981955693,143.49055948656178,2.0,0.9043719127780492,0.01741062151807249,7.781630357608947,0,0
3.668687165886464,4.090140498699324,8.395992560394257,502.70896282456914,1187.199857810675,87.05422245087512,123.8687474141813,2.0,0.8969587147815967,0.1959925603942576,7.199857810674985,0,0
2.6082223107441105,4.540756770469887,8.384842574426624,528.572770310618,1207.6713406118142,81.70851570744144,155.90544892061072,2.0,0.5744025593116725,0.1848425744266251,27.67134061181423,0,1
3.137640728825333,4.5626560627603,8.244224603381454,512.2008848746987,1193.8964112887963,82.32378426113588,163.11364883719952,3.0,0.6876785549861183,0.04422460338145484,13.896411288796344,1,0
3.4851993720689554,4.051788662013075,8.0724703381278,524.3758550499115,1142.3299588791178,84.35291446144466,149.40936643855986,3.0,0.8601631679074839,0.12752966187219883,37.67004112088216,1,0
3.4090056421063033,4.3743109663436295,8.39057938362207,533.6451827111314,1124.7325118152362,83.20087357589536,129.84454637373682,2.0,0.7793240278426014,0.1905793836220706,55.267488184763806,0,0
3.484928863832065,4.3769911765383265,8.084761701941234,514.0947333334358,1156.2680123323566,82.89058702615914,146.0812335443257,1.0,0.7961928005968776,0.11523829805876495,23.731987667643352,0,0
3.7497752372683273,3.97371454415325,8.12635765754022,530.3334630779176,1149.0904467898386,92.30289818867406,138.76041688522014,2.0,0.9436448427937376,0.07364234245977919,30.909553210161448,0,0
2.993912642476703,4.727153046330606,8.319886968627586,533.2379791516748,1200.4836726595636,81.24696198520701,134.56656147725826,1.0,0.6333437086762711,0.1198869686275863,20.48367265956358,0,0
3.0533971918527794,4.155087758130779,8.034978637559345,517.108032729255,1222.9135078969368,89.36048248471005,140.91786655860037,1.0,0.7348574491941737,0.16502136244065468,42.913507896936835,0,0
3.3123967470940134,4.3184531293182005,8.111995811685718,550.5953693595756,1158.4837717021317,88.36742651758593,139.80012490968068,3.0,0.7670331591279638,0.08800418831428125,21.516228297868338,1,0
3.492552101029997,4.205394150836729,8.463456698144197,514.457872629308,1189.0682391641492,85.38482439960174,152.53671523377642,3.0,0.8304934032175333,0.26345669814419814,9.06823916414919,1,0
3.3012660952151927,4.940355133499193,8.227518133970834,536.3600026546471,1138.5066159654607,87.39801539220792,139.0039080018004,1.0,0.668224450538381,0.027518133970835024,41.493384034539304,0,0
3.8085264207689806,4.230824098151623,8.14523005933063,511.1242097024267,1150.1602108991497,84.71158736091861,132.0352204837091,2.0,0.9001854795931311,0.054769940669368467,29.83978910085034,0,1
2.8310359262005993,4.537285708455255,8.515762995900175,515.5158219372031,1158.7194152084219,89.23190812827254,134.6100370815859,1.0,0.6239492303297102,0.315762995900176,21.28058479157812,0,0
3.6100436610327096,4.633490494612853,8.243474506280606,542.7684861095014,1187.2931791766844,80.61206622546798,162.19976317445318,1.0,0.779119686217296,0.04347450628060656,7.293179176684362,0,0
2.8790879891441827,4.540552872402801,8.228400105427024,516.7400278767188,1220.309765553939,85.0080357205829,144.27611108709175,1.0,0.6340831324768881,0.02840010542702487,40.30976555393909,0,0
3.0187006363907947,4.515917793879786,8.385391480334215,540.3146932146144,1197.1156249077974,88.88241670647348,137.1452338296521,3.0,0.6684578359272708,0.18539148033421604,17.115624907797383,1,0
2.463650307467342,4.601507232580788,8.345789551516095,494.89792876013064,1137.7851949843148,89.85295534665728,144.94546557605818,2.0,0.5354007246773761,0.14578955151609563,42.214805015685215,0,0
3.403443349293377,4.298281924702049,7.992421147150623,474.53269692815115,1171.246795712061,83.84661092896934,145.89055169863826,2.0,0.7918148246493822,0.20757885284937672,8.75320428793907,0,0
3.36517258171025,4.395844051466321,8.120844788211908,513.5073189919077,1227.700271274478,87.02277000518981,149.9084458600945,1.0,0.7655350238874363,0.07915521178809115,47.70027127447793,0,0
3.8134910839666,4.7292639610016565,7.946968457294041,512.3465268410881,1151.821685407954,79.44049706878253,144.62256755456193,3.0,0.8063603796715426,0.2530315427059584,28.178314592046036,1,0
3.354529327124624,4.71894580868029,8.221901591466358,545.6067135602195,1192.6338657747935,82.6379017206423,130.1246035061684,3.0,0.7108641341553983,0.021901591466358283,12.633865774793549,1,0
3.0447027785913847,4.340576579658473,8.284572483907976,487.6028883630081,1184.4895222329785,87.11258187881602,146.03651420267573,2.0,0.7014512293501566,0.08457248390797645,4.489522232978516,0,0
3.108247067257813,4.564494845236364,8.195325945279778,509.7904872817282,1151.3187002206337,92.41515303735639,135.67189429126645,2.0,0.6809618965438652,0.004674054720220866,28.681299779366327,0,0
3.028753935613635,4.231371611722487,8.041278035305838,512.4231958374922,1188.1490901332,92.15635593173225,137.63103336200498,1.0,0.7157853794989466,0.1587219646941609,8.149090133199934,0,0
2.769875042780305,4.808243803005808,8.36134401910265,496.12417310845603,1143.4280540798143,81.26020865012809,141.86550522541404,1.0,0.5760679274359357,0.16134401910264984,36.571945920185726,0,0
2.8614573380036505,4.6371639191077545,8.15040120064355,525.0054327203235,1160.7421615527276,87.82634578116905,136.5243023900061,1.0,0.6170705602180132,0.049598799356449064,19.257838447272434,0,0
2.9297167683353553,4.77148861244826,8.175864259258509,524.6144977072923,1167.197377541286,79.29281986870329,159.0611522107491,1.0,0.6140047699323979,0.024135740741490608,12.80262245871404,0,0
2.7709027897040777,4.629705814260102,8.220091282442802,535.8582402489736,1160.4264230181905,81.9356463010291,142.10567316051814,3.0,0.5985051535177089,0.02009128244280234,19.573576981809538,1,0
3.2972493834051573,4.397042529393986,8.54165333890464,524.3603961848137,1194.6891398858834,81.16693353587955,140.97887944416846,3.0,0.7498788925995936,0.34165333890464034,14.689139885883378,1,0
2.82297679768325,4.548080657225273,8.08003856678342,508.4215282381738,1168.2221744102176,86.35395120841709,152.17856563928828,1.0,0.6206962914296283,0.11996143321657904,11.777825589782424,0,0
3.465881098133244,4.515737216066833,8.061553465243886,501.1015561833485,1146.8178990530464,89.00747523048761,144.918142822892,3.0,0.7675116889074612,0.13844653475611324,33.1821009469536,1,0
3.609625010324585,4.4800653074071635,8.163840516630133,529.6532211261784,1204.0459708106848,81.44841459323305,145.00468599165896,3.0,0.8057081229487582,0.03615948336986641,24.04597081068482,1,0
3.9637666561880525,4.659962195369793,8.400099727881537,539.6376224971503,1198.1372893065754,91.94529523539956,152.84662776469284,3.0,0.8506006034289094,0.20009972788153796,18.13728930657544,1,0
2.9384406446697695,4.5093190279196795,8.017609327303614,538.0564660595002,1174.1909530785924,82.03322400444354,139.57936076260776,1.0,0.6516373372175769,0.18239067269638554,5.809046921407571,0,0
3.4123902647856363,4.428418340485612,8.056288093053794,509.4033129959781,1175.294560399525,82.20786236527238,149.75165693107112,1.0,0.7705663741878717,0.14371190694620495,4.705439600475074,0,0
3.8799829498305525,5.055612013444101,8.203591957367388,516.3431854059919,1198.0065380888152,84.70698354499063,145.62562333823655,2.0,0.767460584147928,0.0035919573673890426,18.006538088815205,0,0
3.3758004922480906,4.690598758564862,8.293415368784132,514.8154466900941,1135.6661491348132,79.47860671609017,146.476375474419,3.0,0.7196950038338511,0.09341536878413237,44.33385086518683,1,0
3.6511121002535596,4.5696583513926985,8.162891059007883,503.72550082417337,1214.4755810242823,91.37581037002178,145.08548741344399,1.0,0.7989901692195035,0.037108940992116146,34.47558102428229,0,0
2.9665602694615982,4.386784044761337,8.101306280850173,516.607236524341,1158.808201269624,85.07618064083769,142.79775876894038,3.0,0.6762494434454761,0.09869371914982672,21.191798730375922,1,0
3.1348828375710824,4.54900810647474,8.314508961937294,488.3085440199249,1189.3578272386624,83.91077699603835,130.08672017483605,1.0,0.6891354694268348,0.11450896193729498,9.357827238662367,0,0
3.819608060598075,4.316646854394202,8.211141053528522,515.8801570631571,1202.6835736515254,81.19338870553115,135.77757680133982,3.0,0.884855349198878,0.011141053528522349,22.68357365152542,1,0
3.4715725160237114,4.6751649066852,7.905496203510172,527.9244645437872,1164.5386402405147,91.59514386291981,157.65523340388688,3.0,0.7425561631669972,0.2945037964898276,15.461359759485276,1,0
3.490038314739199,4.079289214972853,8.211604559542614,523.3458019052008,1193.953100327085,83.83549648522708,143.46521630967425,3.0,0.8555505947147888,0.011604559542615078,13.95310032708494,1,0
3.4454071890921667,3.9103332325570483,8.254775350157248,550.1273875717017,1166.3825928220072,87.98824900036271,162.26968663304103,3.0,0.8811032163512161,0.054775350157248326,13.617407177992845,1,0
2.7715785281403806,4.907789279809442,8.117272640484552,533.3739173969047,1183.0838698051791,80.45102188447483,145.97259109746105,1.0,0.5647305476170045,0.08272735951544696,3.08386980517912,0,0
3.554831910578515,4.348883298951164,8.15214879542907,529.2267912029104,1173.9246967343543,83.47365321076946,153.94671535165074,2.0,0.8174125782171331,0.04785120457092873,6.0753032656457435,0,1
2.965387492174426,4.0674268931664574,8.460685714275288,496.2292667845612,1205.9908082325278,79.23665448491607,146.1145314762626,2.0,0.7290573547682966,0.2606857142752883,25.990808232527797,0,0
3.1420381683674274,4.947041256629952,8.240440554109487,512.3792051757567,1152.1974526512997,82.66563746497528,146.94412292017802,3.0,0.6351348219547146,0.04044055410948744,27.802547348700273,1,1
3.653508038746826,4.7479209951991574,7.793865145949183,529.8125358311897,1172.246375124733,86.35440498528294,131.79226744388282,3.0,0.7694963841377227,0.4061348540508165,7.753624875266951,1,0
2.1396120766427953,3.9809211808546965,8.209867703421212,541.4946666642363,1145.5739952640736,80.27016821101867,132.18269601037562,2.0,0.5374665759260167,0.009867703421212681,34.426004735926426,0,0
2.633893123230325,4.236106897334627,8.071084271980702,535.6788152766139,1149.6483869231856,81.1036257820589,147.4024066389347,1.0,0.621772109732596,0.1289157280192974,30.351613076814374,0,0
3.439517755824764,4.9515186115824985,8.211311369338699,520.9244576584482,1122.44969549662,87.90729584072348,146.978421419263,1.0,0.6946389633039993,0.011311369338699251,57.55030450337995,0,0
2.969432169466063,4.084644594172501,8.286484168076349,510.91711728127046,1174.9795691364588,85.63098958674308,146.19130656844087,2.0,0.7269744283200381,0.08648416807634973,5.020430863541151,0,0
3.158698095940381,4.9099168235563315,8.153318756623946,521.583356994537,1186.2643122268719,83.8193256081369,136.66933638542577,2.0,0.6433302658290564,0.04668124337605306,6.26431222687188,0,0
4.056908143444746,4.417463571523486,8.338372175534966,515.6173407466077,1199.9642031687108,84.05366366398461,134.51679404443846,1.0,0.9183795354145338,0.1383721755349665,19.96420316871081,0,0
3.3159099427585654,4.186341154297784,8.134235894917708,468.23607830269106,1205.0200760845637,81.97863672109109,143.33637242701252,1.0,0.792078289788281,0.06576410508229102,25.020076084563698,0,1
2.737153352514692,4.734407435941955,8.270630328906307,505.0333838877732,1165.6039946950498,86.31109675970164,138.79771478070052,2.0,0.5781406414574813,0.07063032890630794,14.396005304950222,0,0
3.082020128683189,4.231921495884264,8.275988150754591,499.6130687706174,1227.9113580254088,91.40852487415694,130.1549627007967,2.0,0.7282791353649434,0.07598815075459164,47.911358025408845,0,1
3.428822976685658,4.402039244239629,8.092604916522408,515.6022933044864,1147.3838500346383,92.62361821811778,146.44812571406436,1.0,0.778916948637746,0.10739508347759141,32.61614996536173,0,0
3.587827610301163,4.211766132526533,8.086809342641008,509.5424137466564,1161.5953322477844,77.6428991447353,143.90044493751427,1.0,0.851858222074894,0.11319065735899159,18.404667752215573,0,0
3.1085600338639927,5.025958440619675,8.225453973695691,506.4815789549706,1142.158645638442,89.06330457893739,145.28816843913867,2.0,0.6185009426504972,0.0254539736956918,37.84135436155793,0,0
3.6884134782101414,4.395552780954806,8.397451725627928,521.452847081076,1166.4334775256484,83.6552567855122,135.99772037425078,2.0,0.8391239193742128,0.19745172562792845,13.566522474351586,0,0
2.491572578764764,4.930149851597953,8.175563170993565,500.58944505169245,1161.03691847552,80.00769618964073,132.4623955730742,2.0,0.5053746140093134,0.024436829006434735,18.963081524480003,0,0
3.010021875535618,4.320053393004045,8.000132532850268,526.6155228561054,1148.1036698829669,81.13803123600786,133.62073559667158,1.0,0.696755711332951,0.19986746714973158,31.89633011703313,0,0
3.5413662235121235,4.631523809848994,8.183052831534008,509.46198962344056,1148.7997352776586,81.47618966609363,156.83052940472072,1.0,0.7646222643218936,0.016947168465991425,31.200264722341444,0,0
3.0239822053212064,4.099241278749416,8.177766566673531,537.9770782614958,1162.5046264085506,87.67141565315129,140.43852839120564,2.0,0.7376931483052543,0.02223343332646799,17.49537359144938,0,1
4.155348797148176,4.577666254713812,8.168096539854231,514.5452472229526,1164.3739466349984,90.94062225483665,138.14974222094557,3.0,0.9077439387289316,0.03190346014576839,15.626053365001553,1,1
3.6422103731831936,4.465658288460341,8.262005804369558,537.084989264287,1207.7624319772895,81.70372933035769,156.7711720433,2.0,0.8156043604544004,0.062005804369558604,27.762431977289452,0,0
2.7215173503677317,4.097680586009529,8.467252717970027,511.20160362968323,1194.0103658052176,84.0454811405127,146.96010859723964,3.0,0.664160442128039,0.2672527179700275,14.010365805217589,1,0
2.5754027110232562,4.198776110113492,8.14019473262752,551.5955992713995,1218.2332663422926,89.29090812039745,139.8822658541819,2.0,0.6133698589468906,0.05980526737247871,38.23326634229261,0,0
3.0348008711426266,4.222474613856409,8.452397139101993,506.89690238546234,1152.826904587486,87.14221655524523,138.92711898368668,3.0,0.7187256639660885,0.25239713910199413,27.17309541251393,1,0
2.990135037173279,5.060719951103478,8.063307991464555,540.9206999902808,1129.2044110919464,84.31662398481288,134.327219670828,2.0,0.5908517099292236,0.1366920085354444,50.79558890805356,0,0
2.7479185101304306,4.597427471860063,8.130605608511067,507.1084987549601,1157.7451356694414,79.56628301957109,126.64103671886133,1.0,0.5977078543059535,0.06939439148893278,22.254864330558576,0,0
3.4203190289094656,4.66844178894784,8.463006279808647,508.000853005095,1207.6483865489427,83.76260331199366,142.6911890939929,1.0,0.7326468193893193,0.2630062798086481,27.648386548942653,0,0
3.2714778867241905,3.9938162761076494,8.09555596314214,513.3807595010326,1142.7863840242012,84.82831204655605,135.5497836961747,2.0,0.8191357988789154,0.10444403685785986,37.2136159757988,0,1
3.513149493979429,4.574071819024984,8.002286194630674,522.8910034387931,1207.6324563218716,85.45122955168586,133.14240500775105,1.0,0.7680573528817569,0.19771380536932526,27.632456321871587,0,0
3.5826812745542638,4.6185921757948,8.063324490996273,523.3525442782228,1183.9494843176315,80.5168210500316,149.83067115914852,1.0,0.7757085140694464,0.1366755090037266,3.949484317631459,0,0
3.695578541175775,4.161820862233756,8.567288048226107,517.6117279650418,1227.56074701178,88.75787794913559,143.89196398118605,2.0,0.8879715544278116,0.36728804822610783,47.560747011779995,0,0
3.245308164215106,3.7864705020380014,8.152833431455354,508.86885664670825,1270.2837515703918,89.55716207063658,138.43365827606445,3.0,0.8570800067269231,0.04716656854464496,90.28375157039181,1,0
2.9402889819735973,4.318527970821547,8.39459463008883,511.9474669150981,1165.7707555579802,86.05073383178734,155.96884256093858,2.0,0.6808544488212238,0.19459463008883127,14.229244442019763,0,0
2.879089092311353,4.523435320570805,8.098969052815413,492.6926853356986,1200.7841063618998,89.28140734145504,146.14877387566025,3.0,0.6364828692436266,0.1010309471845865,20.78410636189983,1,0
3.0192202512352493,4.588779972103828,8.39205280312557,519.3823600465034,1149.6821231050287,86.71078983053437,144.38790485491313,2.0,0.6579570755041156,0.19205280312556994,30.317876894971278,0,0
2.80739653958082,4.37705962686194,8.085909900336228,527.3563257209573,1170.3842466982192,85.53393798165804,144.49588056946484,3.0,0.6413886897291703,0.11409009966377148,9.615753301780842,1,0
3.1799047562203455,4.718555593054361,8.200033592199368,550.3456627399875,1173.100922588625,87.20161191331971,164.00758826817332,2.0,0.6739148650123357,3.359219936882596e-05,6.899077411374947,0,0
3.0747767877907384,4.118891386102474,8.394750173466312,503.38385468374247,1168.3561651730633,90.48340302199769,134.37136723987035,3.0,0.746505915989632,0.1947501734663124,11.643834826936654,1,0
3.8137928407178063,4.697069611895894,8.187187175075039,510.55176466835803,1214.837382426188,84.35270896285468,121.92651791221684,2.0,0.8119515261700541,0.012812824924960609,34.837382426188015,0,0
2.8293206764610757,4.364939432500247,8.14866323047798,513.6114156334138,1225.3365964324637,87.90283346798967,126.90579556166009,2.0,0.6481924250188833,0.0513367695220186,45.33659643246369,0,0
2.8806811021846186,4.562496752587678,8.242287703112657,527.4044849962547,1198.6078660590672,79.94217896429663,136.98789334732106,1.0,0.6313826086384436,0.04228770311265784,18.60786605906719,0,0
3.607064586737401,5.186637198264087,8.426810192371217,510.12063052661944,1225.3035146826942,88.01992777644298,166.07365261197322,1.0,0.6954534215829081,0.22681019237121802,45.303514682694185,0,0
3.1618817870452194,4.429522718543708,8.079956007758893,523.6166627181744,1185.5510887036519,82.7126968571022,162.90253978977046,2.0,0.7138199727691948,0.12004399224110607,5.551088703651885,0,0
2.988267155020652,4.798708126311109,8.37252052055194,535.2410020978751,1153.6215613266909,90.95859136916633,157.9509527240698,1.0,0.6227232571227638,0.17252052055194156,26.37843867330912,0,0
2.9042514370163857,4.638990453070269,8.219416996382115,534.819309898396,1139.6787266308959,87.32025218948252,151.19949724672048,3.0,0.6260524710647299,0.019416996382116025,40.32127336910412,1,0
2.9843509187404087,4.402005731043417,8.03198723012117,493.18702697768197,1196.5773505335087,85.85218248829754,130.7574163617642,2.0,0.6779525290066056,0.16801276987883007,16.577350533508707,0,0
3.3292670856739126,4.962132371933002,8.105465188953033,518.4194496705726,1185.6556570356151,85.25973191429077,134.58626270023933,3.0,0.6709347585796184,0.09453481104696593,5.65565703561515,1,0
3.4699277968666418,4.141032621414994,8.031369985457953,504.6420738734462,1203.7037502950527,79.02340081942975,143.58377700122296,1.0,0.8379378076096939,0.16863001454204607,23.703750295052714,0,0
3.407738605696469,4.486121634820098,8.21310361378904,490.96569735561457,1152.9513530205259,89.51587680560834,148.44185018373528,2.0,0.7596179690017496,0.013103613789040125,27.048646979474142,0,0
3.5254068869478683,4.292294767729862,8.352693557864404,525.507280439881,1168.046331932343,89.15122776610842,129.50426723243856,3.0,0.8213338265188799,0.15269355786440464,11.953668067656963,1,0
2.9759275839212123,4.406199466280293,8.053395382377444,539.582924558834,1198.8876226616396,91.90534124182635,141.88821054216163,1.0,0.6753955661835007,0.14660461762255572,18.887622661639625,0,0
3.226796286889949,4.942533709292957,8.227715297537353,506.09187896811176,1157.239558145757,83.48750167852162,134.96063517995944,2.0,0.6528627776822362,0.027715297537353578,22.760441854243027,0,0
2.985905915375773,4.248872959915488,8.188211380604676,521.9884376059505,1230.763643080605,87.21087897859947,149.2729434207841,3.0,0.7027524576146451,0.011788619395323607,50.76364308060511,1,0
2.8963469353785207,4.752689198104171,8.149728529183271,535.986831791382,1164.5255607898225,87.44633570312698,131.58397870638657,1.0,0.6094122325365711,0.050271470816728225,15.47443921017748,0,0
2.9232367720475025,4.849774956076567,8.318989374393254,528.0171418980572,1175.1555919946074,79.04025540058971,135.7538650380316,1.0,0.6027571996473879,0.11898937439325508,4.844408005392552,0,1
3.091337955869579,4.444773939895224,8.302512201034004,515.3122494430879,1136.405408831365,83.70104658111623,136.26848083351774,3.0,0.6954994780335106,0.10251220103400449,43.594591168634906,1,0
3.62790858199354,4.772036181879719,8.258525828932012,492.18587593002394,1182.467876308025,89.95791777498582,153.10394562168077,3.0,0.7602433097655712,0.0585258289320123,2.4678763080250974,1,0
2.918729429949645,4.404346093351581,8.33993430327907,527.8142856677375,1176.3608087564278,86.13926486135924,145.5144002939114,3.0,0.6626930235325541,0.13993430327907141,3.6391912435722134,1,1
3.6678359969711094,4.496860461284181,7.968886328752695,514.0858027074468,1193.259857648119,84.84292620561217,140.46789080053878,3.0,0.8156437202652339,0.23111367124730453,13.259857648118896,1,0
3.7643729518985083,4.496310465207583,8.199663069736431,538.3086581388276,1156.659144585264,89.59976332243635,145.16548764160052,3.0,0.8372137511833279,0.00033693026356829137,23.340855414736097,1,0
2.8397638589855756,4.7606395014916645,8.135824867642318,525.8975062609856,1117.579250219477,82.10399310798651,140.39265064343257,2.0,0.5965089054735767,0.06417513235768091,62.42074978052301,0,0
3.3974619390572607,4.273710560217857,8.169206121755723,590.9619581945203,1175.7380962754576,82.73329764025355,142.2699599238417,3.0,0.7949677195942589,0.030793878244276485,4.261903724542435,1,0
3.7545397589051377,4.0956872309071795,8.230155025557485,533.9484619884518,1214.298801266979,90.28396875419728,145.49048344513838,3.0,0.9167056824201919,0.030155025557485615,34.2988012669789,1,0
3.2845586269882636,4.586973352211299,8.01427582834968,519.3707074692392,1162.189285251585,94.02206793174608,134.93228551680383,2.0,0.7160622864069558,0.1857241716503193,17.810714748414966,0,0
3.3583279124383694,4.449955577790482,8.091958213511809,546.1611479046642,1161.383377439627,85.97231318015186,135.14266766296035,3.0,0.7546879632787655,0.10804178648819018,18.61662256037289,1,0
2.490787012717248,4.10026549563163,8.391109537527422,543.9481300881217,1175.3624117740953,86.79465882017607,130.68521807887984,3.0,0.6074696906245292,0.19110953752742255,4.637588225904665,1,0
3.7312776567396235,4.631845814402554,8.103680923925259,544.3700534678217,1205.4355417452225,85.98483291101607,141.03564265719456,3.0,0.8055703504490117,0.09631907607474055,25.43554174522251,1,0
3.0570218308758292,4.392312484446176,8.24544434612481,514.2996972166586,1172.4961099944308,83.44272110805875,133.45061786346565,2.0,0.6959937028627173,0.04544434612481041,7.503890005569247,0,1
3.290304609244702,4.48069870578625,8.205986004177964,536.9426151400405,1151.4258200338638,81.16324815161634,138.33217231212694,1.0,0.7343284662861543,0.005986004177964688,28.57417996613617,0,0
2.957011084951877,4.283049468351182,8.417706319160557,537.9795188859079,1199.1169793858808,86.91873976219046,134.3065020792966,2.0,0.6903985363960365,0.21770631916055727,19.116979385880768,0,0
3.017784189590452,4.903780502351495,8.106233886895952,518.314816256729,1181.576625737203,87.73961767918014,145.72629425685057,1.0,0.6153995244134487,0.09376611310404748,1.576625737202903,0,0
3.1094063604600675,4.38941419026429,8.016587458189273,526.3362086396355,1216.0735016959484,94.50889717004307,138.5313854651046,1.0,0.7083875489919215,0.18341254181072664,36.07350169594838,0,1
3.37618989518416,4.4551632920505035,8.327446717405998,504.67134701497116,1144.2203308538278,77.56073929545069,148.3588146839063,2.0,0.7578150727832116,0.12744671740599856,35.77966914617218,0,0
3.341001987342752,4.80907490819087,8.271850393613798,497.4460043709689,1178.6984114700188,75.2875277721904,141.5035611856582,2.0,0.6947286225376925,0.07185039361379886,1.3015885299812453,0,0
3.1347732144224945,4.498468010391832,8.184895619077423,533.522998692567,1175.5898236592918,85.47814052121961,145.72346472064623,3.0,0.6968535080129626,0.015104380922576155,4.410176340708176,1,0
3.053797625205894,4.454859557551505,8.177305144034543,509.72116159826186,1187.978183576726,91.04458028777725,148.17206830252348,1.0,0.6854980690342648,0.022694855965456284,7.978183576725996,0,0
2.46754204866466,4.396999447244265,8.138175828242767,507.97331455269875,1168.9443618497962,86.71989692090644,139.0700798766197,2.0,0.5611877094162377,0.061824171757232094,11.055638150203777,0,0
3.3030201562891057,4.177893402324674,8.18847018894945,530.9879199877033,1211.2894845670673,94.61849796828989,151.96470589584064,1.0,0.790594646014816,0.011529811050548844,31.289484567067348,0,0
3.8129470898712468,4.100055597456837,8.330354691329624,532.3531937511726,1154.729658222067,91.16171580674984,140.02854037933807,1.0,0.9299744840792766,0.13035469132962518,25.270341777933027,0,0
3.055475775213084,5.073806440307038,8.416016518010375,518.2279843448185,1209.8851624730735,87.30716995170383,139.03550597705868,3.0,0.6022058213213939,0.2160165180103757,29.88516247307348,1,0
3.533333564712123,4.40772857486526,8.46341523845403,504.71548636276617,1206.2020916142972,77.50306400521148,143.27314942726068,1.0,0.801622310425163,0.26341523845403003,26.20209161429716,0,0
3.3325053725614255,4.458446326617833,8.271705672278841,554.4192048579332,1211.02835800037,88.19807539629439,137.58434388172566,2.0,0.7474588965932438,0.07170567227884206,31.028358000369963,0,0
3.2348188272952685,4.512386236676232,8.101474679695835,489.4522694207898,1213.1797805700446,83.70279245871919,131.12330411360827,2.0,0.716875430628279,0.09852532030416405,33.17978057004461,0,0
3.2384483107763935,4.376844455181081,8.243513184945314,531.5581780697785,1219.4331824262617,88.16611094691109,146.82290363944242,3.0,0.7399048202873607,0.043513184945314975,39.43318242626174,1,0
3.2098040697035772,4.127326039935231,8.08385951163939,495.7283047699423,1183.0523024112772,83.37502850839266,146.4268136867377,1.0,0.777695786053348,0.11614048836060853,3.0523024112771964,0,0
3.57129827653773,4.122520611189814,8.369943424720919,491.65238297545625,1139.2371780589735,82.46794471074494,143.98404430663285,2.0,0.8662899746280992,0.16994342472091972,40.76282194102646,0,0
3.3718472876530345,4.012336789931382,8.161185338219143,541.4669116895917,1172.6018114947808,87.39640653231072,131.08211748824166,3.0,0.840369954803901,0.03881466178085624,7.398188505219196,1,0
3.570486160896637,3.8757778423827065,8.422424929957886,493.6569441405207,1176.8691321321173,82.65177224607598,137.99717685740234,3.0,0.9212308613076707,0.22242492995788687,3.130867867882671,1,1
3.467461921903163,4.362834438204241,8.16104697048384,523.3509152004713,1178.4569697329644,87.68282306159671,147.96200886915364,2.0,0.7947727492807658,0.03895302951615953,1.5430302670356468,0,0
3.1780423997534855,4.835004382520257,8.202674838179464,491.3438477718643,1175.6193758342363,77.83255303890914,135.53864586489257,1.0,0.6572987628688818,0.002674838179464345,4.38062416576372,0,0
3.780987013788298,4.759586926840575,7.896991537821515,470.3586346681474,1173.902426284979,79.83655757380882,138.4767893541019,3.0,0.794393940295935,0.3030084621784841,6.097573715021099,1,1
2.8492904875152623,4.675386885746022,8.12903388799592,534.7271594584865,1220.7788128757002,77.33363332512361,143.53039502834258,3.0,0.6094234673054646,0.07096611200407921,40.77881287570017,1,0
3.756986120025732,4.545422217187434,8.164403164870716,516.5385426829307,1152.298666829264,89.32662072707872,143.1647800546053,2.0,0.8265428247772098,0.03559683512928302,27.701333170736007,0,0
3.014153081080643,4.345228406060298,8.367079359697332,510.6647499772411,1175.3818522005129,82.8890577165286,146.28168228114936,1.0,0.6936696529423237,0.16707935969733256,4.618147799487133,0,0
2.8362450180821046,4.369153367547755,8.127402349059917,522.6393865776312,1173.927144222818,85.39925467528657,139.4164959435146,1.0,0.649152084817941,0.0725976509400823,6.072855777181985,0,0
3.6304028554394394,4.415362266919827,8.459395129906714,532.7988298458155,1199.6888351701261,78.15518388395205,132.50582865878334,1.0,0.8222208360605938,0.2593951299067143,19.68883517012614,0,0
3.0431949440323485,4.925836704239352,7.99666872082538,518.8404004076106,1191.8510489140415,80.29946769565612,140.99553983432378,2.0,0.6178026447355559,0.2033312791746189,11.851048914041485,0,1
2.8697385268791433,4.458677681883622,8.165393354127275,532.4937414426116,1148.7691120106842,80.61090827950004,134.34968869868513,1.0,0.6436299573516508,0.03460664587272433,31.23088798931576,0,0
3.4431586038866158,4.739355210414642,8.194686978896273,491.37655618142264,1171.2632190520656,85.03176209209295,135.33345793836568,1.0,0.7265035960153055,0.005313021103726001,8.736780947934449,0,0
3.4347428375201083,4.706749337122301,8.158058092014297,518.9450726359155,1206.9298126066947,90.25974818136119,153.21213050584288,1.0,0.7297484082486441,0.04194190798570219,26.929812606694668,0,0
2.913193540348826,4.6434421726667425,7.974208123575783,534.2910244653791,1166.7819591790796,82.84229575416248,144.85157654021475,1.0,0.6273780164356806,0.22579187642421594,13.21804082092035,0,0
3.4476617044020794,4.348710595256213,7.954479720353381,533.4639171752896,1174.0863355089766,85.67760032237419,130.12538851291393,3.0,0.7928009068642455,0.2455202796466187,5.913664491023383,1,0
3.2677443296144313,4.319884292138668,8.247441067038956,530.1911930338631,1161.6796709724076,83.25567913161912,152.88837890922443,3.0,0.7564425590760926,0.047441067038956675,18.32032902759238,1,0
3.114617288259825,4.20868139126768,8.313916326073386,519.8994315885727,1121.2999716398913,90.71108073964858,150.17263626655546,2.0,0.7400458713700915,0.11391632607338664,58.70002836010872,0,0
3.2075276198962395,4.240671988399284,8.312570479290263,521.2377115152061,1181.67969188735,85.11208360290716,142.90158807237572,1.0,0.7563724871705072,0.1125704792902642,1.679691887349918,0,0
3.289261221899079,4.4246646496072675,8.286184257630506,517.0609890658906,1148.9366971319323,82.26329254480274,141.98412300689577,1.0,0.7433922074631444,0.08618425763050652,31.063302868067694,0,0
3.5763084751952867,4.275360061193984,8.043782057233777,510.8793248282157,1221.5603149455565,84.56582667390961,148.3801608922137,2.0,0.8364929323309519,0.15621794276622225,41.560314945556456,0,0
3.314782341720684,4.621747226002144,8.178297135888648,518.6087889973111,1177.4441447529248,85.94870000007862,145.5346018154345,3.0,0.7172141138213628,0.021702864111350806,2.5558552470752147,1,0
3.688113158567087,4.52902647553164,8.464494820044935,557.0838533072442,1196.2595922848961,91.77097846720433,128.17601713129295,1.0,0.8143280189855436,0.26449482004493596,16.259592284896144,0,0
3.433765192188994,4.3669179509377845,8.21542213647326,522.88466715955,1183.5849710758382,87.76606342346132,143.47588358756053,3.0,0.7863131915875105,0.015422136473260295,3.5849710758382116,1,0
2.678212199798059,4.726699751623294,8.273011225323708,508.43101131011116,1148.1287107246924,87.0007336861397,145.92375915560083,1.0,0.5666135654822722,0.07301122532370918,31.871289275307618,0,0
3.524323309263913,5.053918776179774,8.047706143862527,536.1753016011487,1205.7579173868419,87.37107794209302,131.46584599195592,1.0,0.6973446675038538,0.15229385613747226,25.757917386841882,0,0
3.9397448565545528,4.487818130496441,8.274174629767048,525.2553855242423,1175.4387499281434,91.6800879532809,129.42008380682134,3.0,0.8778753374395019,0.07417462976704847,4.561250071856648,1,0
3.952462827776236,4.2611807586838095,8.47761717136536,519.2526765531748,1199.153439613167,80.34155890509612,129.86915437079054,2.0,0.9275510828293327,0.27761717136536035,19.153439613166938,0,0
3.4251523440697422,4.378752852156209,7.981405106862424,523.5329020919355,1199.3640826095614,85.82160309040763,141.20761451299458,3.0,0.7822209791084439,0.21859489313757496,19.364082609561365,1,0
2.7276748738764622,4.506924197685127,8.179659814014867,525.5644873720264,1183.8195591775059,93.19802927273415,151.08387875855857,1.0,0.6052187153873695,0.02034018598513221,3.81955917750588,0,0
3.6117652403821308,4.710976148428784,7.849606957179784,537.2567412093128,1171.8053077593945,95.265462291235,133.38407019050788,1.0,0.7666702453630687,0.35039304282021533,8.194692240605491,0,0
3.40313430251585,4.431275690723487,8.32624483836476,517.0942978354093,1122.250784989039,83.02675846817637,139.50309980584487,1.0,0.7679807214143892,0.12624483836476053,57.74921501096105,0,0
3.8354507712174386,4.106535258630395,8.250929318110632,528.287600823719,1178.969481415797,82.87072743415054,141.67219329513603,3.0,0.9339870544695249,0.05092931811063295,1.0305185842030369,1,0
3.455464067457241,3.9359134768293647,8.06377690770885,506.83060122662965,1213.5508832743933,89.48859897141864,147.2051650269371,1.0,0.8779319176911661,0.13622309229115004,33.5508832743933,0,1
3.9416370265336758,4.601806743826866,8.157447066860923,552.8204613166564,1160.8113374692462,78.21192074670594,132.79876816559297,3.0,0.856541190254171,0.04255293313907593,19.188662530753845,1,0
2.8785301728121078,4.433465578885159,8.185859092415354,498.2525357495553,1186.1721725383068,90.65688269076131,130.4038558690215,1.0,0.6492731523330493,0.014140907584645035,6.172172538306768,0,0
2.8738497486735515,3.8232626006715758,7.924054319115654,544.4321469228931,1162.0046612251683,87.17770548994196,138.8123474374156,1.0,0.751674694648772,0.27594568088434546,17.99533877483168,0,0
3.4300820064426265,4.590422120934336,8.002857235328781,521.4407428458746,1154.8972648198471,82.26376943767443,142.51958707109642,2.0,0.7472258357358301,0.19714276467121827,25.102735180152877,0,0
3.375390295523891,4.477696401072443,8.493952597293381,512.0826412641927,1195.8563219117857,88.58879020909419,137.28016105429782,1.0,0.7538229465404658,0.29395259729338186,15.856321911785699,0,0
3.21840109890131,5.015509198729163,8.18756695241877,517.0997052396519,1192.7048234792976,77.11997857421588,149.67607887808836,2.0,0.6416898007235443,0.012433047581229317,12.704823479297602,0,0
3.6632443494000273,4.344672765833334,8.220795254279567,512.9303388564974,1179.8286501274627,81.37668494873171,147.8063141186591,2.0,0.8431577119834566,0.020795254279567743,0.17134987253734835,0,0
3.281755612641191,4.413553190846665,8.03722876852565,497.28620601954725,1150.1935647751552,84.7097517389749,152.3391571082758,1.0,0.7435631723446113,0.16277123147435013,29.80643522484479,0,0
2.975132789368679,4.66530511806789,8.170781556807514,498.793697883699,1217.9186199383455,85.64093131022511,136.07018066060687,1.0,0.6377145145788663,0.029218443192485566,37.9186199383455,0,0
3.402808108854143,4.780143127822499,8.170010511532237,554.3579729207993,1186.025078441559,88.41762712058306,142.0507624784051,3.0,0.7118632260897096,0.029989488467762726,6.02507844155889,1,1
3.421623108446363,4.840686175647443,8.203249811755533,526.4294718219089,1176.7624071593166,88.85774257725888,148.3134858861032,1.0,0.7068467121361928,0.003249811755534182,3.237592840683419,0,0
2.6851345725663003,4.465931230562864,8.012211660928982,549.7654338885375,1198.3632304606122,84.42485297431132,130.63133298320346,1.0,0.6012485265310793,0.18778833907101777,18.363230460612158,0,0
3.235362754516739,4.133033930981421,8.377751047537451,525.5827688698271,1205.3061476913226,84.42584625095196,136.55192261780823,3.0,0.7828057566819132,0.17775104753745197,25.30614769132262,1,0
2.9132710717588783,4.271523640489134,8.099746275401365,518.5811341694778,1171.7564210282533,82.55574914173972,138.3799772184716,2.0,0.6820215258701593,0.10025372459863391,8.243578971746729,0,0
4.030104349050107,4.559883125520835,8.179955840540984,497.6566130906628,1156.4595558604074,90.14520354208781,151.26383978909502,1.0,0.8838174657614642,0.020044159459015276,23.540444139592637,0,0
2.865942839347991,4.912383380272966,7.910144186875628,505.5452367808436,1149.1019456622703,84.5725895596682,118.91399805052677,1.0,0.5834118831753982,0.2898558131243716,30.898054337729718,0,0
3.146201286239307,4.451960958120619,8.20462742391354,508.84232072875807,1191.4160381826987,88.52662584204984,139.14291496978782,1.0,0.7067001070154859,0.004627423913539985,11.416038182698685,0,0
3.6467335102119818,4.785902849464215,8.433003204858384,540.2773220863427,1197.2654380536405,82.05032103993835,139.7555136614372,2.0,0.7619739940726674,0.23300320485838455,17.265438053640537,0,0
3.3678129775628114,4.226853988940544,8.21612875006462,518.5757999970789,1174.0869871148566,89.7979898029006,144.5681693003635,3.0,0.7967658654824232,0.016128750064620334,5.9130128851434165,1,1
3.1646871806594983,4.444790280240299,8.22889287213804,537.9888570350702,1167.392199162392,83.35776324525402,149.3109512275788,1.0,0.7119992126549571,0.028892872138040815,12.60780083760801,0,0
3.568660044769784,4.058662078387945,8.160068057439025,538.519793950221,1160.3197578053735,88.09155271308796,150.37527792739772,1.0,0.8792700586957822,0.03993194256097432,19.680242194626544,0,0
3.4818026159298894,4.259318449819644,8.127478279750843,507.123923756296,1216.8469822626687,84.73692510577096,135.58846521077405,3.0,0.8174553408327256,0.07252172024915637,36.84698226266869,1,0
3.3655196389805995,5.063962364826303,7.950762851623301,530.6432126072825,1192.21966184456,85.45597435756677,137.34887982976008,2.0,0.6646020242355093,0.24923714837669841,12.21966184456005,0,0
2.955445901044549,4.815232287141634,8.237977554354893,512.2884088599993,1187.7801898543194,88.69334776680995,150.09402120399236,1.0,0.6137701618928872,0.03797755435489414,7.78018985431936,0,0
3.2447196632813555,4.316036432257201,8.27928088027471,526.3826250148843,1241.2906342959077,77.07747468582134,157.34774213223812,2.0,0.7517822690928143,0.0792808802747107,61.290634295907694,0,0
3.1004143406083706,4.777792530214385,8.202013072808269,545.0906415497393,1191.9769263874364,93.94273872570207,153.61325841214992,1.0,0.6489219279306649,0.002013072808269456,11.976926387436379,0,0
3.438196359055703,4.121140573881546,8.303016323357149,544.4853098730983,1190.1240549397792,81.66513088588508,136.74456644200424,1.0,0.8342827177533314,0.10301632335714928,10.124054939779171,0,0
3.8316851262029568,4.814544795315178,8.35012307466526,542.2591553585736,1130.0228046775549,86.6790705209211,132.56540161242012,2.0,0.7958561584338243,0.1501230746652613,49.97719532244514,0,0
3.2975202855084795,4.873369548106576,7.8261415522625395,506.9056172877939,1153.4817094011116,92.39055883210278,132.1425225765715,1.0,0.6766407210208399,0.3738584477374598,26.51829059888837,0,0
3.453888587424708,3.8340666157644447,7.950819339222411,536.292145297049,1185.149017905227,85.49622167135415,143.12062764429493,2.0,0.9008420908292492,0.24918066077758816,5.149017905227083,0,0
3.186922100762363,4.310030580985507,8.118756885503622,513.0324835994511,1224.124296353161,85.80013664852069,122.1767719271951,1.0,0.7394198347646618,0.08124311449637744,44.12429635316107,0,0
3.222659969958843,4.870021822905801,8.257078045797444,536.719322428904,1186.2233652965278,93.75432556796608,141.68562765864223,1.0,0.6617341947297972,0.05707804579744469,6.223365296527845,0,0
2.7483792915131087,4.397453453926159,8.214302541149916,529.7834379859005,1184.2684277655173,83.39884607468365,142.6725184895668,3.0,0.6249933784823332,0.014302541149916692,4.268427765517345,1,0
3.0339144928378916,4.2693700769884435,7.996737090133748,520.9838101764286,1210.421492728225,86.58418385760886,146.39393182742995,2.0,0.7106234496933915,0.20326290986625128,30.421492728225076,0,0
3.3957018140305313,4.630279094976621,8.059979326236244,531.3522375177619,1181.466765084241,82.5335054433284,143.8862172307471,3.0,0.733368711398229,0.1400206737637557,1.466765084240933,1,0
3.4502032067324144,4.285780464605346,8.182962719765381,540.897148433366,1203.6315019473534,83.27874190099604,151.92935276782973,3.0,0.805034983574477,0.017037280234617924,23.6315019473534,1,0
3.1489803518489863,4.600883366774268,8.338894919477834,487.4498430275638,1185.048497583387,79.07893017240487,145.06936730530782,3.0,0.6844295106251178,0.13889491947783483,5.048497583386961,1,0
2.5820250613292965,5.101326991102551,8.094982361227688,518.9270227830064,1147.4531537031803,82.37443044958984,142.51125479868566,2.0,0.5061477269201861,0.10501763877231163,32.546846296819695,0,0
2.77575797344136,4.321648891215298,8.350724372422485,505.03621463573893,1170.199003282572,84.8844148494053,128.88409700061086,1.0,0.6422914129931766,0.15072437242248604,9.800996717428006,0,0
3.1784380603977045,4.443681892926035,8.549955334316719,538.4755487884228,1187.6673174903353,84.16120338314714,150.85884035333987,1.0,0.7152712854496261,0.34995533431671966,7.667317490335336,0,0
3.609412257674138,4.168567597907545,8.033922509517735,515.803553214189,1213.919992137287,80.12074128332263,142.47120634655872,3.0,0.8658639141704347,0.16607749048226417,33.919992137286954,1,0
3.6240839629995523,4.981606788708542,8.395837407371578,520.5646314897948,1216.857823482293,80.68532289574443,139.91208532489594,3.0,0.72749297886909,0.19583740737157918,36.85782348229304,1,0
2.8535300607142,4.642872106016299,8.003503516843748,524.8818065550395,1181.2676813465919,87.9414433065681,139.65047819063398,1.0,0.6146044937145589,0.1964964831562508,1.2676813465918713,0,0
3.589240624406029,4.710609097100198,8.140587405088109,514.387113048258,1155.9059739772117,89.06168165990803,147.45885610330606,1.0,0.761948306399183,0.05941259491189044,24.094026022788285,0,0
3.1704209737566433,4.5162154988538,7.938894909042949,503.7423350398819,1197.9728459300836,79.61797941438196,149.89655395420172,1.0,0.7020083461161845,0.2611050909570505,17.972845930083622,0,0
2.906330480488602,4.548838985429974,8.451387818141406,523.39606805518,1225.1983209738119,83.98485569700333,137.05017564155762,3.0,0.6389169828078597,0.2513878181414064,45.19832097381186,1,0
3.269272370340473,3.946028085658675,8.149809421820455,518.0499901015974,1223.0423153033785,78.66604239554754,144.787970019428,3.0,0.8284969844471509,0.050190578179543976,43.04231530337847,1,1
3.2898738903007545,4.710942059170815,8.111080115023203,506.4259753637609,1196.7792839762901,86.18338022089526,140.00011692245192,3.0,0.6983473471506602,0.08891988497679648,16.779283976290117,1,0
3.598447285964452,4.090165775719894,8.301065325150438,509.75971264439033,1179.3057817414663,88.39832746988944,133.7918643607686,3.0,0.8797803029025939,0.10106532515043831,0.6942182585337378,1,0
2.8658611786960972,4.420331846244437,8.296281859221665,505.5386297237361,1155.5767044727359,86.34636815560825,133.7490974588699,3.0,0.6483362059078501,0.09628185922166566,24.423295527264145,1,0
3.356278368371258,4.49402448111008,8.392612041481343,485.78066028127625,1208.8589071538106,83.37307723791436,134.14166205410055,3.0,0.7468313494356809,0.19261204148134325,28.858907153810605,1,0
3.5362480106018213,4.615724990454509,8.185360916476837,521.5385905062693,1178.1354942474122,85.40351625845439,127.84231333499771,3.0,0.7661305682528278,0.014639083523162455,1.8645057525877746,1,0
3.3398600189198775,4.435638700644611,8.29714089738506,517.7294521022083,1181.6852021265204,92.53738433398661,132.54120663275125,3.0,0.7529603386501138,0.09714089738506004,1.6852021265203803,1,0
3.339024645521421,4.302292852002099,8.222208612083621,522.2059928251139,1196.2634122244401,82.60090252327394,144.79637588931675,3.0,0.7761035242385886,0.022208612083622015,16.263412224440117,1,0
3.4415162081111577,4.783985492499131,8.069110821039077,530.7249735611898,1167.5909217626,84.09891476752881,151.9556048744272,3.0,0.7193826596647859,0.13088917896092234,12.409078237400081,1,0
3.466369700821785,4.164621717588978,8.141892738247792,544.5438270395131,1170.4825643595843,79.14828717043595,136.80342329754708,2.0,0.8323372289371412,0.05810726175220715,9.51743564041567,0,0
3.960476274301203,4.215314151669396,8.199928192289724,558.5374653339463,1167.741788891435,79.49025340046842,140.50917163118027,1.0,0.9395447482350006,7.180771027570643e-05,12.258211108565092,0,1
2.566345622797804,4.462040226075882,8.11567564870979,499.1559674825998,1151.5017182016027,84.11689358559548,125.09689313468226,3.0,0.5751507140668727,0.08432435129020988,28.49828179839733,1,0
3.6757881955698566,4.826971487727249,8.05609675590278,509.92622474514707,1177.9612301227555,86.16901043830508,152.17110845566955,1.0,0.7615102355906124,0.14390324409721877,2.0387698772444764,0,0
2.956086838272247,4.405592751363573,8.181317728047036,527.2489274068568,1170.3571157740398,84.09987092415365,141.82532739060184,1.0,0.6709850420664337,0.018682271952963347,9.642884225960188,0,0
3.227920833996008,4.267237553050055,8.220601198684765,523.156574331796,1152.8242417999681,84.38620059549247,136.75677981607285,2.0,0.7564427321212462,0.02060119868476562,27.17575820003185,0,0
2.817425449272797,3.976898219281039,8.422185488743539,495.97311728340713,1158.9531662270729,88.09741478008085,135.78638939120214,2.0,0.7084479645228877,0.2221854887435395,21.04683377292713,0,1
3.9180845423649293,4.273198794163019,8.266155375227614,560.6728364993646,1192.8265835753393,86.4751852318332,158.50266335139844,1.0,0.9168973245054605,0.0661553752276145,12.826583575339328,0,1
2.740482385936538,4.47983090784116,8.240225042473295,496.36109882945954,1211.0674119818343,88.19961436600461,135.84220925135335,3.0,0.611737907457191,0.0402250424732955,31.06741198183431,1,0
3.3898792931519814,4.5086326692242995,8.030351891727161,495.45872354792476,1155.5678791989258,90.0141362311182,150.46773956447632,3.0,0.7518641550772728,0.16964810827283827,24.432120801074234,1,0
3.525282074699191,4.349921695023998,8.118595468914608,528.8755552368629,1167.8402057802284,79.17613983026152,145.40635579237795,3.0,0.8104242607220815,0.0814045310853917,12.159794219771584,1,0
2.5549136515241395,4.221362375564262,8.264554396225973,499.46958718920604,1189.0972840537513,93.24773982401446,131.71648081193212,1.0,0.6052343825557961,0.06455439622597403,9.09728405375131,0,0
2.943407361910819,4.493269184405828,8.581908180391418,524.6364714857879,1226.4103879456584,84.32524535691776,145.5822956112381,3.0,0.655070337533088,0.3819081803914184,46.410387945658385,1,0
2.643911229938615,4.817388214151638,8.060842856157343,539.7257221895828,1196.4893489351664,86.66648474428303,145.81791089481095,1.0,0.5488266902847878,0.13915714384265598,16.48934893516639,0,0
3.2942458232434264,4.29955708550167,8.172034537626766,521.4053988501278,1218.7786770349505,83.09443441545783,122.91556685547341,2.0,0.7661825990369129,0.027965462373233052,38.77867703495053,0,0
2.7940973077228533,4.778679604059665,8.234098886023478,473.786153624698,1170.5711054297183,84.06296217119555,146.70889476826275,1.0,0.5847006994912284,0.03409888602347877,9.428894570281727,0,0
3.423334569284682,4.860674701008351,8.141014538625573,512.8299047916024,1171.91177346097,89.4672385774134,136.39738269578285,1.0,0.7042920539138766,0.05898546137442651,8.088226539030074,0,0
3.4963297381680505,4.818376877553636,8.150666575499377,521.4344932128888,1160.677408406445,83.55805909317118,128.79423093154102,3.0,0.7256239655577891,0.04933342450062206,19.32259159355499,1,0
3.3747752678985403,4.456902141030865,8.127975657521043,511.96482702132073,1231.8314176670722,86.02142812526735,151.5603980768879,2.0,0.7572020117006126,0.07202434247895617,51.831417667072174,0,0
3.044661224679537,4.18029519065413,8.11617755623948,512.2882881743997,1215.5099107774631,85.40090091827827,142.1415045193472,2.0,0.7283364176669002,0.0838224437605195,35.50991077746312,0,0
4.024299169952795,4.510170817104702,8.358443272561917,533.0049238499729,1154.3484542276901,82.00263479951984,131.70807130950337,1.0,0.8922720074810641,0.15844327256191804,25.651545772309873,0,0
3.3628209148498143,3.9145191261351338,8.535545661559244,522.8021569783909,1163.501149671335,81.40819179253359,138.38197783432878,1.0,0.8590636054219299,0.3355456615592445,16.498850328664957,0,0
3.1237270396946615,4.812286252139337,8.072257413971993,516.8198483312516,1186.768913088746,84.94661414092008,138.55132418806932,1.0,0.6491149685156137,0.12774258602800614,6.768913088746103,0,0
3.3775277712584915,4.011898523739975,8.13464337514229,499.3579042247221,1215.7443714878718,88.36863134551957,124.08138375537625,3.0,0.8418776672516661,0.06535662485770999,35.74437148787183,1,1
3.322919808350644,4.727647324849083,8.436187953664351,521.7357468315131,1231.7813863538715,86.05608979598541,152.25512198352115,3.0,0.702869647272991,0.23618795366435208,51.78138635387154,1,0
3.3950241188346877,4.600754179416021,8.153996767671924,515.704893486809,1192.8777988607944,85.5021935653166,127.84859762452766,1.0,0.7379277365624638,0.04600323232807568,12.877798860794428,0,0
3.58016953527442,4.1007884606007226,8.471733365979086,521.7154611847651,1193.663110401338,79.46225758437465,134.79704077548845,2.0,0.8730441886477895,0.27173336597908637,13.663110401337917,0,0
3.0847844504311697,3.928129013973186,8.259850713886577,551.4262653793412,1207.0088950318411,88.8859439930724,150.8133974283997,3.0,0.7853062968839956,0.05985071388657737,27.00889503184112,1,0
3.29010564689902,4.510300016570651,8.051101147682262,522.3674091414068,1178.7093643972707,82.22943909959648,140.8616866795235,1.0,0.729464921198556,0.14889885231773725,1.2906356027292532,0,0
2.348506362234075,4.232869274117202,8.08793458694994,504.2441757833612,1203.1416736976964,80.77464453368462,140.14238381304713,3.0,0.5548261024831788,0.11206541305005935,23.141673697696433,1,0
3.658412057656826,5.054432731231666,8.081867283905693,518.3551373122971,1188.6159734867886,79.67604831372361,136.36186909399802,1.0,0.7238026998217741,0.11813271609430664,8.615973486788562,0,0
3.01609415366781,4.517972932223851,8.365626273481551,542.1133169154684,1199.546258939575,83.23385868331911,132.00404090859033,2.0,0.6675768532140456,0.16562627348155168,19.546258939574955,0,0
3.434904965385671,4.329765815631495,8.15800508007902,507.5452448688825,1207.9307499433478,83.97182789568585,121.32697664848612,3.0,0.7933234985115165,0.04199491992097926,27.93074994334779,1,0
3.129658238227172,4.7059703240259525,7.868867865149296,507.21512383038566,1129.5434961667743,83.59902666036854,140.46442275653772,1.0,0.665039943321341,0.33113213485070325,50.456503833225725,0,0
2.9332605132193748,4.122280526565542,8.449456338939417,517.9854996664143,1163.0925022191325,83.06129614024559,136.55990815968036,1.0,0.7115625667891272,0.24945633893941732,16.907497780867516,0,0
2.6573672781506383,4.359070660698859,8.203256952772726,508.70207147151945,1186.4432435302763,90.56573730060259,135.61953685701226,3.0,0.6096178484785065,0.003256952772726862,6.443243530276277,1,0
3.2016919435976607,4.73890200592465,8.25204404453267,563.0537210102311,1176.7957707433377,79.02005560957849,143.9456584592341,3.0,0.6756189385050031,0.05204404453267131,3.204229256662302,1,0
3.070928064463146,4.368678803278702,8.152809782883692,524.6183931252875,1211.9245764765762,81.99447950645377,143.95366875909667,2.0,0.7029420568652165,0.047190217116307664,31.92457647657625,0,0
3.641320752806609,4.372273318604523,7.972237645175697,505.16399609138585,1195.971721841972,79.2101343309042,138.04851222808438,1.0,0.8328209347022181,0.22776235482430263,15.971721841972112,0,0
3.6145211568289923,4.608574281219158,8.169554748527817,502.4547667255764,1153.7613385129548,79.08313898222036,153.14957400678213,2.0,0.7843035471457126,0.030445251472182022,26.238661487045192,0,0
3.697871832294715,4.2673180186192825,8.133517196135845,512.895765244111,1172.7424182816203,81.82610772360559,131.35058562091504,3.0,0.8665564214557011,0.0664828038641545,7.257581718379697,1,0
3.428356204277267,4.5321509745778785,8.153354280027088,536.854072854928,1188.9941426041505,85.93887093136863,142.59833810548645,3.0,0.7564523385808279,0.04664571997291134,8.994142604150511,1,0
3.289693897814117,4.617830508915337,8.248544870876946,521.6219877261595,1192.3544072355937,84.52664393490237,139.83280129315906,1.0,0.7123894847917296,0.048544870876947144,12.354407235593726,0,0
3.5676305931951076,4.2212590978470725,8.079441450865797,516.903435481918,1165.682596223542,84.75436579653537,153.43688875275546,1.0,0.8451579279200164,0.12055854913420205,14.317403776457923,0,0
3.5820569282004957,4.533265914848525,8.081016820418943,527.5985864595148,1186.5758795454476,88.51938369582756,152.6476074865826,1.0,0.7901713675514699,0.11898317958105586,6.575879545447606,0,0
3.1962845753728737,4.877283933772995,8.423791458874245,531.6784326907283,1221.2808492926715,87.19266223580493,144.1899150200599,2.0,0.6553410910906172,0.22379145887424556,41.28084929267152,0,0
3.3731839301442785,4.641152954213567,8.08627542707501,498.4956975757021,1168.2038844711124,85.48497878118363,143.48100925550173,1.0,0.7267986990937381,0.11372457292498872,11.79611552888764,0,0
3.1641057222851097,4.91042380514658,8.243400835846447,511.9495881138285,1202.9590778733468,88.45806346307472,143.82969060219537,2.0,0.644365099062217,0.04340083584644816,22.959077873346814,0,0
2.7069906740925966,4.354794862913375,8.151402872394913,544.0019049885934,1193.2576545562401,75.59510423460672,150.3678228348537,2.0,0.6216115244657008,0.0485971276050865,13.25765455624014,0,1
3.190349965155999,4.486691563346532,8.06700412461931,509.49302837759035,1219.9926050262025,93.35885985250384,140.48109046269215,1.0,0.7110695975868045,0.1329958753806899,39.992605026202455,0,0
3.1189903091740683,4.385154755703975,8.274837160144662,504.845565264987,1185.545278708274,90.0026460311446,145.75563391870048,1.0,0.7112611714343242,0.07483716014466246,5.545278708274054,0,0
3.0547533355377734,4.399264218306075,8.134973226819469,542.1060752880567,1174.4494962404995,86.83093617027883,162.8412844087464,2.0,0.6943782376452987,0.06502677318053074,5.550503759500543,0,0
2.9509402553062194,3.834722676192369,8.286859235904199,484.59229786768924,1160.3425648656284,83.48528522899947,142.68816679149091,3.0,0.7695315942551497,0.08685923590419975,19.657435134371553,1,0
2.7263877767109763,4.580242616669419,8.22550153284703,505.63265390985464,1166.8792719640255,88.64153539924393,137.7230232376311,1.0,0.5952496416223152,0.025501532847030717,13.12072803597448,0,0
3.249419078382233,4.129289093385177,8.058769911959837,532.3685255080536,1191.0263528203911,84.57427796167445,152.78444950118984,2.0,0.7869197346343825,0.14123008804016202,11.02635282039114,0,0
2.398455054237299,4.243820127461984,8.090881911291532,528.7933624925322,1127.4754697375101,78.55778719501583,135.31465753295382,2.0,0.5651641638041174,0.10911808870846684,52.52453026248986,0,0
3.711070728759404,4.762852179507923,8.120851933573249,523.5215295096217,1147.265151364168,86.79540332536602,150.7447990626034,2.0,0.7791698310409553,0.07914806642675032,32.734848635831895,0,0
3.076316369180055,4.7929294131594204,8.1015947862639,506.90563348382295,1164.8168272395576,83.47217484988668,154.39971381603388,3.0,0.641844705680811,0.09840521373609867,15.183172760442403,1,1
3.367282302355189,4.239369736628127,8.158456135865924,513.4098455912438,1183.4753295264743,82.08491388529488,135.44793506832724,3.0,0.7942884227501091,0.04154386413407529,3.4753295264742974,1,0
3.3401480865545357,4.206618349334208,8.133951147298571,530.9456672314072,1135.08853197075,82.78887713012877,149.18157689554053,2.0,0.7940221356874856,0.06604885270142802,44.911468029250045,0,0
2.9172429728050604,3.781175313500875,8.239583274152503,503.68285994321013,1200.9717715169506,84.83944397605218,135.93892102327752,1.0,0.7715175124563469,0.039583274152503733,20.97177151695064,0,0
3.256393079844824,4.429038784989439,8.209364755499116,511.7166331198382,1203.3837454818683,81.45651354243799,136.97299219272577,3.0,0.7352369751526915,0.009364755499117194,23.383745481868345,1,1
2.5017170268561393,4.214087860990545,8.106800241471703,505.95530694138165,1193.305943421288,84.70727318983599,143.59958814500033,1.0,0.5936556400308277,0.09319975852829643,13.30594342128802,0,0
3.2077524950792102,4.436264489186083,8.070098993652605,516.1288833509045,1159.9305581282852,85.04771086259129,132.83806658849144,2.0,0.7230751237162277,0.129901006347394,20.069441871714844,0,0
2.7521815486467327,4.162763442341768,7.9457473310537035,522.5480668041243,1217.922633833397,80.21137031723191,138.34179878817343,1.0,0.6611429129005099,0.25425266894629583,37.92263383339696,0,0
3.314221629943063,4.569628391378561,8.205635028806087,528.136096634484,1171.1886824115536,81.1767432696338,137.14950194417392,3.0,0.7252715856437421,0.005635028806088016,8.8113175884464,1,0
2.8609464285523662,4.367223212167753,8.164619280319947,528.3937896852992,1175.309771383893,82.07401033221389,155.08479784081675,1.0,0.6550950773311143,0.03538071968005241,4.690228616107106,0,0
3.4715787951048935,4.69156299518028,8.067109761180232,498.93073125767967,1135.504420616914,85.24539506132494,145.78554276870582,2.0,0.739962097478248,0.13289023881976725,44.4955793830859,0,0
3.83623282904714,4.594820360918986,8.112783537048585,551.648898841755,1163.5468068610828,85.20697339283589,145.41494919968525,3.0,0.8349037670419333,0.08721646295141383,16.453193138917186,1,1
2.7062604512480313,4.281312224990051,8.150275091755072,506.22133803204247,1201.7163514609158,81.72116479509299,133.39465912345372,1.0,0.6321100420612771,0.04972490824492759,21.716351460915803,0,0
2.75536790019458,4.369476827527105,8.515878451654498,506.45880120829355,1189.4273681860586,82.73372278363964,155.2859761452696,2.0,0.6305944643545298,0.31587845165449835,9.42736818605863,0,1
3.092237266222177,4.532117235897689,8.247328441138038,506.15872157185373,1151.5384352211424,87.14086059043878,137.86226601032718,3.0,0.6822941915639555,0.04732844113803836,28.461564778857564,1,0
3.181795101879503,4.053641488952813,8.102207176896492,508.9093336799327,1189.57990378021,88.13472779614547,132.35581376688003,3.0,0.78492267008954,0.09779282310350723,9.579903780210088,1,0
2.8113373061834857,4.1053676078850465,8.000596141159889,520.9986385377769,1186.77470536718,91.02405088470275,160.33567461548785,3.0,0.6847955101752753,0.19940385884011036,6.774705367180104,1,0
3.7884681309974435,4.448497903822565,8.033558594814545,506.6955419338473,1176.2509494275932,81.84705013931767,137.11289766343307,2.0,0.8516286198292707,0.16644140518545392,3.749050572406759,0,0
3.557038935319724,4.718038213920541,8.189128342060894,505.8859923869877,1162.0591102007083,87.622135905966,148.6552711999133,3.0,0.7539232988979997,0.010871657939105717,17.940889799291654,1,1
3.1751983962535877,4.433720482518116,7.979812273354179,533.1286563123355,1151.6755476327182,91.64999506313467,134.91627499095105,1.0,0.7161476254664789,0.2201877266458201,28.324452367281765,0,0
2.5717997585507293,5.085875214746853,8.141440829932428,506.3924447563298,1166.1496116688324,92.55991457760904,145.77996450674226,3.0,0.5056749624111775,0.05855917006757139,13.85038833116755,1,0
2.794096202725659,4.244707475795531,8.033773795527287,525.288160388945,1146.747490430003,80.07764623929057,146.530591730115,2.0,0.65825412422413,0.16622620447271252,33.25250956999707,0,0
2.6326537068267877,4.4315982819570845,7.84258564718904,511.4318199996247,1170.519761751836,74.98956443757031,138.0451990404045,1.0,0.5940641589630028,0.35741435281095946,9.480238248163914,0,0
3.3601925546025315,4.987929220382658,8.171622949726162,510.55833869799824,1132.5368397444356,81.17301569369086,132.02180092296487,1.0,0.673664842756346,0.028377050273837412,47.46316025556439,0,1
2.0372047122713433,4.348673195010849,8.064067281071095,505.3086849062299,1156.4282291152576,88.07066622740113,144.27585970397206,2.0,0.4684658102476231,0.13593271892890435,23.571770884742364,0,0
3.0629141933892923,4.574497542754765,7.884609896211846,536.5125996906013,1219.025573261199,84.59983584907759,127.83445998320212,2.0,0.6695629769374061,0.315390103788153,39.02557326119904,0,0
2.901230685971933,4.67266857774911,8.126410638714484,547.273175081984,1187.5447207699297,88.7684052656783,156.31412848613667,2.0,0.6208937434952005,0.07358936128551541,7.544720769929654,0,0
3.037185474829288,4.220068176843867,8.350739544110182,510.1500680752125,1174.6485557341996,85.57367021181078,150.67939868718622,1.0,0.7197005704256318,0.15073954411018242,5.35144426580041,0,0
3.6365240482377077,4.391295732736169,8.480520803923195,518.8334334358997,1200.8282582099587,88.95714430557636,134.47272791512222,3.0,0.8281209621798138,0.28052080392319567,20.828258209958676,1,0
3.1077901499279,4.234208779830667,8.233453045444323,529.7978086857833,1181.3119514292612,86.6675180480146,138.5608477703693,3.0,0.7339718730917688,0.03345304544432359,1.3119514292611711,1,1
2.4098048915131454,4.45360508803175,8.2892984931839,527.3827282188447,1207.8554517569828,80.73949241398972,133.35770565042978,3.0,0.5410908339062134,0.08929849318390026,27.855451756982802,1,1
3.4370269095389325,4.153287727524925,8.125455530061924,546.3502141511378,1163.2751391890074,88.26368914333021,135.81883847895753,2.0,0.8275436555799666,0.07454446993807551,16.724860810992595,0,0
3.1173554881215817,5.176211432676336,8.40077792628719,512.1145843341363,1169.355753180616,81.82942002327744,149.26211198375404,2.0,0.6022465519549924,0.20077792628719138,10.64424681938408,0,1
2.0649974234410484,4.1484506098582425,8.430329616005782,500.7507570297611,1173.0457856611533,80.39392257250226,134.56814352943763,1.0,0.4977755835000374,0.2303296160057826,6.954214338846668,0,0
2.855318771897497,4.404996136219725,8.135622656465852,478.21326384260357,1123.8777676510392,80.63365938729119,160.41214141656334,2.0,0.6482000625997533,0.06437734353414726,56.12223234896078,0,0
3.155733852577068,4.579126675446773,8.113130674448968,542.9974002965406,1149.6489031856652,78.71294810709114,135.60839031877552,3.0,0.689156268335821,0.08686932555103155,30.351096814334824,1,0
3.2711000425072125,4.614876513017179,7.862119972782452,524.4379377189517,1161.290692589488,86.764342460003,156.4688744800571,2.0,0.7088163751666176,0.3378800272175475,18.70930741051211,0,0
3.3353935373846766,4.336473831001323,7.881395938618172,552.0339139675784,1135.785358252163,81.78025453131691,143.22602799454492,3.0,0.7691487753877121,0.3186040613818273,44.21464174783705,1,1
2.5533146500207944,4.5944915614666,8.562753363035867,534.1214906885615,1171.7738926189404,89.22649279008192,147.4943969637513,3.0,0.5557338859601738,0.3627533630358677,8.226107381059592,1,0
3.3986856612044933,4.372872095393189,8.098225790426916,517.4183821037393,1188.7071561916705,85.68349411498792,126.15542425951675,1.0,0.7772204597540779,0.10177420957308314,8.707156191670492,0,0
2.7711443952057575,4.435263862101534,8.284674730607124,494.74727669656403,1187.646506768801,77.03953305100426,139.2700134453699,2.0,0.6247980911034061,0.08467473060712472,7.6465067688009185,0,0
3.747880443061674,4.58764465263564,8.22044669433455,497.24192856827756,1205.9419885182565,86.80681581358377,134.6799483920913,1.0,0.8169509031375249,0.020446694334550486,25.941988518256494,0,0
3.1198589688823346,4.959714114776286,8.370836591722007,555.1839257823248,1169.6649275427471,92.62905769735991,139.77065644093938,3.0,0.6290400809511214,0.17083659172200782,10.335072457252863,1,0
3.678628600665797,4.917076598253597,8.166000669441399,522.5508122257152,1177.4849581210954,82.92601065350262,137.50222538763404,2.0,0.7481332711441196,0.033999330558600604,2.51504187890464,0,0
3.2524260744863396,4.570812919147311,8.17657091498542,527.9492512206559,1210.8673819798566,77.19721242231957,145.1613742802942,3.0,0.711564032767615,0.023429085014578632,30.867381979856646,1,0
3.1450512846402416,4.6792613117684185,8.000968366094947,530.1928727450564,1201.5960523409694,83.3431799953684,157.0779164382974,1.0,0.6721255929986771,0.19903163390505263,21.596052340969436,0,0
2.7435965960989046,4.244645855265754,8.40166508621245,541.5326977895238,1183.2521734065435,89.14910152255928,138.99612479849486,1.0,0.6463664317363323,0.20166508621245072,3.252173406543534,0,0
3.5790105848491436,4.800670850010878,7.988379657236355,518.5768296492273,1169.8025268864087,93.28183326141628,156.10433353582468,3.0,0.7455230104133281,0.21162034276364405,10.197473113591286,1,0
3.3841086499929216,4.4787283912417895,8.078401366645199,518.6436596573279,1180.0433733968468,79.42496185633254,135.65035215712288,2.0,0.7555958641865833,0.12159863335480026,0.043373396846845935,0,0
3.154184061898953,3.9321713467229844,8.159240494019542,503.4035621468107,1217.320797284129,88.3515603799851,129.5459130710622,2.0,0.8021481728474159,0.04075950598045708,37.32079728412896,0,0
2.684676953014585,4.492761266863508,8.340146760650615,524.3163430073558,1227.1791515417813,85.40277206397604,143.83297074814433,3.0,0.5975561114760186,0.14014676065061593,47.179151541781266,1,0
3.1812317684483267,4.6729354035367265,8.095368708628731,503.0624092969111,1155.4597683888985,82.19564199449555,154.34400692205912,2.0,0.6807780320181235,0.10463129137126792,24.54023161110149,0,0
3.4795313680810143,4.320108001553639,8.14248730870466,509.9099677883014,1181.4985722349293,85.63108524501467,142.5302005286605,2.0,0.8054269397950802,0.05751269129534009,1.49857223492927,0,0
3.0583837156235907,4.382877378515858,8.142550117827481,520.304311520622,1195.9646166514638,81.66664370983099,152.68300673532718,1.0,0.6978027105931551,0.05744988217251823,15.964616651463757,0,0
3.0217989914396917,4.320931564580409,8.032713019543477,551.495797105855,1181.545791800453,84.47694532558766,135.40236872692364,2.0,0.6993397015381309,0.16728698045652202,1.5457918004528892,0,0
3.2674618687866914,4.724784767063835,8.032265209096595,547.1931697277058,1212.4857803767613,83.20736952485913,140.33307189666652,2.0,0.6915578230933176,0.16773479090340437,32.48578037676134,0,0
2.9551053061969,4.52994789452993,8.053087639267726,536.4027210946808,1194.3686732281376,90.16962760364622,134.17305699475654,2.0,0.6523486305687851,0.14691236073227287,14.368673228137595,0,0
2.2303038958908235,4.442008732065609,8.022257208816088,505.3485076739708,1141.2977902576877,90.07981395582041,145.38015795246017,1.0,0.5020935414396632,0.17774279118391156,38.702209742312334,0,0
3.6584110300053663,4.804617698602567,8.106680877946541,525.138750928385,1178.528253618942,86.51969671316682,136.37226566031669,1.0,0.7614364469222985,0.09331912205345816,1.471746381057983,0,0
4.1195592494477005,4.165553343794276,7.963955646682452,536.8169323174578,1158.2830771129757,82.66135248530303,149.42635689626994,3.0,0.9889584668495353,0.23604435331754736,21.71692288702434,1,0
2.793671272408641,4.41901443095245,8.134621396752788,511.7294422248524,1192.745447711174,89.29896500088336,148.18442644836782,3.0,0.6321932900260557,0.06537860324721123,12.745447711173938,1,0
2.957398644713704,4.457487383489453,8.187754845998313,551.4458145671589,1186.3633575259237,80.1035628280929,133.52137847949092,1.0,0.6634676421080742,0.012245154001686132,6.363357525923675,0,0
3.84488825130217,4.248778282405352,8.157371817676783,530.6758971884393,1184.6755026923483,81.46821388400572,141.83479590717607,3.0,0.9049397249838443,0.042628182323216635,4.675502692348346,1,0
3.8904906182542534,4.34703181414031,8.53485190497786,555.773215885489,1187.90261132766,81.81487679845817,152.38405448000174,1.0,0.8949763387293449,0.3348519049778602,7.902611327659997,0,0
2.989697991327696,5.005357450381036,8.214998224564832,499.81696735332787,1199.2620109171876,82.28551752985247,138.16292346999367,2.0,0.5972995975547768,0.014998224564832796,19.26201091718758,0,0
3.654248058873178,4.5273944185834045,8.354132907051273,534.3505413737206,1169.5961300721763,81.16478458251696,136.50034289063228,3.0,0.8071415300302971,0.1541329070512738,10.403869927823735,1,0
3.506497190016204,4.409526057662669,8.010419265889942,551.1546734748053,1139.7624469027069,76.38859639263116,136.5811006183612,1.0,0.795209540292333,0.1895807341100575,40.23755309729313,0,0
3.610794505327893,4.872858768857494,8.339258301870425,504.3238212315772,1142.454337027147,93.1811196706642,132.57222707265177,2.0,0.7410012635013205,0.13925830187042543,37.54566297285305,0,0
3.554476475433918,4.913442804149284,8.136484512523108,539.8395157378816,1194.5139764601624,80.98810937214712,153.39271277424382,3.0,0.7234187140041255,0.06351548747689151,14.51397646016244,1,0
3.5990528307680982,3.922329791900137,8.095228936268027,499.49698000948524,1157.0326409769984,83.11933568175264,132.94758666602178,1.0,0.917580372074473,0.10477106373197209,22.967359023001563,0,0
3.135946881773344,4.767017319742638,8.436358067556064,525.302233226353,1172.358747622773,92.91921841267782,145.52721090794,3.0,0.6578425608247643,0.2363580675560648,7.64125237722692,1,0
3.3697575751444053,4.886530086751017,8.125271211894784,521.3084103346378,1201.1460961171172,88.28265690782678,141.24586926996906,2.0,0.6896013151727686,0.07472878810521522,21.146096117117168,0,0
2.7890385793895955,4.16480189732063,8.124752998180531,486.6578349440222,1215.4145955836173,90.27504389935656,138.765521556013,1.0,0.6696689656509754,0.0752470018194682,35.414595583617256,0,0
3.508718470894265,4.767563290371083,8.078680882237535,535.4522591675026,1189.536038132976,83.0359840995027,154.52699638073892,2.0,0.7359563484442401,0.1213191177624644,9.536038132976046,0,0
3.1292211090023803,4.309337670355333,8.394803993649013,498.1746049524938,1159.724869013403,86.85847984138054,141.57979918640518,3.0,0.7261489694350655,0.19480399364901402,20.275130986597105,1,0
3.5749909970027702,4.880614168372971,8.483178848193795,510.2115712816954,1194.8990827207772,89.85110344681428,136.39309076937437,3.0,0.7324879355218651,0.2831788481937956,14.899082720777187,1,0
2.349109031859402,4.279751440163696,8.36340697542319,510.396183927087,1198.1778440834685,85.74137241346766,157.803660217263,2.0,0.5488891268930006,0.16340697542319127,18.17784408346847,0,0
3.026976724872152,4.814659242562609,8.160111370889135,540.8031888181761,1187.830599775164,87.67455428204433,144.8257341824333,1.0,0.6287000952184395,0.039888629110864215,7.830599775164046,0,0
4.175900962535709,4.316472108148624,8.228268039464393,469.8931079716342,1150.4095584200902,84.01620086181758,135.84306479773184,3.0,0.967433787811352,0.02826803946439327,29.590441579909793,1,0
2.724960632388195,4.859789871876476,8.061539140552663,520.5942857848274,1194.8105251846828,89.69872453011213,147.48700186166502,1.0,0.5607157312699427,0.13846085944733666,14.810525184682774,0,0
3.1962798715445544,4.472137649582084,8.249333730509056,509.14383841192983,1204.6809309604814,86.19184622465782,139.38039993661212,1.0,0.7147096358110832,0.04933373050905665,24.68093096048142,0,0
2.86721803300222,4.504912272579388,8.450806265956347,516.6074172598992,1168.5134902406198,87.16554148236109,139.05480266408665,3.0,0.6364647875205048,0.2508062659563475,11.48650975938017,1,0
3.3374473158273847,4.836558451438275,8.268631290100716,538.7204809575284,1200.4371445164047,86.94613321111746,129.74103198846325,3.0,0.6900458970251591,0.06863129010071667,20.437144516404715,1,0
2.8548896943827518,4.113718414904081,8.193243328231727,532.5743586555163,1173.647282210041,89.15056005905274,136.23466700696525,3.0,0.6939924918889535,0.0067566717682723265,6.352717789958888,1,0
2.636615481454576,4.318842320628914,8.390829783137514,521.3158765788534,1189.6057979129773,83.20126350681072,150.9778383515224,2.0,0.6104912578656353,0.19082978313751475,9.605797912977323,0,0
3.2236873736057956,4.258260103534739,8.418180769133162,520.8760247769295,1139.70753895157,84.72759770263129,145.10719094840363,1.0,0.7570433215605599,0.21818076913316276,40.292461048429914,0,0
2.8086001816533575,4.596974156260068,8.276021709649457,506.15709806343926,1181.544545579838,87.15620131504825,151.00261285646621,1.0,0.6109671461210401,0.0760217096494582,1.5445455798380863,0,1
3.6636296259823595,4.311233798145791,8.379514483747066,507.4204087520441,1167.3052627298348,86.7242485175858,151.85410167535372,2.0,0.8497868120045484,0.17951448374706658,12.694737270165206,0,0
2.809650698809067,4.9172917074004205,7.862725519825051,529.2079995133961,1162.6691665820763,82.54121270796934,133.42410890891912,2.0,0.57138174129658,0.33727448017494854,17.330833417923714,0,0
3.435431361768244,4.742733837219413,8.17882754914858,505.50276993881954,1195.465213690257,80.1089463071045,140.76243728958667,1.0,0.7243567695247314,0.021172450851420166,15.465213690257087,0,0
3.0460228446359676,4.372028624150828,8.007908178195834,495.80187150139193,1210.618113047744,86.3313445726105,139.8831336290989,2.0,0.6967069765081615,0.19209182180416562,30.61811304774392,0,0
3.191079886512779,4.7322068322213156,8.326810983517307,521.0548709114629,1180.1865959781258,80.5883421209389,151.25856309945013,2.0,0.674332293362702,0.12681098351730746,0.18659597812575157,0,0
3.6504201003088674,4.389664642028683,8.076255897011313,510.07250679817065,1181.1894854288198,85.70176137832135,149.2034319163634,1.0,0.8315943009692494,0.12374410298868632,1.1894854288198076,0,0
2.6482723087941893,4.608110614771459,8.303306911683215,512.0869092456938,1195.9730755593637,86.07919629823195,144.68186858698465,3.0,0.574698076849623,0.10330691168321593,15.973075559363679,1,0
3.397327160352356,4.671126352008239,8.178244946270736,518.5215400560272,1173.846004392037,77.79573558112806,136.31822935308048,1.0,0.72730363163147,0.02175505372926345,6.153995607962997,0,0
3.0818394359443886,5.0450266888725315,8.096498110027811,530.0077738064225,1154.3551603768565,77.80009371832378,143.47965295928933,1.0,0.610866824972586,0.10350188997218801,25.644839623143525,0,0
2.919178762449059,4.082412485714481,7.831274585417646,541.4325931159901,1147.0397637360488,87.30315990900714,150.27180653837297,2.0,0.7150621775602126,0.36872541458235286,32.960236263951174,0,1
3.273533806529002,4.2499205151100785,8.439214298356578,541.0378405062002,1180.1857950609917,87.929654190457,157.25810807363433,3.0,0.7702576540243731,0.23921429835657904,0.1857950609917225,1,0
3.2936097817412593,4.60771652804411,8.352989290814163,495.7353834721895,1150.1343099200953,84.77277041313816,161.23843820212832,2.0,0.7148030398529166,0.15298929081416368,29.865690079904653,0,1
3.5602132309326366,4.822358937068979,7.807433032385318,508.4344209614877,1175.9974396576988,89.49139238019745,141.54717888508299,2.0,0.738272135412271,0.39256696761468124,4.002560342301194,0,0
2.9502618441147104,4.591699670592779,8.32875598479582,472.719674392025,1190.3718724772277,88.9772535268325,148.50560308227512,2.0,0.642520647063861,0.12875598479581996,10.371872477227726,0,0
3.5113444304666555,4.868182146624378,8.283044111403735,503.7173581531647,1205.9689072403626,76.76258288089929,137.5949206787633,3.0,0.7212845214060354,0.08304411140373524,25.96890724036257,1,0
3.724677379709065,4.3861126509969495,8.27602038918287,510.0877447601783,1204.683143386327,83.2910604607354,137.5088439127801,2.0,0.8491978376372207,0.07602038918287057,24.683143386326947,0,0
3.42307642429005,4.379080239588983,8.225572702104536,519.1270744921211,1177.014558252696,83.62015173002534,141.59190745517054,2.0,0.7816884451127684,0.02557270210453666,2.985441747304094,0,0
3.363301102285789,4.806852441465229,8.122279891499971,531.2552112257572,1170.9950522878767,84.34883327300173,143.23169813012507,2.0,0.6996888592987256,0.07772010850002786,9.00494771212334,0,0
3.333543986627414,4.6855081698779,8.09749284452198,532.7279108819181,1180.7182173117826,89.07854596267727,143.1807934046748,2.0,0.7114583658922154,0.10250715547801903,0.7182173117826096,0,0
2.867271116707822,4.642600477628247,8.411356894961813,533.8261051437524,1215.8002417842156,76.92285793168556,126.79380697292015,2.0,0.6176002285587617,0.21135689496181342,35.80024178421559,0,0
3.1074796228281203,4.380735391036267,8.096058515477939,537.9452346674071,1164.6315763258517,92.97583061982564,141.7602723428631,3.0,0.7093511350804715,0.10394148452206053,15.36842367414829,1,0
3.5811498188811757,4.64760428417007,8.459249407084949,526.0173993475181,1190.8572865328933,85.2191110679495,138.0313826211394,1.0,0.7705367322919857,0.25924940708494937,10.85728653289334,0,0
3.5476624257557097,5.133388900229876,8.23873041020517,532.4829247708828,1230.5716529591698,89.88119913202034,125.75362984427153,3.0,0.6910955889014658,0.03873041020517043,50.571652959169796,1,0
3.1620703074876513,4.356009556155382,8.558951844215017,524.9233882145503,1165.4712622232025,86.96540757665419,134.60825591492616,2.0,0.7259098645211851,0.35895184421501725,14.52873777679747,0,0
3.112538689025986,4.330218860732279,8.267874468415402,522.7994506765058,1193.7685672883138,88.67447042155896,145.30228093575224,3.0,0.7187947742162928,0.06787446841540223,13.768567288313761,1,0
4.16136623409531,4.746705141268726,8.2660741744245,535.2433673772382,1195.166662837247,84.36181888046158,128.14251073490624,3.0,0.8766852183505023,0.06607417442450014,15.166662837247031,1,1
3.4056250209699104,4.509486592173074,8.273772160163194,519.2705970965152,1196.4943689660445,75.9825693075821,145.50886995468906,1.0,0.7552134706699642,0.07377216016319466,16.494368966044476,0,0
3.7848783754870547,4.4449379033950605,8.425979295446838,511.69276356541167,1178.4925371116406,85.96860962929004,150.87730930881162,2.0,0.851503093382845,0.22597929544683915,1.5074628883594414,0,0
3.354948592253196,4.4717192787705295,8.173119601852129,529.6144469607877,1180.4595508192756,80.43047189984223,132.11005772600205,1.0,0.7502592140411279,0.026880398147870466,0.4595508192755915,0,0
3.00903571752288,4.672130132970571,8.311343276136745,510.6016566479365,1179.087518063846,89.037635296134,142.62791793047148,3.0,0.6440393634681738,0.11134327613674522,0.9124819361541086,1,0
2.912622311499026,3.900333327941625,8.317176300443139,491.7131946236271,1171.971195321746,79.81424649766002,142.8318393920727,2.0,0.7467624087117141,0.11717630044313943,8.028804678253891,0,1
2.9594529424195146,4.297862968302157,8.157914244010216,495.55918227282206,1215.7754945031313,84.04395115525249,160.20616038628353,3.0,0.6885870870145588,0.042085755989782925,35.77549450313131,1,1
2.3671605187244054,4.999998977768257,8.10181525876064,494.37993769213506,1156.5598055088174,88.38650944480408,145.41748376408913,2.0,0.4734322004416793,0.0981847412393595,23.440194491182638,0,0
3.6354994478816747,4.5849159486775966,8.250439442677884,494.0280056669615,1186.3838585528001,84.74787030385883,131.04927925703348,2.0,0.7929260836585929,0.05043944267788447,6.38385855280012,0,0
3.8661407670494126,4.38522484718327,8.526633128302116,502.3404292606957,1143.4403567033153,80.46251358672198,140.46894590084406,1.0,0.8816288561921959,0.32663312830211666,36.559643296684726,0,0
3.0338848344396796,4.806916966575672,8.620205948445246,524.9247023187102,1153.8890950798054,87.30766872161476,145.24235288394473,3.0,0.6311498315665298,0.42020594844524695,26.11090492019457,1,0
3.5287610017500897,4.530237321793442,8.153440579528672,506.20336408764575,1200.945841938111,86.89876489794001,148.37613363867098,2.0,0.7789351308364082,0.04655942047132733,20.945841938111016,0,1
3.3963899806553006,4.6516011442942045,8.255681014520508,516.3300975583626,1224.580747293613,83.7293223448214,129.28055462596612,3.0,0.7301550314758308,0.05568101452050911,44.58074729361306,1,0
3.2897358627112334,4.633751662568774,8.109297872480887,522.392712366895,1158.6617922974126,87.46787535782633,140.02603299524569,3.0,0.7099508349952399,0.090702127519112,21.338207702587397,1,0
3.240993856863283,3.9062943919530864,8.085612785575442,483.86852980584456,1127.6722963170075,79.69269144453192,162.17219544584628,2.0,0.8296849983221954,0.11438721442455702,52.32770368299248,0,1
3.0058776658528528,4.549947938134538,8.261181857634623,517.2572050491189,1143.108031295246,87.96273601569439,149.55328046568923,3.0,0.6606400130425694,0.06118185763462414,36.891968704753936,1,0
3.7012531299072977,4.568221523697487,8.199413123605737,525.6252729915201,1173.064564214259,83.16939525776978,144.07124475277567,1.0,0.8102175233615448,0.0005868763942622479,6.935435785740992,0,0
3.315477451711943,4.314551865394912,8.141192832599932,514.7347085161118,1150.5904536371122,82.7206829696358,148.97570705413793,3.0,0.7684407452684627,0.05880716740006697,29.409546362887795,1,0
3.227425189922411,4.753151852892521,8.044550620474276,499.36209705326576,1224.3559904510046,85.6841762756966,143.98762610362212,1.0,0.6790073806035379,0.15544937952572369,44.35599045100457,0,0
3.0941372667048177,4.46253393439498,8.426337834140035,512.7844239698254,1186.9941926932054,87.5188748964757,136.51570696139456,2.0,0.6933588206833333,0.22633783414003616,6.9941926932053775,0,0
3.175838508321237,4.697589585837153,8.172750860922129,521.2821651542623,1179.4824749220784,85.90491819046207,148.97924597406518,2.0,0.6760570393846393,0.02724913907787041,0.5175250779216185,0,0
2.9370509784021106,4.858264344904198,8.154411602857694,537.1466291431368,1193.1537206280836,79.9551669775453,152.48032965325444,1.0,0.6045473793286315,0.045588397142305226,13.153720628083647,0,0
3.432810626833891,3.8955296302480176,8.219732746026624,537.9241031828349,1139.0793039461785,88.00853163192846,143.02034919575672,2.0,0.8812179476951162,0.01973274602662478,40.92069605382153,0,0
3.4282451988878124,5.017708137844431,8.27661033244109,542.3373807772936,1186.5341435528394,82.20715967065189,149.64999320160513,2.0,0.6832292959305782,0.07661033244109028,6.534143552839396,0,0
3.6002329272171916,4.506701771795583,8.11542275022102,527.847033830188,1179.1603648808202,87.75965506621954,148.447040712055,3.0,0.7988620300881162,0.08457724977897918,0.8396351191797748,1,1
3.0199242940594355,4.453056787163052,8.308905399884399,531.0618502777156,1172.6007124028451,92.25469233518082,149.56377185594053,3.0,0.6781688259819377,0.1089053998843994,7.399287597154853,1,0
2.5245979247726003,4.366971174529489,8.308288187861255,524.0798324736819,1184.7941408275624,89.64437079996696,144.6341546032652,2.0,0.5781118819650776,0.10828818786125538,4.794140827562387,0,0
2.6399717107267966,3.9266522024218538,8.188862183876036,524.5520703224256,1186.2192790011798,88.44296970094776,138.31351034626292,3.0,0.6723212482190838,0.011137816123962807,6.219279001179757,1,1
2.702138118675433,4.386426077036054,8.183621035824917,535.541453288109,1173.0383821570404,92.04033039015391,139.6933578147719,2.0,0.6160227188611984,0.016378964175082444,6.96161784295964,0,0
2.5569760542524103,4.587413695444784,8.108272629694246,512.4080164410226,1159.9789770959303,83.9477746484418,131.93896381297807,1.0,0.5573894624402526,0.09172737030575284,20.021022904069696,0,0
3.2443690358839468,4.129646400473281,8.421658044295311,497.53054956635225,1214.3794764401812,84.59706294827987,143.8561107152613,2.0,0.7856287731381782,0.221658044295312,34.37947644018118,0,0
2.9812564235038432,4.223276104546814,8.236785377184134,508.14462254280943,1190.0374537636553,88.13372474657552,127.71598184555808,2.0,0.7059108495388893,0.03678537718413466,10.037453763655321,0,0
2.682690816851535,4.2468438367725305,8.272226144648695,520.4436528077898,1183.1039650961804,77.26482687879302,139.59995683418236,2.0,0.6316904787011444,0.07222614464869537,3.1039650961804455,0,0
2.7719233748422676,4.40486915022781,8.398181668911636,506.2182408655832,1191.9632707727098,76.56376358791648,139.09655115019189,1.0,0.6292862011734499,0.19818166891163713,11.963270772709848,0,0
2.7208134283130954,4.366261405851955,8.020876201586303,537.3266556912245,1194.649604493763,78.3841136851476,155.26807133402144,2.0,0.6231448772268501,0.17912379841369663,14.649604493763036,0,1
3.3364607899266576,4.201447812030229,8.253461887530156,521.4469306977458,1205.1149466781121,83.15777770738154,145.83141792935285,2.0,0.794121678622086,0.05346188753015646,25.11494667811212,0,0
3.5676915738300816,4.609618272577542,8.175027162357768,543.9544704815175,1203.3335576051813,85.1490704383574,141.67318128352474,1.0,0.7739668150571571,0.024972837642231127,23.33355760518134,0,0
3.1777809204413527,4.481988737493431,8.101101379783424,549.7840296856007,1155.2456240357387,87.71833259754258,148.0252528870896,2.0,0.7090113576477943,0.09889862021657514,24.75437596426127,0,0
2.9291353153951554,4.857993301778138,8.177450743935443,494.32330318081904,1207.6053630204935,89.98638525715461,156.86727524527421,1.0,0.6029516989494556,0.022549256064555934,27.60536302049354,0,0
3.23313302820724,5.106652230026214,8.087742522896344,537.2810957446274,1186.8917019009048,77.60960977192975,142.98302848101335,2.0,0.6331218344111759,0.11225747710365575,6.8917019009047635,0,0
2.85979181831628,4.679730999559078,7.973501024413118,537.2054909174497,1139.6910592268657,83.90227189211019,158.45715719164718,1.0,0.6111017530654276,0.22649897558688092,40.30894077313428,0,0
3.011584677752671,4.401153209934604,8.292614294639097,511.7980750357541,1198.1628729683696,92.45154759817927,144.34687714051068,2.0,0.6842717200279306,0.0926142946390982,18.162872968369584,0,0
2.6132859237537294,4.9800293540461436,8.169961925978082,558.0090379315235,1186.309148104577,86.15492938685477,129.71890065260487,2.0,0.5247531163859004,0.030038074021916827,6.309148104576934,0,0
3.7572725031739624,4.608226726399151,8.077309406436028,534.1115165738671,1207.627227170886,81.95605283875727,163.41648424966078,1.0,0.8153402003495908,0.12269059356397172,27.627227170886044,0,0
3.493056030886232,4.521645971046528,8.110408159623063,533.2288475365776,1211.4419244463302,89.4547827135401,153.66287071728482,2.0,0.7725186917509269,0.08959184037693646,31.441924446330177,0,0
2.557421471896971,4.5248318711356275,7.999348872086847,494.7879426120421,1169.4911168355868,83.75689128484929,167.264587409485,1.0,0.5651970159699924,0.20065112791315265,10.508883164413191,0,0
3.278338102039073,4.456536431415634,7.964451127862047,468.8090140341082,1160.1140854066925,86.17254442489556,149.7113416210707,2.0,0.7356246609347414,0.23554887213795261,19.88591459330746,0,0
2.874794251095948,4.143734049967488,8.146014169422513,498.748731184688,1165.8102911253814,84.76628098622881,142.68036838262867,3.0,0.693769005379275,0.05398583057748674,14.189708874618645,1,1
2.813209542748315,5.097411125525071,8.139095626838092,541.7336634848197,1180.033832561641,80.28714145834834,142.0359170498674,1.0,0.5518898658398175,0.060904373161907444,0.03383256164102022,0,0
3.831247223024874,4.594116954869072,7.9781989605534545,557.7309029689171,1166.5192615802607,80.03406765623797,129.0029354390407,1.0,0.833946384001039,0.22180103944654483,13.480738419739282,0,0
3.710156295199606,5.111163191915507,8.099635485979343,513.2607919360197,1171.423101731465,75.15752551110907,147.42492557774966,2.0,0.7258927479252058,0.10036451402065616,8.576898268534933,0,0
3.7404291569652557,4.719953795226767,8.350723253763686,528.5178737621366,1149.8301028394499,85.32654815087818,142.91227110755528,2.0,0.7924715618944057,0.15072325376368667,30.169897160550136,0,0
2.84500312887916,4.4267914943486595,8.008189621777111,540.0957534780797,1194.9415250319498,90.47741347031106,143.61204597001085,3.0,0.6426783669094142,0.19181037822288793,14.941525031949823,1,0
2.652078808168369,4.390928011525491,8.111625941801657,507.78332562199097,1154.2717580480423,89.17818631257273,136.84706671611121,2.0,0.6039905005509294,0.0883740581983421,25.72824195195767,0,0
2.5607502592465012,4.547428169573036,8.267955948485808,528.3388522446554,1152.3270736746185,85.63938967835475,138.0917515032241,1.0,0.563120551483898,0.06795594848580855,27.672926325381468,0,0
3.5475090002363086,4.194358440722786,8.294979276800786,536.0174707957168,1145.1380355475244,80.54763988948078,147.32799637617094,2.0,0.8457810770171585,0.0949792768007871,34.861964452475604,0,0
3.379086770324111,4.586269171550199,8.587043784803615,549.373999270664,1177.3450157056454,85.01273939801943,140.61045299591245,1.0,0.7367833511710712,0.3870437848036161,2.6549842943545627,0,0
3.2112724629476515,4.256841411053512,8.162938084478842,507.94805812523543,1219.827655537573,83.07727836009393,149.36172324152767,3.0,0.7543791633521355,0.03706191552115712,39.82765553757304,1,0
2.971859453434528,4.385988946113194,8.071965057294609,516.625333225157,1145.9590862955047,82.8932026682616,130.14673149395017,3.0,0.6775802422827742,0.12803494270539062,34.040913704495324,1,0
3.0889822974737795,4.208151632225113,8.224312853897016,525.5296710261617,1205.8819141545064,86.5033084180292,136.82542579746425,1.0,0.7340472888583612,0.024312853897017206,25.881914154506376,0,0
2.9826300915464943,4.056435918900361,7.942735997922618,522.098181822676,1157.0698325916244,83.88035770731807,146.28463974284801,2.0,0.7352834237844332,0.2572640020773811,22.93016740837561,0,0
3.0880026792502084,4.599828143591103,8.610394023907523,507.80747988300817,1199.6261755728203,86.4947365738804,132.4404973923952,1.0,0.6713300110747318,0.4103940239075232,19.62617557282033,0,0
2.845900525550311,4.410279274430984,8.120341124443199,549.9287082880629,1206.7229603809508,91.47606498399053,154.33436262125224,2.0,0.6452880527100412,0.07965887555680062,26.72296038095078,0,0
3.0147354551658405,4.330422378236879,8.351941432700466,558.0838745721337,1126.3074190183286,91.07597235099433,125.18171704871426,3.0,0.6961758440979393,0.15194143270046645,53.692580981671426,1,0
3.8084024908637524,4.0830659570422,8.016316458966235,529.2675012388329,1125.5054702008938,86.54082173136072,141.339292295135,1.0,0.9327310726789859,0.18368354103376383,54.4945297991062,0,0
3.4054457856924385,3.895781017728671,8.194702471060765,496.88135065043485,1182.0311769059952,80.98836463687907,136.44499387466755,3.0,0.874136859674868,0.005297528939234297,2.031176905995153,1,1
3.3163789457357944,4.907285889915042,8.207150934193344,541.40511009589,1199.5944862577242,90.77062707540712,137.03950804784066,1.0,0.6758071609146461,0.007150934193344227,19.594486257724157,0,0
2.9385283437450327,4.133290615503828,8.32088466655016,477.64984354206354,1218.8319796923124,86.59285151370594,136.09950484664535,1.0,0.7109416240928654,0.12088466655016106,38.831979692312416,0,0
3.2522962309144368,4.717240967794349,8.27578920147613,503.6164232878976,1173.5958523438542,82.54007298635747,145.27895991419973,2.0,0.6894488224004531,0.07578920147613033,6.404147656145824,0,0
3.4716571101752782,4.659834962796787,8.27180217709764,528.8730965884055,1156.751834753271,84.7456664203138,139.403163607405,3.0,0.7450171813266551,0.07180217709764136,23.24816524672906,1,0
3.2343572025173324,5.034871680019544,8.272862072118318,521.2899545155153,1188.9636928469806,83.70356366800358,145.7366849140001,1.0,0.6423911883812671,0.07286207211831908,8.96369284698062,0,0
3.794898462134371,4.184983563053044,8.124612022914146,536.2291500806454,1235.1701233013619,83.85036396069717,148.55470424316457,3.0,0.9067893347851321,0.07538797708585321,55.170123301361855,1,0
3.27762077744235,4.864400034039871,8.05733379298863,525.1025788723417,1161.4854614948774,91.75967933802728,130.8232085373561,1.0,0.6737975400527446,0.14266620701137,18.514538505122573,0,0
2.4087099002500763,4.414887981490581,8.289789263716658,470.6531902694072,1138.6463492356675,89.36455453278593,125.33883909562311,2.0,0.5455879990167373,0.08978926371665885,41.35365076433254,0,0
3.626068786285755,4.977607469572825,8.097166814277474,491.2931346117852,1225.5221647889853,81.10560374252825,149.62381014848734,3.0,0.7284762423961215,0.10283318572252576,45.522164788985265,1,0
3.1613505319940445,4.274038865522709,8.112365636021186,549.6331009045116,1195.8325309063912,92.26383078492877,136.06857934490765,2.0,0.7396634964543666,0.08763436397881286,15.832530906391185,0,0
2.667506818576889,4.315156962585317,8.090584442672851,499.52319631064375,1178.4782607517236,86.2084522291857,143.84214184308883,3.0,0.6181714456941905,0.10941555732714825,1.5217392482763898,1,1
3.434956679922405,3.9843208761138458,8.194316994846723,487.86953489674534,1198.9506844690118,82.85602907452986,131.34280143768447,3.0,0.8621184853993517,0.005683005153276355,18.950684469011776,1,0
2.890972500497504,4.4540218339802085,8.236717692940525,535.0866441441489,1139.924012889113,84.7404810681189,141.6340424899228,3.0,0.6490701230498908,0.03671769294052574,40.0759871108869,1,0
2.9368661784591454,4.825074930932999,8.224102824718848,547.5901099258259,1146.6641963637608,80.60287499943539,137.64672385303206,2.0,0.6086674756121542,0.024102824718848836,33.335803636239234,0,0
2.9425800670730156,4.381985310676603,8.563926700576266,539.9657436865612,1152.7199105396194,84.79682385908843,135.43278778515125,3.0,0.6715175560337849,0.3639267005762665,27.280089460380623,1,0
3.648412266929789,4.333467231621495,8.237724050491298,502.5744953952311,1217.4512571134148,74.74892855255521,142.16274169448462,1.0,0.8419152773246452,0.03772405049129901,37.45125711341484,0,0
3.002013807852771,4.447936674731584,8.174779053092625,529.3332310048478,1210.407347127432,87.89327031555608,152.41447101963786,3.0,0.6749227848121305,0.025220946907374753,30.407347127432104,1,0
3.257177237905483,4.232829356822696,8.192018134559051,573.6373813012686,1210.822734351547,87.68223996477067,127.81141246229458,3.0,0.7695035548470412,0.007981865440948255,30.82273435154707,1,0
3.8676278103305326,4.207013905240933,8.192987581914593,529.9529774055659,1201.256137984222,84.78368860279802,130.3711738411743,1.0,0.9193285062816324,0.007012418085405869,21.25613798422205,0,1
3.107572209016928,3.8839540354032334,8.127477413739427,525.3325347740193,1184.8398705820232,89.20047146328548,130.10841889679668,1.0,0.8001052998800985,0.07252258626057184,4.839870582023195,0,0
2.5009453960686954,4.643887595865472,8.250770965796816,517.8306692611745,1182.9103556972668,85.4010478434488,161.39519992531504,1.0,0.5385456352898769,0.050770965796816725,2.910355697266823,0,0
3.60141315915681,4.9822734919198535,8.265062452894144,533.9459210213384,1192.1946504377725,83.31965598026314,143.25204363075417,1.0,0.7228453364261639,0.06506245289414458,12.194650437772452,0,0
3.006836064215793,4.587985328701456,8.11756684062106,523.4120774891562,1190.6072783163615,86.86247002111502,138.27041639722512,3.0,0.6553717695543395,0.08243315937893847,10.607278316361544,1,0
3.455356770243353,4.4551915513051075,8.502670967318954,515.7513845771913,1142.0724158204223,81.8978662228984,147.01792976872764,1.0,0.775579844250593,0.3026709673189547,37.92758417957771,0,0
3.4745040761498056,4.432544083261544,7.890789186396564,508.08958232260625,1199.9800679810535,90.81553795419255,140.59217334834582,1.0,0.7838622718917985,0.3092108136034355,19.98006798105348,0,1
3.141177047399145,4.350611445954647,8.189948493741216,499.2477650143471,1166.374310676939,85.93064036789768,152.47551837956766,1.0,0.7220081787809193,0.01005150625878315,13.625689323060897,0,0
3.4833215388804257,4.822086583172272,8.057952585157397,525.9886952987353,1155.132068149102,79.92460487781088,159.49440797954583,3.0,0.7223681031182375,0.14204741484260275,24.867931850898003,1,0
3.1252415367352064,4.792747001186569,8.497506039913386,507.4534335514325,1140.6614194152442,74.03433175668332,143.26546800677767,1.0,0.6520773024967507,0.29750603991338664,39.338580584755846,0,0
2.9788316650530793,4.733948592226515,8.214085972249066,524.8462323919526,1150.5744902994327,84.086748541123,133.28866184981666,3.0,0.6292488408757304,0.014085972249066714,29.425509700567318,1,0
3.831828858292285,4.467292974010961,8.1441903512003,499.5643069377021,1213.5563381575903,83.10715524619842,144.9231345530377,1.0,0.8577518599578491,0.05580964879969841,33.55633815759029,0,0
4.231883735061728,3.753653382731301,8.17840000334475,517.7656892532814,1181.7907819194043,84.50284616206801,143.524071858301,3.0,1.1274039721949618,0.021599996655249143,1.7907819194042531,1,0
2.471758679780593,4.378561386173912,8.239572862851901,498.32643489691844,1194.3879030386017,87.85269296850241,142.8725646644033,1.0,0.5645138805227438,0.03957286285190165,14.387903038601735,0,0
2.9880959184931846,4.525355542744598,8.315507516337638,510.007747195535,1175.3124029067808,81.39480116951874,139.84664535603287,1.0,0.6603008072202485,0.11550751633763845,4.68759709321921,0,0
2.9458550444697487,4.645607972265957,8.144992349713593,497.38920505886705,1130.9788714632953,81.34735377469336,144.50530470303457,1.0,0.6341161504419308,0.05500765028640586,49.02112853670474,0,0
2.86509502758012,4.520911280828784,8.024442460284348,506.49931280242384,1182.885897685033,87.55569786699424,150.40722794306467,1.0,0.633742811785756,0.17555753971565125,2.8858976850328872,0,0
2.89129121704285,4.457917324334871,8.177505056324371,514.2626998076054,1177.8610041441575,84.34159936930496,133.84975538642934,3.0,0.6485744364551806,0.02249494367562832,2.138995855842495,1,0
3.4380628101747654,4.140482362514386,8.289862627794223,526.2525412632903,1201.2345394344402,77.62313318453104,154.06778592096327,3.0,0.8303532072665523,0.08986262779422383,21.234539434440194,1,1
3.468777843125799,4.559465198316246,7.875863109584991,547.9647065880969,1181.8332482062658,87.76144249831165,137.83144898207192,1.0,0.7607861210665648,0.3241368904150086,1.8332482062658073,0,0
