surface_roughness_um,weld_depth_mm,wall_thickness_mm,tensile_strength_mpa,temp_at_weld_celsius,pressure_test_bar,cycle_time_seconds,operator_shift,roughness_weld_ratio,thickness_deviation,weld_temp_deviation,is_night_shift,defect
5.721032666924507,4.258236020561994,8.03473961362275,495.8964260142718,1152.9293034053428,84.40492056286347,144.43761508085151,2.0,1.343521739507979,0.1652603863772501,27.070696594657196,0,1
4.270177699075063,3.941838712560066,8.130431713819007,486.10730778226406,1153.4250439957134,89.95832515150664,140.03344198851494,3.0,1.0832958954879353,0.069568286180992,26.574956004286605,1,1
5.058840017949695,4.516177086920163,8.402546485916137,531.5795164622552,1174.8242074197728,79.77135664676887,147.20546628231705,3.0,1.120159798755687,0.2025464859161374,5.175792580227153,1,1
4.285533063359777,4.835831631376275,8.131254075316622,497.0772771867864,1197.5557484961223,85.48173790960334,142.10703590672372,3.0,0.8862039436335614,0.0687459246833768,17.555748496122305,1,0
5.2570413279260055,4.488019117686411,8.20625134461287,546.9565773854678,1255.130545524182,82.62103232533089,131.61530982245353,1.0,1.1713500296907553,0.0062513446128704,75.13054552418203,0,1
4.423449027752972,5.08565094014406,8.049343592107059,546.2267990707404,1172.4654957652892,91.73209243776888,131.61768989755672,1.0,0.8697901367878543,0.1506564078929404,7.5345042347107665,0,0
3.9217110670062816,4.258123044125982,8.329997833870852,536.3852973222088,1194.6111659972732,84.28473742538314,131.8238406984244,3.0,0.9209952426093532,0.1299978338708527,14.611165997273249,1,1
4.056842062367688,4.5697415144507385,8.324718990890826,498.9879371785309,1139.840872440833,92.88265872426844,134.91677061475275,2.0,0.8877618238692739,0.1247189908908268,40.15912755916702,0,0
4.5639666287306975,4.466326316024808,8.094355079004414,559.2497139131435,1136.191169850617,83.27082241419627,136.2377960506288,1.0,1.0218614370682462,0.1056449209955854,43.80883014938309,0,0
5.579318330032798,4.726738339565316,7.852442206873113,476.4797939536016,1167.0803381751382,85.44748883023631,149.53859643795718,1.0,1.180373849373163,0.347557793126886,12.919661824861803,0,0
5.170695570437172,4.747975145656583,8.145740834159856,503.6644923684492,1191.5813899436478,89.46122969148135,143.52752024628322,3.0,1.0890317263093212,0.0542591658401434,11.581389943647764,1,0
5.023442591811118,4.868476813562353,8.266379806742457,535.4145538383589,1177.7555286678005,81.08217818570746,126.73950924306124,1.0,1.0318304437201464,0.0663798067424572,2.244471332199737,0,1
4.767467172957439,4.461580410365492,8.198020721955654,533.9618599842896,1181.384767722169,91.18730589181529,134.8203632374847,3.0,1.068560181233701,0.0019792780443452,1.3847677221690446,1,0
4.236842145239668,4.889915609138391,8.212072106330098,506.5848935349004,1172.8632266419354,85.10707972260306,141.69952735619626,1.0,0.8664448393455526,0.0120721063300983,7.136773358064602,0,1
4.333597222449162,4.60694450705726,8.252429159494426,505.4654511098038,1179.2787244340384,86.68739939393356,133.7649422986578,2.0,0.9406662517575304,0.0524291594944266,0.721275565961605,0,1
4.524124282068213,4.921513119842363,8.123356601040218,516.0152793414576,1172.3602438356224,87.23868412372416,142.66441145377408,1.0,0.9192547436089872,0.0766433989597814,7.639756164377559,0,0
4.478820153483712,4.96489022710997,8.011701432193751,518.3909022713984,1144.9093166489104,84.68817491380841,135.12007298627427,3.0,0.9020985253864726,0.1882985678062478,35.09068335108964,1,0
4.471615138832672,4.505674904272321,8.310850741808663,511.3153122850671,1141.220869592395,81.67982772679078,140.89989501630762,2.0,0.9924406959765796,0.1108507418086635,38.77913040760495,0,1
4.324293227001686,4.2910905862503,8.067265120738824,550.6729186250309,1215.3444372688907,85.38634934425932,137.33401391875674,2.0,1.0077375760488576,0.1327348792611751,35.344437268890715,0,0
4.803040616025648,4.56314127397102,8.019757362328095,507.3528236246195,1158.596228972368,76.75365683837171,142.9199331646292,3.0,1.052573288136066,0.1802426376719044,21.403771027632047,1,1
4.424371927964846,4.807099636092641,8.27500970857565,547.1296440424901,1173.745813531482,79.6262114087565,153.81437087892377,2.0,0.9203828216551654,0.0750097085756511,6.254186468517901,0,1
5.365817702659197,4.033436270060112,8.03412788453638,527.5097267163752,1210.938692836787,84.42557889490192,149.32224050275732,1.0,1.3303340729984794,0.1658721154636193,30.93869283678669,0,0
5.360786791421912,4.346601267684726,8.077271941228254,538.8550042010827,1172.9898103466503,91.3441436292882,133.13410648639908,2.0,1.2333284007539245,0.1227280587717452,7.010189653349471,0,0
5.10051009881572,4.711604666931214,8.437086709499313,492.3441322507171,1202.814571759012,91.22001142567656,162.59213864520854,2.0,1.0825420336157507,0.2370867094993141,22.81457175901187,0,1
5.042790587625425,3.6977502516879066,8.438284502076344,539.0178367004228,1156.9111329486475,89.01581155991941,151.68243668652678,2.0,1.3637455866468549,0.2382845020763451,23.08886705135228,0,1
4.023899322525605,4.17940983737618,8.378689937406754,538.3631559826262,1220.4400591999945,78.68986188778689,136.37554635471173,1.0,0.962791273920388,0.1786899374067552,40.440059199994266,0,1
5.945412708633908,4.309961651611684,8.313904934630512,507.67841159444765,1185.9024370140517,86.23312756312535,134.89623920185068,2.0,1.3794583775545193,0.1139049346305132,5.902437014051657,0,1
4.659203469962095,4.47411873540516,8.373459698054546,535.6868507052205,1179.3020763106415,81.47151836183971,144.79203024025227,1.0,1.0413678635863932,0.1734596980545468,0.6979236893582765,0,0
5.196856802116024,4.400238863919364,8.494390653793792,492.62162079799566,1175.7148057417885,84.7244386027695,147.77620466031917,2.0,1.1810397029915007,0.2943906537937923,4.285194258211504,0,1
5.216484985053974,4.406101798328631,8.36411975141249,511.21937733701225,1199.8911130217884,88.91346348224273,156.49064292756665,3.0,1.1839229374702198,0.1641197514124908,19.89111302178844,1,1
4.279396480978475,4.087359124587954,8.237691759200667,541.5913572782764,1186.1419700702122,87.69731724082637,146.16932717681166,1.0,1.0469832352602235,0.0376917592006673,6.14197007021221,0,1
4.486076099373398,5.048627038681794,8.330942348806975,516.6334944805362,1096.868814846589,90.26103877011391,136.5572616031163,1.0,0.8885734802973576,0.1309423488069754,83.13118515341102,0,0
4.998955046514241,4.3115590530651104,8.13025877872044,515.1117239537109,1168.3510028959506,79.22218926513528,137.83965249446385,1.0,1.159430958460612,0.0697412212795587,11.648997104049386,0,1
4.026963155157954,3.9100624940490274,8.221948099115579,545.984333397576,1188.3714392287325,80.80641418946344,147.13823041472205,2.0,1.029897389173945,0.0219480991155798,8.37143922873247,0,1
4.75531246071625,4.851928231349256,8.228619152507015,483.86047217636434,1154.8266104619995,91.1763824914322,131.0082728310894,1.0,0.9800871391730734,0.0286191525070158,25.173389538000265,0,0
3.602448715054963,4.259723144678288,8.179287527284728,516.7135521011735,1166.9000563833215,91.23931971591786,154.2561373651172,3.0,0.8457001997206874,0.0207124727152709,13.099943616678274,1,0
4.805067178516914,4.124250548902567,8.152773452265581,518.7783548807299,1169.911765776626,84.93364891614601,137.53404028870168,3.0,1.1650764473148778,0.047226547734418,10.088234223374002,1,0
5.487600824917697,4.710182249020348,8.39317926046543,505.2602858232846,1221.4693966867335,84.90419282848221,149.8680196841297,2.0,1.1650506357570327,0.1931792604654312,41.46939668673372,0,0
4.798797372326611,4.339155671358837,8.057053373997505,545.421741162357,1195.5430861205657,89.80852281819573,151.8352955253154,1.0,1.1059288337811364,0.1429466260024945,15.543086120565704,0,0
4.068372841468668,4.552230813652803,8.22216604046038,503.16375969902464,1188.5551456891908,87.18173879724392,167.0502553746424,2.0,0.8937097012685113,0.0221660404603802,8.555145689190795,0,0
4.5235680742137365,4.303597230168958,8.006600658200304,503.3957286189877,1149.6895527295662,87.48597791843743,139.4966962584493,3.0,1.0511132504342255,0.1933993417996955,30.31044727043377,1,1
5.107558170130516,4.35649087306066,7.89884266546546,474.2633921672813,1162.1980519170863,81.2082573404894,139.7212579531234,2.0,1.172401898174939,0.3011573345345395,17.80194808291367,0,0
4.883396815592772,4.192301658978385,8.379277682263822,540.5488651272769,1202.106792317925,89.7123802292275,139.2971609516873,3.0,1.1648486229442636,0.1792776822638231,22.106792317925056,1,1
5.025966311849011,4.123654969377125,8.392880434211824,513.9075673378431,1197.1627548238646,84.1813908604378,143.42456788712755,3.0,1.2188134914181157,0.1928804342118244,17.16275482386459,1,1
4.417120603823496,4.243324154619433,8.207594859959823,516.0554694356396,1216.384576652817,81.79648605480308,151.9377596060374,3.0,1.040957617620116,0.0075948599598234,36.38457665281703,1,0
4.862710782573618,4.046525007740391,8.156605964051117,542.0752802629686,1157.6232934513564,82.55197061284366,150.26692813439857,3.0,1.2017004150648485,0.0433940359488822,22.3767065486436,1,1
4.833971315446581,4.850442237771556,8.156763314423737,549.8379462444893,1189.3160101198505,91.0598620799397,139.89265208522173,3.0,0.9966042429712252,0.0432366855762627,9.316010119850262,1,0
5.313586430789651,4.582620160431803,8.126795450408578,487.9495009027874,1251.071148563788,82.14380903293143,136.1724186327527,1.0,1.1595083693625314,0.0732045495914217,71.07114856378803,0,0
4.565063973167436,4.505397891625279,8.269011513486221,511.4359601795864,1169.122173687324,86.57722661011962,138.42325682850893,3.0,1.0132432433192686,0.0690115134862221,10.877826312676008,1,0
4.824371136533353,4.348746309770618,8.142825936188016,498.9994656385752,1184.3558721829922,76.3479586329952,138.1533323744336,2.0,1.109370561484524,0.057174063811983,4.355872182992243,0,1
4.7273908152662125,4.373977514448121,8.262251925869197,515.8622210842234,1165.471451195245,88.84089737721703,146.0490792853834,1.0,1.0807990664263585,0.062251925869198,14.52854880475502,0,0
5.936981907344825,4.407811242989513,8.45015638372631,518.3154098584163,1184.5566013075666,81.75449873474516,143.58324938535674,1.0,1.346922900893383,0.2501563837263099,4.556601307566552,0,1
4.423501534431179,4.852326321324047,8.258433515311099,488.2042902154645,1217.0532827237846,86.60236865655176,148.73957847338113,2.0,0.9116249074346096,0.0584335153110995,37.053282723784605,0,0
4.607687458788528,4.423006928986297,8.218719927936073,526.8203017191462,1174.9418742215582,86.60077034041518,154.19627386938745,3.0,1.0417545194311515,0.0187199279360736,5.058125778441763,1,0
4.321283920027259,4.85463138219628,8.114277500494659,511.69009592287625,1172.3480152990917,87.59525051156353,144.4489846637178,2.0,0.8901363623579869,0.0857224995053407,7.651984700908315,0,1
5.451917495404118,4.483363565900136,8.197841820160981,534.4390318785846,1208.6923037682982,86.3624557867977,146.86306827650913,2.0,1.2160328766675628,0.002158179839018,28.69230376829819,0,1
5.488977482785927,4.436404927116576,7.9494321537671375,520.5605133439357,1147.1560002629674,92.84957047851124,162.1416724553263,3.0,1.2372579987003596,0.2505678462328617,32.84399973703262,1,1
4.691550955104797,4.183385103765417,8.430950962977214,488.2500688671346,1182.161068691192,85.85582112723083,146.6795476845722,3.0,1.1214724051487666,0.2309509629772144,2.1610686911919856,1,0
5.392796908939236,5.164865218026476,8.056291659610832,531.3707840055454,1161.0799575146898,94.21897235604536,137.98467644739333,1.0,1.0441311980558754,0.1437083403891677,18.920042485310205,0,0
4.964050798665867,4.504643184854475,7.912209433787792,495.2088455606165,1173.8125667172592,87.61470453048746,141.43974164808333,1.0,1.1019853501946677,0.2877905662122071,6.1874332827408125,0,1
5.151010336002795,4.499621167824086,8.184317567391966,497.21748582233744,1156.928995391317,86.1263241262604,128.34022354266523,3.0,1.1447653352890907,0.0156824326080329,23.071004608683097,1,0
4.302573223840324,5.076249323149334,8.25313308892883,514.1395027377164,1142.8508782054869,88.6551921729952,146.4728089198806,3.0,0.8475890266799176,0.0531330889288312,37.14912179451335,1,0
4.880688843914445,4.629116898567843,8.398675849147327,514.7256443831163,1122.5789983496743,85.80656160976848,137.4940200418439,2.0,1.0543455587328303,0.1986758491473281,57.42100165032548,0,0
5.736185360535698,4.663438834748432,8.236718527284474,487.56082177375146,1168.2291956398988,86.84155066324509,134.6956498557565,3.0,1.2300333643413386,0.0367185272844743,11.770804360101238,1,1
5.538726294669932,4.518516455986659,8.338823281411344,517.2657191686768,1185.9266496916289,86.42390237735643,134.90631630789866,3.0,1.2257842474172678,0.1388232814113443,5.926649691628654,1,1
5.202649894557463,4.260029559128894,8.339474850050895,518.3535734397323,1201.144228795195,86.01480504335517,151.3763392855163,3.0,1.2212708435760358,0.1394748500508953,21.144228795194977,1,0
5.275531627776412,4.877195527873482,8.324796906061088,517.6298054495045,1145.2777917135388,93.68593609462005,139.87747561268262,3.0,1.081673186269597,0.1247969060610891,34.72220828646118,1,0
6.016504226918283,4.0609304037485625,8.029954128528876,488.7725932220203,1183.9598909122274,94.31672945217964,148.26745292148627,3.0,1.4815580734609517,0.1700458714711228,3.959890912227365,1,1
5.192883124476345,4.197210431615088,8.276640842694885,522.6622933072651,1194.5406261058108,86.34083062562463,145.1630706913681,2.0,1.2372224857072271,0.0766408426948856,14.540626105810816,0,0
4.4691584057364455,4.259115484285282,7.992244235716781,531.4612311513147,1189.3651558988872,90.16378176744291,143.64287379833797,3.0,1.0493160894971822,0.2077557642832177,9.365155898887224,1,1
5.40650549288527,4.577890148021433,8.499159107780553,495.0879764110587,1186.7015201433592,89.92389094879715,138.85744241478733,2.0,1.1810037630634191,0.2991591077805537,6.701520143359176,0,0
4.762846574231507,4.495090360084324,8.304647392502396,500.10223581172846,1123.779442474897,89.48028703903036,146.0650766507038,2.0,1.059566369447264,0.1046473925023967,56.22055752510301,0,0
5.044387879407208,3.922566041042161,8.106280768238218,534.5658059363074,1176.8905520048063,87.23471125094227,138.5076088182009,1.0,1.2859918291601296,0.0937192317617814,3.1094479951937046,0,0
4.859246961412045,5.218393535419477,8.256378177786068,549.2295609066509,1177.8607572543945,87.71993633832939,143.2829601991553,2.0,0.9311767936816328,0.056378177786069,2.139242745605543,0,0
4.445607005987309,4.735548501851901,8.04841548397736,516.9221456041556,1194.179937756622,87.3419652712747,151.07117984559738,1.0,0.9387734078343872,0.1515845160226394,14.17993775662194,0,0
4.954250365934732,4.347796435387004,7.966797080745112,511.6828995790301,1216.074836256949,82.05393129361312,152.79951331941643,3.0,1.1394853550346271,0.2332029192548868,36.07483625694909,1,0
5.283437277200665,4.634333716498772,8.331517129567558,523.667097229184,1173.2625802201624,84.73221526164498,138.42449927896956,1.0,1.1400640521961,0.131517129567559,6.737419779837637,0,0
5.169377818270676,4.638566128370132,8.052871914245989,545.0923228895507,1171.0311924361167,80.09313160155845,145.05191446579548,3.0,1.1144344338522176,0.1471280857540104,8.968807563883274,1,1
5.039965225441964,4.3976570895379785,8.17284782938231,504.2743805212022,1183.393791022975,87.36341344564993,146.79104088969538,3.0,1.1460568938596825,0.0271521706176898,3.3937910229749377,1,1
4.699678210922423,4.622097194116797,8.230832629580943,511.045516800472,1180.5663226165943,86.76780695343466,143.94693864899594,1.0,1.016784808395546,0.030832629580944,0.5663226165943342,0,0
3.970516379493138,4.625737738346375,8.172636980911541,510.5599203815991,1191.2440862184346,87.86722145586225,148.2612188954448,2.0,0.8583531110551414,0.0273630190884581,11.244086218434632,0,1
4.776302565847622,4.838340059406756,8.045794651394356,493.79101282301167,1193.756105052927,81.82336196019202,148.35215652121198,3.0,0.9871779383456736,0.1542053486056431,13.756105052927069,1,0
5.077144382503312,4.521408833853536,8.209105598519598,535.776571858038,1175.420994563751,88.95440175128712,157.06867287962487,1.0,1.1229120320564372,0.0091055985195982,4.579005436248963,0,0
3.720593782877165,4.599707305143024,8.222203748079123,524.8310442486024,1192.9802395554732,86.9323864241057,159.6814324428113,2.0,0.808876203472386,0.0222037480791232,12.98023955547319,0,0
4.766497877404644,4.435251200587888,8.330696353650712,482.6804130990464,1174.3119028247731,94.1551244246952,140.6484063394365,2.0,1.0746849864328236,0.1306963536507126,5.688097175226858,0,0
4.752591028565354,4.365639538231003,8.566733451558129,519.7900063263419,1142.288322939814,88.30480452996352,155.6144536198267,3.0,1.0886356937756965,0.3667334515581295,37.71167706018605,1,0
4.342666624493201,4.261451450757981,7.903552064925407,550.7516943011293,1149.9382970158292,82.54913991520021,145.60057684294625,2.0,1.0190581011316495,0.2964479350745925,30.06170298417078,0,0
5.180208359832149,4.250746846566472,8.080221828277702,525.0950840677057,1119.290547850577,79.46394221893931,140.54459152373107,2.0,1.2186584018283253,0.1197781717222969,60.70945214942299,0,0
5.272095914433001,4.355897628353823,8.233441299332254,549.6738150726605,1223.2304150749128,85.89444427195674,146.9781360732299,3.0,1.2103351279206007,0.0334412993322548,43.2304150749128,1,1
5.707069611617939,4.426882060570749,8.351615355551743,509.6374254265916,1213.4166238197113,80.78019023373804,140.08937434596655,2.0,1.289184923438632,0.1516153555517441,33.41662381971128,0,0
4.785900955065313,4.811826496045303,8.251950392721298,537.8744330150024,1206.9022890078031,81.98848462451751,141.65002958811877,1.0,0.9946121203672016,0.0519503927212987,26.90228900780312,0,0
5.445755921948144,4.382420267083359,8.368448898124367,544.3261204481624,1174.3739392664702,81.03958113191527,133.0083846351025,2.0,1.2426366228745631,0.1684488981243674,5.626060733529812,0,0
4.390372835259521,4.396890655546778,7.978027055927898,518.6544949775435,1205.3936040392864,82.6173781523448,142.659481910553,1.0,0.9985176294348936,0.2219729440721014,25.3936040392864,0,0
4.614404812665018,4.409363737287271,8.152350215385193,512.393940193598,1203.3424502746373,90.97043755981632,149.64795700080657,2.0,1.046501283756053,0.0476497846148067,23.342450274637255,0,0
5.139740575222685,4.485150450049371,8.419240512784793,540.3496380227799,1142.191490452806,81.03389733275631,147.90858857411658,3.0,1.1459460794721306,0.2192405127847934,37.80850954719404,1,0
4.471982710588207,5.02643619343373,8.070962551379953,529.9913194751829,1159.5579351341378,83.25878392546392,144.9822919856862,2.0,0.8896925252011506,0.1290374486200463,20.44206486586222,0,0
4.718911872796208,4.382465468636632,7.765144676012666,537.6490725503389,1193.9745995976284,79.13470512563963,156.24132678263018,1.0,1.0767710334492313,0.4348553239873336,13.974599597628412,0,0
5.219778014922535,4.67394459048786,8.077484297327297,527.6423320373721,1167.283627747949,78.00373331400972,159.49970617856675,2.0,1.116782176756811,0.1225157026727021,12.716372252051087,0,0
4.796976330622449,4.6084072116046855,8.26559827274506,518.5263752112791,1161.6117751967663,83.85437999471648,146.08581665132616,3.0,1.0409185016250295,0.0655982727450599,18.38822480323347,1,0
4.340180944400041,4.5192429706266255,8.189379191894153,518.3582609680489,1201.4140371146389,85.85068600278217,155.10126760987936,2.0,0.9603778711720528,0.0106208081058465,21.41403711463886,0,0
4.505223862243457,4.202985385703237,8.00726891807684,513.436440567502,1158.4639161979692,80.28354710765157,144.8632684833486,2.0,1.0719104274062896,0.19273108192316,21.536083802030817,0,1
4.663301648971257,4.662336236311876,8.091770864967383,527.4050215848647,1244.5216605433125,78.7703179276861,142.72152730213526,1.0,1.000207066073797,0.1082291350326158,64.52166054331246,0,1
5.093774258708892,3.903052522690028,8.000412823842357,516.7194823790269,1221.451081856971,77.32753713072968,149.87895322041814,2.0,1.3050744840843522,0.1995871761576424,41.451081856971314,0,0
4.637538405920708,4.183628120334138,8.018048139388664,524.6872715411262,1174.4500225025677,85.59629821086456,141.421896213162,1.0,1.1084968050271686,0.1819518606113348,5.549977497432337,0,0
3.575486423545777,4.332103697375634,8.0681507880862,505.3350555494558,1212.489768881893,88.83325328433943,122.6509164449062,3.0,0.8253464534762733,0.1318492119137992,32.48976888189304,1,0
5.193137119035757,4.430395871702462,8.215822385615253,504.2447153494229,1184.8498855756095,79.14400187975191,139.878323244502,2.0,1.1721609689628112,0.0158223856152535,4.849885575609733,0,0
5.122722012990466,4.526062050994659,7.841796265549144,530.8067604141576,1169.188360205021,82.34420294059863,129.65382473900135,3.0,1.1318276139702628,0.3582037344508553,10.811639794979328,1,1
4.267228986056815,4.931280719702482,8.404860905645489,527.1867603059032,1231.429768210853,89.43732277234766,138.81924731274842,3.0,0.865338890187726,0.2048609056454893,51.42976821085267,1,0
4.233348058815691,4.695352302915245,8.184473197565943,512.0458709662655,1190.152225661768,84.12444693578678,137.52941946636116,1.0,0.9016039233702848,0.0155268024340564,10.152225661767943,0,1
5.475546570631154,4.552349513268447,8.034001171710536,545.472537214903,1156.743059234827,84.58841498892636,137.57844088973366,2.0,1.2027957329438628,0.1659988282894637,23.25694076517334,0,0
4.679701655879003,4.395863343255279,8.05396962442815,504.8100902581197,1191.961540652005,86.55925227137509,133.37699148041193,1.0,1.0645694120575102,0.1460303755718488,11.961540652004942,0,1
5.176787857252657,4.399133162146633,8.104789574025725,528.0907144458158,1223.613800242555,83.18301086519544,132.16936453521555,1.0,1.1767745292688023,0.0952104259742743,43.61380024255504,0,0
4.453014384698784,4.148303572275233,8.200936968356901,528.4676474560656,1180.0611631089046,81.81141612820285,136.6946747206469,1.0,1.0734543183836882,0.0009369683569016,0.0611631089045658,0,1
5.127637796484358,3.846680007301001,8.222701251750596,520.9894616256258,1185.4488099309433,86.26008898186868,138.95783303352832,2.0,1.3330034693343598,0.0227012517505968,5.448809930943298,0,1
4.338573515516189,4.104663343040399,8.170924640348002,543.4244213066181,1172.2070041372651,79.33685569084666,139.5555408267019,1.0,1.0569864448969746,0.0290753596519977,7.79299586273487,0,1
5.011142515559483,4.862961626209548,8.086687895901402,550.1044153528886,1189.1513362406054,78.38992010365652,144.12311439668997,3.0,1.0304713258523004,0.1133121040985969,9.15133624060536,1,0
4.978447688645407,4.279368858871546,8.198355588709816,498.7104393204354,1154.5774537400048,82.16262219172158,147.79223721353077,2.0,1.1633602644841523,0.001644411290183,25.42254625999521,0,0
3.767703108267944,4.337343305232795,7.888901746070479,477.9106994840181,1159.3164116640146,87.91943289705551,133.71966212067355,3.0,0.8686661032465948,0.3110982539295204,20.683588335985405,1,1
4.861988683367874,4.816524713537914,8.01769643459048,510.95009007979166,1171.099001340659,89.76610929104254,134.82779445666537,1.0,1.0094391644441756,0.1823035654095193,8.900998659340985,0,0
4.440692778516734,3.681004983385659,8.098568376897127,501.8156952739145,1184.3597736547056,83.05288259304305,155.6507734811678,1.0,1.206380539378124,0.1014316231028722,4.359773654705577,0,1
5.346502601542727,4.318336308783739,7.998665793921015,511.9136694780545,1208.9232817149505,88.4041933920929,148.21020022793428,3.0,1.2380931493060292,0.2013342060789842,28.923281714950463,1,0
4.91759788961658,4.159643928948889,8.16719271847094,553.6611978600492,1176.173708273212,90.6649847439934,135.63998256882033,3.0,1.1822160676327418,0.0328072815290596,3.8262917267879857,1,1
4.676349886842622,4.591009267446295,7.999290836805041,569.8868645229348,1201.5136105817198,85.154786811695,131.72193726232828,1.0,1.0185886399713604,0.2007091631949586,21.51361058171983,0,1
5.559426722733334,4.672638931088697,8.45695491812216,502.4587491953199,1168.5526521822237,87.60933975599353,137.91240241199884,2.0,1.189783076230167,0.25695491812216,11.447347817776516,0,0
3.8483915608499473,4.677679669126443,7.981357441627598,524.1488003605815,1195.306189681228,92.65290278902587,139.92406048545678,2.0,0.8227137880832959,0.2186425583724016,15.306189681228034,0,1
5.76364620120814,4.967547661027854,8.426685864919458,523.731557326399,1211.1735619668077,82.11036466378647,147.5912756941945,1.0,1.160259869324596,0.2266858649194585,31.17356196680771,0,0
5.737725304211334,4.671738582593508,7.899215463534409,526.3964874382324,1177.0061277354446,84.00932832929328,123.12381412329928,1.0,1.2281777333092698,0.3007845364655903,2.9938722645554208,0,1
4.605155383618085,4.577171330850245,8.500766351737244,494.64611976378586,1189.1329489840634,91.56209239481652,134.0900697890721,3.0,1.0061138309534348,0.300766351737245,9.132948984063432,1,1
5.244198791467946,5.254349972985088,8.287599663754294,542.8621816284632,1164.755203047447,81.14506549327008,156.75963617530215,3.0,0.9980680421807834,0.087599663754295,15.244796952553315,1,0
5.042682187908023,3.840336425616189,8.318738489342499,536.6860106635004,1195.2474599980449,85.63763175014483,142.13308394645586,1.0,1.3130834457519776,0.1187384893424994,15.24745999804486,0,0
3.5574052894923422,5.182219738405144,7.99520301883075,511.1193025093758,1107.1625208646378,82.42403496344329,142.5112045652125,1.0,0.686463613737207,0.2047969811692489,72.83747913536217,0,0
4.7442386957107,5.039999744257058,8.151599242650382,542.7690802276844,1137.7253446329032,90.59119181853563,137.37167725392362,1.0,0.9413172491080606,0.0484007573496167,42.274655367096784,0,0
4.167476309842008,4.453981621235814,8.161383512088797,493.3250644779866,1194.8927903599335,80.14232630596669,148.4671597624278,3.0,0.9356743388963544,0.0386164879112023,14.892790359933542,1,0
4.121887311412669,4.280816842241506,8.18488504281413,488.67453305596496,1137.4651842314686,84.72471010304682,127.20932992655196,1.0,0.9628740173549466,0.0151149571858688,42.534815768531416,0,0
4.656764854618654,4.295928992783654,8.39089041652683,524.8996479801962,1167.2875658788105,80.70745641958264,138.51522839754804,1.0,1.083994838219426,0.1908904165268303,12.712434121189515,0,0
4.674107156929291,4.410555792333409,8.303697709275465,527.9780579384482,1216.4878515554246,78.98711336647868,124.93431552061624,3.0,1.0597546830706104,0.1036977092754654,36.48785155542464,1,0
5.4079083439103135,4.870870520564218,8.17514179216707,516.9692987030919,1202.4617053401237,77.21777702001229,141.83754677979547,3.0,1.110254998561044,0.0248582078329295,22.46170534012367,1,1
4.423752865454359,3.735299824140828,8.349865077894943,540.4859934527418,1242.2675553876966,84.32485849544777,138.34234133067014,2.0,1.1843099811372104,0.1498650778949439,62.267555387696575,0,1
4.602591830213931,5.123017958402312,8.377471491144899,507.8364349202633,1181.9601007739875,86.98296917678839,128.63502539028406,3.0,0.8984141509335841,0.1774714911448995,1.9601007739875056,1,0
5.483667143079052,4.499710987436699,8.114807964535707,542.2810592700935,1177.8488793580154,85.07511404569891,150.28644582035938,2.0,1.2186709673512168,0.0851920354642921,2.151120641984562,0,0
4.708149129427245,4.864806324209707,8.110413167423047,534.5797767100155,1180.263759500266,85.96189406840568,147.65865734690166,2.0,0.9677978555958836,0.0895868325769519,0.2637595002659054,0,0
4.543428343398902,4.118823695642007,8.524254287838763,554.4626602658496,1155.954150360914,83.21894774715305,150.4441207488207,1.0,1.103088813221859,0.3242542878387642,24.045849639085876,0,1
5.228427989815351,4.724328919035476,8.164022834991375,487.2010706358653,1174.4574723451344,89.03595242409214,129.6453479746459,1.0,1.106702788546757,0.0359771650086244,5.54252765486558,0,0
5.065316109382069,4.619887943292101,8.103554371710493,511.0026799208917,1147.2262997476632,87.98397541892554,133.76990458422603,3.0,1.0964153612514125,0.0964456282895067,32.773700252336766,1,0
4.849964520201086,4.674845518868565,8.176823850177316,503.2352890102623,1210.5003176928408,85.51465811053762,151.85705320444666,1.0,1.0374598475154413,0.0231761498226834,30.50031769284078,0,1
5.262025902667472,4.285541737665385,8.361169322263313,534.3736715843113,1199.199653261211,85.84228604280763,148.64617198106114,3.0,1.2278554786182496,0.1611693222633139,19.199653261211097,1,0
4.1761640675072,4.381376512243278,8.307757126425706,549.1011099649398,1149.8275515387522,83.0903136669001,153.50905776229132,1.0,0.9531625631543426,0.1077571264257066,30.172448461247768,0,0
4.509058287393917,4.117130771983716,8.18116261754225,513.1173548660669,1162.7090257508448,92.97625111548535,140.03243951473698,2.0,1.0951943321747268,0.0188373824577485,17.29097424915517,0,1
5.799168489665186,4.736868868830236,8.291738320047653,531.0888372964171,1190.1549278224466,88.313658775965,141.10337640952676,2.0,1.22426198592933,0.0917383200476535,10.154927822446552,0,0
3.282771458388527,4.9161907729813645,8.237542650825812,546.7069513632715,1187.048990983913,84.57848258829499,147.05223409342486,1.0,0.667746962905181,0.0375426508258129,7.048990983912972,0,0
4.463590508967882,4.58751726698283,8.178667574930662,526.0353547205481,1152.7128797128653,84.29223453324302,130.9207746677279,3.0,0.9729860942693652,0.0213324250693371,27.287120287134712,1,0
4.208281539797,3.669399259180148,8.154995692788171,532.9769639901922,1181.7187943025392,83.40221204278316,143.60562427917753,2.0,1.146858447775017,0.045004307211828,1.7187943025392087,0,1
4.83550915713763,4.920580747783053,8.222206124663018,483.3098594539561,1194.8541108226711,83.77545015227048,162.78740779980876,1.0,0.9827110668458264,0.0222061246630183,14.854110822671146,0,1
5.102469494958468,4.536931403246746,8.137576850684695,548.9681489605506,1195.6005742861755,86.01023642944917,139.06572602901636,3.0,1.124652114021904,0.062423149315304,15.600574286175515,1,0
5.353480972736326,3.677137764633885,8.210595633308296,514.472821977957,1223.801056088626,78.00264904009842,128.85183355093793,1.0,1.45588262228556,0.0105956333082968,43.80105608862596,0,0
4.594808058092011,3.971985039710978,8.192569730827547,569.3904096612367,1186.5016133852107,83.97865999172478,145.37100601790803,3.0,1.1568039685440377,0.0074302691724525,6.501613385210703,1,0
4.338606924982638,4.173363283844914,7.982408267123397,504.25950093654745,1147.7377559093427,84.46250978589278,134.61048848411642,3.0,1.039594837271365,0.2175917328766026,32.262244090657305,1,0
4.074365122501356,4.499873070690495,8.120607025398872,528.7795540911181,1152.3220904751088,84.96592341476249,141.1227342744335,2.0,0.9054400107713958,0.0793929746011272,27.67790952489122,0,0
4.823962477383888,4.18333507115034,8.161240102861935,535.2726436079917,1212.660697191865,85.71591017389026,150.91806335668434,1.0,1.153137961503105,0.038759897138064,32.66069719186498,0,0
5.863649333560111,4.224115753016314,8.478957237999316,473.7216294965793,1221.8844190632535,85.13071252831325,146.57650494937198,2.0,1.388136517799002,0.2789572379993164,41.88441906325352,0,0
4.506151513166234,4.783317872608344,8.175996703226025,552.8819231688175,1179.0933868180307,86.6609082684426,137.99413521074305,2.0,0.9420556258718747,0.0240032967739747,0.9066131819693056,0,0
4.764109730526003,4.86808930169273,8.240986083442131,533.7473432346092,1189.9418414384052,84.44663302255269,148.8756362614782,2.0,0.9786405783252144,0.0409860834421316,9.941841438405165,0,0
4.868095943030272,4.794339680940175,8.52269839678837,492.35275639854007,1182.4194568454052,89.05081394462292,128.3229725418631,3.0,1.0153840290807783,0.3226983967883701,2.419456845405193,1,1
4.588576478339178,3.9928403438428153,7.9631154868924945,526.8403108868605,1172.2493890768944,87.69710773649955,143.61627806525124,2.0,1.1492010904632888,0.2368845131075048,7.750610923105569,0,1
5.511623479590305,4.792330411370367,7.969839689858543,526.7332070983322,1141.232525367254,94.20834583656634,138.85122087495245,2.0,1.150092544821876,0.2301603101414562,38.76747463274592,0,0
5.404661087981564,4.351540669913979,8.083251163305455,517.5143363570185,1192.4091055720016,87.87713416918871,122.65050176889557,1.0,1.2420109328419515,0.1167488366945441,12.409105572001636,0,1
5.209133569685977,5.108391434380661,8.150039584592065,508.9730113294172,1226.3307133170365,81.94482268342793,132.07215790565482,2.0,1.0197209112848278,0.0499604154079342,46.33071331703627,0,0
5.280267005006702,4.580685884739477,8.165183000259486,518.7415974066223,1184.425620666516,84.35718393382281,141.8801628306974,1.0,1.1527240978136375,0.0348169997405136,4.425620666515897,0,1
4.457382688722332,4.8770822641034535,8.123368954608809,535.9346330769839,1172.149252145579,82.92003952871728,148.12300510341956,2.0,0.9139445361862848,0.0766310453911902,7.850747854420888,0,0
4.226050153338418,4.67240558459141,8.014949949158744,535.1862488044761,1168.7763907242177,85.03265793076407,142.17852551272975,3.0,0.9044698872825924,0.1850500508412551,11.223609275782335,1,1
4.461330842124168,4.634179378455222,8.346098230429142,520.1570136894583,1192.9199358717578,89.50123897984375,139.57223884893776,3.0,0.962701371013529,0.1460982304291427,12.919935871757843,1,1
4.940206645005566,4.3858915876979,8.1318962985437,524.2300492648887,1209.9287482730113,83.6722111547398,148.6402286213245,1.0,1.1263859457301892,0.0681037014562999,29.92874827301125,0,1
4.6377129892180005,4.874312277512342,8.377650269200698,517.6497948941914,1193.8495150896597,82.66909211738253,144.24879696594778,1.0,0.9514599648575344,0.1776502692006989,13.84951508965969,0,0
5.084545723568552,4.788608461538088,8.047444671596148,501.9999501095301,1131.3886595901995,87.11677810397435,150.17765183121108,2.0,1.0618002627163237,0.1525553284038512,48.61134040980028,0,0
4.854109687071162,4.397368483701175,8.493953476521034,518.9402023881577,1225.3017400070908,81.65742878705876,146.71032681657115,3.0,1.103866938592713,0.2939534765210343,45.30174000709076,1,1
4.130339881232995,4.363489260484977,7.950134157563924,506.41026446226834,1201.664888710692,81.41526296011952,136.16139123360605,3.0,0.9465681324553926,0.2498658424360753,21.664888710691912,1,1
5.420388809889248,4.279140996316435,8.197826261950613,501.5826136250566,1175.3172023867205,86.5660956581402,147.50144592828715,1.0,1.2667002123296522,0.002173738049386,4.6827976132797176,0,1
4.544338678136991,4.753441097458197,8.050244076548603,475.2477405624442,1166.211803202595,77.654639739336,149.8797623461965,2.0,0.9560103057995124,0.1497559234513961,13.78819679740468,0,0
5.193151049519852,4.573266913510221,8.205334513969134,512.4365431983366,1168.3846808651351,83.02084013874594,153.48143473578293,3.0,1.1355451467402529,0.0053345139691352,11.615319134864876,1,0
4.37619680181426,4.589175427886529,8.05307321271915,534.531240676566,1202.4287992636175,88.50893097031037,137.67746700974297,1.0,0.9535910905188596,0.146926787280849,22.428799263617748,0,0
4.359477571852522,4.388244918725712,7.878197569126873,542.6276821347791,1128.6377932484415,77.48223646615554,139.02236575132088,2.0,0.9934444525318364,0.3218024308731264,51.36220675155846,0,0
4.335497761500242,4.951916931111956,8.08289643264142,528.2543244374907,1193.3563877568313,77.78048461355328,149.2192093421719,1.0,0.8755190809816722,0.1171035673585798,13.356387756831282,0,0
4.084077717792283,4.038438816050468,8.43941606482493,496.0330503099916,1187.2942116576528,79.12065418068626,148.90074669103092,2.0,1.0113011247190684,0.2394160648249315,7.294211657652795,0,0
4.096066055213536,4.742462709017378,8.049996585089653,517.1378076588569,1186.9312856842068,73.80219712331413,137.81538097424365,3.0,0.8637002135117529,0.1500034149103459,6.931285684206841,1,1
4.990309274459834,4.804396663990603,8.276266736576272,498.63461521209217,1149.7675314580697,92.77633045300588,136.48608738747248,1.0,1.038696348872267,0.0762667365762723,30.232468541930302,0,1
4.336246215312551,4.401597939384487,8.200854357062656,555.3241264275293,1135.6944393558308,85.49398548040368,138.44917271526978,3.0,0.9851527272692636,0.0008543570626571,44.30556064416919,1,0
4.972964395910593,4.050545042693725,8.131798493512958,512.8356957042245,1238.354059787933,82.25113215069861,142.64991111412198,1.0,1.227727217514339,0.0682015064870409,58.35405978793301,0,1
4.850881006135374,4.618578991139492,8.506503537249111,510.8557241206498,1183.4562672111192,79.7103650801119,134.71994677947256,1.0,1.050297291524351,0.306503537249112,3.4562672111192114,0,1
5.240029767879959,4.870911742156401,8.15282132638011,537.0725903828252,1230.3348544374012,94.0249776749787,145.44179810984005,3.0,1.0757800683295415,0.0471786736198893,50.33485443740119,1,1
4.290760086415455,5.049312842867522,8.225415634685945,519.2767418141223,1203.4869507362034,87.68557767961072,127.84021194099388,1.0,0.8497710914519107,0.0254156346859453,23.486950736203426,0,0
5.330422106444472,4.703703863476838,8.212849422023337,539.8253594273444,1182.9227678904078,84.47361520701779,135.18015544841126,2.0,1.1332393067303226,0.0128494220233381,2.92276789040784,0,1
4.347074044736917,4.309743842070828,8.436250246721318,499.22213995299154,1186.0293620487353,90.00002860839261,143.50895486187986,2.0,1.0086618144895336,0.236250246721319,6.0293620487352655,0,0
3.428790119429,4.714924691651166,7.975211356372158,521.6468801138118,1208.0887005681768,86.5939161050564,134.46122017324396,2.0,0.7272205481400843,0.224788643627841,28.08870056817682,0,0
4.895127700497937,4.655164397719879,8.536625642680024,529.3846269200916,1211.0125950534273,82.94188372389414,138.56936059819452,1.0,1.051547760986496,0.3366256426800245,31.01259505342728,0,0
4.362409323944774,4.599775329663442,8.427917108984513,471.56894910825406,1192.375796235253,82.51370940069876,140.9561408455888,1.0,0.9483961738008556,0.2279171089845135,12.375796235252665,0,0
5.54990896561036,4.225762807601451,8.259649994991628,507.37089793909473,1208.4120728164771,82.57936357199135,159.39251886025565,1.0,1.31335080007653,0.0596499949916289,28.41207281647712,0,0
4.95049446738697,4.685524516080164,8.29272357017747,508.6441743424679,1209.648712013838,80.83430586712778,131.28995489507366,3.0,1.0565507552763644,0.0927235701774709,29.64871201383812,1,0
4.757406315540791,4.64567016389254,8.16578991605926,521.0218444733296,1188.570854153088,89.55745931180861,143.93259205300222,1.0,1.024051675362716,0.0342100839407386,8.570854153088021,0,0
4.900784557324881,5.252575909502359,8.222512829648052,514.2624302559876,1164.3013314127795,82.87627664949913,133.59635843930175,1.0,0.9330249844701756,0.0225128296480523,15.698668587220482,0,0
4.551314491123035,4.52712602773196,8.26299874269511,525.4770398570936,1192.9252533450444,90.548057172341,133.2888331541833,3.0,1.00534300618926,0.062998742695111,12.92525334504444,1,0
5.6421396978179965,5.025564900536264,8.063708781870998,515.6621575011484,1160.5444056031597,81.60238648346599,134.82468304702766,1.0,1.1226876596685182,0.136291218129001,19.455594396840297,0,0
4.525939431337109,4.931304885180435,8.427910133435716,541.2271057106408,1170.1096176105552,82.54401826046225,140.71645255163062,3.0,0.9177975273888808,0.2279101334357172,9.890382389444769,1,0
5.031652056703629,4.51548203748778,8.233618184695507,559.0481603212285,1190.336232098639,83.1451008050938,153.75717234010813,3.0,1.1143111662976988,0.0336181846955074,10.336232098638677,1,0
4.390518391609375,4.8835306187788525,8.22124113729822,492.2396491275853,1177.940148086304,81.31378675784636,151.6336557046091,3.0,0.8990459430780015,0.0212411372982206,2.0598519136958657,1,0
4.800829413991531,4.25715020750554,8.069996093487195,520.4568055395372,1214.203817690317,82.59564684637286,138.24292761707392,3.0,1.127709659950394,0.1300039065128047,34.20381769031701,1,1
4.181490395496354,4.440425988740547,8.37546136949847,540.0973083184842,1162.829066833218,87.25736079346828,139.81488532431578,3.0,0.9416867672510578,0.1754613694984712,17.170933166782106,1,1
4.914302167189852,4.333908545856248,8.193108618319325,506.99590076238417,1124.6685124449273,89.92817108266642,146.8489443768003,2.0,1.1339192126595778,0.0068913816806741,55.33148755507273,0,0
4.832408756049585,4.45116466561311,8.12122397503545,525.1771042139719,1214.0609229895192,86.22616981976168,142.4727886184311,2.0,1.085650412418142,0.078776024964549,34.06092298951921,0,0
5.074422923562918,3.878670952373048,8.0370964919767,512.9732616506702,1181.2354115262438,80.11820233089402,136.77948431589218,1.0,1.3082890981381126,0.1629035080232999,1.2354115262437515,0,1
5.034065508082685,5.057807585932137,8.175770673961535,501.4365919007234,1182.4716641934283,82.54203843978713,147.4236138003228,1.0,0.9953058556614937,0.0242293260384638,2.471664193428296,0,0
4.814556702724734,4.405603001453905,8.024543619516217,501.1898718662909,1159.5012283485507,82.62765703927816,155.29195469792418,1.0,1.0928258174971834,0.1754563804837818,20.49877165144926,0,1
5.819745627717449,4.743954506031713,8.251874708131664,474.2875935183749,1131.0254922966874,91.97207369305782,150.67910107226382,1.0,1.2267709606175918,0.051874708131665,48.97450770331261,0,0
4.790855900448606,4.576051322631935,8.316156350902299,523.0709463454672,1158.7102877352647,89.04077671795054,153.1239591327353,1.0,1.046941033136443,0.1161563509022993,21.28971226473527,0,1
4.8195844260349405,4.415795500450291,8.141046013251927,524.2886652675462,1194.820200948286,89.97826402625704,140.8571052667927,3.0,1.091441943915209,0.0589539867480723,14.820200948286129,1,1
4.7573868074431305,4.104085109764441,8.235416014925233,502.391011886779,1174.7698984958754,82.09330009246825,133.12239394569275,2.0,1.1591832720440352,0.035416014925234,5.230101504124605,0,1
4.901300999683923,4.21664256487472,8.383019458903197,514.8232342460616,1171.3534756745744,79.77884320169515,125.59775201650524,2.0,1.1623705170910483,0.1830194589031979,8.646524325425617,0,0
4.656963592349522,4.426941927417673,8.17407453200357,493.318465992461,1135.8178971037028,87.35084697401261,125.00983799575312,2.0,1.0519594943080868,0.02592546799643,44.18210289629724,0,1
4.615866961428204,4.352861201725138,8.184187482114577,529.8518458851004,1227.0933244974392,83.11312914823968,140.332538750962,3.0,1.0604213519462578,0.015812517885422,47.0933244974392,1,0
5.176030817396761,4.19812669116796,8.200826968163577,512.5890643124094,1178.4583119091037,86.19550177277925,146.15597503868716,2.0,1.2329382119537224,0.0008269681635777,1.541688090896514,0,1
4.775800719601642,4.287001250657594,8.133911819517515,534.2559167339656,1240.8899654552977,86.69111957959393,148.9132730642474,3.0,1.114018970196253,0.0660881804824846,60.88996545529767,1,0
5.327002133074775,4.642959003509061,8.147252001905343,514.0407634670376,1189.5361279613426,83.38003899433956,143.9933734688151,2.0,1.1473291338349956,0.0527479980946559,9.536127961342572,0,0
3.8530572829342136,4.771835303491384,8.084686918114311,501.72755278511016,1220.3279428187388,89.11685450960266,136.08278709084547,3.0,0.8074581449421795,0.115313081885688,40.32794281873885,1,1
5.56140906387816,4.138393473910555,8.264422320456847,510.0854917053519,1161.3374520392292,79.01236180699516,147.3668970729952,1.0,1.3438570057667996,0.0644223204568472,18.66254796077078,0,0
5.2476246194199705,4.227170970446234,8.189265778973976,547.8998717276799,1140.626213837519,85.4485255330883,132.1751431709957,1.0,1.2414034480428433,0.0107342210260235,39.37378616248134,0,0
4.774280994937803,4.56665727287031,8.289824447181044,558.7773473275574,1175.1510728989674,87.78180962612086,132.94927877461686,3.0,1.0454651419224044,0.0898244471810443,4.8489271010325865,1,1
4.761232667483626,4.449327912910856,8.353264303256777,492.1200092292893,1194.5602693983149,91.9792921290996,147.02608928342025,3.0,1.0701015433359269,0.1532643032567779,14.560269398314858,1,1
5.120341251964185,4.3864633393766095,8.042399926283354,536.755797779481,1197.383882552166,85.55273904779702,131.88792581837683,3.0,1.167305151015936,0.1576000737166456,17.383882552166142,1,0
4.28682057435861,4.785943612218395,8.074488493732558,499.497050889769,1190.2576403853875,90.15545798703556,135.72477032419522,2.0,0.8957106311321248,0.1255115062674416,10.257640385387733,0,0
4.819201490339597,4.557292084107821,8.303782344089091,505.9421513100081,1239.5860646097804,89.88621649670256,133.9829721870842,1.0,1.0574704013569014,0.1037823440890921,59.58606460978035,0,1
4.877580568736273,3.9968222657458665,8.161844666647283,523.8661355964153,1190.1875988468648,94.5808862258622,143.3869139434616,2.0,1.2203646405091468,0.0381553333527158,10.18759884686483,0,0
3.777998944069203,4.252157552336825,8.212107042240465,529.0527704509078,1171.9378531069676,86.32731224292277,146.8232852016683,1.0,0.8884898775927219,0.0121070422404656,8.062146893032377,0,0
4.97398435569534,3.9850641134263287,8.212535944551567,506.5282657338843,1173.927758383256,93.4135260251817,147.03443766528403,2.0,1.2481566702249585,0.0125359445515673,6.072241616743895,0,1
4.123876366060332,4.444452547215016,8.057797265620223,531.2877478310961,1159.0615961233595,88.32126701764696,137.24142855863408,2.0,0.9278704905324204,0.1422027343797758,20.93840387664045,0,0
5.341483098083539,4.088283830516358,8.27590706624669,541.9081267985227,1187.6225257367064,78.71003558068094,140.62367812945493,3.0,1.3065343107800726,0.0759070662466907,7.622525736706393,1,1
5.469029801651262,3.954057014411633,8.237338023852223,533.4768122335266,1208.120697911911,85.11781463441261,148.02757007810655,1.0,1.3831438900184687,0.0373380238522234,28.120697911911066,0,1
5.55527628198934,3.862873775321908,8.048728651372118,502.12483286765087,1216.6335224587135,81.24213860480668,137.65092316188094,2.0,1.4381200638864464,0.1512713486278816,36.63352245871352,0,0
4.63878251768267,5.115164709913701,8.175223410871707,511.77311540917896,1172.2825238143373,91.27405245412896,134.51410614870844,3.0,0.90686865034578,0.024776589128292,7.71747618566269,1,1
4.631786784449617,4.076736379344676,8.183646322186929,536.1920414936403,1178.6257356260633,85.69116768779995,136.73909709731507,3.0,1.1361506735586404,0.0163536778130701,1.3742643739367395,1,0
3.811859167090149,4.402146142792891,8.312133728483788,548.700718810205,1163.3185917544704,79.58982539845331,137.01551745206783,3.0,0.8659092730178761,0.1121337284837888,16.68140824552961,1,0
5.140098466649113,4.518438515900491,8.375968791615062,496.4874959758213,1205.1762515176822,88.61936235785599,142.2517185417257,3.0,1.1375829166256004,0.1759687916150625,25.176251517682203,1,0
4.0456717782346985,4.536903676810873,8.198745433378399,525.6010949725711,1147.9009317117675,90.41835379114325,141.77963287004806,2.0,0.8917252967087013,0.0012545666216006,32.0990682882325,0,0
4.075432259668092,4.692476571149143,7.947894690252232,533.5845275548178,1161.2280293145284,83.34698797208898,140.6271923790606,2.0,0.8685034857406977,0.2521053097477672,18.77197068547161,0,0
4.648131117918511,4.48418756120049,8.30891737082034,494.164672254689,1071.8989191876226,83.1671356455049,135.43920375222987,1.0,1.0365603698426855,0.1089173708203414,108.1010808123774,0,0
4.24713556225895,4.359384064569433,8.529710900729158,538.8493069306558,1149.339853761724,85.82683869526872,134.3554668932197,2.0,0.974251292929883,0.3297109007291592,30.66014623827596,0,0
4.319127591302746,4.568120349145313,8.307685701136963,559.1248308000286,1164.6323607762274,77.57621397961888,147.32339523298307,3.0,0.9454933890183856,0.1076857011369636,15.367639223772583,1,0
4.823547633969905,4.564923538243069,8.159078555798427,532.2808162789817,1166.7198712944526,87.90985023922053,144.81382777985667,1.0,1.0566546389010754,0.0409214442015724,13.28012870554744,0,0
5.240735215328366,4.515719705973127,8.260155535757539,530.4652628727388,1146.333081903589,91.93437781577164,138.4345060637235,1.0,1.1605537002741064,0.0601555357575396,33.66691809641111,0,0
5.069748983834354,4.698676188398019,8.32003796488746,506.10210684454125,1150.6238235677347,82.33215647159628,141.533554185206,2.0,1.078973902324577,0.1200379648874605,29.37617643226531,0,0
4.894721780990012,4.30602147931804,8.216950664181589,510.9285885306981,1212.8008149698471,92.55654258925878,151.9395160262799,1.0,1.136715597765316,0.0169506641815893,32.800814969847124,0,0
5.373455476831671,4.437753009201956,8.397240228288483,508.02613567294895,1159.7219076074985,89.07878117575886,141.41023518675215,2.0,1.2108505057578975,0.1972402282884839,20.27809239250155,0,0
4.863810411049694,4.088996067180831,8.03014986717466,503.6382243860113,1132.9590891219375,84.684206266118,141.94872998221487,3.0,1.1894876712888534,0.1698501328253385,47.04091087806228,1,0
4.536667259036749,4.424070619597613,8.13939551458293,515.5203499465716,1152.886046227377,87.60282667061861,154.52465193017628,3.0,1.025450913444941,0.0606044854170697,27.113953772623063,1,1
4.414964970085554,4.3021738704356185,8.268867920346812,525.720128110979,1153.2315415292271,91.55052321348496,150.77682407465682,2.0,1.0262172338962905,0.068867920346813,26.768458470772885,0,0
5.0761739967843535,4.827161298022853,8.304747954280469,504.1344779678844,1178.170944966437,85.58145439603837,136.7452068804557,3.0,1.0515857420823926,0.1047479542804694,1.8290550335630087,1,0
4.249478378908861,4.046638516477772,8.117929529816399,513.5730762138237,1189.3500251788994,86.60954249434414,150.7772233241126,2.0,1.0501255203683268,0.0820704701836003,9.350025178899386,0,1
4.974405885942401,4.352679713567296,8.1320954213306,525.9004009227691,1144.8068868388611,82.80454400236114,140.60652878701603,2.0,1.1428375649359974,0.067904578669399,35.193113161138854,0,0
4.585817108611705,4.337506372411859,8.100013481611816,480.83986125358535,1187.8078589162917,84.50850664254232,133.38507400364043,3.0,1.0572473476285698,0.0999865183881834,7.807858916291707,1,1
4.381009907662029,4.707950147114932,8.088308221322592,537.5615534748684,1216.3932177898062,87.87328038212468,152.6941728235651,3.0,0.9305557131730016,0.1116917786774074,36.39321778980616,1,0
4.372375344185086,4.10432297194607,8.277851266125438,523.9412800305266,1206.416664348803,84.26056048287249,136.18204953083094,1.0,1.065309765582753,0.0778512661254389,26.416664348802897,0,1
5.2826720453766,4.501153504471934,8.194374446009567,524.1940446863043,1195.0597931920151,82.93590517274804,137.8183262034766,3.0,1.1736262802311883,0.0056255539904324,15.05979319201515,1,0
4.371218603855879,4.524382550241311,8.394589476808145,541.3925764918744,1190.6007843966468,89.71904476645557,138.873112150158,3.0,0.9661469945012916,0.1945894768081455,10.60078439664676,1,1
4.660390726238503,4.786340354371237,8.03595531688885,537.3556786733486,1171.7612026619224,86.9782641300372,158.70329348712934,2.0,0.9736856095092792,0.1640446831111486,8.238797338077575,0,0
4.565668113459186,4.234982783010495,8.176420438943072,531.2347391779801,1216.8907569285902,83.03153630693721,134.1939006442705,2.0,1.0780842204830725,0.0235795610569269,36.89075692859024,0,1
5.329576330880046,4.094705418359184,8.310374761804109,525.1733427825443,1191.1602314616182,92.18649219788738,137.0583899288581,3.0,1.301577472626619,0.1103747618041097,11.160231461618196,1,1
5.569152264167554,4.647264987421484,8.251639809636616,519.8192516226865,1159.086153411666,93.66582820666898,139.19316011725175,1.0,1.1983720054791205,0.051639809636617,20.91384658833408,0,0
5.254423830591891,4.067607370153829,8.035268542756485,509.2534011069868,1176.0800633313531,89.15986088265228,146.32313380149415,2.0,1.2917726199078563,0.1647314572435139,3.919936668646869,0,1
4.612176875237196,4.337950884503339,8.372821140213436,502.2258494613429,1162.4318009313688,80.10190776351723,141.43013445349874,2.0,1.0632155589059968,0.1728211402134363,17.568199068631202,0,1
4.971129750016969,4.4260280304635815,8.21438151435952,527.1654224547641,1176.3894448079764,86.66884436820867,136.5280293825266,3.0,1.1231582165043663,0.0143815143595205,3.61055519202364,1,1
4.345153134426871,4.690880751091331,8.4875572144881,527.2908950445219,1211.60214865488,87.41334380150558,147.11510014048008,3.0,0.9262979308288056,0.2875572144881015,31.60214865488001,1,1
4.905211499710544,4.022055417498896,8.180184507796469,522.6111615302242,1175.416642777133,78.50165185700845,153.12329691677118,3.0,1.2195782974917977,0.0198154922035307,4.583357222867335,1,1
3.921455210134405,4.40820514592828,8.373701087535729,495.13596716249367,1159.340510583762,89.88748660649577,128.69015450728358,3.0,0.8895809245327315,0.1737010875357292,20.659489416237875,1,0
4.9176426443934895,4.508073270913729,8.146244211807257,470.8786045478331,1207.0576776163505,85.8575556823954,136.4114348115227,3.0,1.090852421372888,0.0537557881927419,27.057677616350475,1,0
4.772408986963991,4.2330801891374605,8.164585019850646,521.0285444062241,1213.1897327697336,89.60255533661567,146.1978832726593,1.0,1.127408121887957,0.035414980149353,33.18973276973361,0,1
5.020376071311202,4.38913824815991,8.274104106916033,486.0728163931733,1159.5807660510216,83.74730629829055,131.89079291220378,2.0,1.1438181680133024,0.0741041069160335,20.419233948978444,0,0
4.793840064852703,4.77560519049691,7.944666647164044,525.8813436686087,1218.4785107290788,86.98530481249689,140.7298765906622,1.0,1.003818337702677,0.2553333528359554,38.47851072907884,0,1
5.217528254553479,4.342806585797796,7.897142226630231,556.0498755665744,1205.0251353679412,87.18083048225522,152.4200085761907,1.0,1.2014185182492012,0.3028577733697686,25.02513536794117,0,0
4.418252843352228,4.387175653268093,8.09844992818916,526.1276595122115,1165.650200946564,85.77320983059573,147.1057691973565,3.0,1.0070836436772028,0.1015500718108395,14.349799053436072,1,1
5.178236307491686,4.774538872471925,8.005066122224662,511.92422105333264,1211.6912399386106,87.01467152273985,146.27224748976425,2.0,1.084552130523592,0.1949338777753375,31.69123993861058,0,0
5.036158138035331,4.432385669421392,7.8616586413436575,500.65205236195936,1147.970708991803,84.43785751551478,148.12818333644967,3.0,1.1362183962562395,0.3383413586563417,32.02929100819733,1,1
5.344746138605841,4.914885563657286,8.311378761128625,509.3313955573691,1167.4755948935865,80.14954245080258,144.66438669192368,1.0,1.087460952710611,0.1113787611286252,12.524405106413724,0,0
5.378347443999233,3.992099972471084,8.08133450641985,519.3173106132733,1151.5314820772437,76.62908232175117,139.23466472347206,2.0,1.347247684111183,0.1186654935801492,28.46851792275629,0,1
4.324045464532518,4.4152503819784,8.148448074607876,539.8489502629996,1154.607514250372,82.46886842637282,149.91190704555268,2.0,0.9793432058128588,0.0515519253921237,25.39248574962812,0,1
5.058516338928226,4.740650185815315,8.22087807458674,522.594593873449,1202.1283370202318,88.24233569116487,138.09817423167058,3.0,1.067051172220418,0.02087807458674,22.12833702023181,1,0
4.217157954455132,4.27700419550003,8.275678104012838,514.603221550012,1179.6191841326083,80.74074332921751,140.67558821033384,1.0,0.9860074390168072,0.0756781040128391,0.380815867391675,0,1
5.379833818627693,4.427342961001904,8.24243503535966,532.4516796851092,1151.1120101788422,89.34930134003032,128.42163076740297,3.0,1.2151382589513922,0.0424350353596612,28.887989821157817,1,0
4.373437756493162,4.8916256277945775,8.230313086094249,547.3068815510794,1164.6702803348628,90.70386188734888,138.08233179515577,2.0,0.8940663264884582,0.0303130860942495,15.32971966513719,0,0
4.609988302816498,4.259847036412994,8.270420248299295,525.800458549718,1162.7194371764504,86.93814539749603,142.6447378346125,3.0,1.0821957366845134,0.0704202482992961,17.280562823549644,1,0
4.908777046074307,4.649605132985943,8.125041603646483,523.5377337849444,1186.5221575378373,84.31958056265027,142.21661247703952,2.0,1.0557406284232538,0.0749583963535158,6.522157537837302,0,0
5.169239390685529,4.731462198591656,8.093095645299876,489.2908657072136,1239.1010811277015,89.2013038286357,149.57542317709908,3.0,1.0925247149034931,0.1069043547001236,59.10108112770149,1,1
4.985651346512947,4.523757081237101,7.8524499028115375,494.8069101207931,1185.349194356752,89.7437743980903,138.40943813309354,1.0,1.1021041262559192,0.3475500971884617,5.349194356751923,0,0
5.182817760303865,4.51240393204427,8.295746386146826,492.43838614944815,1187.070230737894,84.07706113304084,138.74002958675757,1.0,1.1485713241117808,0.0957463861468266,7.070230737894008,0,0
4.806240285670112,4.1822760962373255,8.0971647667879,516.4612801148462,1220.0701118806571,85.34773194357392,137.56245398770224,3.0,1.1491924908651912,0.1028352332120992,40.07011188065712,1,1
4.92204923533833,4.726621583768838,8.497526369930021,504.5749333563382,1165.885831175502,81.66466578194304,143.9791583814266,1.0,1.041346159633181,0.2975263699300221,14.114168824497938,0,0
3.91659195402712,4.1111561886687005,8.31067850937581,510.8231417763889,1214.6548579890846,86.17342261009418,154.67968747981556,3.0,0.9526740832346584,0.1106785093758109,34.654857989084576,1,0
5.313045088202938,4.621283909610667,8.342512874883626,504.3402399452695,1168.962949464207,76.5254749130334,123.05490611467069,2.0,1.149690257290611,0.1425128748836268,11.037050535793014,0,0
4.654414486052733,4.339295522598903,8.305861019182094,505.9737527242957,1170.634744717965,83.80060143548931,138.00108713053962,1.0,1.072619843645145,0.105861019182095,9.365255282034925,0,0
4.584781390894957,4.377629585058855,8.279603332856107,485.69859728679154,1171.4278965693843,81.50177306631542,139.1219386467371,1.0,1.0473205420339364,0.0796033328561076,8.572103430615698,0,0
5.768404074839833,4.437606379463851,8.271398214687508,524.0698721511136,1177.217597002547,84.63885933373004,124.5207554782888,1.0,1.299890882669246,0.0713982146875089,2.782402997452664,0,0
3.445584417923782,4.6548440797434525,8.285361046427472,532.95285011246,1175.451711190611,81.73965972979299,140.98264918778605,2.0,0.740214786608592,0.0853610464274723,4.548288809389078,0,0
4.84764466683215,4.98420215405279,8.226244949222515,521.2897212237681,1189.3146448653963,77.15638017155052,139.10283677427577,1.0,0.9726019362833824,0.0262449492225158,9.314644865396303,0,0
3.680066140071774,4.534513718154813,8.107533077049128,526.7502871012477,1168.968579071856,82.31904890058844,138.40129920363214,1.0,0.8115679801620933,0.0924669229508712,11.031420928144144,0,0
4.969750927620114,4.276790818334898,8.023197285447774,528.6039704338282,1182.6118189841154,83.04974167146987,132.95247936782894,3.0,1.1620280573818156,0.1768027145522257,2.611818984115416,1,1
4.450439405681876,4.053738181993749,8.263425208629865,527.8659756541846,1138.0970316944663,89.36744183029045,141.28348789317522,3.0,1.0978605930576295,0.0634252086298658,41.90296830553348,1,1
3.3328549608166407,4.859583120526757,8.393729466293076,535.6604500221329,1200.3428256598745,82.37159951663128,132.43513657926005,2.0,0.6858314545650868,0.1937294662930764,20.342825659874507,0,0
5.344564928027435,4.554365885278165,8.1811887762551,542.0281184286856,1209.4326707311272,81.52514882764308,135.09515725419058,2.0,1.1735036361768951,0.0188112237448994,29.43267073112725,0,1
4.155113995377885,4.428199816612318,8.222712550309389,549.1992072979059,1185.760797646397,80.11324145966684,140.3645765497455,3.0,0.9383302846569194,0.0227125503093894,5.760797646396668,1,0
5.274369211294366,4.518139761579564,8.002366570124613,484.3734467527363,1199.4442396713778,89.68445246334953,150.3771088117819,1.0,1.1673762850317502,0.1976334298753865,19.444239671377773,0,0
4.312666944293556,4.737665651446313,8.131903409355914,528.64266906947,1158.2267628546915,84.08563237112908,145.3647264216479,3.0,0.9102936468441356,0.0680965906440853,21.773237145308485,1,0
4.567859869830325,4.37287785246835,8.01567232897707,497.61369550639535,1219.4571460957893,86.11654289157099,147.0336735245302,3.0,1.044588946431999,0.1843276710229293,39.45714609578931,1,0
3.6582034684907434,4.293535987218698,8.026090492084322,546.0138654704696,1184.9450644940612,78.67047851350331,158.08512049197444,2.0,0.8520258077558254,0.1739095079156776,4.945064494061171,0,0
5.012320430975441,4.093919852413194,8.214810187440394,521.2220734088465,1138.2666056932694,77.80514699897383,145.61199819139495,2.0,1.2243328180439477,0.0148101874403945,41.73339430673059,0,1
4.5130329423854985,4.165441882882522,8.191362174261165,525.1121408199452,1211.6000921191269,81.30230952016389,133.4160409922887,1.0,1.0834463829270842,0.0086378257388339,31.600092119126657,0,0
4.616720270167716,4.39312521310125,8.318148516323198,522.1685492092639,1198.6610815297795,91.65521698432688,137.38545331513282,3.0,1.0508965816291236,0.118148516323199,18.66108152977949,1,1
4.7524868204367525,4.833149135070001,8.314930459408528,523.8919661567705,1228.6624304606398,80.52522906941455,134.97179782357546,1.0,0.983310609012401,0.1149304594085283,48.66243046063983,0,0
3.97599304956318,4.342370132557469,8.068904162934581,550.4760680224018,1223.260686398556,82.43292054818743,140.88704718374453,2.0,0.9156273940899332,0.131095837065418,43.26068639855589,0,0
5.145551098074283,4.580783297985077,7.9096617266104,542.9333495710797,1214.8872113355224,85.05294148873817,138.62657203135697,2.0,1.1232906606200597,0.2903382733895991,34.88721133552235,0,1
4.518249907671998,4.848600866801784,8.057729939699163,549.6826454420249,1192.3234741191502,82.43685414564382,134.27038076015808,2.0,0.9318667448328124,0.1422700603008362,12.323474119150204,0,0
5.9475984179294965,4.618346739893013,8.09341266592585,516.3981218350983,1198.5387210889796,86.96170199133037,149.57700986422597,1.0,1.2878198090383002,0.106587334074149,18.538721088979628,0,0
4.560201425760811,5.111848291186857,8.28280661372249,480.6924861397925,1151.9553565251042,81.59257958918006,150.16350735536295,1.0,0.8920846560980293,0.0828066137224912,28.044643474895796,0,0
4.60521371073138,4.521002663913028,8.291862789126137,533.8249550782515,1172.7979297339884,80.48585192337372,143.4712405394706,3.0,1.018626630431321,0.0918627891261376,7.20207026601156,1,0
4.121708155298102,4.451335909446279,8.193014763701045,499.3451747376412,1257.5900825689655,96.1430881468036,133.78402463252593,2.0,0.925948577734919,0.0069852362989539,77.5900825689655,0,1
3.9931951166583017,4.38167749852302,8.311022004445313,513.3021097508608,1135.0806203223162,81.15928188062149,142.99680585550811,3.0,0.9113393482502974,0.1110220044453136,44.91937967768376,1,0
5.238843445048982,5.117620791939843,8.584340394866004,518.8506351968674,1188.066277746076,88.26016419728832,136.983193121063,2.0,1.0236873064679537,0.3843403948660047,8.066277746075912,0,0
5.330572002503979,4.8780293465346745,8.182230190440535,520.0374943432452,1178.9744175542692,81.13682594599626,152.5434312394323,3.0,1.0927716138481245,0.0177698095594642,1.0255824457308336,1,1
4.517300099585976,4.047595635610509,8.165028580787885,531.9098116974252,1202.186980946917,78.68211716404853,132.1954607569319,2.0,1.1160453032232245,0.0349714192121144,22.186980946916947,0,0
4.860662040430655,5.154127395334655,8.073904189826596,502.9171290789048,1185.1640273580497,84.62993826079149,147.39238353949267,3.0,0.9430620678657076,0.1260958101734033,5.164027358049452,1,0
5.420932937085644,4.65437393904303,8.247819086015658,531.5907774114783,1211.5788416533371,79.50229044535449,147.2192311795282,1.0,1.1646964783915768,0.047819086015659,31.57884165333735,0,1
4.944732787460605,4.540004152458631,8.370609465132537,516.479968283976,1180.3937981366078,83.38810397685704,149.3508625989015,1.0,1.0891471946547993,0.1706094651325376,0.3937981366077565,0,0
5.042408095541331,4.66066549684217,8.12520326257097,568.1394493335333,1200.130895042883,81.73703333712676,143.60961942083563,3.0,1.0819073151411325,0.074796737429029,20.130895042882912,1,0
4.843633286349179,4.202775767181885,8.141331441680643,490.5818730825439,1189.5077724073565,90.13259000383636,139.29315633355145,2.0,1.152484346897367,0.058668558319356,9.50777240735647,0,0
4.473742582366268,4.561037206005825,8.121764262709977,522.3586071226981,1172.4180529007797,78.67805075997886,161.6235315412735,1.0,0.9808607953240392,0.0782357372900222,7.581947099220542,0,0
4.992726349578643,4.404303599503471,8.02738060670211,531.3747325663192,1168.715121481814,87.77113359388746,134.80810750706092,3.0,1.133601768281348,0.1726193932978894,11.284878518185906,1,0
5.732374642506552,4.388293447756638,8.220130971373573,512.392692966251,1213.2243859486534,86.1689350468939,147.88848436996187,1.0,1.3062879019931406,0.0201309713735735,33.224385948653435,0,0
4.539789812868749,4.79724854758498,8.22549279610762,509.3844445512552,1196.2486147768202,84.06075443467657,142.15114311831522,3.0,0.9463319998726828,0.0254927961076205,16.248614776820204,1,0
5.233732944685039,4.418014813379817,8.193798026515584,544.5041797710687,1205.9012582375872,81.89156244189736,144.811729434959,3.0,1.1846345393976976,0.0062019734844156,25.90125823758717,1,0
4.89068362585881,4.530888365053285,8.475856080223995,535.55785102493,1212.6246676354135,85.7063350888627,144.76783250148634,1.0,1.079409429396057,0.2758560802239955,32.62466763541352,0,0
4.505105734307708,4.601599266945216,8.260024755898012,505.2225135987306,1166.537541853408,85.9236755504629,133.12358465807984,1.0,0.9790304352859056,0.0600247558980129,13.462458146591873,0,0
5.24764017305931,4.7925180451659,8.032539840264457,492.5659459458377,1172.9585081037271,86.61436621964884,130.9933627366011,3.0,1.0949651357614638,0.1674601597355423,7.041491896272873,1,0
5.1894971524132885,4.893087675151593,8.294847694588679,530.8860447665638,1171.1390986487531,83.8965491758389,131.52700043500303,3.0,1.0605771847715637,0.0948476945886795,8.860901351246866,1,0
5.090197001048085,4.504595180427462,8.149080962573372,525.9713686629796,1206.8093525934034,80.30540601422659,138.3425938765711,3.0,1.130000986999913,0.0509190374266275,26.80935259340345,1,0
5.674307813738139,4.3827349598554886,8.150667404740751,530.5623126877176,1182.3627212187037,88.60170331321255,144.0353931359309,3.0,1.2946956328453276,0.0493325952592478,2.362721218703655,1,0
5.717773594288659,5.090176584746252,8.173977211171762,517.5727342533485,1184.7647701644323,84.98588511890338,136.36365902835436,3.0,1.1232957242190444,0.0260227888282376,4.764770164432321,1,0
4.826983545471187,3.70010048354473,8.15720588441442,535.8873010602198,1152.5766178904305,82.48718436448931,130.2216367636437,1.0,1.3045547183470914,0.0427941155855791,27.42338210956973,0,0
4.746943733102135,4.768890616381461,8.240489843253657,549.6068748604272,1201.4249419482403,80.89344638827008,149.53212833669613,2.0,0.9953979057101174,0.040489843253658,21.424941948240303,0,0
4.086311943129717,4.455343613560211,8.517311686008384,548.313425776681,1202.2858211766024,88.78211642914745,129.38316092970717,3.0,0.917170996592836,0.3173116860083844,22.28582117660244,1,1
5.566601619261955,4.6768565844835335,8.144746952418322,504.8500264081412,1194.5862646171188,90.67586838075594,145.934038045951,2.0,1.1902442415147163,0.0552530475816777,14.586264617118786,0,0
4.763483496844021,4.512658458558576,8.213357899282224,566.2426287564197,1184.2331271336825,87.3588884284913,135.83851942187857,2.0,1.055582543977853,0.0133578992822247,4.233127133682501,0,0
4.495582342323124,4.897260079332352,8.235147022261664,532.1763171330981,1207.1243945880808,87.63404110855085,151.98410041858185,2.0,0.917979088016504,0.0351470222616647,27.124394588080804,0,0
4.333289301399704,4.629928516520254,8.12310025494393,493.6097718742173,1178.7257690487834,89.80677406829926,137.69004002248482,3.0,0.9359300656591072,0.0768997450560693,1.274230951216623,1,0
4.329728736319585,4.059505968799107,8.1397836915971,528.0904706466509,1216.9093655780346,83.51638099705293,127.563349786236,1.0,1.0665654314911257,0.0602163084029001,36.90936557803457,0,1
5.679359371800479,4.045550322583267,8.349025614626791,524.245896103169,1198.5868912990445,93.74981421165226,141.67553395956543,2.0,1.4038533493683245,0.1490256146267921,18.58689129904428,0,0
5.249139182615492,4.433335872939916,8.123457222384877,517.8431290959834,1147.182193156769,80.65576548935812,135.10897763597944,3.0,1.184015678458075,0.0765427776151224,32.81780684323098,1,0
4.056005349761895,4.6883658015643785,8.066793124219135,516.237839287867,1176.5276843871325,84.00220668215883,148.6489236229218,1.0,0.8651213494355318,0.1332068757808642,3.4723156128675328,0,1
4.07622234333515,4.905234456666408,8.467439014118984,532.9908128332712,1188.4482616069215,81.83661442868508,144.7038470754542,1.0,0.8309943955817256,0.2674390141189846,8.448261606921733,0,0
4.860932585507941,4.292482844973279,8.019215033315959,533.0632898789222,1161.8874753458051,85.2607118309862,136.84151773468457,2.0,1.1324291231746952,0.1807849666840404,18.112524654194655,0,0
4.291769216514032,3.8144711617307454,8.332505948073273,509.1465027485408,1208.0685675325606,92.09674063752271,133.777898507044,2.0,1.125128237551439,0.1325059480732733,28.068567532560564,0,0
4.673970985863973,4.633635105281079,8.16978824368862,510.08687615232975,1128.6219368663917,84.0225389131031,132.9999319536809,2.0,1.0087050185562123,0.0302117563113792,51.37806313360852,0,0
5.576510958662667,4.513132337213538,8.017712766705749,509.3624506823575,1200.898610673677,86.72849736534779,137.19555364282718,1.0,1.2356187545056685,0.1822872332942502,20.898610673677013,0,0
5.334708648501682,4.544401123125028,8.143483293698438,516.7665242302362,1197.9491013006443,73.07661419603899,153.18258980407066,1.0,1.1739079590006083,0.0565167063015614,17.949101300644543,0,0
3.944310208473752,4.158625686067439,8.166154028027064,536.399249104295,1128.325142386032,86.75353131419874,140.8212378998724,1.0,0.9484648307588324,0.0338459719729353,51.674857613968015,0,1
4.294441324459069,4.869765948374086,7.955480695398306,542.2470541695604,1182.6911189043758,89.093731925899,149.76564413619096,2.0,0.8818578488378966,0.2445193046016935,2.6911189043757986,0,1
4.922847690859079,4.246943179329049,8.264177492419043,516.0356498050905,1168.6906899251885,85.50405985310825,129.85682044970662,2.0,1.1591508249181854,0.0641774924190432,11.30931007481172,0,1
5.364883343561339,4.595496562515816,8.249072575044721,540.3301807559889,1216.8557750523407,80.62817187473084,126.24796638614517,3.0,1.1674219030330204,0.0490725750447218,36.85577505234073,1,0
4.389067685332381,4.585464638679722,8.147749410778149,528.171337234432,1158.2251897469548,80.07809348398642,134.24751568579424,3.0,0.9571696720441706,0.0522505892218507,21.77481025304519,1,0
4.984262979362772,4.670463638311415,8.271013896940186,522.4613223928485,1200.7785236462876,82.72639369465863,147.38810910361997,2.0,1.067188049042947,0.0710138969401867,20.778523646287567,0,0
4.572541156665454,4.269172327589083,8.230614921799868,554.5493343791602,1205.956335390876,80.04376094445824,139.63124819061673,1.0,1.0710603378656844,0.0306149217998683,25.956335390875893,0,0
5.676031832345708,4.213757251731222,8.394050941863851,526.0886317179644,1169.7925728244047,91.46158258071176,149.29536633195497,1.0,1.3470239247091622,0.1940509418638516,10.207427175595283,0,1
5.11120750961473,4.764448271243382,8.038305295585808,517.495229592982,1213.7412696589836,86.91675212777025,152.3632433266987,2.0,1.0727805650428592,0.1616947044141916,33.74126965898358,0,1
4.703368928083638,4.67131678916383,8.15610949736811,535.4604675506874,1169.1963986308915,90.92319607502624,134.15074716526286,3.0,1.006861478114115,0.0438905026318892,10.803601369108264,1,0
4.052666681734182,4.603870970959506,8.35016677317959,497.2292239393024,1214.6460458375036,83.81468529174651,148.8415044124354,2.0,0.8802737319133165,0.1501667731795901,34.64604583750361,0,1
4.26927279688407,4.848984551392877,8.281199611536408,515.942053926443,1247.7133711674055,81.86549822129008,153.38190663644102,2.0,0.8804467720519483,0.0811996115364088,67.71337116740574,0,0
3.537386976885016,4.605926205545567,7.854762256337024,524.842666550986,1204.1862404867084,82.1179928655213,150.47485341365532,1.0,0.768007740084496,0.3452377436629756,24.18624048670836,0,0
4.936123588338074,4.385287018823026,7.949615678808983,533.3083702982065,1195.9164161591636,83.10496477530371,128.9296743482917,2.0,1.1256101518612294,0.2503843211910164,15.916416159163646,0,0
5.133017543032823,4.660576710710783,8.200114288853111,524.4596530716651,1167.6990363656548,82.97317711314851,126.78955147677948,2.0,1.1013696073567294,0.000114288853112,12.30096363434518,0,1
5.158228044397193,4.639645442620125,8.445972631275843,496.1525306727515,1228.2833902251843,90.0093462045902,138.3212649357785,1.0,1.1117720323845348,0.2459726312758441,48.28339022518435,0,0
4.493003894092361,4.647422056706431,8.1352399052122,503.6283537843301,1203.0941287677342,88.74594969763629,138.63164016714387,1.0,0.9667733720551566,0.0647600947877986,23.09412876773422,0,0
5.440037576822108,4.22625012719706,8.29734062703203,512.0263734644194,1168.028712295573,86.11059812938218,148.91148931773785,1.0,1.287201990371274,0.0973406270320307,11.971287704426912,0,0
5.591779871483381,4.196489359664121,8.212390247113623,524.4691182418552,1218.9769924907314,78.19507755833881,134.06533589193825,1.0,1.3324899435938151,0.0123902471136236,38.97699249073139,0,1
4.467317730246928,4.77284951610469,8.286834208555758,496.0068975887569,1182.857006130956,86.20972767377579,145.40908756821818,3.0,0.9359854556983592,0.0868342085557589,2.8570061309560515,1,0
5.3907559437690935,4.453995765706095,8.360610353560661,546.0682295870027,1197.5980073156973,83.72573414685215,133.11774109166728,3.0,1.210319054199679,0.1606103535606617,17.59800731569726,1,0
4.86992937440505,3.897608754017385,8.341629385300608,525.7887988213816,1169.3295177482566,90.76556392616294,144.8295143957321,2.0,1.2494659368095884,0.1416293853006092,10.670482251743351,0,0
4.536618702909316,4.074878605100686,8.336353113740834,525.285884248691,1155.596741977888,88.6712709774832,138.2518198014285,1.0,1.1133138288137805,0.1363531137408351,24.403258022111917,0,0
5.415598099823449,4.0912570357068745,8.107758703013287,516.7964911922849,1156.94850860004,85.58286748535126,144.9397304455893,1.0,1.3237002836132143,0.0922412969867121,23.05149139996001,0,0
4.1967416294841655,4.830870672215851,8.177316007593468,493.2985300399887,1170.0839935521435,76.3994531023653,139.01662498955997,1.0,0.8687340053941967,0.0226839924065309,9.916006447856262,0,0
4.057529077251272,4.485003111621963,8.277776461076773,521.680009295368,1193.342646973573,84.44200825784911,123.89921049658452,3.0,0.9046881296096164,0.0777764610767732,13.342646973572982,1,1
4.601897363432917,4.5109601417288445,8.272366163728195,533.842329436757,1172.2496482169104,82.32145078399542,146.17355611419148,2.0,1.0201591718451897,0.072366163728196,7.750351783089627,0,0
4.685732569849708,4.390492590233034,8.289207342247948,517.164585919478,1159.4263416548029,86.66189795231045,151.59430967398458,2.0,1.0672452970781026,0.0892073422479491,20.573658345197146,0,1
3.978348180292176,4.17178104260586,7.934688443198555,539.7794255138135,1155.2710980530253,80.3172991750977,135.14612683002034,2.0,0.95363302596857,0.2653115568014446,24.728901946974705,0,1
5.045332101083818,4.73553723752344,8.37955958686034,518.8469879616633,1212.9285154207173,86.07560416454173,148.63814445941318,1.0,1.0654191587894626,0.179559586860341,32.928515420717304,0,1
4.409743681640361,4.702221494709734,7.944503433448592,532.8764831706326,1176.815012193403,75.90553301721114,136.9704561763617,3.0,0.93780007718985,0.2554965665514075,3.1849878065970643,1,1
4.145325235710626,4.281602763798101,8.087365770448494,517.9515464554602,1129.1011486196992,79.31897402695014,130.93077324755367,1.0,0.9681713749327931,0.1126342295515048,50.89885138030081,0,0
5.124835855572324,4.934637522394982,8.22929747503462,527.0179235480044,1179.798648356166,81.3925946450353,136.98726689128884,1.0,1.0385435265053649,0.0292974750346211,0.2013516438339593,0,0
4.585295179582965,4.730927987183589,8.195588296582134,536.0603261537667,1169.1999279200884,82.76065049625988,140.49273229756508,3.0,0.9692168621115412,0.0044117034178654,10.800072079911615,1,1
5.328784348846576,4.235311150972701,8.4128082388369,500.012331835942,1185.316073149309,86.59455502095116,131.1725593792947,2.0,1.2581801330852782,0.2128082388369012,5.316073149308977,0,1
5.029620148978038,4.410934323977192,8.024382178826443,531.975363893019,1165.2521619051556,78.21428757820554,153.0669848425297,3.0,1.1402618534802251,0.1756178211735566,14.747838094844385,1,0
4.701023987838165,4.38593242153365,8.145385998453927,539.5047405352389,1213.4587714910872,82.37117909243965,129.44718268479116,1.0,1.0718414090663289,0.0546140015460725,33.45877149108719,0,0
5.3489870745514745,4.596841949661753,7.904607326267838,560.5221736113273,1176.011821337533,82.47546861389732,137.56031192754065,1.0,1.1636221414533174,0.2953926737321612,3.98817866246668,0,0
5.01018493884802,4.057123579423807,8.219740056928492,521.3163085193291,1174.5296347138442,87.82079529560056,134.43751079755555,3.0,1.2349106058841464,0.0197400569284926,5.470365286155811,1,0
4.790136690496956,4.28143574439473,8.1687870199008,481.16468427917584,1171.7828470009572,84.2139278124216,153.10116446745744,3.0,1.1188155038060312,0.0312129800992,8.21715299904281,1,1
5.055856932439566,4.746263226413857,8.014000326443934,487.0545210758801,1192.315907550693,81.0337564412407,129.6395397386967,3.0,1.0652289369956416,0.1859996735560649,12.315907550693057,1,0
5.072129014836629,4.008073575729057,8.396377380720896,503.58760844647486,1190.2682515066103,80.5767974855679,148.766456154724,2.0,1.265478020235331,0.1963773807208966,10.26825150661034,0,1
4.252804306291793,4.438698620984413,8.36199898566188,543.7248088398629,1169.8380911206252,82.7336091651402,143.61664149202713,2.0,0.9581196356130364,0.1619989856618815,10.161908879374778,0,0
5.979094274285882,4.119856737766119,8.210812942498425,560.6399327225158,1180.6202421511098,78.2414908859702,131.76858595141798,3.0,1.451286938699863,0.0108129424984255,0.6202421511097782,1,1
4.833821559713622,4.783092943073566,8.370773700974556,512.4806154527223,1173.4216409609517,91.66608813490414,139.11711194594866,3.0,1.0106058185013758,0.1707737009745571,6.578359039048337,1,0
4.843822177535416,4.606425319141518,8.18613489501514,520.9851571949945,1202.0924107572082,84.98213043314581,140.50293971910315,1.0,1.0515360265053866,0.013865104984859,22.0924107572082,0,1
3.921440829604534,4.045012211545111,8.307062317128027,472.2470050615646,1146.4915137840646,81.25445285577605,146.79660595596368,3.0,0.9694509246332222,0.1070623171280278,33.50848621593536,1,1
4.864267788073356,4.176849143984256,8.329464962283765,532.0503025761591,1171.144213876326,80.67669422217557,136.7113026579176,2.0,1.1645782788000811,0.129464962283766,8.855786123673852,0,1
4.885905250659287,4.5043135327184265,8.03970955520645,522.4866698009973,1174.9157374236138,80.04999636940944,147.17783071058278,3.0,1.0847169527796718,0.1602904447935493,5.084262576386209,1,0
4.225099253064599,3.784824459593723,8.26486918109437,515.374428624242,1216.2617388634417,86.52183043200486,142.39995183843692,3.0,1.1163263440761555,0.0648691810943713,36.26173886344145,1,0
4.280218597471791,4.158959180513523,8.225258365873904,502.1739762746444,1210.5589434284177,78.22115390885335,145.6999415822202,3.0,1.0291561928516306,0.0252583658739045,30.558943428417702,1,1
4.350352414850423,4.244568621970268,8.046385520484137,513.4805122972823,1190.1960009736151,84.27023835514491,134.77398085804825,1.0,1.0249221537632085,0.1536144795158627,10.196000973615128,0,1
4.652452205436191,4.8982998976259005,8.008380296599183,495.1131535482476,1154.1452428337536,87.35186162745596,140.02277101497228,2.0,0.9498095873511796,0.191619703400816,25.85475716624637,0,0
4.906649589217247,4.321232778793657,8.27468480653867,504.0759541553255,1181.4882797763826,82.59757111487824,142.903891487868,3.0,1.135474490557656,0.07468480653867,1.4882797763825693,1,0
4.688508724198548,4.70440749422259,8.15771287453734,496.4934445150596,1228.8708291471626,80.8513286243341,142.66950371244604,1.0,0.9966204519824892,0.0422871254626588,48.87082914716257,0,0
4.951376529350538,4.353388956847811,7.98026566718416,501.1866575388916,1176.1339397976594,88.4345633273996,141.67564254195057,3.0,1.1373613929958502,0.2197343328158396,3.866060202340577,1,0
5.137637600083205,4.730808082051448,8.286922073683046,498.6298108244884,1183.344072906215,80.35907046532768,159.156853808726,2.0,1.0859957770194189,0.0869220736830467,3.344072906214933,0,0
5.071444020665916,4.01881412307184,8.340225389434035,530.6757236614117,1184.846679368072,83.86147747973364,146.70921487775544,1.0,1.26192549943752,0.1402253894340361,4.846679368072046,0,0
4.982050719405794,4.275785303161256,8.024340834299233,498.7281823141805,1157.9059531577664,85.47240311883724,147.96509821145082,1.0,1.165177941595241,0.1756591657007664,22.09404684223364,0,0
4.942843461783777,4.466111498713826,8.199768349846721,519.0323852308022,1158.9666414711469,82.52306830685855,144.0245504380479,1.0,1.1067443036521811,0.0002316501532781,21.033358528853118,0,0
4.944595312074657,4.555129464507395,8.427763787148235,499.79882507602906,1158.9399322065128,80.08662234690027,146.3727460408508,2.0,1.0855004999345017,0.2277637871482358,21.06006779348718,0,0
4.726618205814179,4.600373905173536,8.06328983789121,500.52433316872697,1172.2449132269444,82.71011026919395,143.62856253909752,3.0,1.0274421823563575,0.1367101621087894,7.755086773055609,1,0
4.47008396103673,4.559738837107321,8.456076304702318,499.79590421983687,1191.497258996452,86.39533544487227,156.90575257743134,1.0,0.9803377166426038,0.2560763047023187,11.497258996452048,0,0
4.753416821376025,4.656845371018048,8.15142820036237,538.0858515182375,1184.4183357756576,82.01294079418177,141.50734672540165,2.0,1.020737525436909,0.0485717996376298,4.418335775657624,0,0
5.126576435621322,4.496404045290129,8.18947350161486,516.6229348779832,1193.191848296948,86.86534534819934,148.8170087586599,1.0,1.140150302962905,0.0105264983851398,13.191848296948136,0,1
5.123742163923971,4.5539543471298,7.990800501876991,506.1773406663736,1236.170679788231,83.9535649991791,159.09957465602557,1.0,1.1251193517186158,0.2091994981230085,56.17067978823093,0,1
5.053934861779862,4.185907049470263,7.9962760234775825,501.4238513589256,1247.4663134829532,82.51925968374822,147.3550090048168,1.0,1.2073691080197495,0.2037239765224168,67.46631348295318,0,0
4.562399815613826,3.998400365658208,8.101605646925181,495.1298354491007,1182.4398189115595,82.02577908692417,139.6670990875383,2.0,1.1410562718177717,0.0983943530748181,2.439818911559541,0,0
4.691769105909028,4.153463974365979,8.332849469939719,506.71034044628993,1204.0029131393956,85.95146956318901,135.98101524699692,2.0,1.1296039001988976,0.1328494699397193,24.00291313939556,0,0
4.693677987897885,3.977027634357748,8.551087807893841,493.4235309895741,1197.1367281859875,89.62048138710811,137.93642165726143,3.0,1.1801974786820086,0.3510878078938422,17.13672818598775,1,0
4.496469217989517,4.569575705572314,8.590888083067503,511.9594976528018,1208.0004585220947,85.4995638464035,145.21202014978778,1.0,0.9840014711918112,0.3908880830675034,28.00045852209473,0,0
5.246973599167254,4.791118594811241,8.181512666115667,506.9053309685308,1207.0840024256984,81.04449828843201,156.6308849294323,3.0,1.0951458400037428,0.0184873338843321,27.08400242569837,1,1
3.8797034272955457,4.2061619305016364,8.146535693409513,505.5843504160201,1166.266494744293,89.48200414137757,146.9497221888655,3.0,0.9223856547792152,0.0534643065904862,13.733505255707088,1,0
5.811003887028035,4.812636875688101,8.052363085417152,542.907188853565,1231.5144512122813,81.37053807110891,138.830273927928,1.0,1.207446985077124,0.1476369145828471,51.5144512122813,0,1
5.836941975804036,4.640055701232984,8.367204126899766,515.4855083967057,1219.8085541740904,92.0885717503115,139.49961346492847,1.0,1.2579465313304454,0.167204126899767,39.80855417409043,0,0
4.825003637848586,4.328337879804754,8.09109263782621,516.6314472700959,1205.1309868956234,84.34049258573803,140.77454610476252,3.0,1.114747455194392,0.1089073621737899,25.13098689562344,1,0
5.002600706138362,4.391689309748015,8.16442079360188,543.7166385370314,1197.827313077423,81.398487884578,131.006836104812,1.0,1.1391062418498574,0.0355792063981184,17.827313077423014,0,0
5.224581388342048,4.84579893354398,8.274543591132911,494.8633037648288,1190.3584024923884,87.29088780454795,138.24666477800255,1.0,1.0781671833508943,0.0745435911329117,10.35840249238845,0,0
4.421031412338978,3.779642921391723,8.26770072454608,510.9898151993458,1185.3360465692065,83.7231187285358,137.88725718459784,3.0,1.1696955249786904,0.0677007245460803,5.336046569206474,1,1
5.083801322419566,4.844540052630225,8.108424016719194,491.3391979458023,1200.478933461827,86.81569897252879,164.7805203194217,1.0,1.0493878193059942,0.0915759832808049,20.478933461826955,0,0
5.459529659372268,4.77776637268651,8.185729429427983,521.3000659770013,1186.597592416634,85.37721246005754,149.60036995970114,1.0,1.1426949817890972,0.014270570572016,6.597592416634143,0,0
3.898641141689288,4.3173396740678855,8.112425241025157,531.2321613697711,1189.8273677874447,79.34538014619272,133.2006888405471,2.0,0.9030193209497664,0.0875747589748421,9.8273677874447,0,0
4.079664191112312,4.471215051649923,8.075128253020377,475.1393366393144,1180.6134858557382,84.7126977874623,129.13251237944365,1.0,0.9124285329766114,0.1248717469796218,0.6134858557381904,0,0
5.175098950825247,5.004302385334323,8.046218425322854,535.9098400725399,1176.5289138120977,87.05577452877465,131.29069701332938,2.0,1.0341299448565164,0.1537815746771453,3.4710861879023014,0,0
4.6649593506385845,4.093935866895458,7.979263176158062,525.7542118589182,1229.8091272547222,85.46130554133849,153.59174799814693,1.0,1.1394803194698475,0.2207368238419373,49.80912725472217,0,1
4.606689229930679,4.443567456638745,8.254287364741923,520.6749718502197,1185.4771561007556,90.14894542019624,130.93787321464382,3.0,1.0367096423868885,0.0542873647419241,5.477156100755565,1,1
4.63641501857541,4.70064234219192,8.163901767052247,497.0258432685632,1172.5983871696528,86.27870015035397,155.19983325697245,3.0,0.9863364791602296,0.0360982329477526,7.401612830347176,1,1
4.236514176289976,4.56500895787063,8.029670637370293,534.2809553416861,1187.5619893083615,84.00818625525532,143.96581415193708,2.0,0.928040714587793,0.1703293626297064,7.561989308361717,0,0
4.594900937246359,4.516137214033062,8.015816936860979,551.1335026814231,1151.8485269161968,85.86204224183474,139.98297194061035,1.0,1.0174405068896295,0.1841830631390202,28.15147308380324,0,0
4.1398226192840095,5.06319814268497,8.013468461847854,512.4614572934561,1207.727030715139,82.98098955907913,132.61405976495152,2.0,0.8176299844096299,0.1865315381521455,27.727030715139332,0,0
5.454361176094257,4.1564635293586285,8.10817725654501,514.1271338951829,1183.5870541470033,86.47802932502805,152.36349100808292,1.0,1.3122600827015178,0.0918227434549887,3.5870541470033004,0,0
4.866631610857003,4.170359401877982,8.368850749560664,520.4208107129228,1174.7554269329753,86.47238918318367,146.4789814217988,1.0,1.1669573628350882,0.168850749560665,5.244573067024703,0,0
4.853276378647811,3.720958424254124,8.097807655177487,512.6100440313107,1172.091831437486,79.92107747365758,149.38084733818445,1.0,1.3043081442965478,0.1021923448225123,7.908168562513993,0,1
5.13332149090649,4.165613793863495,8.283645538823105,516.7039604354233,1142.2257541638226,88.16764630102007,139.765337113519,2.0,1.2323085489193093,0.0836455388231058,37.77424583617744,0,0
6.1951064758153045,4.293825234745131,8.434081631944299,539.027175638668,1230.7326152895266,94.15722311479404,147.46649942862766,2.0,1.4427942768239457,0.2340816319442993,50.73261528952662,0,0
4.273754262651922,4.599157087386415,8.225271312788495,518.7732226308079,1188.442307976071,87.23859597020717,154.14927425752256,2.0,0.929247290431504,0.0252713127884955,8.442307976071106,0,1
3.878889524149134,4.797522867871435,8.085273012401258,525.3659094581418,1230.3625541456695,76.67682848615236,146.88121602451216,3.0,0.8085192358992549,0.1147269875987415,50.36255414566949,1,1
4.784656707159821,4.201184318840831,8.18657612554988,557.6139394591512,1176.7478530596056,83.25018212119193,133.34321558679957,2.0,1.1388828346719853,0.0134238744501189,3.2521469403943684,0,0
3.886635880050178,4.455771065767256,8.193498475801855,547.0896776105835,1195.3312745599883,79.7544288503197,146.26339680339802,1.0,0.872270101360931,0.0065015241981445,15.331274559988517,0,1
4.630668845402856,4.9327371196066006,8.459144401788395,500.63639851145336,1202.5973266294693,83.80363131882599,148.18931977805565,2.0,0.9387625434281004,0.2591444017883955,22.597326629469308,0,1
5.237244150846219,4.441876058086458,7.940141298202283,552.2698321224667,1196.2256023919736,87.81237548857288,155.750248245991,3.0,1.1790612977894166,0.2598587017977163,16.225602391973553,1,0
5.563996277747622,4.660797308236685,8.367342380310228,545.4726178657438,1171.74916661256,82.05505437245435,146.79688513206472,3.0,1.1937863649897398,0.1673423803102292,8.250833387440025,1,1
4.01711821013888,4.847471082877252,7.938543522414316,547.6461595410848,1137.4384346127993,92.72728429037258,151.03242951989765,3.0,0.8287039036704857,0.2614564775856829,42.56156538720074,1,0
4.328363575382749,4.211735419258145,8.321749569471413,508.4283154949569,1242.1628381603384,73.18903365980948,147.05362180162447,2.0,1.0276912349630585,0.1217495694714134,62.16283816033842,0,0
4.981729665566809,4.148663733666896,8.138602652208078,523.9137571570501,1164.4749431177306,83.98276292546889,130.8892417943432,3.0,1.2008034355589443,0.0613973477919209,15.525056882269382,1,0
5.176980818003127,5.002520459214398,8.473879511018483,512.7549953387258,1249.434389130403,86.55499146801837,148.80095374802846,3.0,1.034874491604029,0.2738795110184835,69.43438913040268,1,0
5.205402597399544,4.679556166682658,8.301054933130366,522.2390740592043,1167.775009181352,80.00029209427534,142.98374946918375,3.0,1.1123710050428326,0.1010549331303671,12.22499081864794,1,0
5.537558050421533,4.088637972464486,8.286023263032972,552.4078816842716,1219.3102256092045,80.53988826356016,158.3751201375017,3.0,1.354377200026177,0.0860232630329722,39.31022560920451,1,0
5.164299302217128,4.172435173740299,8.058730245456939,522.5910769618711,1198.6759485528817,88.10078029645027,130.19797076799006,3.0,1.2377182834335023,0.1412697545430603,18.675948552881664,1,1
4.740063254366122,4.437885057736614,8.470793272680883,488.1814065086712,1199.8653203223569,92.90643417485194,132.71640102754068,2.0,1.0680905863108434,0.2707932726808835,19.865320322356865,0,1
5.330991624478322,4.932030513665579,8.622260223351649,513.0974730385249,1167.1275611679214,93.38873332981186,147.94825992788054,3.0,1.0808918575476,0.4222602233516497,12.872438832078616,1,0
4.834903760317547,4.804337365579015,8.501717414038618,507.8911687481434,1172.8915721271585,83.57900696802022,154.39520174659663,2.0,1.0063622496519844,0.3017174140386185,7.10842787284173,0,0
4.937359039131524,4.830789990903056,8.049534537125975,553.1116252107139,1173.260635903657,90.54046161823176,141.01382498370475,1.0,1.02206037675144,0.150465462874024,6.739364096343024,0,1
4.552888342073923,4.364708251523522,8.171518847804716,504.9573862040046,1187.143990532765,84.71800581050509,141.05711276515575,2.0,1.0431140132771994,0.0284811521952832,7.143990532764974,0,0
4.878377646731146,4.497625570364987,8.02171689115585,512.4670816125986,1177.7968796714886,88.75846223790046,143.69861843543094,2.0,1.0846562412376637,0.1782831088441501,2.203120328511432,0,1
3.985185767864364,4.252511292130224,8.108571908856703,513.1071709826183,1169.4253689277698,84.13635113985407,138.0300191751713,3.0,0.9371370216705326,0.091428091143296,10.574631072230204,1,1
5.317364616372837,4.371146495438014,8.242528002982757,549.5927205737273,1158.7963096037256,80.34779350887928,150.0978068679748,3.0,1.2164690935675304,0.0425280029827579,21.2036903962744,1,1
4.295438159156363,4.1519289678068185,8.309445656076234,537.7670111252817,1161.3583107140555,91.56748996519497,138.0425565184808,3.0,1.0345644618267122,0.1094456560762342,18.641689285944267,1,0
4.355969803919528,4.229709160089932,8.279962180010614,530.507579036242,1193.8773094373594,92.63631370141334,147.74273336186917,2.0,1.029850904168801,0.0799621800106145,13.877309437359372,0,0
3.636730116251596,4.274893084142328,7.941880978123934,524.3085544279406,1161.7517320521126,83.27476073834681,131.1492821064047,2.0,0.8507183791078402,0.2581190218760651,18.24826794788737,0,0
4.388749099608136,4.455018935456084,8.194546739704496,523.978999541481,1151.4248485397234,88.84017566190654,156.09197623692705,3.0,0.9851246789759628,0.0054532602955035,28.57515146027663,1,0
4.320792562056775,4.630416560620103,8.277635832121842,521.4087439029142,1183.6662635504745,84.4054696856517,124.61301080894276,1.0,0.9331325820381492,0.0776358321218424,3.666263550474469,0,1
4.908640985569594,5.016549244460909,8.34229846152223,558.023006663687,1123.2687061588983,93.94173017462678,133.28130599063954,1.0,0.9784895443837308,0.1422984615222304,56.73129384110166,0,1
4.152732024118841,4.386694645621025,8.264225159126719,496.5592637261473,1179.833662765022,78.87907125871064,160.47822650884538,1.0,0.9466653958505178,0.0642251591267193,0.1663372349780729,0,1
4.577970219655271,4.682259310058711,8.273298669450119,468.8392047932754,1182.0497817513717,84.26902237187954,142.82836915695998,1.0,0.9777267587130156,0.0732986694501196,2.049781751371484,0,0
4.459956272834978,4.444441821137533,8.164280356453393,528.1958884933647,1194.6353345628115,79.06624630251787,136.5896103443094,3.0,1.003490753466536,0.0357196435466065,14.635334562811522,1,1
3.919934317293233,4.798491253491001,8.240780229316155,545.9504317120923,1188.8686507853677,78.49458702405296,131.52773760554305,3.0,0.8169097554620924,0.0407802293161552,8.868650785367663,1,1
4.919057367941108,4.110855354076605,8.587690740199225,523.4327349082156,1146.7742308469842,84.52484090030131,138.4242745710193,2.0,1.1966019095919862,0.3876907401992255,33.22576915301579,0,0
4.690380072312439,4.333972367308151,8.381039299232524,483.3684394186433,1175.158272147274,83.15323833103982,144.3760666394215,1.0,1.0822358044113276,0.1810392992325251,4.8417278527260805,0,0
4.8199683152122805,4.705482474890683,8.254711049828357,533.7976402825088,1196.9722682761903,80.85362513107108,145.99093971007338,2.0,1.0243303082963722,0.0547110498283576,16.972268276190334,0,1
5.215096326359797,4.680287110453085,8.309308313556548,500.29962934015913,1190.869048383386,88.43248940754908,144.64256427080687,3.0,1.114268463060308,0.1093083135565482,10.869048383386144,1,0
4.803767023252685,4.685983509772966,8.21137913467454,496.25290210271856,1159.671369065772,90.32487028666564,127.3528003301628,2.0,1.025135281037361,0.0113791346745415,20.32863093422793,0,1
4.63351768416632,4.936865052391326,8.210648407135315,501.9111821888861,1190.8134903308755,87.10276119009188,143.13924124017203,2.0,0.9385546564582264,0.0106484071353154,10.813490330875538,0,1
5.261307653036632,3.96254763231214,8.34256508248523,490.23988161012176,1203.7871205469155,77.30527586726953,144.77964174475122,1.0,1.3277588410057568,0.1425650824852304,23.787120546915503,0,1
4.637155720255273,4.111122029124051,8.11015768158139,523.7617503593474,1154.6162250585282,86.39193563913615,144.85878375842847,1.0,1.1279538010004897,0.0898423184186096,25.38377494147176,0,0
4.547702421673863,4.673989163740932,8.180580788420363,508.014986724824,1129.0339227960733,86.35187917331871,142.24160034051422,1.0,0.9729809508289546,0.0194192115796365,50.96607720392672,0,0
5.1347808643199855,4.75215777425066,7.994484651446209,495.3858558802046,1226.1256480465868,81.54679152942846,131.92236712431955,1.0,1.0805156535546934,0.2055153485537904,46.125648046586775,0,1
4.409988569453938,4.7030787885576455,8.316439152555796,564.0277541744755,1188.1987077660212,86.41800890930938,134.4433872119224,2.0,0.9376812013537892,0.116439152555797,8.198707766021244,0,0
5.383616851690381,5.339694885579561,8.360440506728056,510.16941305721525,1168.110412448829,82.92143835390351,151.94738491798566,3.0,1.008225557085895,0.1604405067280563,11.889587551170962,1,0
4.880199627859545,4.216079063552748,8.290462118059827,520.9568225324907,1167.2195623310238,81.63661781144695,135.63933029817304,1.0,1.1575208987161745,0.0904621180598272,12.78043766897622,0,0
5.584494332553796,4.614454225311362,8.164857135032946,548.749554450927,1183.816553975618,80.15085418687916,136.07938817774803,3.0,1.2102177329469035,0.0351428649670531,3.816553975618035,1,0
4.770049112205928,4.478024109776353,8.193375989823467,532.5336184414008,1207.0664786735606,88.42080123637587,139.57067091154525,2.0,1.0652129140454645,0.006624010176532,27.0664786735606,0,1
5.274130459899026,4.692628278498136,8.222035837088507,555.3064319514284,1140.7455084413414,90.30306202563914,132.02361870686215,2.0,1.1239182278599489,0.0220358370885076,39.25449155865863,0,0
3.980421408874785,4.616505327237829,8.364234647428916,507.1219030565599,1169.5754414445826,84.42057791675988,147.19721034780386,1.0,0.8622152745124537,0.1642346474289162,10.424558555417434,0,0
5.441046941054391,4.33954316064916,8.355466971400492,539.3774234894942,1223.0031529188188,89.0373463835488,131.59865381225316,2.0,1.2538294328167543,0.155466971400493,43.00315291881884,0,0
5.144645236683714,4.62021849946092,7.984793233584911,529.0749590289463,1201.4400928513226,91.25854939091396,150.88884592618302,3.0,1.113506912318211,0.215206766415088,21.44009285132256,1,0
4.477267912804087,4.525875383061008,8.068265398050738,538.4081888496743,1199.2220007344238,85.53835797294848,130.97266373338297,1.0,0.9892600950905313,0.1317346019492618,19.222000734423773,0,0
5.23246457381342,4.5397406472408495,8.265167577773825,535.6209039216692,1190.600109295851,84.68261965946894,139.70744074953885,3.0,1.1525910793694791,0.0651675777738258,10.600109295851324,1,0
4.166415555928915,4.851472236606046,7.999226306092243,505.7186665921401,1188.072513189845,86.92548102709533,144.81898838799748,1.0,0.8587940633016645,0.200773693907756,8.07251318984504,0,1
4.5513342843882585,5.269011324966051,8.337795508680365,572.2333977038313,1167.8274473006347,81.56522197621791,148.4826574066424,1.0,0.8637928451508482,0.1377955086803659,12.17255269936527,0,0
4.374455419798253,3.9067250469102905,8.158695865679773,478.1777476016839,1165.4863705433354,87.24222897374092,140.15494128676244,2.0,1.1197244152460004,0.0413041343202262,14.513629456664605,0,0
5.259998143866999,4.899540833859041,8.306077624543251,504.0116312956567,1200.9594436365694,85.61949160796419,136.23758634585863,2.0,1.0735696101241552,0.1060776245432517,20.959443636569404,0,1
5.424164481179333,4.699166936940188,8.205131466863554,532.6009142056774,1165.9702033389308,79.64254565726792,153.63616754240115,3.0,1.1542821425188476,0.0051314668635544,14.029796661069213,1,1
4.5755247515884,4.27008101651594,8.185187568002718,525.376982656446,1187.3796471266664,79.69053518708648,143.48803412426977,1.0,1.0715311332079005,0.0148124319972815,7.379647126666441,0,0
4.164290372327838,4.387600301352368,8.036941991918683,522.4773743436804,1183.9451227744516,80.96026033811057,140.60065086378995,3.0,0.9491043133749434,0.1630580080813164,3.9451227744516473,1,0
4.311562806560563,4.773439479203075,8.117882664234507,533.2378792609452,1236.9890771445891,87.10185182818279,127.08714735860688,1.0,0.9032402787218612,0.082117335765492,56.989077144589146,0,1
4.846036311755428,4.5156660606604895,8.182705655072171,504.40865290409977,1175.829020295246,83.61688114121898,143.57088089758582,2.0,1.0731609126059811,0.0172943449278282,4.170979704754018,0,0
4.814640770525346,4.484811132868591,8.177729577593642,535.5384079514924,1210.3800461185522,84.89736542307433,141.9591355425861,2.0,1.0735437071509957,0.0222704224063576,30.380046118552173,0,0
4.629954926551166,4.28713706070412,8.308635570809908,517.6099390500862,1198.3899327472618,90.60190849944138,130.88177172427513,1.0,1.0799642885013754,0.1086355708099091,18.38993274726181,0,0
4.385148596435188,4.264680799760233,8.103590330465186,545.9177466379883,1176.9516849272793,86.81554344230038,135.59475024336945,3.0,1.0282477871857325,0.0964096695348128,3.0483150727206976,1,1
5.614212473815539,4.2006343670678605,8.195558626048228,514.364505488869,1147.6563292702251,82.3657040413313,142.76550893648016,2.0,1.3365153883645131,0.0044413739517707,32.34367072977466,0,0
4.489999559006836,4.34192683267535,8.4256704035832,528.6544115293976,1178.622947489149,80.95290436578016,145.83264498680646,1.0,1.034102998738499,0.2256704035832015,1.3770525108509446,0,0
4.3835748405920665,4.460159795660115,8.323233293384424,531.7930971440985,1203.3801470954272,86.2509335889849,133.6491324100257,1.0,0.9828291004000804,0.1232332933844251,23.38014709542722,0,0
5.373663681702706,4.609881764085163,8.215728080933523,536.7458235354886,1148.1547429140417,81.01861676075264,133.72754687039367,1.0,1.16568362390601,0.015728080933524,31.845257085958337,0,1
4.65875628406712,4.244857606856444,7.981291575559751,520.6913904047117,1201.728447039918,90.1374141493434,142.94836493657706,1.0,1.0975059034829877,0.2187084244402486,21.72844703991791,0,0
5.055959007266093,4.734210305882813,7.993946240234952,514.6994112627337,1214.9150586309506,86.007671041654,135.1020133570142,3.0,1.0679624857213263,0.2060537597650471,34.915058630950625,1,0
4.362416847614544,4.218545460258871,8.295607623094046,505.66232274103226,1182.4961838177094,85.52960995124032,140.35437359977706,1.0,1.034104500633434,0.0956076230940468,2.49618381770938,0,1
5.053041583255772,4.738357502178527,8.31097060735268,528.9940568956836,1203.7561142370112,81.08465334953594,156.5576108240823,3.0,1.0664120594248434,0.1109706073526801,23.75611423701116,1,1
5.167596970861707,4.231536715913373,7.908244250275965,484.8996352577616,1183.6466165560742,87.5394204554911,141.6501893010531,3.0,1.2212104766117042,0.2917557497240342,3.64661655607415,1,1
4.241852298750141,5.125296298804964,8.30496814526161,525.714844461094,1194.8559174640898,89.62662531174534,150.38654957972005,3.0,0.8276306481854637,0.1049681452616102,14.85591746408977,1,0
4.53296310628259,4.700979265943009,8.115682716133149,527.0909488632193,1218.8330874296344,84.44128885315916,131.78688140588528,3.0,0.9642593274465392,0.0843172838668504,38.83308742963436,1,0
4.347582693617083,4.760718307482519,8.13919520052561,554.66930422173,1139.5966252936414,88.80572780322021,135.70364152442482,2.0,0.913219899163258,0.0608047994743898,40.40337470635859,0,1
4.535987050124679,4.446679389730675,8.333335381043236,507.7778483322348,1160.1043087871008,83.34017343355164,135.52970862760316,3.0,1.0200841238026224,0.1333353810432367,19.89569121289924,1,0
5.600539597563156,4.688205492763342,8.309854511473622,523.4727868406743,1212.5177173860072,84.74465199972164,132.94771983381,3.0,1.194601986839843,0.1098545114736229,32.517717386007234,1,1
4.928446914340861,4.111830948503938,8.185192736371452,522.9426618364814,1217.313135373901,93.55273578372817,127.49900735819,3.0,1.1986015414703373,0.0148072636285476,37.31313537390111,1,0
5.774014994031173,4.197423554366122,8.303232248626623,499.5380460241621,1143.3939256284198,83.47693123857897,143.58314927727932,1.0,1.375609327452667,0.1032322486266235,36.60607437158024,0,0
5.541387570576038,4.404721484266722,8.145472890266346,519.8981155041206,1220.619893542992,87.21270843448728,145.17247525137,2.0,1.2580562900767576,0.0545271097336534,40.61989354299203,0,1
5.365445068038676,4.970547346807887,8.081527194875225,495.181215139803,1113.1243751777583,83.40470945344396,134.24544352015934,3.0,1.07944753215256,0.1184728051247745,66.87562482224166,1,0
5.52719024700755,4.81203692334847,8.388992002134689,537.8148457629118,1196.265327486072,86.14980347106925,135.88967328716538,3.0,1.1486175883315586,0.1889920021346895,16.26532748607201,1,1
5.3799650213319525,3.8066729104717103,8.398865491600983,530.928508167421,1185.6886514187102,87.8541243345333,142.63934774691094,2.0,1.413298475190501,0.1988654916009835,5.688651418710151,0,0
5.652259532956023,4.194319667682854,8.103466015397498,527.9840350541472,1160.9390713021148,81.30660084242473,142.1706256096492,3.0,1.3475986523294747,0.0965339846025017,19.06092869788517,1,0
5.072330253413702,4.473094997919687,8.119934816247358,508.2162248881619,1162.5398007853407,82.10873486492942,150.47133574373677,1.0,1.1339643478707109,0.0800651837526409,17.46019921465927,0,1
5.143161215356078,4.88946213220439,8.333698407902256,546.2471472737386,1163.4982235960929,87.32743395259894,151.29640494975374,1.0,1.0518869101017911,0.1336984079022567,16.501776403907115,0,0
5.128964567583424,4.575698598470379,8.095979265416924,499.9311720411416,1174.6920370617042,85.66267523506139,136.51983389107275,3.0,1.1209139885605846,0.1040207345830754,5.307962938295759,1,1
4.580267800076323,3.7134118297814966,8.32012188693613,520.925361784923,1231.6369197393824,89.80714702374752,141.44528435367923,1.0,1.233439222148542,0.1201218869361309,51.63691973938239,0,1
5.223089515190329,4.136477074646368,8.046332762310335,498.3699430207451,1201.4006945743208,86.10666866106749,133.79324515987253,2.0,1.2626903086061867,0.1536672376896639,21.400694574320823,0,0
5.428901819377776,4.72322136606196,8.157003912079118,516.6106385666743,1217.2945073818,92.62669442235106,154.31836991747392,2.0,1.149406601443027,0.0429960879208817,37.29450738180003,0,1
4.499793864955206,4.563270172347212,8.34678796657448,543.5145204536182,1171.625993972997,87.85695553341252,144.18372589926307,3.0,0.9860897325863468,0.1467879665744806,8.374006027002906,1,0
4.371379571269502,4.541825153350301,8.054640613740677,528.7395457176802,1185.9867320254862,92.70246910937512,150.14886598280387,1.0,0.9624720068940698,0.1453593862593223,5.9867320254861625,0,1
4.524491843635756,4.844712563225116,8.111811228322724,502.9610572467371,1152.1385394349622,91.92703747122744,139.0212212868555,1.0,0.933903050729166,0.0881887716772755,27.86146056503776,0,1
5.478369427339979,4.392687150381243,8.256437713922725,510.3416511161298,1172.7604372602736,82.36778871820192,150.3702200572586,3.0,1.2471567490567483,0.0564377139227261,7.239562739726352,1,1
4.681440307572837,4.7166284264466825,7.930271649295558,512.9796655682934,1165.635010996322,91.06961667007825,148.10371134418074,2.0,0.9925395607444756,0.2697283507044412,14.36498900367792,0,0
4.247932907225312,5.008971813052097,8.210928728743646,504.5654552021068,1192.704619828373,88.85510585801167,152.48700102497648,3.0,0.8480648454256067,0.0109287287436465,12.704619828373325,1,0
4.280732557440853,4.569576230493845,8.374185682775309,525.0428929252912,1161.6217858659152,88.5682697597262,130.98073620105,3.0,0.9367898335818844,0.1741856827753096,18.37821413408483,1,1
4.348085527595762,4.222742932130651,8.329719923547213,560.4006927262939,1158.241511768846,89.85854146611082,142.61335586252795,3.0,1.0296827432903155,0.1297199235472135,21.758488231153933,1,0
4.443563856347492,4.367782563259649,8.192555564056667,509.6505526101768,1190.305123900374,83.73236220076451,150.99983377629135,1.0,1.0173500605794663,0.0074444359433325,10.305123900373928,0,1
4.100524875174195,4.2199971668419884,8.203094141557079,555.7016016860194,1178.6085588613323,86.34669376368535,134.32751006120617,2.0,0.9716890111732258,0.0030941415570797,1.39144113866746,0,0
5.102806952352622,3.805285621419019,8.423771564980683,519.9331016817312,1161.7861144771775,83.2757572643208,146.27941371760397,1.0,1.3409786961297188,0.2237715649806837,18.213885522822466,0,1
4.7053324447891525,4.254929861136961,8.405587031948155,525.9601262036979,1157.9872525908502,94.47036450059636,146.6849276765227,1.0,1.1058542907275997,0.2055870319481556,22.012747409149824,0,0
5.067225719704039,4.697006098861853,8.185811489606966,524.8259794244054,1161.7773858367923,81.91331756926422,147.74858971968635,1.0,1.0788203404404937,0.0141885103930334,18.22261416320748,0,1
3.651289011807943,4.502913091833053,8.105554894370572,488.6174769411994,1201.1799776993662,79.75840099813695,144.73664948510643,3.0,0.810872636564855,0.0944451056294273,21.17997769936619,1,0
5.336212328843843,4.921250359636142,8.328594095382519,528.4118118245183,1190.8557317014277,81.64810464177917,147.06434706594848,1.0,1.0843204344015656,0.1285940953825193,10.855731701427658,0,0
4.758943109450134,4.544616332895907,8.369584304892735,475.0072914250907,1160.365394745413,84.77450123670796,145.54852562110716,2.0,1.047160587342803,0.1695843048927354,19.63460525458709,0,0
5.050007173494374,4.77392047385144,8.40681008663365,523.8706101663989,1161.399838655613,84.74660456834293,151.71628433409495,3.0,1.0578322785428314,0.2068100866336504,18.60016134438706,1,0
5.560662846004405,3.954502619565964,8.287540993351048,523.0115677130119,1150.169334147037,88.64962913221224,136.11486377862948,2.0,1.4061598586596888,0.0875409933510482,29.83066585296297,0,1
4.983924533717468,4.364025222727649,8.146582367661159,491.6040742619098,1169.775285093246,85.12707795332682,144.79138636856624,3.0,1.1420476001420348,0.0534176323388404,10.224714906754116,1,0
5.855801520198498,4.416624825094895,7.9495114268355795,521.1982618513357,1183.196810571474,82.97134369253502,151.99410117486337,1.0,1.3258544138955308,0.2504885731644197,3.1968105714738613,0,0
3.8601378706041394,4.244111813588168,8.490740347366074,514.5816794140103,1157.1475251336597,86.98004223269834,135.5734725303118,1.0,0.9095278445152634,0.290740347366075,22.852474866340344,0,0
4.641218337689871,4.972981705452456,8.440424993123067,517.1567870367177,1236.870152562257,89.77581932016858,136.33289067060682,3.0,0.933286831051053,0.2404249931230673,56.87015256225732,1,1
3.8982664110314142,3.901721303269902,8.08495143907158,517.3439300356894,1196.218343311222,85.84923627327426,146.2998101252076,2.0,0.9991145207540306,0.1150485609284199,16.218343311222043,0,0
4.957199668666477,4.4646971539899,8.22860342125791,509.10242562243536,1179.1634358767478,88.56148254949576,153.3331626014522,3.0,1.1103103965576118,0.0286034212579107,0.8365641232521739,1,0
4.838251045662454,4.851078309084358,8.166883103509566,521.4004420957644,1182.211888249557,85.34186378275658,140.89909165694542,2.0,0.9973557911041676,0.0331168964904335,2.211888249556978,0,1
4.253909259369339,4.736640903928477,8.20993333704784,536.0147674530716,1143.8234809836986,83.93471919916887,142.78338921910805,1.0,0.8980856570619791,0.0099333370478404,36.17651901630143,0,1
5.886754481647824,4.382258904361906,8.139943861138985,515.5793642317958,1148.8252782823452,87.86322847920414,144.98357761654145,1.0,1.3433150821931343,0.0600561388610145,31.174721717654847,0,0
4.620284446685137,4.220993887681433,8.303728563687542,519.0703409820438,1214.3951949749155,85.93738824917226,138.00846187005672,1.0,1.0945963364397182,0.1037285636875431,34.39519497491574,0,0
3.69690745496718,4.838210331191554,8.029890746749171,532.009460756083,1222.512569562428,89.11812110156953,159.98864277992362,3.0,0.7641063949554667,0.1701092532508283,42.5125695624281,1,0
5.140092539676876,4.338458176986381,8.14092114726833,561.9874688728503,1122.3998228246776,91.3230935099627,134.41804738133996,1.0,1.1847740208164363,0.0590788527316696,57.600177175322415,0,0
5.147838580691884,4.242539450808789,8.33102747954823,516.4331001576305,1192.229988214422,84.53536344863426,142.73837112711627,1.0,1.213386142702132,0.13102747954823,12.229988214422065,0,0
4.560253431189155,4.810025126597046,7.903971603794898,488.5079397025865,1215.9226010705272,87.65229907532007,142.87016247044997,1.0,0.9480726836592078,0.2960283962051013,35.92260107052721,0,0
5.194181888695895,4.595287322986574,8.246279722924731,503.4112805929453,1171.1147053984894,89.37886169274509,124.05536515593302,2.0,1.130327990936105,0.0462797229247318,8.885294601510623,0,1
4.324877646622806,4.390873523377538,8.117831729814155,531.145207771673,1219.5029317981694,86.68223290957799,135.09299274046893,1.0,0.9849697611674916,0.0821682701858446,39.50293179816936,0,0
4.591427357041219,4.600817302252595,8.442303459845387,547.9835490512918,1199.9510368085687,87.09155362320615,130.91206730913063,2.0,0.9979590699668216,0.2423034598453881,19.951036808568688,0,1
4.996852616994812,4.6379910535851065,8.249364684865371,502.5044517834677,1191.7236651862622,85.58790903996206,147.90626044894717,1.0,1.0773743541516614,0.0493646848653721,11.723665186262224,0,1
5.262168059863498,4.483338433836305,8.081944427391583,519.1967332791704,1173.6388912017096,86.0472355290666,128.11574167258718,1.0,1.173716447318711,0.1180555726084158,6.361108798290388,0,1
4.6878942171081,4.547655073101678,8.417805333269364,520.3567926575763,1182.3948579897362,87.13965763429924,149.72340978093263,2.0,1.030837682436618,0.2178053332693643,2.394857989736238,0,1
4.558794059301471,3.829569958553143,8.203266646869595,505.77680980791456,1168.3672360778426,82.5080777220165,132.3258979938838,2.0,1.190419317952196,0.0032666468695961,11.632763922157435,0,1
4.779391795587538,4.467263840158871,8.219688587619759,548.4018167999757,1187.7078862425776,78.03660660274828,149.88445898312696,1.0,1.0698700514513817,0.0196885876197594,7.707886242577615,0,0
3.776805227097703,4.301723507879193,8.33309328615653,541.5353990108526,1186.5729022782475,84.64037567852279,130.54906521405738,3.0,0.8779748905995456,0.1330932861565301,6.572902278247739,1,0
4.660219703047078,4.252205268724902,8.109133693003091,526.3668367820466,1168.7085213052744,84.30646505418396,145.47709387129004,2.0,1.0959536069970988,0.090866306996908,11.291478694725583,0,1
3.809716875011789,4.287749728247252,8.417092959222119,512.2317673386186,1129.3771065341684,91.64243931658098,149.6681471729891,3.0,0.8885119504585952,0.2170929592221195,50.62289346583157,1,0
4.379191208284793,4.346041760984744,8.286559773613732,537.6902027158402,1174.9303094946315,86.21432033102445,146.69950827583176,2.0,1.007627502936122,0.0865597736137324,5.069690505368499,0,0
4.0888023161846325,4.407885639584093,8.103810389955747,529.5078159099918,1153.5352953304975,87.3042976416843,131.98682647747336,2.0,0.9276107979159872,0.0961896100442523,26.464704669502453,0,1
5.0641283714586045,4.551481286826584,8.135133801697064,511.9147332133828,1150.8573210298505,83.31260518418684,151.26412329853454,1.0,1.11263302015613,0.0648661983029352,29.14267897014952,0,0
4.434536231848049,4.272605729988773,8.011541986835217,537.9721626573429,1162.0600482925693,82.55692228490167,146.47544571895747,3.0,1.0378997059533976,0.1884580131647819,17.939951707430737,1,0
5.418951218932053,4.660606729127936,8.246158634442459,526.8308076818923,1201.4989418255775,81.57797477084551,122.66560914344278,3.0,1.1627136835858491,0.0461586344424596,21.49894182557773,1,0
3.8763839112838014,4.728118109536522,8.173333424329268,489.2771972342101,1151.110587889905,79.83313455439296,142.90768743102913,1.0,0.819857672896401,0.0266665756707311,28.88941211009501,0,1
4.678249603075566,4.724938212389562,8.246905578489956,501.643813689016,1156.9272823805054,87.97836076699217,165.23643156244594,1.0,0.9901186834186128,0.046905578489957,23.0727176194946,0,1
4.842274127300016,4.789891590837344,7.944744102688793,495.4062923700941,1198.376118763645,86.2571861258232,151.1551492132791,1.0,1.010936058668204,0.2552558973112067,18.37611876364508,0,1
5.0450362422522135,4.323809443215151,8.121413401036122,539.0772094050816,1160.0931860560413,91.0567705352844,137.90810917068637,2.0,1.166803557682681,0.0785865989638772,19.906813943958696,0,0
5.876795640101853,4.416083438900457,8.052683266673027,507.0102520193341,1150.692799883599,87.25384074094428,146.46107040277866,3.0,1.3307709693624634,0.1473167333269724,29.307200116400963,1,0
3.816637412818496,4.576445973816805,8.273948122274392,531.6026804734148,1201.0297471683944,85.99579088690099,138.7787141726604,1.0,0.8339740999501859,0.0739481222743929,21.02974716839435,0,0
4.42121316384556,4.368266052434696,8.109728539466959,560.1796470083933,1176.633896449925,76.87637265715054,150.31949886182298,2.0,1.0121208529341368,0.0902714605330405,3.366103550074968,0,0
5.798493274625409,4.140866559455171,8.270550735791092,534.6914917772224,1181.6988381205592,92.8240702513277,135.32353472915108,2.0,1.4003091357737518,0.0705507357910928,1.6988381205592304,0,0
4.3394607284528375,4.344268458920251,8.120038981732309,512.2490714560814,1174.1794374347498,85.16057311475349,151.91030417798697,1.0,0.9988933162138184,0.0799610182676904,5.820562565250157,0,1
5.020877827203538,5.006754184157196,8.443914033704347,506.24198867534176,1191.0060238767855,76.45636828092967,149.54729427154243,3.0,1.0028209178090293,0.2439140337043479,11.006023876785548,1,1
4.330117406758618,4.269619723760497,8.207739807493136,514.3325718295017,1197.822296998585,85.92571926033114,147.26947917492816,1.0,1.0141693372942049,0.0077398074931362,17.82229699858499,0,1
4.103009979846558,4.253938924561158,8.337376879997137,500.9864087620022,1176.8023490652602,81.67530781037756,158.9807507951537,1.0,0.9645201897921724,0.137376879997138,3.1976509347398405,0,1
4.392231573724481,4.330454535421292,8.182995323735081,498.8270827032028,1141.0481932687194,81.52894534683313,150.24792654722242,2.0,1.014265716631733,0.0170046762649178,38.95180673128061,0,0
5.788811930726659,4.672644793047403,8.338428778291492,505.1081533826038,1187.7345158678754,86.0926630181452,150.3769903462236,3.0,1.238872669735386,0.1384287782914928,7.734515867875416,1,0
4.216722935961603,4.6078841573718,8.084050032507104,529.845881312929,1171.1598375805097,82.5913619913035,151.23649453984987,3.0,0.915110447883218,0.1159499674928952,8.840162419490525,1,0
4.650892172321501,4.718933883831311,8.19370365320111,510.3641263449188,1202.289404203,89.20942392960204,147.85275623992274,1.0,0.9855811261250076,0.006296346798889,22.289404203000004,0,0
4.672682959992988,5.285084848787823,8.130243675042337,515.832248080747,1156.714117350731,84.52660148664029,145.80641020332024,3.0,0.8841263844951477,0.0697563249576624,23.28588264926907,1,0
5.258170980180356,4.754526252222996,8.480293663035422,528.6799504699006,1171.8257389611383,86.63959698874903,136.44640066793417,2.0,1.105929529070525,0.2802936630354224,8.17426103886146,0,0
5.364443317096174,4.778845736806504,8.021708674050451,533.4538925444543,1141.4714618796384,87.32301369302479,136.55902113824973,2.0,1.1225395443625388,0.178291325949548,38.528538120361645,0,1
4.853876765686592,5.38649239776418,8.510537889177854,484.30775533565776,1200.362044050613,86.03252255743273,145.5428140737896,2.0,0.9011201365103966,0.3105378891778549,20.362044050612667,0,1
4.355384092025268,4.378514420244229,8.310399843966136,512.8584086935624,1167.312058349599,85.58069541413472,142.14616111488203,2.0,0.9947173111714024,0.1103998439661371,12.687941650400944,0,0
4.200990339063703,4.406111223246061,8.106723123982507,499.3759134434172,1174.953872845441,91.1233634790292,138.05104931903233,1.0,0.9534462761508122,0.0932768760174926,5.046127154558917,0,0
5.379340962740463,4.827607213170776,8.238229725314982,535.8089128279471,1158.9483422239296,88.45996766195388,140.88391639627488,3.0,1.1142872077393016,0.0382297253149825,21.05165777607044,1,0
4.339472537799492,4.111947125895682,8.174372150561513,511.418796909393,1161.4553882864557,82.16764303937798,141.56675763944492,3.0,1.0553327666631696,0.0256278494384858,18.544611713544327,1,0
5.641746232741154,3.896556304135841,8.075429905921336,553.2558272367434,1198.032578385442,80.44283847496743,144.25548984626133,2.0,1.44788007433771,0.1245700940786633,18.032578385441862,0,0
5.004094482951117,4.245469790416018,8.212158430206001,510.9735284713427,1166.8920575367422,81.74454767213174,140.17835630491982,1.0,1.178690399132971,0.0121584302060018,13.107942463257814,0,0
5.367398912189412,4.754156007284822,8.137434198770146,525.7095199816084,1192.353898384536,86.75403969648642,151.55881086934474,3.0,1.1289909087619177,0.0625658012298533,12.353898384536024,1,1
5.927885559103581,4.683745137254034,8.285706809651343,507.65938606690366,1179.6040189510395,80.4720127407687,141.09230633801565,2.0,1.2656294021397858,0.0857068096513433,0.395981048960266,0,0
4.328086495303015,4.4504022975488855,8.049177506003362,529.0205445612,1199.5146202990022,82.32353319441808,136.72479279837768,2.0,0.9725157873287652,0.1508224939966371,19.514620299002218,0,1
3.990027693591095,4.831448462099646,8.270871039829684,529.4276132223323,1169.797642518703,79.49362099710787,141.33746387075757,1.0,0.825845028476464,0.0708710398296847,10.202357481296984,0,0
4.893499504495297,4.688571670057171,8.329617358377499,536.4233792202951,1208.218049110745,88.8194878942358,132.96862007527756,3.0,1.0437079451516456,0.1296173583774997,28.218049110744914,1,0
5.277038181652895,4.60663225807611,8.183763551511733,517.5158057371779,1228.7617175969554,87.71761089942672,158.5092469666442,2.0,1.145530592605028,0.0162364484882662,48.76171759695535,0,1
4.467558335939276,4.494646150274715,8.001577539558541,543.5014190598473,1135.7909046447892,88.60251734772642,147.37522608437715,3.0,0.9939733152680424,0.1984224604414581,44.20909535521082,1,0
4.818193180610346,4.777869080655374,8.459846298279022,525.5431738177773,1177.6035974119177,83.05334499999627,141.89647763699378,2.0,1.0084397664033526,0.2598462982790224,2.396402588082537,0,0
5.408519104076582,4.734145897399039,8.270048301645033,508.1016907006741,1177.587664435322,77.78903610672582,153.6149526414465,2.0,1.1424487584773415,0.0700483016450341,2.41233556467796,0,0
5.359029949243532,4.415352646602109,8.091839331108076,508.233863244318,1161.3914633780962,81.57709761579139,140.31863142216798,3.0,1.2137263718117546,0.108160668891923,18.608536621903795,1,0
4.5091129091660775,4.7521574889538485,8.274078230337416,533.4832174123947,1190.595201607823,79.4762523197581,141.7256101784123,1.0,0.9488559498919024,0.0740782303374167,10.595201607822672,0,0
4.935671563653305,4.29734676612738,7.948650224852794,543.388807851155,1209.1355280168937,79.43309527778423,136.22596134200998,1.0,1.1485392804250287,0.2513497751472053,29.13552801689366,0,0
4.3321417875465125,4.572812484354483,8.376455140054698,499.2418443609855,1128.6754990255483,89.66145960792296,134.28750550816176,1.0,0.947369217832838,0.1764551400546992,51.32450097445167,0,0
4.075019189630222,4.624125344669326,8.518673005377645,533.8931482492407,1126.708209889002,83.98781127196506,143.7287672778557,1.0,0.8812518876562541,0.3186730053776454,53.29179011099791,0,0
5.479111789407737,4.396143513601102,8.323613395324427,492.5024141026816,1223.0931425360563,86.18631615484793,150.7249478073445,1.0,1.2463450684013673,0.123613395324428,43.09314253605635,0,0
3.733397938398421,4.541572880219333,8.049540521781502,508.5765594823612,1173.7703197237377,89.5230153385536,134.79820661397508,1.0,0.8220495489210489,0.1504594782184973,6.229680276262343,0,0
4.895496154668002,4.688492616873137,7.90163875327274,529.0600735976616,1182.3258858322,80.81991504520262,140.0379636469927,2.0,1.0441514050818257,0.2983612467272589,2.3258858321999014,0,0
4.614852824322959,4.164445710243252,8.404603005894199,504.3210151067304,1152.219760361319,87.51840326273337,140.33080628392926,1.0,1.1081553571135982,0.2046030058941994,27.780239638681,0,1
5.074380063945715,4.557039422485294,8.17787912748034,547.1164489549567,1181.1526257699134,79.04458549515488,148.32669725143148,3.0,1.1135256012476518,0.0221208725196593,1.1526257699133566,1,0
4.457501494196032,5.186573018517736,8.141285532849443,531.2587287484236,1215.590761428051,86.03521195709921,138.46223219568842,3.0,0.8594309725172836,0.0587144671505566,35.59076142805111,1,1
5.370808341834178,4.2438362613480045,8.37474761639033,498.1418231806762,1192.9070331272596,89.3772912997715,148.1756199443817,3.0,1.2655550331865653,0.1747476163903307,12.907033127259638,1,0
4.688888272854868,4.819290591430891,8.111443370393603,532.1261141167321,1185.0113535074668,80.32879231993552,147.866437372719,2.0,0.972941594395484,0.0885566296063959,5.011353507466765,0,1
5.5257216982359125,4.470349306455801,8.314347922810187,495.5731842933217,1133.9800534830274,88.39707149120461,136.5718974533548,3.0,1.236082757340668,0.1143479228101878,46.0199465169726,1,1
4.90942805998861,4.866727379233867,8.2035583825469,520.0684435433952,1199.31000355613,85.92189108171279,139.59707643631873,2.0,1.0087740028192602,0.0035583825469007,19.310003556129917,0,0
4.275091212928826,4.275733077711968,8.237043669484136,536.2304144408432,1180.249259004191,83.13723854809352,142.6599406435199,1.0,0.999849881699506,0.0370436694841362,0.2492590041906623,0,0
5.071282263952399,4.501880730108159,8.444389957475154,533.1220222736154,1164.1920896950162,80.0780543591782,138.4166003281848,1.0,1.1264808125434451,0.2443899574751551,15.807910304983809,0,1
5.008796063669001,5.185372704525007,8.126662416128893,518.4024977403017,1196.705221156584,85.99140320697235,134.66222351874518,2.0,0.965947164864762,0.0733375838711065,16.705221156584003,0,0
4.746494689257565,4.446306934288497,8.11295338675036,513.6306384347745,1157.955747461183,87.02474463570842,154.15576352101056,3.0,1.0675139522165242,0.0870466132496385,22.04425253881709,1,0
4.425820673972082,4.696360137074339,8.169664642210309,498.580696902212,1194.5801051502824,83.6985244023479,127.38230359529436,3.0,0.9423937994216116,0.0303353577896903,14.580105150282408,1,0
5.230318318193578,4.684302736141761,8.01956699191023,523.3779751228537,1211.6390327196386,80.97789605043597,143.90904953928904,3.0,1.116562829452176,0.1804330080897696,31.639032719638635,1,0
4.31738920773266,3.871152951704426,8.340463652551895,534.883029920258,1184.0095759097724,88.126101806135,153.1891719064201,3.0,1.1152721838894246,0.1404636525518956,4.009575909772366,1,1
4.369991736508821,4.638330791819009,8.32053091338029,558.1974373767879,1168.9761405452036,89.85664312083553,135.39321496518892,1.0,0.9421474948001496,0.1205309133802909,11.023859454796366,0,0
5.063736347865556,4.116365605654604,8.198596442035711,511.561546231158,1165.1240617421706,88.90995999320938,142.21607780528245,2.0,1.2301473755585297,0.0014035579642879,14.875938257829375,0,1
4.694590421536251,4.696199731516263,8.061383613482542,535.6632907063703,1189.9498189371818,91.515171779072,149.40284304634898,3.0,0.9996573163256092,0.138616386517457,9.949818937181815,1,0
3.8176160106287815,4.536491471772333,7.78822194671489,534.1428073454459,1168.767257459691,82.32863217636428,117.05176606016862,1.0,0.841534924851466,0.4117780532851096,11.232742540308664,0,0
4.319055987859901,4.154307399879333,8.07494793851232,511.1849106322066,1241.5287374738552,79.19768182028687,141.58678757832763,1.0,1.0396572932820751,0.1250520614876791,61.52873747385525,0,1
5.002923779751741,4.130959603616884,8.165331300146212,533.3378715572507,1143.206977015449,86.68349061457664,129.10723189998347,3.0,1.211080295764772,0.0346686998537872,36.79302298455104,1,1
4.665124825233512,4.4774452303914805,7.915128945393158,504.89744749357817,1176.6261845267925,83.34786918448657,149.89939639721845,1.0,1.041916669918418,0.2848710546068416,3.3738154732075145,0,0
4.749450886058971,5.269118570348187,8.574175033183908,524.754888273071,1187.0868558654047,89.0493560114102,135.50206826256192,3.0,0.901374835610076,0.3741750331839082,7.086855865404687,1,0
4.931022157567352,5.003229035975455,8.262327603995114,516.0910703367194,1183.9914501930398,80.74838930337752,156.6324932752326,2.0,0.985567944446582,0.062327603995115,3.991450193039782,0,1
5.028150285455812,4.611458412346631,8.28166302416499,528.2056707272634,1165.4204117820975,81.04824830388884,134.16955137651615,2.0,1.090360106230857,0.0816630241649907,14.579588217902485,0,0
4.858055357364479,4.65974861324871,8.177500074115581,529.6786136151255,1212.038826106227,85.27906329429666,145.68713517420116,3.0,1.0425573908664043,0.0224999258844178,32.03882610622691,1,0
4.772388563933979,4.334320414451784,8.154868186820687,519.821043549506,1199.2344597384424,87.76671058516254,140.0541601241519,3.0,1.1010696271831886,0.0451318131793119,19.23445973844241,1,0
4.5418298093189975,4.285287486283666,8.175704440030112,517.6202921564717,1162.6339308541662,84.59671147420713,141.96504628176206,1.0,1.059865836958805,0.0242955599698877,17.366069145833762,0,0
4.815315704224244,4.763831485718296,8.410747823976479,499.8449704449986,1169.5288266767477,77.13969010800886,142.21153002862584,3.0,1.010807312905481,0.2107478239764795,10.471173323252287,1,1
5.333846501848953,4.31347352659689,8.364699613298423,513.1590571672059,1192.6944875080137,99.1526197478792,155.56977950636676,1.0,1.2365548247193092,0.1646996132984242,12.694487508013708,0,0
4.263769146943199,4.946571207350728,8.198357900197271,509.2875958182784,1151.3868594229882,85.13744706298905,153.70417651455762,3.0,0.8619645745208655,0.0016420998027282,28.61314057701179,1,1
4.835131936686894,4.080482628670735,8.503371101668636,499.1485420009264,1197.3047160451513,96.8429653702652,135.85508309279908,2.0,1.184941188458644,0.3033711016686364,17.30471604515128,0,1
5.0385217827657645,4.2205096936040265,8.187696355052543,505.1292592206688,1177.3752871262504,84.48362445630765,142.35136449274165,2.0,1.1938183175381818,0.0123036449474565,2.624712873749558,0,0
4.645235190712736,4.93885579771507,8.124132057097182,515.2222480501453,1207.679485951488,80.68333400535319,132.4575572034308,3.0,0.940548859904206,0.0758679429028177,27.679485951488005,1,0
4.145462637671287,4.41107573254781,8.219043611263476,521.017946011852,1168.8818913274715,83.69894789316426,130.59100884888102,1.0,0.9397849613289472,0.019043611263477,11.118108672528251,0,1
4.198051886108829,4.461994516844153,8.245132007473767,496.9920038279109,1227.1686121485088,89.51208254273158,136.53133536847054,2.0,0.9408464912541288,0.045132007473768,47.16861214850883,0,1
4.78272553620488,4.7000838647200816,8.02113906150511,542.2055373099179,1190.6730793823815,87.53896361317707,155.803317875996,1.0,1.0175830203983258,0.1788609384948891,10.67307938238173,0,1
4.489821281449837,4.859219400336396,8.2731223918857,531.3469336741801,1193.5312317367889,86.26120559927669,128.1617366913684,3.0,0.9239799462882934,0.0731223918857004,13.531231736788868,1,1
3.8360899096209455,4.689031339809151,8.517201791841256,518.4237970900194,1161.9931459584104,84.74858391948857,146.72569709850504,1.0,0.8180985859989965,0.3172017918412564,18.006854041589577,0,1
4.400938865825099,4.589051733280234,8.342510000919262,497.4498996319369,1186.5868480476506,85.53030190017806,145.7747461177145,2.0,0.9590083356328428,0.1425100009192625,6.586848047650619,0,0
4.149714305078408,4.748208116533794,8.299610361123097,516.0678573398757,1165.7199385667568,84.38925109292698,135.90567413395456,2.0,0.8739537531547286,0.0996103611230978,14.28006143324319,0,1
5.174198137755913,4.626835063804928,8.272060375271035,514.9447251888323,1139.9508991727052,89.90701371897859,147.28888318973335,1.0,1.118301833820407,0.072060375271036,40.04910082729475,0,0
4.057863732375578,4.836385677825468,8.050322855709508,500.011156064082,1174.912993960775,88.7554134072044,147.2515191257286,1.0,0.8390281507410806,0.1496771442904911,5.087006039224889,0,1
5.51019981244164,5.385640018960869,8.05053126477386,498.5075194012786,1210.2332503229263,81.13623327238253,141.69273636504963,3.0,1.0231281318504604,0.1494687352261401,30.233250322926324,1,0
5.879858483909764,4.656654000873882,8.224466900316795,534.1794716077804,1178.3328722359577,78.94260399389205,140.76680318010025,2.0,1.26267884226392,0.0244669003167956,1.667127764042334,0,0
4.429706675821351,4.233448338348163,8.1357703182142,514.0060174069226,1172.3522352744528,79.97304490339405,139.9867738655575,3.0,1.0463589775382511,0.0642296817857985,7.647764725547177,1,0
4.493113602528739,4.82201133404825,7.983002187789974,536.3830418651534,1172.0071500136812,83.53927155300113,135.0797792843894,3.0,0.9317924182116796,0.2169978122100255,7.992849986318788,1,0
5.27188087683873,4.454665452257294,8.14741096697916,519.7563593306648,1238.2811566449805,85.90671020366005,143.35620760461924,3.0,1.1834515817532112,0.0525890330208387,58.281156644980456,1,0
5.342004298054428,4.604514877882185,8.2676022870693,533.9060721817349,1195.8189765804134,84.77500914425093,137.85807734463523,2.0,1.1601665840096664,0.0676022870693007,15.818976580413391,0,0
4.553789306779406,4.613666637418415,8.287045332842979,533.2890455898596,1138.6598455145077,87.58370013540676,143.32450166652862,1.0,0.9870217472713774,0.0870453328429796,41.34015448549235,0,0
4.580127058764699,4.319696018614869,8.075085779961128,528.6331938355781,1165.878213942625,84.94041994515483,136.99752288877443,2.0,1.0602892050661124,0.1249142200388711,14.121786057374948,0,0
4.584201810459144,4.385049945018433,8.193112657672636,541.8785205011093,1169.578751713182,91.54240279140484,136.6103205133494,2.0,1.0454160994497996,0.0068873423273636,10.4212482868179,0,0
4.374154815341404,3.784409559489816,8.26221514301751,521.8560758369352,1161.2486162442708,87.08606208527524,137.533142822071,1.0,1.1558354732555047,0.0622151430175108,18.751383755729197,0,1
5.255749307863299,4.468556642516134,8.009760635202266,492.3473945931877,1181.6732728854374,85.07362999748666,152.4059205963194,3.0,1.1761626241192176,0.1902393647977334,1.6732728854374272,1,1
4.877712244430695,4.67384813053254,8.084134791015526,495.2985201330632,1165.0787509240413,78.80569808000445,130.70541117607604,2.0,1.0436180438818214,0.1158652089844736,14.921249075958713,0,1
4.437329317339628,4.504536683228991,8.198021470129222,507.92321463884167,1166.6684069729208,86.43619328464973,156.53518532264798,2.0,0.9850800711370238,0.0019785298707777,13.33159302707918,0,0
4.832307280344359,4.357392585023007,8.063618225788868,533.7260335782856,1183.991486814269,87.04648302152016,148.29826863291848,1.0,1.108990568314802,0.1363817742111308,3.99148681426891,0,1
4.610838455388412,4.616902857959621,8.150809385439068,512.5989751382641,1139.9412231196416,82.07406093501291,129.1831530825885,3.0,0.9986864779796176,0.0491906145609313,40.05877688035844,1,1
6.05174536568247,4.207821956839739,8.57436751166785,523.7981975157523,1124.0721501176913,80.25945240448637,137.2579573634716,2.0,1.438213267176681,0.3743675116678506,55.92784988230869,0,0
4.67559937291368,4.172031476044542,7.9739162896506,529.9100237194286,1212.3133693410418,89.48839309286079,128.69467803039578,3.0,1.120700886040741,0.2260837103493989,32.313369341041835,1,0
5.170097957772376,4.663009496014228,8.41369865248547,523.0414529336135,1201.7679462245237,81.02889419173202,147.30421089193848,2.0,1.1087470358108518,0.2136986524854709,21.767946224523484,0,0
5.017351533707205,4.680077550010771,8.25124980680146,477.61413494115146,1189.5911994947976,85.67882913852574,152.4684901194459,1.0,1.0720658961353304,0.0512498068014615,9.591199494797593,0,0
4.72467654461701,4.658426205296212,8.016397228981724,498.0421090617939,1187.9213772209196,85.1226894326026,143.8793790334967,2.0,1.0142216137783304,0.1836027710182755,7.921377220919567,0,0
5.020130686580524,4.406836116704007,8.301788480104754,552.6694309591526,1175.079433230544,86.83095420883389,151.99623609400615,2.0,1.1391689076915454,0.101788480104755,4.920566769455945,0,1
4.90524513182385,4.839013865216611,8.206434994347621,526.0321108860279,1258.4151217264591,81.05891856245938,143.5061193109923,3.0,1.013686934453656,0.0064349943476216,78.41512172645935,1,1
6.0433861696314,4.151636405829038,8.380800590258504,470.0561629691495,1185.0168161947124,84.50581427429744,149.96202803827458,3.0,1.4556636413753907,0.1808005902585048,5.016816194712419,1,1
4.751454301722782,4.407928433306831,8.299074047376106,521.2898421274718,1247.810507645284,81.03352085746039,144.39420425654944,2.0,1.077933630850786,0.0990740473761064,67.8105076452839,0,0
3.496600013912839,4.731820947584275,8.229448575149098,553.3487593355615,1233.6329903561343,85.3039066061968,142.11515633765134,3.0,0.7389544219670854,0.0294485751490984,53.63299035613432,1,0
5.8945203962892085,4.76647350508536,8.154033524949185,525.0652314246742,1192.0029140415506,87.06669164646051,148.34405259688026,1.0,1.236662784082125,0.0459664750508146,12.00291404155064,0,0
4.545179379770438,4.260561004152718,8.37533763535302,520.8213279590369,1174.5402892459313,88.67120093451435,140.71816756035344,2.0,1.066803027646712,0.1753376353530207,5.4597107540687375,0,1
4.843233029456306,5.164204805764242,8.14119402684412,486.1753013002533,1180.4162975502054,91.1287078508472,153.9469230326131,2.0,0.9378468148886124,0.0588059731558789,0.4162975502053996,0,0
4.528111615027198,4.459541298820823,7.989972475486303,514.988686805732,1169.578495183236,83.91933042539625,139.41324154537483,2.0,1.015376091529667,0.2100275245136966,10.4215048167639,0,1
4.500541905444804,4.527224282708376,7.915619106473028,489.6003945440532,1191.986049984945,83.84687850989796,146.65072184158464,2.0,0.9941062389244572,0.2843808935269711,11.98604998494534,0,0
4.240669063595946,4.803217529652471,8.014600064988246,497.3845569299292,1197.5186651786278,90.2178070331515,136.2053365548744,3.0,0.8828809098345982,0.1853999350117536,17.51866517862777,1,1
3.798756816959025,4.981100082864124,8.320444756509268,493.1532383606222,1148.171085715936,87.35791959387531,129.09976810428603,1.0,0.7626341075267277,0.1204447565092685,31.82891428406401,0,0
4.441254796502877,4.519075808683404,8.14551655454759,552.1796404405975,1247.9761242202892,90.07215852549469,144.93522165573495,2.0,0.98277944065161,0.0544834454524085,67.9761242202892,0,0
5.057124177185341,4.8637123780395735,8.084198910360136,533.4686815893356,1159.6944543470722,93.005324184974,127.20731633783544,2.0,1.039766290247607,0.1158010896398629,20.305545652927776,0,0
3.97679136916278,4.358589477046096,8.134964540383477,545.9181810695077,1110.155677754016,81.54118625717278,159.62314950492734,3.0,0.9124032876217396,0.0650354596165225,69.8443222459839,1,0
5.052671754251009,5.0172138190078535,8.32441652739787,495.515830774362,1177.8732577959015,88.31811847472137,139.09587071646166,3.0,1.007067255954242,0.1244165273978712,2.126742204098491,1,0
5.959873670828604,4.511965458850153,8.294997993359516,523.5291579863848,1150.1405414918668,82.54324733643807,141.3622977361951,3.0,1.3209040990811434,0.0949979933595166,29.85945850813323,1,0
4.943397852759143,4.597473846677091,8.224300640546963,501.3502677482237,1178.610869613336,91.4102291818803,139.45771924711,2.0,1.0752421909385808,0.0243006405469632,1.3891303866639646,0,0
4.105262419443268,4.3924999028365646,8.110030679150437,503.3292876392528,1181.8440535459015,80.1301357895383,143.1543432939033,3.0,0.9346072872665488,0.089969320849562,1.844053545901716,1,0
5.001256569447787,4.5669561259899085,8.141417092511661,528.6846991191674,1191.5773185194803,88.76237449271186,144.78952082468294,2.0,1.0950962589483264,0.0585829074883381,11.577318519480514,0,1
5.278805713297657,4.273591597697738,8.180150492593501,523.3078601881066,1206.1522285912274,82.73018387623236,135.112998389502,3.0,1.235215296404605,0.0198495074064979,26.152228591227413,1,0
5.452114912215977,4.480640265302458,8.0658037539177,525.2952557280728,1153.805656988251,87.27313755899523,121.05627091477412,3.0,1.2168160325700963,0.1341962460822987,26.19434301174897,1,0
4.8938496060231325,4.505309001095482,8.183422378395099,496.7616861362726,1170.5532658182692,90.19927092693864,132.97362606127774,1.0,1.0862406116310632,0.0165776216049007,9.44673418173079,0,0
5.102219577397922,4.172663042249739,8.05798313180645,522.3604469131209,1197.6422151593097,82.35959525520393,138.02094857823533,3.0,1.2227729688482656,0.1420168681935489,17.64221515930967,1,0
5.225104564305836,4.32293474354589,8.254870972004804,526.4325639306459,1162.9072554254758,78.97974281678171,144.29782628151514,2.0,1.2086938325632106,0.0548709720048048,17.092744574524204,0,0
5.101133711440494,3.849087923453563,8.271725372806344,507.5088024340214,1131.1877050019352,83.9381610398003,143.50515955230844,1.0,1.3252837585321406,0.0717253728063447,48.81229499806477,0,0
4.959174787597751,4.115392840513974,8.367581635024898,514.9691896651466,1196.1042338415937,83.41160005022968,148.1764481195809,1.0,1.205030717255504,0.1675816350248986,16.10423384159367,0,0
4.480574440745457,4.495641516765721,8.239071584625666,489.5620591202453,1165.303413669199,79.73370757835683,128.52805336912377,3.0,0.9966485145755678,0.0390715846256668,14.696586330800985,1,1
5.2772107418636125,4.797441564743935,8.234314343496573,480.1192565122947,1163.5728762275742,76.76107096047875,134.6793912272903,3.0,1.1000052151849982,0.0343143434965735,16.42712377242583,1,0
4.532087913167394,4.389330039503564,8.074641201681692,557.1539177326372,1183.121714653536,89.98831323115782,138.38417089220354,1.0,1.0325238410751751,0.1253587983183077,3.121714653535946,0,0
6.101240297546829,4.490524526772807,8.192872714604125,523.7894704637436,1180.1075953760362,91.11562707595496,154.49773378028075,1.0,1.3586921215577676,0.0071272853958745,0.1075953760362153,0,1
4.480088753459416,4.860125015606419,8.046621313273736,513.3600318949767,1205.927709970494,82.53223051868909,164.30820436529933,3.0,0.921805249484639,0.1533786867262634,25.92770997049388,1,1
5.201290754933468,4.758300039994015,7.944357010448923,534.7673453709107,1147.5245663373466,83.80029157583392,130.94271702191656,1.0,1.0930985247090284,0.2556429895510765,32.47543366265336,0,0
4.161244379153371,4.753810885158738,8.160226525606062,503.90295835011045,1238.8159894033618,88.31187419349637,150.9513105991312,2.0,0.8753491627673511,0.0397734743939377,58.81598940336176,0,0
4.5616330651549655,4.536957484035379,8.12443533861873,522.0378657666222,1143.2323346456333,88.37633900524877,142.7125184624054,1.0,1.005438794655003,0.0755646613812697,36.76766535436673,0,1
4.505390452886657,4.348061288117892,8.291714096193514,540.4656392075093,1169.918522227267,92.29439756523313,146.5606988611488,3.0,1.036183750252675,0.091714096193515,10.081477772733024,1,0
4.116367340291877,4.622686097589764,8.055742881568378,499.611787705657,1157.4183839953075,87.54863644805532,131.1399530228776,2.0,0.8904708761314447,0.1442571184316214,22.58161600469248,0,1
4.512795498911557,4.897581122509478,8.622022663998433,510.8979682342287,1181.4440463305707,80.79602660774091,153.11142860540906,2.0,0.9214335373127636,0.4220226639984332,1.4440463305707,0,0
4.980187911773577,5.060309098060019,8.128010652614233,494.45588602063344,1180.4881272569849,88.24341551638388,123.78701791781008,3.0,0.9841667404662444,0.0719893473857666,0.4881272569848534,1,0
4.676297266454956,5.245855475807217,8.189451752849132,535.451587493769,1184.3255444637384,82.13897815631513,131.21945105644735,1.0,0.8914270107382158,0.0105482471508668,4.325544463738424,0,1
5.396483684997339,4.974206404781286,8.114971818747616,523.7994477978158,1186.7945822097547,84.73100855938401,139.78776983236236,3.0,1.0848933970100756,0.0850281812523832,6.794582209754708,1,0
4.334293376694987,4.513544530728051,8.316673434061059,541.6762478292367,1213.966320467503,89.56138864155302,137.13544750867248,2.0,0.9602859451650438,0.1166734340610595,33.96632046750301,0,0
5.148661779423471,4.127247999590332,8.16793120235106,535.59223935756,1184.072681824897,81.28786418600674,142.21178051549202,1.0,1.2474805920766194,0.0320687976489395,4.072681824897018,0,0
4.503712555075838,4.686616692676417,8.053109111306252,515.1637784502932,1216.0973675725177,84.69985809183038,136.38543295501316,2.0,0.9609730962535578,0.146890888693747,36.09736757251767,0,1
5.364588584936591,4.839941963002777,7.924978063081641,527.5994321985329,1134.4896740134411,79.97432045960723,139.07554916263933,1.0,1.1083993619832408,0.2750219369183586,45.510325986558655,0,1
5.191684369908876,3.708470455151108,8.286087756964728,527.7971836899708,1123.2071703155766,80.94642778290739,140.4878970675677,3.0,1.39995300793016,0.0860877569647282,56.7928296844234,1,1
5.306501870145079,4.041477104490398,8.297471482253458,533.568945858551,1183.3029233955758,82.75786015905811,140.16859346695364,2.0,1.3130104987941484,0.097471482253459,3.3029233955758173,0,0
4.719316125399277,4.358383121684177,8.251408226709774,547.1286935383282,1188.5018990573374,91.68388517982,143.21837522763505,3.0,1.082813509633089,0.0514082267097748,8.501899057337369,1,1
5.464678472374344,4.261642253341205,8.167713474026995,499.826133131163,1166.1196781668789,85.13681885561772,149.34789013770035,2.0,1.282294042116661,0.0322865259730047,13.880321833121345,0,1
3.970016471596672,4.001192329818007,8.15211802466587,485.2880901739044,1179.7364257109673,95.84074061361656,135.8207154358836,1.0,0.992208357748461,0.0478819753341284,0.2635742890327037,0,1
5.023143094375754,4.617814938069724,8.316626973494936,500.5523369376425,1207.958556891852,88.91508788743768,153.05110428901105,3.0,1.0877748806858172,0.1166269734949363,27.95855689185214,1,0
4.86911228130503,4.884768733459528,8.184842313305861,528.746460124639,1197.4290110099687,89.02651767035299,142.40326668004496,3.0,0.9967948424980594,0.0151576866941383,17.42901100996869,1,0
5.216993583904761,4.441593900578567,8.368679420809054,527.6545354004132,1171.4209245026552,80.51494008533653,152.34054820699038,2.0,1.1745768972824402,0.1686794208090543,8.579075497344775,0,0
4.762131517074974,3.985372397200986,8.185142911449997,509.47696519132376,1185.1446090728764,84.37068042146771,139.19143604322187,3.0,1.1949025188272546,0.0148570885500021,5.144609072876392,1,1
4.307975058024253,4.563948434857365,8.179700968284015,514.9722156810046,1199.7309812737008,80.31369368498812,134.89683892626542,3.0,0.9439140513021536,0.0202990317159841,19.730981273700763,1,1
4.254076661015546,4.155909914889608,8.25562821436318,504.5655059261889,1148.0317573283935,83.72973124186551,142.6578944994907,1.0,1.0236209992787884,0.0556282143631801,31.968242671606504,0,0
4.794095215486185,4.1873276767335685,8.408761146568015,518.0187564787125,1159.0704192186977,83.12624080472546,163.0239961466473,3.0,1.1449056736063787,0.2087611465680154,20.92958078130232,1,0
4.669941788876383,4.797518643312309,8.376511240704188,507.1660413215874,1204.0072113574113,84.82818495327135,130.80569320954916,3.0,0.9734077416067626,0.1765112407041886,24.00721135741128,1,0
5.228462361129335,4.872067639306789,8.192764480719823,550.2809614173323,1135.0287012764622,88.38466821858002,147.55406059541593,1.0,1.0731506101996775,0.0072355192801758,44.97129872353776,0,0
5.276921134786464,4.410319301548455,8.143940270316905,544.4725098030927,1151.650972867868,83.92610490004786,143.45511528671145,2.0,1.1964941249803052,0.0560597296830938,28.34902713213205,0,0
4.823913539188033,4.726643495752096,8.01875222508991,533.3900916885827,1148.4524723027985,88.45848868900144,145.31282330280678,1.0,1.0205790943410002,0.1812477749100889,31.54752769720153,0,0
4.812833765013276,4.166980169521404,8.303811501503313,520.5781183360965,1203.8637826299685,78.98977341703787,132.11280980652816,2.0,1.1549932008462278,0.1038115015033138,23.86378262996845,0,0
5.3323061872437325,4.664016286608515,7.932429785281847,541.0751767301346,1151.794268271883,86.83788242208404,145.74849877030906,3.0,1.1432863563128517,0.2675702147181518,28.20573172811692,1,1
4.6775300011558105,4.380998981924115,8.455782852530444,521.8266660026896,1200.589213636329,83.21356040697033,144.4226020760069,1.0,1.0676857080742288,0.2557828525304444,20.58921363632908,0,1
4.697924278726131,4.089073248646956,8.326469852009451,522.9817584722329,1170.8137079118944,86.03928719377637,129.83479360870513,2.0,1.148897070780461,0.1264698520094516,9.186292088105574,0,0
4.138629488432243,4.218786667694347,8.088105852701766,488.0323880634008,1226.2463425838448,88.53800332084812,143.07622588921646,1.0,0.980999944638843,0.1118941472982335,46.24634258384481,0,1
5.239283341230171,4.627117471927121,8.384633836662413,524.8225280697243,1183.3364834694898,79.08976175670443,140.00768995620052,3.0,1.1322996167451511,0.1846338366624138,3.336483469489849,1,1
4.755093326531837,4.041013265718254,8.2822272014812,496.1132548885936,1207.7404844889982,91.02327011758648,139.0984623414411,2.0,1.176708170125235,0.0822272014812011,27.740484488998163,0,1
5.368427150969191,4.412681489800252,8.270153657578108,512.5476580658958,1191.9693347249686,84.20604044651304,141.62581407783134,1.0,1.2165906744371917,0.0701536575781087,11.969334724968576,0,0
4.1964933953791705,4.831204327420417,8.159961149952426,523.1258620872856,1168.278375902362,92.6339034165556,150.9189202641475,2.0,0.8686226270109408,0.0400388500475727,11.72162409763814,0,1
4.554293091025102,4.347224022268311,8.282898355128655,503.3741874393,1179.6738301715136,85.29115017961345,145.75677659196427,3.0,1.0476324814751812,0.0828983551286555,0.3261698284863996,1,0
5.273037553162737,4.022208293341499,7.987483435927527,528.8562236482408,1180.2178366712285,90.4156405195294,133.4441706962213,1.0,1.3109807268263365,0.2125165640724722,0.2178366712284969,0,0
4.963095079151678,4.414130533752269,8.209427988755756,539.45701518663,1167.99190195831,85.24499079708515,146.07628293087348,2.0,1.1243652719550166,0.0094279887557569,12.008098041690118,0,0
4.208435123303911,4.710072356492431,8.098018632022491,503.6494961696045,1203.085603554394,86.09563724856899,141.6366647507343,2.0,0.8934969155217852,0.1019813679775083,23.085603554393856,0,0
5.261279602870385,4.097721252997869,8.15679176810803,522.171744935969,1245.275770602482,85.4765152564172,136.9467832027294,2.0,1.2839525377030736,0.0432082318919686,65.275770602482,0,1
4.147602776289756,4.867989561574921,8.09666274631891,496.9404534558029,1183.0121809524242,84.09993892710273,131.8345583962804,3.0,0.8520155441943641,0.1033372536810901,3.01218095242416,1,1
5.213980155378467,4.73663297847883,8.1043448692306,498.4119104769964,1198.6318912898944,83.94487829182994,148.61735234911978,2.0,1.1007777419039462,0.0956551307693995,18.631891289894384,0,0
4.310174770411906,4.608536218219999,8.393266883902285,525.7356462132702,1193.7488907590173,85.92481091234798,137.32198046514188,1.0,0.935258955421947,0.1932668839022859,13.748890759017286,0,0
5.405737761476045,4.678973427656028,7.985069700104041,533.1985764470568,1112.1385865307348,87.24820848443086,149.44619483458524,1.0,1.155325595219029,0.2149302998959585,67.86141346926524,0,0
4.856445212735861,4.53942276820572,8.26129938002764,492.079139503423,1192.7807591994983,85.95762719939263,133.1724476016025,3.0,1.0698376114427457,0.0612993800276413,12.780759199498334,1,0
4.972025585547461,4.603624594061213,8.030396631782315,557.9001693834603,1191.479573959749,87.12862668640219,158.357132172228,3.0,1.0800241164063356,0.1696033682176843,11.479573959748905,1,1
4.759478725700933,4.522152477781969,8.398225573654551,510.8077830269271,1147.5367632985815,78.77567334209792,163.5965845808174,2.0,1.0524808148403892,0.1982255736545521,32.46323670141851,0,0
4.843837767175313,4.773705960433284,8.264170109195089,523.8369334431642,1133.4987592867603,88.70634442514853,146.44676349664337,3.0,1.0146912705366906,0.0641701091950892,46.50124071323967,1,1
4.841480267446464,4.900792159601655,7.98929651912983,510.1188292270126,1191.105866106021,81.95542682362672,152.63071225082342,2.0,0.9878974885668464,0.2107034808701691,11.10586610602104,0,0
5.152830561684275,4.24554295764612,8.25020011282885,514.7387020265488,1222.7774449263495,78.24559135714568,138.2821269576588,2.0,1.2137035502586184,0.0502001128288505,42.777444926349744,0,0
4.768515862824929,4.282432030062031,8.095620352457873,548.0894117892855,1170.397380241502,92.57484965398191,137.4711627168395,3.0,1.113506490759726,0.1043796475421263,9.602619758497896,1,1
5.531154209161684,4.378704536285119,8.234031638340607,547.8512189423527,1171.3767042994405,90.78181422462848,151.79131666477954,2.0,1.2631942077989822,0.0340316383406076,8.623295700559538,0,0
4.431930961563653,4.311278719774414,8.000736203338922,489.46684009887554,1240.0160489352834,84.95701843646368,143.24150434781285,2.0,1.0279852564873295,0.1992637966610768,60.01604893528338,0,1
5.230329604358747,4.851483142132514,8.38464408739465,509.5722096462343,1203.2957108929354,89.38548273566965,130.7493607680075,2.0,1.078088792653543,0.1846440873946502,23.295710892935404,0,0
5.082087652599507,4.035119731396716,7.900388570146174,574.5868517891706,1148.429084329368,83.64197060702442,142.63375656962313,2.0,1.2594639043290372,0.299611429853825,31.570915670632075,0,0
5.416700204153521,4.668238589754549,8.07886385602504,511.9891560468194,1161.46188726066,83.07543829527913,131.98064530368228,1.0,1.1603306255342865,0.1211361439749598,18.538112739340026,0,0
4.860460781973328,4.929877054281167,8.037703238433421,527.8196038182402,1236.6612308714389,82.5632730635397,140.4817174122617,3.0,0.985919268872339,0.1622967615665782,56.66123087143888,1,1
4.964712106461914,4.32059127773221,8.256888056739143,541.0231507513913,1162.761170622494,82.37706258056258,150.600369942559,1.0,1.1490816386406049,0.0568880567391438,17.23882937750591,0,1
4.959047620035687,4.956339470054847,8.126122844732446,535.7851428594895,1166.135916531259,83.93777591354693,153.96719511367564,2.0,1.0005464010277454,0.073877155267553,13.864083468741,0,1
4.192039189910951,4.858773592970464,8.172340055151563,467.8752182337276,1197.4365538204372,82.07280518581804,144.26545731503094,3.0,0.8627772232715468,0.0276599448484358,17.43655382043721,1,1
4.996913409814739,4.391736216168063,8.10377023607488,526.1783342415816,1173.148476849057,73.32103986813746,152.97186396657904,3.0,1.1377990759738557,0.0962297639251197,6.851523150942967,1,0
5.604585456814878,4.243748654629577,8.165718693209913,520.5438564625842,1187.4847905801255,81.02626912478716,155.94568103991426,2.0,1.320668567253641,0.0342813067900866,7.484790580125491,0,0
