surface_roughness_um,weld_depth_mm,wall_thickness_mm,tensile_strength_mpa,temp_at_weld_celsius,pressure_test_bar,cycle_time_seconds,operator_shift,roughness_weld_ratio,thickness_deviation,weld_temp_deviation,is_night_shift,defect
3.195875723719736,5.215431082191157,8.12149354244769,513.7080192635609,1115.1569872469909,85.42018296527807,148.71947045310182,3.0,0.6127730714378994,0.0785064575523097,64.84301275300913,1,1
3.017532441062496,3.946900777727601,8.464665261916185,513.072326155208,1197.6833521567985,88.89803407019357,143.32182952221146,3.0,0.764532125389604,0.2646652619161855,17.683352156798264,1,0
3.5709645696040098,4.366726693393768,8.405375717699012,507.2270703787897,1205.816138996057,83.39962027365792,147.4781612786608,3.0,0.8177669040264417,0.2053757176990132,25.81613899605668,1,0
3.252396406460813,4.701220386811225,8.445944898824138,527.2462620794263,1190.3834260918843,80.26833477955807,136.09523775624118,1.0,0.6918195996284808,0.2459448988241384,10.383426091884305,0,0
3.049496627427028,4.0859609125883845,8.151412719604835,506.32195440804895,1178.686747482946,79.25590695835957,128.9515527945828,1.0,0.7463352420444204,0.0485872803951643,1.3132525170540248,0,0
3.8406184689107215,4.719549865338212,8.185123782151578,529.2514764515878,1164.249341135975,81.43309495207237,136.13079740466708,3.0,0.8137679604369912,0.0148762178484211,15.750658864024672,1,0
3.978359186973732,4.848570872547558,8.178806651991035,507.18997914924506,1181.7037427095895,81.09552634698872,140.71007455991403,1.0,0.8205220240625012,0.0211933480089641,1.7037427095895057,0,0
3.815916243846973,4.005736678696566,7.938748866974818,533.2103380386011,1178.8190283659226,87.09447943773033,142.4058339730597,2.0,0.9526128522596816,0.2612511330251816,1.180971634077423,0,0
3.3455329194178387,4.874526445548284,7.931853809496174,530.9672714248508,1205.1712935267149,84.5621610805254,136.24061774592394,2.0,0.6863298324674911,0.2681461905038249,25.171293526714862,0,0
3.024935451297132,4.23235537574972,8.04328359939058,515.3029686090631,1182.9123155876468,88.90714295167386,137.15848598419424,2.0,0.7147167905404391,0.1567164006094188,2.9123155876468445,0,0
4.017779763627492,4.988068016255854,8.1526774871422,502.9398878351989,1158.9059371927642,83.87255014181824,149.91808999934386,1.0,0.8054781429860778,0.0473225128578,21.094062807235787,0,0
3.748676997958134,4.5314505100491616,8.117037796132426,493.1682962612393,1189.850739002869,90.62423433313836,140.02348091493656,2.0,0.827257627291224,0.0829622038675736,9.850739002868975,0,0
3.5532973965996546,4.680746928801476,8.388390785976616,523.8840314838192,1168.504157290413,87.59189145975154,158.58431859238416,3.0,0.7591304229622943,0.1883907859766171,11.495842709586896,1,1
3.055460918365113,4.143333175866339,8.24628230064067,503.74355456278033,1201.83758480526,84.78351936730975,139.2691951385221,3.0,0.7374403138576465,0.0462823006406711,21.83758480525989,1,0
2.749951874716934,4.179892290122338,8.308332166568023,504.1215666421036,1181.4725325788766,82.25747370454837,142.96120498077303,1.0,0.6579001761738092,0.1083321665680241,1.472532578876553,0,0
2.7156047396277883,4.093155587329377,8.360029913181222,515.6810930129061,1222.3611685583858,91.285926309456,147.1572568819393,2.0,0.6634501623565606,0.1600299131812228,42.36116855838577,0,0
3.208524025143736,4.422774056273638,8.340301672738216,499.082518786113,1185.2105580966518,83.28197456144783,138.68816562285636,1.0,0.7254551065901813,0.1403016727382162,5.210558096651766,0,0
3.421158735266588,4.434846265603845,8.29489350362212,522.6665620947527,1223.522691296355,87.7293793251541,124.55551423087834,1.0,0.7714266807914567,0.0948935036221207,43.52269129635511,0,0
2.4145544212170797,4.918136144235753,8.32276046681837,511.7504485914313,1180.4660489355217,88.38097490938668,153.31284465972627,1.0,0.4909490810977411,0.1227604668183701,0.4660489355214849,0,0
3.6023123756339324,4.331114429735623,8.098508448056288,523.1249995493068,1199.6998433539584,90.34792835321198,140.82114442047845,3.0,0.8317287463176292,0.1014915519437114,19.699843353958386,1,0
2.594120599726866,4.385071886313237,8.253340755777849,546.4553715797052,1178.1000168105709,81.30117098907652,139.4327736957195,1.0,0.5915799481491057,0.0533407557778495,1.8999831894293493,0,0
3.10538382243274,4.597393905403832,8.471976107918097,517.8171039150363,1162.527503153644,95.0084560467457,141.0773032764234,3.0,0.67546611964382,0.271976107918098,17.472496846355853,1,0
3.7005906993214768,4.744053256783742,8.468935143880854,511.97416040542254,1154.63954494343,92.50204564338252,148.9809639319427,1.0,0.7800483043165213,0.2689351438808547,25.36045505657012,0,0
4.091547716381936,4.407148851911376,8.270115357567521,533.9203401027352,1189.567101212443,87.24296423032469,145.40357573088434,2.0,0.9283888184713904,0.0701153575675217,9.567101212443047,0,0
3.252032447203667,4.856629450553512,8.230690184969454,532.7578075018689,1194.5317155293574,79.3101551559772,132.83095545423072,3.0,0.6696068702880811,0.0306901849694547,14.53171552935737,1,0
3.141965159424473,4.358495226908801,8.134280098048741,501.27686400918856,1159.2928519384927,88.39657170165617,142.0326933152381,1.0,0.7208830101052981,0.0657199019512582,20.70714806150727,0,0
3.16057630194412,4.273420106096642,8.02362197181165,541.3045501354987,1160.719570153642,88.49147982819304,142.0432118296165,2.0,0.7395894208237375,0.1763780281883491,19.280429846357947,0,0
3.153990396764978,4.68776911362221,8.099072961694906,505.6614957049351,1215.114631679261,79.65452679407578,135.6364037920319,1.0,0.6728126577153661,0.1009270383050928,35.11463167926104,0,0
3.5245165474264204,3.848425377395085,8.487347188704343,503.1532135632831,1214.2805967005063,84.34235463771125,132.31130044100706,2.0,0.9158334125985456,0.2873471887043433,34.280596700506294,0,0
2.9626493038892887,4.6634274103578575,8.06413570104969,540.0207825749064,1196.9768262270773,89.85386192449346,134.7022741393615,3.0,0.6352943967078174,0.1358642989503096,16.976826227077254,1,0
2.9523949388600244,4.631388798481528,8.04790509239881,539.5649864290616,1195.3540117861537,76.07931831010033,137.71713176852236,3.0,0.6374750785748191,0.1520949076011888,15.354011786153706,1,0
2.9385288335672697,4.643337514334447,7.895728768131412,513.4835882472418,1206.481382665831,86.53023857633141,134.98980598465786,1.0,0.6328484250526457,0.3042712318685874,26.481382665831006,0,0
3.6109569674123936,4.533550203068379,8.075592377145728,527.9608823775201,1216.2739298197143,86.19910540910244,147.70190944924934,1.0,0.7964965214616888,0.1244076228542709,36.27392981971434,0,0
3.389470589948117,4.911846727622553,8.453321364796285,504.7451742853924,1195.611367997427,80.44358389528472,154.6024688202104,1.0,0.6900603331526671,0.2533213647962853,15.611367997426896,0,0
3.340473729344493,4.684529880210889,8.296347966768778,526.9774919076107,1208.7795278016474,87.31116675728339,143.26870435587742,2.0,0.7130862250965139,0.0963479667687785,28.77952780164742,0,0
3.947227496447676,4.743129857934804,8.385067793377427,492.7037880264688,1161.2129580201388,85.18137513676518,139.9141115288245,3.0,0.8321989095474883,0.1850677933774278,18.78704197986121,1,0
3.4575475714973427,4.963596578680491,8.360145747225175,537.8301781549678,1161.7032996596784,84.954875087319,132.42941310968914,1.0,0.6965811012223533,0.1601457472251759,18.29670034032165,0,0
4.020817394828699,4.542085152955189,8.430061579391655,514.8452237599016,1202.6914989406268,86.54626380378171,137.07555575436533,2.0,0.8852360223426069,0.2300615793916556,22.691498940626843,0,1
3.750464809352728,4.885198944675618,8.253644168404126,499.43207630682673,1155.9335985262187,84.57259251302705,145.83128369813514,2.0,0.7677199743671939,0.0536441684041264,24.066401473781298,0,0
2.7865322496517875,4.330480179920466,8.089178296839718,519.284082578424,1210.2716934731652,84.2700932037737,150.9484048517598,3.0,0.6434695768679157,0.1108217031602816,30.27169347316521,1,0
3.607567781801623,4.794172450863859,8.425810049715666,494.104307253644,1159.098613918164,83.36071867581018,134.36102695218185,3.0,0.7524901988870024,0.2258100497156672,20.90138608183588,1,0
3.776450247592829,4.600290702839509,8.48044057646911,525.4598214293785,1195.1477287730734,85.77617287220717,150.743451534406,1.0,0.8209155661490949,0.2804405764691111,15.147728773073368,0,0
2.6850185705694587,4.426093455348329,8.223151688517346,521.7315518053597,1183.926760044652,81.9234978738001,135.22301907741772,3.0,0.6066339531801677,0.0231516885173466,3.926760044651928,1,0
3.463771338371326,4.760598971370656,8.204676172287108,525.8885981615997,1161.2054283518664,93.54903157582184,149.51044111623415,1.0,0.7275914981442886,0.0046761722871089,18.79457164813357,0,0
2.606052048937905,4.196970359198097,8.059401358799887,511.473759963229,1180.401895438386,81.11788884225552,133.45083312593482,3.0,0.6209364911537996,0.1405986412001123,0.4018954383859636,1,0
3.31960074514838,4.2076741425161295,8.177178861660552,493.4672708057118,1179.687438071244,87.1929263556855,147.46032904896734,2.0,0.7889395974884991,0.0228211383394469,0.3125619287559402,0,0
3.652675030236301,4.392155240001256,8.021163449927798,509.4974480848225,1188.6368581667882,80.80079645747888,136.4321258319566,3.0,0.8316361398472837,0.1788365500722015,8.636858166788215,1,0
2.8548610451794536,4.458262806908711,8.206576784411753,491.25804129283057,1152.431890386278,98.68167469239178,159.1317005307356,2.0,0.6403527939436608,0.0065767844117541,27.568109613722072,0,1
3.4846558847440825,4.489575740181701,8.108151850195913,537.7569070047838,1189.8767085511763,82.00666897420206,144.4549735541794,2.0,0.7761659643650173,0.0918481498040861,9.876708551176534,0,0
2.6030552144681622,4.816918791813795,8.312384323557568,501.77642708555976,1196.0985162659945,92.56754913865495,133.00995321915303,2.0,0.5403984012251931,0.1123843235575687,16.098516265994476,0,0
3.33927779970828,4.394132889338471,8.04736312135251,489.08861878360847,1212.7111841646786,82.62656692709535,141.57579292898242,1.0,0.7599401026424265,0.1526368786474901,32.71118416467857,0,0
3.347699951537109,4.865508741158979,8.147383912319395,521.6910564518273,1146.000334928641,88.38365895327995,145.26372112090664,2.0,0.6880472585589538,0.0526160876806045,33.999665071359004,0,0
3.2573041409292114,4.63472862359917,8.12195550419852,553.1728684378,1195.203519274873,85.06987516532602,140.07388342906566,1.0,0.702803638521752,0.0780444958014801,15.203519274873088,0,0
2.9220575864479037,4.474715705040973,7.804698972978937,513.9583827395863,1167.5850651405742,86.40248447425695,143.7710934094695,2.0,0.6530152479861583,0.3953010270210626,12.414934859425784,0,0
3.5015882597740475,4.214690538092789,8.085519379867371,524.0461944632217,1212.540181389071,86.69392279367105,132.2747091002759,2.0,0.8308055424936995,0.1144806201326282,32.540181389070995,0,0
3.517322276357542,3.9757162182631287,8.066055096410643,498.2404276138007,1170.0879815060807,88.00368172001566,140.36969707763262,1.0,0.8847015436653708,0.1339449035893558,9.912018493919277,0,0
3.955258563458539,4.536629761953696,7.968720551568754,519.670115366005,1178.2724362044955,87.4663471004358,129.55795133931457,3.0,0.8718495381213036,0.2312794484312448,1.7275637955044658,1,0
4.255917422018519,3.94174734552188,8.304436315158265,487.1213562242768,1206.5202834179877,84.4451822184074,139.84292862680843,1.0,1.0797032503297952,0.1044363151582654,26.520283417987685,0,0
2.790808912148364,4.979538798404911,7.827610700634812,488.8642209938544,1165.610818903343,85.44268810777176,158.2528990010822,2.0,0.5604553000936321,0.3723892993651869,14.389181096657012,0,0
2.936077030658378,4.824792294407369,7.799121236204519,540.8981260243842,1146.9829759083068,85.51853721244576,143.87849561484697,1.0,0.6085395703879679,0.4008787637954798,33.0170240916932,0,0
3.068293016050915,4.367756235602753,8.236776643850614,513.9780826452126,1102.315303985219,85.08376613529228,132.84773443860368,1.0,0.7024872382615925,0.0367766438506151,77.68469601478068,0,0
3.2267343038742844,4.205611461097702,8.230373183585991,527.869364921997,1178.959758250581,84.46228969275836,139.23352976835,3.0,0.7672449851715102,0.0303731835859917,1.0402417494190104,1,0
3.1551146034781445,4.127479425257188,8.12877115252232,554.9122277036257,1123.7475851098204,86.99964188144814,138.32174008807766,1.0,0.764416797187821,0.0712288474776787,56.25241489017958,0,0
3.354197191492627,4.334828262808393,8.278961215338144,501.6429482329016,1141.0231314322796,83.65478749572308,155.95969326526802,3.0,0.7737785645389731,0.0789612153381451,38.97686856772043,1,0
2.8813443544799373,4.419486144766074,8.300292593968663,529.3666127179131,1171.8890714493232,89.04812165240564,133.2613985597893,1.0,0.6519636580918583,0.100292593968664,8.110928550676817,0,0
3.012957626983264,3.963524756305805,8.339934467577981,499.0238835369521,1194.1671683959128,90.48624822282709,138.99627755722656,1.0,0.7601712645870574,0.1399344675779819,14.167168395912768,0,1
2.220641962491768,4.334591546389451,8.00958754452514,506.1798041093358,1171.1808435699888,83.84085121694464,133.5250421936521,3.0,0.5123070855036319,0.1904124554748598,8.819156430011162,1,0
3.27342317633323,4.381699874617797,8.232676617829254,530.9955150222298,1146.906371307075,87.29480549909202,152.11624192552014,3.0,0.747066953295539,0.0326766178292547,33.093628692924995,1,0
2.8951647813782357,4.786312179991785,8.1449500084829,511.5668979234269,1168.827109063646,83.67096331191199,127.56489523406744,1.0,0.6048842348553872,0.0550499915170998,11.172890936353951,0,0
3.0395259790849485,4.580796183317889,8.29007282297297,513.5880862189327,1123.917893731082,82.32232258276815,133.96965636066494,3.0,0.6635366117118686,0.0900728229729708,56.082106268918096,1,0
3.594556856829618,4.330678255222801,8.43699564811652,501.1697067611504,1184.5784751407523,82.63737689291378,143.77685741800775,1.0,0.8300216834775379,0.2369956481165207,4.578475140752289,0,0
2.984762824215193,4.333504699114155,8.208409730120072,509.8572342915687,1228.6101274971993,81.9769903836291,151.5201990564785,1.0,0.6887641829802486,0.0084097301200731,48.6101274971993,0,0
3.335620571827856,4.155358071846096,8.247217638784143,511.56230748382416,1212.6106591957312,78.79715299010746,150.1201532816793,3.0,0.8027275901022932,0.0472176387841436,32.61065919573116,1,0
3.749009550614113,4.812866795851164,8.236730913611167,526.3251861267178,1151.190510166443,94.21014007259136,149.02726521084946,2.0,0.7789556014861903,0.0367309136111675,28.80948983355711,0,0
3.450407151222337,4.490811633916427,8.062190681104694,519.8778905366489,1150.0577032263186,84.78502249407637,144.0096862960376,2.0,0.7683259579170811,0.1378093188953055,29.94229677368139,0,0
3.7624334481680832,4.478671815152243,8.133707251577972,519.6065662930563,1146.3048971588762,86.2683474847795,142.9369775588137,2.0,0.8400779522623069,0.0662927484220272,33.6951028411238,0,0
3.884503660816828,4.306957739436662,8.237639044500211,531.189049990533,1147.583513031062,82.72308361254348,152.3313104268141,2.0,0.9019135768030536,0.0376390445002119,32.41648696893799,0,0
3.200857960501825,4.17595426742182,8.333499263766798,541.0567752579567,1154.0713155387843,83.70150081256064,152.56886171723528,3.0,0.7664973691657537,0.1334992637667991,25.928684461215653,1,0
3.2767620588977486,4.66663934175084,8.411899861820045,476.1691332016605,1157.9099839474711,79.94379147124305,139.1096648214659,1.0,0.7021674096130597,0.2118998618200454,22.09001605252888,0,0
3.42560427643668,4.802361299673342,8.490911329883346,551.8266645989916,1193.6275969822193,88.29614537328278,139.3458892362163,2.0,0.7133166502812635,0.2909113298833468,13.627596982219302,0,0
2.6785425063424326,4.302214313090119,8.181448886861686,517.934950049216,1203.8623052814942,82.98220650939571,131.04374201085014,1.0,0.6225962517882889,0.0185511131383133,23.862305281494173,0,0
3.4669191723389883,4.023092950713021,8.206850663250187,559.4828074557524,1153.8411532222533,92.85143451227076,143.8946875212853,3.0,0.8617546782911849,0.0068506632501872,26.158846777746703,1,0
3.5596357180446483,4.581309109430878,8.11823177025687,528.5230473169055,1140.4298384736185,83.09528451452613,144.11520479299716,3.0,0.7769909500190569,0.0817682297431297,39.570161526381526,1,0
2.55365099044897,4.066215336783572,8.21940716209924,526.3929299808694,1200.524009776872,86.72736913293213,132.34521811191493,2.0,0.6280166637315681,0.0194071620992399,20.52400977687193,0,0
2.9059003867995563,4.778220148918263,8.161350253909017,510.6127270754495,1205.0216583558786,80.79100016592452,146.2361023733218,1.0,0.6081554000498,0.0386497460909822,25.02165835587857,0,0
2.680413284219597,4.197914957308615,8.275657503947164,508.56967183619633,1214.0943073745568,85.11735437505338,133.8276910348931,3.0,0.6385106203531965,0.0756575039471645,34.09430737455682,1,0
3.404083330637627,4.761855346600053,8.099345524313923,540.0901870160693,1162.2570954446146,77.78240723700246,140.41110711665144,2.0,0.7148649175900029,0.1006544756860758,17.742904555385394,0,0
2.928186142405485,4.429445731470915,7.822223788874989,520.7501708118529,1151.729874617953,80.46295960644957,150.8680847886989,1.0,0.6610728111961832,0.3777762111250098,28.270125382046672,0,0
3.759294052138949,4.829358613386171,7.938267332987001,538.4789336916031,1201.1268411753472,90.44194287437062,152.69049184121738,2.0,0.7784251185945049,0.261732667012998,21.12684117534718,0,0
3.527412178270484,4.137049609643135,8.04213138849456,506.5071985040036,1219.635101957025,91.09363702115805,133.53413855733578,1.0,0.8526395644847299,0.1578686115054388,39.63510195702497,0,0
3.863106623324021,4.003655830015756,8.437237351816739,511.5853214913061,1181.802543454077,85.56078251023429,137.10790667309396,1.0,0.964894782762564,0.2372373518167396,1.8025434540770675,0,0
3.0442872609116867,4.531897549415727,8.349814373078623,460.48799367349096,1214.876662407688,85.28719363148241,149.58492615916484,1.0,0.6717467080941455,0.1498143730786232,34.876662407687945,0,0
4.047313395442572,4.863485024617019,8.208968848019948,486.0538773193793,1169.792032837561,88.758424001242,146.6335066108214,3.0,0.832183788810802,0.0089688480199487,10.20796716243899,1,0
2.3115752856609046,4.64847619212022,8.212075863530648,524.2062477093375,1170.8700801377915,86.16656538551968,147.41146197091274,2.0,0.4972759221789828,0.012075863530649,9.129919862208451,0,0
3.3928685093101345,4.463839128908824,8.066834316763465,492.393885374967,1214.905731160129,81.97605114629852,119.04401979001736,1.0,0.7600785804705814,0.133165683236534,34.90573116012911,0,0
3.320990210332277,4.613769928822174,8.103476339540013,533.5707194905901,1182.5857101475167,88.2323207346737,132.6446288863147,1.0,0.7197996997783278,0.0965236604599866,2.585710147516693,0,0
3.6004528503511386,4.030417528293295,8.170981563493427,514.7448552415348,1198.0120367554014,87.56135801489994,146.1729589913899,2.0,0.8933200652743419,0.0290184365065719,18.01203675540137,0,0
3.039187652324085,4.632711517538216,8.05410248960624,511.6832240208941,1155.5334115612543,90.84881540128852,154.16423385290406,3.0,0.6560278230497409,0.1458975103937589,24.466588438745703,1,0
3.580164086062017,4.5059738422018105,8.523318239716422,511.3142023486285,1169.486340658735,89.75200046490063,137.03730717242254,2.0,0.7945372544635233,0.3233182397164231,10.513659341265338,0,0
2.83189389627004,4.342574093493555,8.432324193903739,531.701756705786,1140.8420160876606,77.6063184283532,141.88137838419158,1.0,0.6521233339140767,0.2323241939037394,39.15798391233943,0,0
3.016414573495388,4.026459373736414,8.459688887653634,542.0304223410756,1180.1334456819563,81.23625497904018,133.07425675730195,1.0,0.7491481454951604,0.2596888876536347,0.1334456819563456,0,0
3.232229118739264,4.69102532421382,8.08336183762447,480.30733730226655,1161.943140794367,96.34480777550696,154.59122084735546,2.0,0.6890240181323124,0.1166381623755299,18.05685920563292,0,0
3.464674219641036,4.269318916119352,8.220238874702012,526.1159354833434,1187.755207828286,83.52133578092352,133.5886216926909,2.0,0.8115285568731332,0.020238874702013,7.755207828286075,0,1
2.66976314643903,4.218125906999223,8.479925469031274,529.6912888651824,1172.5505062242191,84.93516189733137,148.9518927184834,3.0,0.6329263764687798,0.2799254690312747,7.449493775780866,1,0
3.364944327116302,5.09758894246227,7.995117288636671,522.0407980392852,1226.335879483237,84.75029375407651,134.08031307032388,1.0,0.6601050740726929,0.2048827113633287,46.33587948323702,0,0
2.6637412050652896,4.580564205832972,8.234714321421308,521.0040676275429,1187.673371412481,83.70463548925571,123.204423088292,1.0,0.5815312447954999,0.0347143214213083,7.673371412480947,0,0
2.8117583801181474,4.208813875911398,8.08276350508839,525.2056799078607,1182.230174074238,93.34328437777968,144.97582972235742,2.0,0.6680643198652282,0.1172364949116087,2.2301740742379934,0,0
3.723391112823036,4.788242409503017,8.214890239765722,542.3434129085948,1161.9388232652527,85.721217964059,141.24618980558805,2.0,0.7776112388662221,0.0148902397657231,18.06117673474728,0,0
3.611248062858516,4.485584263347987,8.487504825111829,521.0421698301582,1181.1076691654275,81.04632218062719,146.7034465100758,1.0,0.8050786363687757,0.2875048251118297,1.1076691654275237,0,0
3.751066704317166,4.848572782974108,8.34221414102977,491.56802321507706,1198.2370296786814,83.85387489284804,143.62042663913067,1.0,0.773643476429908,0.1422141410297701,18.23702967868144,0,0
2.826073587868108,4.044458791526488,8.19268275879967,519.5042663932645,1141.9479079425275,89.19430395699258,133.6848680100706,3.0,0.6987519796444062,0.0073172412003295,38.052092057472464,1,0
2.867723105605962,4.5807082614813055,8.24698818080213,502.7600742909356,1206.7039454477986,81.86830884688415,139.87246185395998,1.0,0.6260436031463301,0.0469881808021312,26.70394544779856,0,0
2.9062441224110565,4.339769805001761,7.742647004724814,500.2938064032895,1202.0382874814786,87.87908221284009,151.1590296025536,1.0,0.6696770225904183,0.4573529952751851,22.03828748147862,0,0
3.3182863216523075,4.458249494510536,8.15909332107928,514.749789446351,1186.5403985937166,82.67719866558814,147.9697118877844,2.0,0.7443025171637044,0.0409066789207184,6.540398593716645,0,0
3.7977071706283407,4.96256937914325,8.137399921502697,518.8636217919776,1208.17277176363,84.42792414578632,146.48025908654017,3.0,0.7652703427833417,0.0626000784973026,28.172771763629957,1,0
3.2239463061615274,4.643617746401018,8.162929981195537,507.6502668291152,1162.3369626901988,90.6866646337206,158.73030555938004,1.0,0.6942746973447448,0.0370700188044619,17.66303730980121,0,1
2.465350002192503,3.909898952782585,8.107881060396977,545.9851418108088,1140.3588568260109,88.42975426099605,146.50979333726,2.0,0.6305405923105583,0.0921189396030222,39.64114317398912,0,1
3.236512696541715,4.648033330009319,8.230268131860118,516.9521344590951,1191.5413520379043,87.61978349000259,149.6669832998712,1.0,0.6963187365609762,0.0302681318601187,11.54135203790429,0,0
3.1773791522181294,4.069185432000115,8.167265185155559,542.9160665309513,1139.7248433227085,81.18746859046173,129.76755289950003,1.0,0.7808391149860975,0.0327348148444404,40.275156677291534,0,0
3.699561798856233,4.315365639896995,8.195318169300371,508.3716043736172,1149.206088392461,89.60763019775348,149.9172386605937,3.0,0.8572997300148221,0.0046818306996279,30.79391160753903,1,1
3.3472192770172007,4.339560115533314,8.222993424364038,550.5096833821249,1154.9696858310724,81.22745801849031,144.95765501225043,1.0,0.7713268596659397,0.0229934243640386,25.03031416892759,0,0
3.33176212616776,4.569507882498896,8.251300773397782,503.1424796955608,1177.9595470667734,84.4400474048599,147.81837888848978,2.0,0.7291293091317772,0.0513007733977826,2.040452933226561,0,0
3.244348918618176,4.517025976723333,8.090087022836144,533.4889574113616,1170.9655597340184,86.04115570194456,143.7922494493994,1.0,0.7182488953170443,0.1099129771638551,9.03444026598163,0,0
2.7861782217378206,4.3499811560404735,8.064053895239411,548.0680598750781,1154.0531496657106,90.77627848120636,148.74620978705445,2.0,0.6405035151079614,0.1359461047605883,25.946850334289365,0,0
3.1798648168919503,4.436162789244216,8.232466723743835,517.19221596476,1230.907020699619,86.61992612491443,144.00336594294592,1.0,0.7168052587891832,0.0324667237438358,50.9070206996189,0,0
3.346579943996421,4.997418241793389,7.897496928351454,510.605404760038,1206.7375615995818,86.4734647422259,143.56259448323692,2.0,0.6696617696192253,0.3025030716485455,26.737561599581795,0,0
3.247418505086461,4.496411106560596,8.100760064250718,523.6992039731073,1183.5482502206837,82.27571150984599,156.27046874436644,2.0,0.7222245536281175,0.0992399357492814,3.5482502206837125,0,0
2.467805178242215,3.95445957667771,8.230887199430661,521.2702785041876,1201.1288723824862,89.97446088405172,144.7628937502584,1.0,0.6240562407497043,0.030887199430662,21.12887238248618,0,0
3.5703111235173512,4.120085597621015,8.113558236158015,507.9351968208609,1176.511341117985,85.70563892251486,155.1911319717652,2.0,0.8665623657703442,0.0864417638419841,3.488658882014988,0,0
3.307147781357786,4.198489566234112,8.23257031086677,512.5138812132496,1223.8582543459688,78.1053700995382,146.57381452042455,2.0,0.787699416277572,0.0325703108667703,43.85825434596882,0,0
3.656974097375479,5.139708217123669,8.199155687399285,541.6990318610116,1242.7807234182194,95.34541387598335,153.36875372038298,1.0,0.711513950243369,0.000844312600714,62.7807234182194,0,0
3.1257575296797766,4.203612812884206,8.330413185046263,499.0333165946587,1196.3108169927066,81.81559534706675,142.8661769379299,1.0,0.7435883531793516,0.1304131850462635,16.310816992706577,0,0
3.334119050013185,4.221478426668978,8.228252183086715,548.9218238547971,1131.390730269294,79.37362887134977,137.40808408778074,1.0,0.7897989074539046,0.0282521830867157,48.609269730706046,0,0
2.5371088103531694,4.555917938412774,8.286023636114987,500.0976738710611,1185.6464109178185,83.40476518082983,137.55982412744905,3.0,0.5568820255529415,0.0860236361149873,5.646410917818457,1,0
3.081251990967756,4.949309148735281,8.402689552444318,535.5081892782465,1181.5458426828727,90.24517655635724,139.8613813773302,2.0,0.6225620380033361,0.202689552444319,1.545842682872717,0,0
3.783420643983787,4.397132027509809,8.129190897323172,547.4819873892329,1186.2143110167804,94.79878994131168,125.93196298169411,2.0,0.8604291659775317,0.0708091026768276,6.214311016780357,0,0
3.538903293916513,4.295692243975448,8.221073124286535,507.336289204915,1208.0303519385093,85.99933989574816,134.8000119442392,3.0,0.8238260778704224,0.021073124286536,28.030351938509284,1,0
2.956016978402335,4.908885699179298,8.095413327067575,533.2327589770205,1165.5573971085153,88.01834794050458,150.48430301480826,3.0,0.6021767787940888,0.1045866729324238,14.44260289148474,1,1
2.953744567959638,4.519291158105219,8.30246095228709,517.4618028005501,1176.0979610938855,83.36654843358465,149.2963075888013,2.0,0.6535858089179751,0.1024609522870907,3.902038906114285,0,0
3.547578030097759,4.564890006196574,8.127554213378499,491.2203511297533,1182.7996209316896,91.04336820977448,145.05459698981636,1.0,0.7771442519984014,0.0724457866215004,2.79962093168956,0,0
2.627433253865607,4.760602644145534,8.23031172016377,523.2748872229573,1168.414375447461,82.75825673070312,157.94400329678015,3.0,0.5519119005962081,0.0303117201637714,11.585624552539002,1,0
3.4367515978115417,4.536745759288933,8.338540214354316,511.29679840286377,1196.7124967561438,88.79769916734797,136.67952834567893,3.0,0.7575367409595958,0.1385402143543164,16.712496756143764,1,0
3.818017427561176,4.716600621006304,8.098928320880773,532.4014664153033,1153.7366873467815,94.74213256678031,145.77380766286603,1.0,0.8094849942874965,0.1010716791192258,26.263312653218463,0,0
2.7154773825595853,4.364465828027357,7.982318809647652,523.6004570982088,1190.809833415957,89.62904204933214,147.83374419972657,1.0,0.6221786328350617,0.217681190352347,10.809833415956971,0,0
3.334922498274831,4.314826493383024,8.022448883480529,550.3283751280001,1204.6946419868711,86.52989688696283,140.19706281273827,2.0,0.7728984010402695,0.1775511165194707,24.694641986871147,0,0
3.3645529769836355,4.595725515889345,8.486176977867004,521.533131352354,1200.2208973095424,82.77376899308825,138.5405116726811,1.0,0.7321048580074819,0.2861769778670044,20.22089730954235,0,0
3.4003304289959413,4.785000891916425,8.110272869842829,523.4678552542571,1178.972067277785,83.87492907283341,141.62020192860427,3.0,0.7106227365661918,0.0897271301571702,1.0279327222149277,1,1
3.286562459169215,4.414523194466362,8.389699280734535,530.2182999833024,1209.628959321136,78.05205821519006,138.48943152944997,2.0,0.7444886601897249,0.1896992807345352,29.628959321136108,0,0
3.6980259804232745,4.320624441465548,7.993329452522134,565.6607815072958,1143.7259351131925,86.73904255478786,159.7552014650839,2.0,0.855900814724135,0.2066705474778656,36.27406488680754,0,0
2.890679190117145,5.013051956841562,8.203639855446237,534.7784467714212,1186.804380258908,86.39070709560194,141.22780950148135,2.0,0.5766306063505806,0.003639855446238,6.8043802589079405,0,0
2.950663744971924,4.686230175658156,8.313616593730597,513.2676050161487,1252.935707581726,80.22172527414915,146.20224382930274,1.0,0.6296455004854459,0.1136165937305975,72.93570758172609,0,0
2.554725407247794,4.54818130173074,8.261531460117931,517.4201466283347,1215.9751864103455,86.48163178692403,139.0218639033539,1.0,0.5617026317121374,0.0615314601179317,35.975186410345486,0,0
3.142658597752828,4.082209809766576,8.266691060565293,493.6152044499446,1195.162400915299,84.42979832886259,157.72653231869734,1.0,0.7698424979196953,0.0666910605652937,15.162400915299031,0,0
3.61610399695224,4.649765372952087,8.180438462133598,509.3045298135087,1202.1968626179626,80.03918990393956,142.34973519670535,1.0,0.7776960139127875,0.0195615378664015,22.19686261796255,0,0
3.250916135629799,4.139898383908787,7.962835977008342,484.1751039586798,1185.0656585153076,82.7408765034835,131.80960702703345,3.0,0.7852647174820513,0.2371640229916574,5.065658515307632,1,0
3.59975705428853,4.760847445373227,7.925176233215815,529.7396079453225,1180.476579885319,80.4859984601664,135.27029145880272,3.0,0.7561168667630369,0.2748237667841842,0.4765798853193246,1,0
3.1599400438937426,4.959065641193036,8.240595390593484,495.04767312565775,1196.7684670071303,84.16458949868186,149.2229586529741,2.0,0.637204721996043,0.0405953905934843,16.76846700713054,0,0
2.508561619882394,4.8779235951646855,8.230762142821634,515.9353636143428,1192.6315243648628,85.62366412679177,143.5355268118493,3.0,0.514268329634104,0.0307621428216346,12.631524364862798,1,0
3.181296654075585,4.898863078564768,8.347661730411982,508.04588314147776,1211.9823007420446,81.55583485571628,149.85906609899257,1.0,0.6493948906933367,0.1476617304119827,31.98230074204457,0,0
2.8481513083650727,4.270528983495779,7.990436029534623,516.7288904103835,1179.38136338005,78.46013775747394,150.58825292233055,1.0,0.6669317357885475,0.2095639704653766,0.6186366199499389,0,0
3.0285844729347766,4.773820247607699,8.006683739990585,537.4290279192717,1183.1668010865235,88.0568394580491,140.1158091473192,3.0,0.634415272300643,0.1933162600094142,3.166801086523492,1,0
2.610805416288352,4.387123869769166,8.230947527396866,525.8580573847788,1213.44285563447,81.00253763010481,141.97672310810674,3.0,0.5951063824944192,0.0309475273968669,33.44285563447011,1,0
3.520043164892311,4.839082770708885,8.10448426330675,505.1771762746992,1164.4968773931726,87.71869664943148,139.3486952889536,3.0,0.7274194988917776,0.0955157366932493,15.503122606827446,1,0
3.528637443698661,4.574598203364794,8.152500199725546,471.26241799304,1182.3669621769754,84.81008236923998,145.87835708192645,1.0,0.7713546165282574,0.0474998002744531,2.3669621769754485,0,0
3.3815411603438603,4.426521896228134,7.999575325196215,516.9166441352392,1206.3140372676005,87.36613297035991,130.91023360287247,1.0,0.7639273539935191,0.2004246748037843,26.314037267600497,0,0
2.8301193625593197,4.411111176246451,8.253456204488744,527.089946465839,1158.5596236401434,84.10951482931185,141.06437600852362,2.0,0.6415887627493364,0.0534562044887447,21.4403763598566,0,0
3.0665259983494897,4.6387015303916215,8.166001827217974,506.9335258567924,1181.3317847815438,90.50683272970926,138.77178019442692,2.0,0.6610742203604388,0.0339981727820255,1.3317847815437744,0,0
2.7044417467433544,4.336852480095411,8.24484918783384,532.4428560858258,1132.036280705921,94.70436644017312,143.11828002404144,2.0,0.6235955127669597,0.0448491878338401,47.963719294079056,0,0
2.5354377655765625,4.0242357676463545,8.327832349277434,520.2326648343329,1168.0716301827597,87.01841161495774,139.58417704691067,3.0,0.6300420530354304,0.1278323492774351,11.92836981724031,1,0
3.3077169672190854,4.826276738309233,8.012332841374675,541.1708882573322,1160.2091064616038,77.13505411010743,145.79834311179417,3.0,0.6853558438284885,0.1876671586253238,19.790893538396176,1,0
3.5218859433458443,4.400018497844341,8.243305488653373,533.7377631419242,1166.2159175875902,88.98077854255345,152.05631181358382,1.0,0.8004252582735419,0.0433054886533739,13.784082412409816,0,0
3.3722434540786628,4.934291359831064,8.053931016548741,520.2465077990656,1219.5164662314305,82.50547112157389,153.24940799906878,3.0,0.6834301437584117,0.1460689834512578,39.516466231430286,1,0
2.7965316736238224,4.808705317375252,8.340790271529784,517.7616553814063,1130.6760277731755,73.86611864643947,139.60859838271193,1.0,0.5815560506354139,0.1407902715297844,49.32397222682448,0,0
3.5815110828584467,4.600609335877754,7.979777984392024,485.90453071517146,1201.7844395893974,83.97518020169706,150.65622406478505,1.0,0.7784862440176396,0.220222015607975,21.78443958939738,0,1
3.84911416457678,4.960930798847455,8.132169091084052,489.35034779701743,1169.424107518205,90.25545067070668,123.3856865940148,3.0,0.775885477921832,0.0678309089159476,10.575892481795108,1,0
3.258099319192576,4.363426975123126,8.39131334698579,498.8897087150166,1189.5776188924983,89.11770756959048,146.73962181568987,3.0,0.7466835899904011,0.1913133469857904,9.577618892498547,1,0
3.65755855488518,4.759106103192777,8.01767934129941,525.7118708338966,1159.747740911121,83.52582030957144,131.55521397990262,1.0,0.7685389808104651,0.1823206587005899,20.2522590888791,0,0
2.951318812615089,4.541719048051794,8.017985896171881,529.9735831998884,1203.2587635051154,92.52685426814244,150.57539982008353,1.0,0.6498241702624157,0.1820141038281182,23.25876350511544,0,0
2.824876367512339,3.948662681287873,8.380831422937975,510.798567269632,1168.3009043309694,81.69304857157799,152.3479779933098,1.0,0.7154007811767787,0.1808314229379757,11.699095669030612,0,0
2.1509081360350173,4.378047901267045,8.109255521489825,537.5116568487264,1146.7248450651196,93.08335725549068,147.72676675630794,3.0,0.4912938789274627,0.0907444785101745,33.27515493488045,1,0
3.3730033661803644,4.25498501339838,8.45523461791816,549.5344855822219,1177.4592241663588,82.88322971380481,139.52358919377707,1.0,0.79271803655395,0.2552346179181608,2.540775833641192,0,0
3.332998209299342,4.317250853009837,8.11701619991809,533.1931723728795,1174.0022134401213,83.44164610444815,134.38095589347716,2.0,0.7720186577075255,0.0829838000819087,5.997786559878705,0,0
3.031516186250039,4.231652755696749,8.234705234537683,527.5812239640023,1161.5876092045653,77.25626256754181,142.54325125477897,1.0,0.7163905831953131,0.0347052345376841,18.412390795434703,0,0
3.201842404095092,3.914161269871549,8.45315677562123,509.0633806689548,1179.830274612306,83.50660126020163,140.8045684917682,3.0,0.8180149417763136,0.25315677562123,0.1697253876941431,1,1
2.593999256883721,4.622560528625883,7.872751663143853,497.25203987076327,1156.894839534419,86.84716888453535,142.44010886931127,1.0,0.5611606901107817,0.3272483368561465,23.105160465581093,0,0
3.1074414972485216,4.310526392995618,8.079711213270029,503.63606684939055,1169.1996538911403,84.19945129755936,143.89319241573253,2.0,0.7208960607634968,0.1202887867299704,10.800346108859683,0,0
3.08870174969323,4.46024945902676,8.23010225581923,546.9085033536968,1198.5746515386445,78.46839434234863,151.33005925559974,3.0,0.6924952914348201,0.03010225581923,18.574651538644503,1,0
2.920779761731291,4.697520305053305,8.52258890339768,517.2934000438908,1198.022484135351,85.97016521050011,136.49826432265664,1.0,0.6217705451890275,0.3225889033976798,18.02248413535108,0,0
3.288408057169069,4.458705535557636,8.243487143844177,540.2278126133125,1180.886816172237,85.10022437822605,132.89331228881426,1.0,0.7375252817677437,0.0434871438441781,0.8868161722371042,0,0
3.180161812244574,4.725109246543037,7.9246573654406784,479.30299076164,1175.794872335255,85.31541048032902,142.2036851417982,3.0,0.6730345576450311,0.2753426345593208,4.205127664745078,1,0
3.3990784850341327,4.64496849818044,8.285908476393104,506.1929558199279,1215.8670347607213,88.09631280922434,141.6071383274005,3.0,0.7317764341424203,0.0859084763931044,35.86703476072125,1,0
3.1809448390987365,4.387058207657031,8.504705987130627,500.1719612595199,1211.5717172290697,85.05062221083544,143.3562237419841,1.0,0.7250746828072038,0.3047059871306281,31.571717229069463,0,0
2.836945486336274,4.579071686271689,8.080122236291793,515.3855970244618,1180.1907822696396,85.70904690091582,144.74785660344105,1.0,0.6195459866291344,0.1198777637082066,0.1907822696396124,0,0
3.5416998983651062,4.728918539455712,8.320099240215804,536.0370759308945,1120.1287140710608,91.1474396318538,142.53975874266527,3.0,0.7489450004405875,0.1200992402158043,59.87128592893919,1,0
2.888925432406041,4.433534448049075,8.316009874663388,542.908253545015,1199.5938355546834,82.36297914539173,135.77935304357214,3.0,0.6516077557547052,0.1160098746633888,19.59383555468344,1,0
3.8454136354445847,4.6856274743053,8.31294162150951,512.510509458271,1175.0128677433288,88.6738309232025,144.2720926145551,1.0,0.82068274862035,0.1129416215095115,4.987132256671202,0,1
3.454372463871703,4.754528861609811,8.448745228395147,537.5858532794985,1168.8297926241046,85.56920504054834,154.28553105867465,3.0,0.7265435890056963,0.2487452283951476,11.170207375895416,1,0
4.246708921105269,4.369986216167458,8.401272518421084,520.7008126831487,1170.5060992068752,82.65510767035622,142.24222789709688,3.0,0.9717900034609044,0.201272518421085,9.493900793124794,1,0
2.8747447393367813,4.704849124663778,8.139803769654929,512.7041485063006,1215.1234591402656,90.78683767365924,143.95541070556885,1.0,0.6110174125788149,0.0601962303450704,35.123459140265595,0,1
3.1564606210080624,4.377408873086121,8.040559163520783,532.7691086980167,1191.9799606635331,82.2583038358382,152.05696698873223,1.0,0.7210796870482066,0.1594408364792165,11.97996066353312,0,0
3.0972291822366085,4.734184764818775,8.087218600317406,510.2931791216006,1186.7410335574275,87.54155157000078,134.88518176617046,3.0,0.6542265110983567,0.1127813996825928,6.741033557427727,1,0
3.140435389559962,4.185657265841661,8.223522822934553,522.7320254561355,1170.22787957159,80.6433268491848,141.39175850323718,2.0,0.7502848870207705,0.0235228229345541,9.772120428410062,0,0
3.1312472311642563,4.574549615047097,8.318092324416801,501.90961479031137,1212.1740750732738,80.05177402939415,151.09016145668187,3.0,0.6844930089248853,0.1180923244168017,32.1740750732738,1,0
3.362938724925901,4.564481927620531,8.172458015182842,493.4981088380942,1176.5438529921123,88.89611978259165,148.66342728104826,3.0,0.7367624141174421,0.0275419848171569,3.4561470078876937,1,0
3.4836344285138696,4.675534589551892,8.425862676640405,517.4055050265741,1224.2912521896076,76.26492947574576,148.34146549269454,2.0,0.7450772443333945,0.2258626766404052,44.291252189607576,0,0
3.5210124492767787,4.516985350101439,8.083948979980423,504.2332006869206,1183.0446664546223,79.42717711777806,123.74117966229416,2.0,0.7795049519959594,0.1160510200195759,3.0446664546225293,0,0
3.642164835466376,4.4411018421075,8.350075073686764,543.8036709420355,1211.103421595258,90.8771558065677,136.8124200201563,2.0,0.8201038760502514,0.1500750736867644,31.10342159525794,0,0
2.413123780387136,4.154580380523561,8.453678195785693,543.5997405859328,1158.4475950499616,94.28627076928524,130.5874256075672,2.0,0.580834538938972,0.2536781957856941,21.552404950038408,0,0
3.791583782216156,4.426459270121951,8.25764512553084,500.9999135973173,1173.5210531667271,90.18591472846344,153.60946990825616,3.0,0.8565726125511426,0.0576451255308398,6.4789468332728575,1,0
3.0382270238659466,4.313016399875453,8.128853979788106,518.4839474779097,1231.274635363532,80.27617388284615,146.2372687299517,2.0,0.7044320590223699,0.0711460202118932,51.27463536353207,0,0
3.610146471804459,4.785649664148448,8.29608600993386,548.5767181271436,1219.745895330699,87.1471434646004,141.9193840159558,1.0,0.754369150357034,0.0960860099338614,39.74589533069934,0,0
3.238607608630429,4.675639865913159,8.230469790162909,526.8122491600908,1216.179191661343,79.03185328450388,136.29421252560942,3.0,0.6926554869095481,0.0304697901629094,36.17919166134334,1,0
3.855232013768549,3.930549410233915,8.457676769821992,518.8985950322602,1184.6582059098469,84.01896622051983,139.4797737497573,1.0,0.9808379466620872,0.2576767698219928,4.658205909846856,0,1
3.855439892254192,5.047056096006132,7.883767519812609,511.2085385474213,1208.3517659866843,82.32120594243283,159.75958687271546,1.0,0.7638987596236951,0.3162324801873906,28.351765986684317,0,0
3.626544708884263,4.706571906134458,8.030602986273825,525.1083975668993,1230.0106897993742,90.72374430561524,142.28732994370878,3.0,0.7705278449877636,0.169397013726174,50.01068979937418,1,0
3.861244109612185,4.420059926595886,8.264996237317286,529.913321823585,1216.6265266153007,84.61650623559142,137.32798969693312,3.0,0.8735727960395219,0.0649962373172865,36.62652661530069,1,0
2.812134755184856,4.683283738714412,8.135480595759487,516.9312549111875,1178.7442264165568,75.51526107107685,132.87097613350943,3.0,0.6004621781375008,0.0645194042405119,1.255773583443215,1,1
4.064717286203829,4.198943643322615,8.10660429024316,548.2705619761848,1218.8470640012763,87.10389616836066,156.91793802947228,2.0,0.9680333032570532,0.0933957097568392,38.84706400127629,0,0
3.105212405655168,4.243316286518667,8.161045641517463,534.8183285821714,1170.134893048172,83.5008421072328,142.1024379294124,2.0,0.7317890525363078,0.0389543584825364,9.865106951828013,0,0
2.903943820655666,4.071892716719109,7.838178452361924,541.0895029554202,1145.4585560294074,83.22358761647654,139.4699528517911,1.0,0.7131680576993012,0.3618215476380753,34.54144397059258,0,0
2.6321105676705865,4.479281674591862,8.416898297787586,528.5687235969807,1165.843405884547,90.7511500502396,131.5715085943798,3.0,0.5876188992563852,0.216898297787587,14.15659411545289,1,0
3.0735473681583114,4.800462403883704,8.173578220935996,521.4358918716805,1176.005836165079,85.34215815414139,134.90027612327697,1.0,0.6402606892684896,0.0264217790640035,3.9941638349209834,0,1
2.249136837628354,4.648602618868246,8.149289759677375,533.3430080733476,1192.0459202313975,79.33088236675687,151.79571063346276,1.0,0.4838307382987493,0.0507102403226245,12.045920231397533,0,0
3.0829259651653538,4.535443457273244,8.058509879922727,534.8804528921744,1190.739268776567,82.8979453391872,129.53583224507938,2.0,0.6797408001067001,0.1414901200772718,10.739268776567087,0,0
3.181562762138358,4.547555786194868,8.477428463083086,509.9404541719544,1157.869274966764,82.74152137916111,132.1575023313775,3.0,0.6996203919250621,0.277428463083087,22.13072503323588,1,0
3.4262148379273403,5.076833606424081,7.954036128546317,515.1887195721932,1150.733612346282,84.38539511831483,139.28900973952724,2.0,0.6748723915073822,0.2459638714536822,29.266387653718084,0,0
2.9918997680078285,4.873046340585371,7.852731077686266,511.90611785288695,1184.852113162268,81.74713511013985,146.06893494440612,2.0,0.6139690777154522,0.3472689223137335,4.852113162268097,0,0
2.772404257372014,4.254536414652297,8.110939151276812,547.805254867724,1129.6788358985978,85.23546618912026,143.14249816318724,2.0,0.6516348637121617,0.0890608487231876,50.321164101402246,0,0
3.2415997590632437,4.11632263073627,8.180886441416614,544.4856251370121,1205.094587109639,86.79524774678764,138.0135749443942,2.0,0.787498952115892,0.0191135585833848,25.09458710963895,0,0
3.5152050355995863,4.5054865301762606,8.178904105341308,530.3528282145526,1177.9935767175748,87.3863873728998,137.73644650908588,3.0,0.780205425379856,0.0210958946586909,2.006423282425203,1,0
3.2933018965669136,4.403498915077567,8.066303526769468,558.5739770509956,1146.8560446419658,86.09588116540931,137.21540451527724,2.0,0.7478829810864209,0.1336964732305308,33.14395535803419,0,0
2.393446156929257,4.799994653044192,7.989932513270698,509.23014390392746,1179.3392263913556,85.5006520218227,141.490001916832,1.0,0.4986351713772599,0.2100674867293008,0.6607736086443765,0,0
3.49506119642262,4.295512157677766,8.272114774702747,531.3224733499579,1194.3442990594644,86.75722623393814,135.5213373250973,2.0,0.8136541272178498,0.0721147747027473,14.344299059464449,0,0
3.7763614370823895,4.861892171325033,7.968443802090545,502.03640267737103,1189.641953339855,90.75258056643044,144.38249613391812,2.0,0.7767266947173931,0.2315561979094544,9.641953339855036,0,0
3.5874091597082347,4.605288146010391,8.120588662088773,500.5404105398724,1214.4947813037134,77.93601608416118,152.37255377569525,2.0,0.7789760477934629,0.0794113379112264,34.49478130371335,0,0
3.7003978547335694,4.263353973213015,8.217157444884263,498.081061729802,1194.2734211600286,82.85969828895344,150.93782942050044,3.0,0.8679546378544929,0.0171574448842637,14.273421160028647,1,0
3.629803939811839,4.147827846353961,8.130882074875244,487.9621798445199,1187.05474579137,85.98419202829584,129.46691052175336,2.0,0.8751095931156866,0.0691179251247557,7.054745791369896,0,0
3.1993588698559203,4.546068959985181,8.518939905625944,517.1012502974745,1175.138155420363,84.2178691179669,134.00763140108,2.0,0.7037638226153493,0.3189399056259443,4.861844579636681,0,0
3.126815890734342,4.341652890830103,8.343780479138774,517.9573016881047,1161.8688567970862,81.78368596550862,146.18307893098196,1.0,0.7201902060430077,0.1437804791387744,18.13114320291379,0,0
3.441969226944061,4.764253638930709,8.217193594201843,543.0589423266256,1173.9847162489632,76.50060835454404,143.49841241273123,2.0,0.7224571752636832,0.0171935942018439,6.0152837510368045,0,0
3.308663408504883,4.449304133580592,8.144292230078308,519.845919799223,1212.1920540723124,88.82446393673968,144.03862028366223,2.0,0.7436361526265433,0.0557077699216908,32.19205407231243,0,0
3.4761161572805657,3.6180725407596266,8.015379698085711,519.3201704021077,1165.0701178215672,87.85010705318226,154.28042140902815,3.0,0.9607646383977636,0.184620301914288,14.929882178432765,1,0
2.95724929952042,4.503997274510069,8.585168423706367,551.0510475434187,1244.8673957059514,80.12641889523809,160.1337931299891,2.0,0.6565832789464814,0.3851684237063679,64.86739570595137,0,0
3.161146273432867,4.005708499717478,8.137053424071212,538.1266518999358,1160.714063449104,92.59414129717784,148.47499509304234,2.0,0.7891603377696259,0.0629465759287875,19.28593655089594,0,0
3.392059668215501,4.245803040764764,8.080306619968626,519.8887024491485,1211.154039191316,85.66068066604801,130.2534133887003,2.0,0.7989206364140704,0.1196933800313733,31.154039191316087,0,0
3.318277233536632,4.094713731439639,8.257368861657836,503.3458000213515,1221.391513770145,82.42148961307348,140.83235473885622,1.0,0.8103807617241158,0.0573688616578369,41.39151377014491,0,0
2.4861400180655764,4.442699098250876,8.079348227717604,497.42970677527,1142.0444364779785,79.80085018895052,153.28384829504083,2.0,0.5596012609732645,0.1206517722823949,37.95556352202175,0,0
3.804873552010087,4.007891535100905,8.30768472171559,515.1499027067459,1210.5601260851915,81.97552408465017,156.35857991993237,3.0,0.9493454395504112,0.1076847217155911,30.56012608519154,1,0
3.918388664078968,4.1231483298628575,8.246536987072739,552.2840689145081,1172.3000441211343,83.88767532467315,140.4985832461351,3.0,0.9503390006002916,0.0465369870727396,7.699955878865467,1,0
3.0324312197036862,4.887660575098953,7.995098785320242,500.09777826029415,1140.8377422854549,85.0916768693925,146.28824275755974,1.0,0.620425901612832,0.204901214679757,39.16225771454515,0,0
2.9700796840009325,4.532325463863168,8.344518352252875,484.19490223078697,1141.1906235511767,85.97661429484938,147.84162467448618,2.0,0.6553103273422135,0.1445183522528754,38.809376448823286,0,0
2.9653073030632515,4.388196189250511,8.336207962491422,493.0445349922896,1203.9236782391906,86.28096889110316,149.20898186116204,1.0,0.6757462917568345,0.1362079624914223,23.92367823919062,0,0
3.1195667441634707,4.287685420967364,8.215049776202417,516.6942434175548,1213.9984621309443,87.64532445039893,151.28300033456858,2.0,0.7275642770294671,0.0150497762024173,33.99846213094429,0,0
3.1738327380236773,4.207487361763696,8.163807815490417,526.1883081625687,1179.963858230723,83.20258944250375,121.23114050270506,3.0,0.7543297137650674,0.0361921845095825,0.0361417692770373,1,0
2.960984114357812,5.05410966036799,7.902090543841727,542.6671310154413,1224.2010756452985,86.822463209149,147.85429977041886,2.0,0.5858567211136384,0.2979094561582718,44.20107564529849,0,0
3.980127499347735,4.377779242377937,8.194172986364675,541.4015033056309,1136.9726062108375,81.70952155623814,141.48272252003213,1.0,0.9091658756818972,0.005827013635324,43.02739378916249,0,0
3.316644908367755,3.911788520440462,8.036623038099853,506.6765949961058,1184.8666413506685,85.76416489165572,143.7535234885908,1.0,0.8478589499890568,0.1633769619001466,4.866641350668488,0,0
3.512352882251795,4.207909353924912,8.324196863984463,515.399592847759,1196.7856924990067,83.47239241292769,134.58346193698267,3.0,0.8347026007442291,0.1241968639844639,16.7856924990067,1,0
3.607073632788741,4.823758947816413,8.383833437133317,533.8115407478789,1196.4827334045897,86.91373636140128,135.63825771506794,1.0,0.7477723640551721,0.1838334371333179,16.48273340458968,0,0
3.684885724517812,4.910451507822828,8.437701386403308,514.4010534728524,1135.3026532659303,82.16420718957771,140.17169874868955,3.0,0.7504168848622196,0.2377013864033088,44.69734673406947,1,0
3.479936894966027,3.948972879693249,8.330425434393508,503.68496760982976,1195.8030641506791,80.56662105461179,146.9444382244326,3.0,0.8812258276018138,0.1304254343935085,15.80306415067912,1,0
3.1468974610627005,4.240345260545259,8.561521076881467,508.2734604408569,1178.8139380995915,84.26870018477507,130.8622405606434,1.0,0.7421323658715266,0.361521076881468,1.1860619004085038,0,0
3.185416178615537,4.094753276553962,8.072318089513075,547.1725777062522,1194.4226362636648,83.38784270430004,142.6156096305809,3.0,0.7779262785078896,0.127681910486924,14.4226362636648,1,1
3.5456190184812555,3.988754847659581,8.102858020865032,507.0032127687591,1150.3856846183933,85.24199877606249,155.3544797035584,1.0,0.8889037188316448,0.0971419791349674,29.61431538160673,0,0
3.6432438567577536,4.665393753111929,8.250611914343828,501.3083074860284,1216.1779187522718,81.7818074498766,159.7940999663661,2.0,0.7809081181082979,0.050611914343829,36.17791875227181,0,0
2.600870255821913,4.55999466102677,8.187440848580652,526.4220197047836,1193.10510252059,80.9289309783264,142.95668843608874,3.0,0.5703669518476826,0.0125591514193477,13.10510252058998,1,0
3.746524999403472,4.42242820925339,8.12258374038195,524.1471744759366,1188.5322585225676,80.8005256013159,139.59495864524962,2.0,0.8471646844864913,0.0774162596180492,8.532258522567645,0,0
4.132302087107127,4.372757021264102,8.392498429391626,488.5558883092094,1203.975244894484,79.15519978645794,139.36663231585746,2.0,0.9450106800051576,0.1924984293916267,23.97524489448415,0,0
3.016810883880205,4.653772296438734,8.028133235440917,533.1173768843546,1203.3271042430283,90.81815677854468,147.45524500757563,3.0,0.6482506429333784,0.1718667645590823,23.32710424302832,1,0
3.2063293272012823,4.633940925751591,8.344004049278324,515.049635031282,1202.042266388367,83.7576687532201,147.1842162329597,1.0,0.691922788374631,0.1440040492783243,22.04226638836667,0,0
3.6363237301600657,4.563679823905997,8.26075742308763,550.3476723145644,1189.2004270061611,86.83427120767226,140.07317686606052,1.0,0.7967964164170888,0.0607574230876313,9.200427006161137,0,0
2.7217290125930806,4.587849696450547,7.992388580669533,510.04016354370833,1184.872839520261,92.95477660250936,135.93886853587676,2.0,0.5932472055711713,0.2076114193304663,4.872839520261096,0,0
3.3996942505826744,5.1964295632139335,8.247014393669257,524.2128615487642,1170.6820628564606,78.35270504232106,132.88887837656958,1.0,0.6542365692773414,0.0470143936692579,9.31793714353944,0,0
3.358063096705308,4.080984012105303,7.95339826751313,534.0913317386545,1163.7881419723542,83.56693307654697,140.83425255622538,3.0,0.8228562243619498,0.2466017324868694,16.211858027645803,1,1
2.532283899728823,4.168483108212501,8.184853216965362,532.527293207359,1177.545445680576,91.15209662627214,151.63462041506838,2.0,0.6074833058894691,0.0151467830346376,2.4545543194240054,0,0
2.6463077058071702,4.742827177854152,8.196309442311827,508.67061780941873,1202.733614276142,83.96489684577897,136.01828704967127,1.0,0.557959969025586,0.0036905576881718,22.73361427614213,0,0
4.033228972804051,4.785807753311117,8.208470609819301,501.2577382483968,1204.219440357773,90.01182030729618,138.07633254065252,1.0,0.8427478034759893,0.0084706098193017,24.21944035777301,0,0
3.37999092270459,5.375195542754455,8.28564092815068,528.7357788438017,1121.7875315446229,74.03161971310176,140.9385460192145,2.0,0.6288126441524285,0.0856409281506813,58.21246845537712,0,0
3.314149515650115,4.274500888805168,8.067065613787207,518.1546843986004,1201.1667084569433,84.22117406661064,135.67602698157316,1.0,0.7753301732968347,0.132934386212792,21.166708456943297,0,0
3.849401133919101,4.726330889896193,7.972698904036294,541.9133908485652,1138.9670401978155,76.33166259515588,158.3449134153722,1.0,0.8144586620741632,0.2273010959637051,41.03295980218445,0,0
3.8465638164006473,4.441826013166283,8.16881868050429,527.049467576712,1173.5127012603075,85.6483239327041,146.42254687038584,2.0,0.8659870522016913,0.03118131949571,6.487298739692278,0,0
2.713648654504041,4.716031325991335,7.993577326755689,529.6803007194908,1203.6044704697867,85.39923144809306,148.5394155640148,2.0,0.5754093784265116,0.2064226732443099,23.604470469786747,0,0
3.0113609370851178,3.868750830305994,8.102252893483156,502.681357693772,1167.7925168999918,80.1413869358629,132.98845279366355,3.0,0.7783806888562418,0.0977471065168433,12.207483100008176,1,0
3.1199027362566563,4.47740062179748,8.14296510370754,536.7401985441558,1169.6251283248987,84.94275143442444,140.13599802147044,2.0,0.6968111632385803,0.0570348962924587,10.374871675101303,0,0
3.4027694372653423,4.457470406476342,8.172433825576125,540.3545708679968,1168.7256660641008,87.98910854882563,148.12278508829613,2.0,0.7633857605780195,0.0275661744238746,11.274333935899222,0,0
2.8919315908481007,4.20140354800754,8.152321310166917,523.3482599479623,1185.227595591872,88.16767912138764,144.57075597857707,2.0,0.6883251173363806,0.0476786898330825,5.227595591871932,0,0
4.07989424401346,4.594681937744306,8.180156801942577,515.5437879734972,1153.9946644302752,88.40951846726627,164.39440242027294,3.0,0.8879601022238475,0.0198431980574227,26.00533556972482,1,0
2.395988707996657,4.20107548994116,8.372403384319279,524.7914422489679,1193.978012181058,92.20014937898053,148.05470921862053,2.0,0.5703274585670174,0.1724033843192796,13.97801218105792,0,0
2.561414421964592,4.515403306654307,8.3080602024388,503.1706941216799,1207.729917033418,89.65159013388723,137.19492060236507,2.0,0.5672614930370887,0.1080602024387999,27.729917033418133,0,0
3.0304437836635425,4.378856006977178,8.117109684706788,478.5472439815788,1226.619898789539,81.63472136467875,142.4466175351582,2.0,0.6920628991094554,0.082890315293211,46.61989878953909,0,0
3.2902135348131853,4.339664809641314,8.295390687581145,469.42636746212935,1170.2517244732676,84.90932536475992,145.45097830940102,2.0,0.7581722732929134,0.0953906875811458,9.748275526732414,0,0
4.144402983839004,4.571414500367855,8.407061179006682,497.0512294272985,1215.6613267887374,86.42649746043209,150.53022969408389,3.0,0.9065909430437602,0.2070611790066827,35.66132678873737,1,0
3.338681508994516,4.624125578965459,8.345504012643103,513.6952188932662,1178.997429958475,83.06812997995888,122.49563313983867,1.0,0.7220135896524366,0.1455040126431033,1.0025700415246774,0,0
3.334536915648762,4.340858165224462,8.081519759002948,545.835522227947,1171.904797981431,82.63151131871243,135.19485429325317,3.0,0.7681745839092997,0.1184802409970515,8.095202018568898,1,0
3.5581634954310792,4.24633626192928,8.141742279940582,521.0307873519864,1184.2970970378976,88.0682409967287,144.76955703874518,1.0,0.8379372887856334,0.0582577200594176,4.297097037897629,0,0
3.2326914470554216,4.4508240097735685,8.279230873930192,531.238325808707,1181.797221443258,79.52532227035671,123.51472996752406,1.0,0.7263130241120382,0.079230873930193,1.7972214432579676,0,0
3.131868602650673,4.624569260182456,8.145218193333317,518.4431879558401,1187.7461028680138,82.1802865983102,151.8445329092262,3.0,0.6772238506489328,0.054781806666682,7.74610286801385,1,0
2.999962653890746,4.690529394766459,8.542572809174521,507.8935819422083,1140.3379008176378,89.99586341009534,143.1063828524826,1.0,0.6395786916074822,0.3425728091745217,39.66209918236223,0,0
3.208243597571913,4.341681612904957,8.468867879464659,513.2554376824677,1183.2331783509762,83.3062272602998,141.0721416084188,2.0,0.7389403191834656,0.2688678794646595,3.233178350976232,0,0
3.756634044855856,4.175714625347889,8.097513477531857,506.9140752829932,1164.9572265645038,85.95261988495649,130.75076563907243,2.0,0.8996385962662002,0.1024865224681423,15.0427734354962,0,0
3.093601383539304,4.390222376743549,8.199612235422505,500.4296557412888,1226.2164973721913,87.58881875311526,155.32634137667952,3.0,0.7046571032990198,0.0003877645774945,46.21649737219127,1,0
3.151287504412829,4.5155934382024085,8.115494340040957,532.6117489330094,1160.568677005499,88.72266891002066,131.80233021826757,1.0,0.6978678543233605,0.0845056599590421,19.431322994500988,0,0
3.024627047405813,3.8603567878382368,8.437431231557028,515.3138936520526,1164.3760956194849,82.83015438567794,151.2948948068893,2.0,0.7835097149960758,0.2374312315570286,15.62390438051534,0,0
3.1606201776809737,4.459188553544991,8.143235482045139,504.0724039298573,1166.042173613568,85.71817027924517,160.12055241649534,3.0,0.7087881884832022,0.0567645179548605,13.957826386432089,1,1
3.3922733198623503,4.160457396632864,8.330353557208714,523.2039443708908,1173.9086973506155,80.66520088368019,156.28370165811694,3.0,0.8153606672651954,0.1303535572087142,6.091302649384261,1,0
2.778371962377484,4.397969895751958,8.176291147533195,536.4165828686484,1196.167403128578,85.22191201741293,144.26442684753638,1.0,0.631739649793738,0.0237088524668038,16.167403128577917,0,0
3.502461330997579,4.383062702877274,8.298546411566448,504.5239839132576,1161.1424928780796,79.9120149938997,140.2102381382057,1.0,0.7990899440930398,0.0985464115664491,18.857507121920435,0,0
3.2727616712706022,4.302629083389623,8.334486248895544,537.6881106317963,1196.0100591178975,84.06691162817874,149.67993737134836,3.0,0.7606422973210764,0.1344862488955449,16.010059117897526,1,0
3.474429168361165,4.365110022611312,8.41438316313525,522.6339670611317,1155.3623568827109,85.99143996045662,141.44082979138395,1.0,0.7959545462926785,0.2143831631352508,24.637643117289144,0,0
3.480705120001838,4.848693756858525,8.245456248380888,537.0309593330844,1202.3709410626395,80.26157344472769,144.7378145404617,2.0,0.7178644999718702,0.0454562483808889,22.37094106263953,0,0
2.885985208464483,4.406383271729596,8.26869862676495,544.2001925977956,1209.1464577804838,88.88085165664381,132.63940039317856,3.0,0.6549555564822028,0.0686986267649505,29.146457780483843,1,1
3.0534690146901933,5.411696593382524,8.215302141427278,497.20228023357146,1145.272676245021,81.90130407686411,149.20420622930965,3.0,0.564235071467194,0.0153021414272789,34.72732375497867,1,0
2.711826181453823,4.328802797782145,8.227761624746684,491.6553092328975,1169.2269224592353,81.72371873195725,136.85942940927802,3.0,0.6264610118568491,0.0277616247466845,10.773077540764689,1,0
2.9807590305182585,4.13765165903313,8.341466673679541,508.1599277751202,1200.4151998091495,80.0668714111625,153.39379814539078,3.0,0.7203987371170805,0.1414666736795418,20.41519980914973,1,0
3.076461125860332,4.803962463360191,8.000165541910361,513.1727372580632,1160.6121258585783,87.20082269316607,132.0869377923,2.0,0.6404007418217966,0.1998344580896383,19.387874141421666,0,0
3.891442001534777,4.196209285049847,8.150508043949554,524.6431770504978,1192.7491581989432,89.81475796700369,138.08316322309767,1.0,0.927370809285357,0.0494919560504456,12.749158198943178,0,1
3.4802726011841574,4.347143274326617,8.083508850193383,525.7902920842879,1161.6232653932464,83.87010173273904,140.3901846211096,1.0,0.800588428022923,0.1164911498066167,18.376734606753644,0,0
2.725027870585416,3.8322164145714575,8.09425763396111,557.3702459421427,1196.9002461600728,78.86201245127896,137.41089910104404,1.0,0.7110840242510316,0.1057423660388892,16.90024616007281,0,0
2.7290549559600064,4.429876071365346,8.375626818010657,481.5118680282808,1188.1490255882538,80.19843048826237,137.78555423312437,1.0,0.6160567274070082,0.1756268180106577,8.149025588253835,0,0
4.145394474492614,5.138318001948204,8.04354245449083,523.3151872177358,1204.0163565999003,83.62262983074811,142.92656741676203,1.0,0.8067609813394417,0.1564575455091699,24.01635659990029,0,0
3.322938484568049,4.648309410372039,8.225341709667402,536.9054050347722,1187.4357414261617,82.54464689628027,137.21675833155632,3.0,0.7148703303696857,0.0253417096674031,7.435741426161485,1,0
2.555979776642363,4.450521003307333,8.045147889418596,500.01307620663744,1202.132387961445,78.66516798346039,136.19586843737173,1.0,0.5743102378729631,0.1548521105814035,22.13238796144492,0,0
2.893535843365788,4.310242041101979,8.232050643598047,512.055334008077,1187.6901510139294,86.02688266339119,140.15550705979518,3.0,0.6713163240258997,0.0320506435980476,7.69015101392938,1,0
2.581588154306236,4.070454918860056,8.185731618857893,541.7111034858372,1186.374224819535,83.40654557738031,149.21880115395484,1.0,0.6342259538879726,0.0142683811421058,6.374224819534675,0,0
3.1478905624708613,5.114180904449796,8.08986186577985,492.4600886672232,1230.2629684506433,87.92445802018565,152.11996713552855,2.0,0.6155219419626694,0.1101381342201488,50.26296845064326,0,0
3.2661972227689144,3.8788056913828335,8.358874883025472,528.7861534281377,1170.9893544791903,85.75292556591934,137.23078305958109,2.0,0.8420626042658041,0.1588748830254722,9.010645520809476,0,0
3.722322476598369,4.751044126318156,8.079707749021999,544.765736434752,1179.9102631797912,85.31126073295046,143.98789530947107,2.0,0.783474616704839,0.1202922509780002,0.0897368202088273,0,1
2.6906683176773,4.481663099652973,8.098642754421544,482.3362576723837,1168.3158407349565,84.03026653536348,145.17336640252563,1.0,0.6003727315614761,0.1013572455784554,11.68415926504349,0,0
2.9661607913837327,4.588268620027524,7.957231960056543,509.91473348587454,1172.087635967166,85.22450006091178,153.6709980962249,1.0,0.6464662460672307,0.2427680399434564,7.912364032833921,0,0
3.336493716590037,4.997264199143715,8.155034630019516,549.4910016322715,1174.099182278666,91.13596203118374,158.64929878518274,1.0,0.6676640623671815,0.044965369980483,5.900817721334079,0,0
3.480619004092022,4.149552721761763,8.012568664159305,529.2768051129934,1185.683547996368,76.97206666777298,123.6959528933395,1.0,0.8387937777003284,0.187431335840694,5.683547996368134,0,0
3.658674302535164,4.647768462214899,8.322665309360278,524.5432601148834,1175.894431023458,86.04336586373442,127.31078137706452,1.0,0.7871894504840348,0.1226653093602792,4.105568976541917,0,0
2.463775092489509,4.088509804581547,8.48168551292654,537.1997311025784,1196.5257257954313,84.1050014271655,141.20498562514055,2.0,0.6026095593866537,0.2816855129265398,16.5257257954313,0,0
3.2754401647382108,5.172408532158992,8.49871701089175,500.5546499767857,1175.8807530604065,81.62328909529269,132.76845773792172,1.0,0.6332524091514038,0.2987170108917514,4.119246939593495,0,0
3.397268406785193,4.4560207646322425,8.407202345879604,512.4871433113283,1197.8095328611917,87.38686911698377,135.22336795273813,3.0,0.7623995904568394,0.2072023458796046,17.809532861191656,1,0
3.537440485269143,4.097817794217065,8.065993123715705,516.5912589141684,1201.3670673656134,82.97916066092313,130.24639340431756,1.0,0.863249822722233,0.1340068762842943,21.36706736561337,0,0
3.1807604804657497,4.420802693385841,8.187877498471622,524.310981813367,1178.4356028893965,79.3732417888224,144.37059545735588,2.0,0.7194984034245925,0.0121225015283776,1.5643971106037498,0,0
3.3971189085063087,4.611264079702485,8.13177940673607,511.111255503894,1138.685524930388,80.93158538501913,139.23561419092312,2.0,0.7367001431826017,0.0682205932639288,41.31447506961194,0,0
3.782103708295265,5.023101782164766,8.046096556939043,485.7427722722584,1192.380277304133,87.02321059422822,151.08609133115652,1.0,0.7529418816419802,0.1539034430609565,12.38027730413296,0,0
3.1411236166846668,4.398044574525934,8.17300862619234,527.9647475691672,1190.2837197111935,85.82740129654512,140.51848505101478,1.0,0.7142091360702136,0.0269913738076592,10.283719711193726,0,0
3.2587787978553147,4.283022974419236,8.203565025107496,505.7597082835263,1164.5786399525175,78.79042535187567,142.92426485459285,1.0,0.7608595182789872,0.0035650251074965,15.421360047482269,0,0
3.173757708798037,4.813860625864344,8.149413274092657,523.6564825529744,1155.3131697055278,77.65370234170796,154.8906408623068,2.0,0.6592957201723894,0.0505867259073422,24.6868302944722,0,0
3.061750166141241,4.504106615731994,8.256863131817367,520.9787489367909,1173.7832449490254,83.34471040983875,144.1079915691454,2.0,0.6797685815800534,0.0568631318173675,6.216755050974598,0,1
2.6684452561597185,4.484225455561663,8.172986733607779,508.1975395022464,1173.9840705157826,68.18879894067706,143.05916725018986,1.0,0.5950738387283905,0.0270132663922204,6.015929484217395,0,0
3.0646189857219426,4.5719676953687385,8.12289061272595,504.8455941410322,1180.9839019410954,91.10101251105864,132.61768119590744,2.0,0.6703063514985025,0.0771093872740493,0.9839019410953824,0,0
3.4807994512442346,3.89618718097951,8.238507336463595,557.962523056949,1179.3110243768876,84.22750302724481,143.025739625518,2.0,0.8933860948322734,0.0385073364635957,0.6889756231123556,0,0
3.4577872503216565,4.452123228192109,8.326351334809608,548.7378468980057,1179.013394004893,88.1675923160409,137.32460377544004,1.0,0.776660274731235,0.126351334809609,0.9866059951070838,0,0
3.171781793339319,4.308567758326014,8.252338299914822,519.6825313881063,1123.1930672563053,88.34570538245939,142.70458866467337,1.0,0.736156878692208,0.0523382999148225,56.80693274369469,0,0
3.2026082050706908,4.28983026385669,8.18728509234066,537.6640272872246,1205.3180347494708,80.92009035183705,130.01121398345978,2.0,0.7465582569331983,0.0127149076593386,25.318034749470826,0,0
2.487059867287406,4.566131694152007,8.231014723940987,530.8750947017054,1153.788866912898,85.7967350135169,139.99900579419014,1.0,0.5446754568923162,0.0310147239409879,26.211133087102095,0,0
3.641154311521699,3.7217954670637945,8.496160524939146,533.7681576799763,1167.6067372263544,85.63655111412776,132.72030727164946,1.0,0.9783327275144306,0.2961605249391468,12.393262773645574,0,0
2.3939660467900112,4.168287669265305,8.073551883657936,522.5102648004597,1149.6475440934448,84.38971374024456,155.40975363205274,2.0,0.5743284140073852,0.126448116342063,30.35245590655518,0,0
2.6748732726737847,4.496996780040579,8.240166426211822,535.3312952398794,1237.116104088838,80.09481291607838,149.88654975920903,3.0,0.5948132504677565,0.0401664262118224,57.11610408883803,1,0
3.201722790389523,4.637464651050458,8.293426202558726,538.7444775305459,1187.6665626852466,88.14709389253183,142.29537999695188,3.0,0.690403707761714,0.0934262025587262,7.6665626852466175,1,0
3.428575317966078,4.455692362311784,8.084316830181523,536.3783369392925,1173.8982735064342,82.58249397387047,142.71868679966022,3.0,0.7694820554033311,0.1156831698184763,6.10172649356582,1,0
3.797296452124356,4.0923202685471765,8.167320285662196,485.4160368219887,1149.7829948997376,81.35466898701763,141.9413607547984,2.0,0.9279079353543692,0.032679714337803,30.21700510026244,0,0
3.589021766798904,4.372488673652985,8.223005860207122,520.9563186617956,1191.6892282104425,88.8334378107242,151.5177726899851,3.0,0.8208189966515445,0.0230058602071228,11.68922821044248,1,0
3.4898923742568293,4.785746969330765,8.028860594701268,554.8033697771357,1175.402385306586,82.68089895462089,137.5972813446498,3.0,0.7292262620427731,0.1711394052987316,4.597614693414016,1,0
3.3699726853657106,4.821949948510594,8.154966032567046,533.1483987986022,1181.594638253033,83.88952797238944,170.0062243330371,2.0,0.6988817222600471,0.0450339674329534,1.5946382530330538,0,0
2.106292133182276,4.334405633184262,7.966304233604216,500.2030354455974,1205.635455440765,86.77603453835076,140.498260168521,1.0,0.4859471657591367,0.2336957663957832,25.635455440765327,0,0
3.387335531134051,4.11847221853353,8.41933185554483,490.1279791786524,1141.1513016140968,85.95253989905457,129.18197900603005,2.0,0.8224738083865747,0.21933185554483,38.84869838590316,0,0
3.6354995742773273,5.0159863507287525,7.911800489932614,521.8191025647297,1199.158239472072,79.46110917329123,143.63521687328867,1.0,0.7247825889766142,0.2881995100673853,19.158239472071955,0,0
2.597670387371382,5.25529316813653,8.128506782058313,482.1134422996295,1151.2557695784196,78.96339445359806,143.24226027737413,1.0,0.4942959990561653,0.0714932179416862,28.74423042158037,0,0
3.276693239324989,4.648997903448856,7.897694784061829,526.6976645106853,1198.5731796196608,86.4919568503643,138.38131899675258,1.0,0.7048171039589756,0.30230521593817,18.573179619660777,0,0
2.572509862567693,4.474895513303941,8.466480280921566,519.1381083639178,1191.242041288595,85.5311624117648,134.32088648382177,3.0,0.5748759617614985,0.2664802809215665,11.24204128859492,1,0
3.5089137411487976,4.127623390427988,8.432181581408996,506.49839030962863,1121.430824510194,84.14289337028842,128.97417573809875,2.0,0.8501051109546255,0.2321815814089962,58.56917548980596,0,0
2.8195446184341297,4.554441814953693,8.47142394566508,543.0890992887857,1181.6020194580803,79.2231755328549,137.00945961346028,1.0,0.619075779727295,0.2714239456650809,1.602019458080349,0,1
4.150577960705892,4.502541982251346,8.15927735538389,515.7628200206507,1156.5468109427677,85.02854907931814,145.6150706143272,2.0,0.921829929880788,0.0407226446161086,23.453189057232294,0,0
3.5470366684933192,4.247513587431857,8.394992876304007,505.3843851582955,1207.3847103492783,85.99299520932915,149.33761632591668,2.0,0.835085419892171,0.194992876304008,27.38471034927852,0,0
3.270033032975384,4.25225899625221,8.1256720981886,540.4888610054347,1185.9829839060178,73.5876705392809,157.10126309194183,2.0,0.7690107858172478,0.0743279018113991,5.982983906017807,0,0
3.21303874669229,4.277296430918001,8.263868676025838,525.0044575889717,1151.174108101134,83.13995729284203,156.6256773481864,1.0,0.7511844918476968,0.0638686760258391,28.825891898866075,0,0
3.516705454269756,4.852310733709171,8.248025194522272,512.3161228675966,1167.2723754416645,85.34279532044835,132.3365671328507,3.0,0.7247486087637242,0.0480251945222729,12.727624558335492,1,0
3.475291256455012,4.628287827301369,8.22145137791799,493.9231912172249,1212.449722928152,85.34801068469108,131.32787183353142,1.0,0.7508805384151055,0.021451377917991,32.449722928151914,0,0
3.323970338072434,4.862189253291697,8.060879577853125,517.4159204803684,1171.7868486241496,92.91094176651666,135.6646546809252,2.0,0.6836365604523669,0.139120422146874,8.21315137585043,0,0
2.7523378146269337,4.441727809386099,8.290514176933097,503.2920021403858,1158.950032498071,89.05042240743794,143.4344035348117,3.0,0.619654767721502,0.0905141769330981,21.04996750192868,1,0
3.514954717501235,4.57308892193466,8.237463851294137,533.0255331077574,1217.7468125164062,86.61864791832961,135.49912799568065,3.0,0.7686171812389785,0.037463851294138,37.74681251640618,1,0
2.9908621898050662,4.428477397955584,8.143791643218083,493.5707844379728,1186.5081406596423,88.80168516485995,140.95218286871733,3.0,0.6753703181392399,0.0562083567819158,6.5081406596425495,1,0
2.577298584117297,4.102181219859252,8.36908490669102,540.6089520265484,1177.7784221393783,85.62995647979112,140.4840947797894,2.0,0.6282751651760159,0.1690849066910207,2.2215778606216645,0,0
3.1565414657835773,4.631129508056589,8.030699763821662,541.4092458579406,1157.833311895734,87.2130600987353,145.35135447125444,1.0,0.6815921385076097,0.1693002361783371,22.16668810426586,0,0
3.0442706496946914,4.285590943749897,8.043813902169397,516.9360528907783,1152.6613347573236,90.00117725396137,142.44617888095812,2.0,0.7103502618289091,0.1561860978306022,27.33866524267637,0,0
3.2981436044735464,4.610467738592856,8.075937894025133,534.0875066619167,1209.2361792270144,78.46450717354921,148.2369577467317,2.0,0.7153598703555403,0.1240621059748665,29.236179227014414,0,0
3.093066649022033,4.009464796087806,8.037555726905833,539.104076468428,1164.2223228976095,92.84822912621388,139.65632341091887,1.0,0.7714412784640533,0.1624442730941666,15.777677102390498,0,0
2.966071689565565,4.736790725752615,8.116973744751474,506.7906263197522,1169.818485649107,84.08921877813536,149.58492269481937,2.0,0.6261774819000723,0.0830262552485248,10.18151435089294,0,0
3.4032120013752345,4.648972774049717,8.25056139953782,529.4152287472936,1192.6016206310076,88.99689848096355,127.30476275370756,2.0,0.7320352615613757,0.0505613995378215,12.601620631007563,0,0
3.4199979280965285,4.224296663241356,8.078539849983201,534.1824311120187,1205.7600848338866,87.00255112005249,138.80484698983494,2.0,0.8096017396332007,0.121460150016798,25.760084833886594,0,1
2.522753245373344,4.539219207369168,8.293252785146,507.0962863733804,1173.470140124756,86.64192230108323,145.3976710450327,1.0,0.555768102303151,0.0932527851460012,6.5298598752440284,0,0
3.0929031831864635,4.503196774942009,8.39769380433277,538.6237128666281,1158.6375073110858,89.96227633554393,140.78542506228112,1.0,0.6868239024574868,0.1976938043327702,21.362492688914244,0,0
3.2695002516371363,5.084018728071276,8.455446411325806,530.034772586913,1138.5864494073614,85.74860500526937,128.32248527098716,3.0,0.6430936677989763,0.2554464113258063,41.41355059263856,1,0
2.8493874058317927,4.399331725592284,7.949531845577,538.6929688103887,1231.113857379609,89.41331914137727,132.45908803638903,1.0,0.6476864176002758,0.2504681544229994,51.11385737960904,0,0
3.378008965287396,4.544125539460499,8.322531202254423,532.1621554047478,1199.392202158273,86.21574322637679,135.24300768622442,1.0,0.7433793224262617,0.1225312022544233,19.392202158272998,0,0
3.208713634394022,4.119696494311648,8.258439196434436,542.6533854711619,1196.7581998177411,81.19000593253224,133.77976348579912,3.0,0.7788713654138467,0.0584391964344366,16.758199817741115,1,0
3.131359566301034,4.580982917413191,8.12993035363615,525.914476046638,1136.6221148869058,80.4225996865098,142.10920310520277,3.0,0.6835562633762683,0.0700696463638497,43.37788511309418,1,0
2.9274338986457766,4.813938054155399,8.17060292146251,511.2478383316731,1168.5982304736622,86.95365174882173,132.85081048801865,2.0,0.6081162377049483,0.0293970785374888,11.40176952633783,0,0
3.041345521325688,4.809747222834696,8.181947302957006,516.426461638752,1186.2422997124038,81.87582773861064,150.22164035954393,3.0,0.6323295965023492,0.018052697042993,6.242299712403792,1,0
3.627871269014993,4.537697515663342,8.347558609065246,511.9877810714033,1168.8950012838009,87.1796431911382,136.02940263942898,1.0,0.7994960562471863,0.1475586090652463,11.104998716199134,0,0
3.749090850460344,4.558580816787393,8.329288734437872,513.1280640770356,1157.0646743432912,81.26829936292243,133.74689229341823,3.0,0.8224250046925891,0.129288734437873,22.93532565670876,1,0
2.875320175516152,4.592306042725277,8.37664327438599,536.4462793344172,1149.1602791937232,89.90044785399667,149.94259815331824,1.0,0.6261168459024767,0.1766432743859916,30.839720806276773,0,0
3.130062669190949,4.5932230140403725,8.091873042506775,518.8759275651846,1180.178312870551,91.2278837195127,141.1669482812843,2.0,0.6814523612160027,0.1081269574932246,0.1783128705510535,0,0
2.8178322246593304,4.559313044838861,8.187410822215254,523.1812172014854,1171.5304416547815,87.78999996783858,134.513975064624,2.0,0.6180387695096031,0.0125891777847453,8.469558345218502,0,0
3.1670241358457254,3.940424888177828,8.386448927761839,484.7159206644741,1169.3646930254067,84.43806844460035,146.34827164408222,3.0,0.8037265586621869,0.1864489277618393,10.635306974593275,1,0
5.254742877610047,4.105271052292813,9.50316402418424,690.4842829031508,1269.494119928143,84.56216088056624,157.15041537816714,2.0,1.279999008444339,1.303164024184241,89.49411992814294,0,0
5.138857595114788,3.834834820368509,9.760648230215372,689.656324718622,1295.854463076062,86.55520646607027,173.4005041192595,3.0,1.3400466602837728,1.5606482302153726,115.85446307606207,1,0
3.517585176600868,3.6908116487062026,9.449129816748457,689.1315035302026,1241.879020834285,92.86056737488144,163.2351993238454,3.0,0.9530654800227684,1.2491298167484572,61.87902083428503,1,1
5.832471528413604,3.238836816009095,9.767250634721185,645.6801778160492,1311.4786400111695,86.06143132276921,144.55360972976615,2.0,1.8007920305783118,1.5672506347211836,131.47864001116957,0,0
4.810727827038618,4.12985105544372,9.390554925954268,673.7222020007808,1250.5332763903912,88.66140500135026,162.17850081078214,2.0,1.1648671492722575,1.1905549259542685,70.53327639039117,0,1
4.367194767132282,4.587528732740232,9.138680995571349,650.87951028024,1302.1802787038275,81.76817794983495,194.49127822999088,1.0,0.9519710982979912,0.9386809955713478,122.18027870382753,0,0
4.594120150668552,4.28574630563743,9.588016457974804,670.9945433674304,1211.6425429343624,85.02094596726472,188.8404671332456,3.0,1.0719533593375643,1.388016457974805,31.642542934362385,1,0
5.734005043271848,3.569699648109117,9.49528292664596,681.5403578391804,1289.0669798551571,91.44614143839364,177.5257677554685,2.0,1.606299018659139,1.295282926645962,109.06697985515734,0,0
5.526611301228055,3.10432391939378,9.0451253983028,686.7188537116099,1274.373823698137,92.42471033929834,188.38594461574243,2.0,1.7802946609150925,0.8451253983028018,94.37382369813668,0,0
5.070789673737888,3.2468628636709846,9.412676136621055,678.1099936659261,1314.199521277782,80.5566133303227,168.54979425682006,2.0,1.5617504911935134,1.2126761366210577,134.19952127778197,0,1
5.0591532439252695,3.7981320822035056,9.667339347847763,678.6705578249175,1269.7424724835796,85.06553772961509,173.9140888843524,1.0,1.3320108761615697,1.4673393478477657,89.7424724835796,0,0
4.337911840840585,3.9955127349004087,9.439596903613603,679.0925992063055,1300.2782449147214,89.6073280494328,167.2225419943515,1.0,1.0856959112815878,1.239596903613606,120.27824491472144,0,1
5.700362095456846,4.18362352562253,9.75863767383516,657.5290317160377,1286.503548177871,89.98136989370674,157.45572770698251,2.0,1.3625418394323807,1.5586376738351593,106.50354817787093,0,1
5.649349815371298,3.881405543396369,9.395617001488995,670.4920865123485,1260.996197436256,84.34360640225078,156.32372278440383,2.0,1.455490736732556,1.1956170014889975,80.99619743625613,0,1
5.879169066209249,3.4878641325417643,9.411983339111783,702.0171776240308,1264.827030174961,85.03690091989183,176.45122531917826,2.0,1.685607248766088,1.211983339111784,84.82703017496101,0,0
5.221663334376534,3.8174598491754583,9.18941036473358,712.9842675000975,1279.9567000230795,82.81771194169954,149.79439370868113,2.0,1.3678371323634313,0.9894103647335796,99.95670002307976,0,0
5.816155130755391,3.546012868701845,9.835642665380648,682.8364106517856,1318.8070324334046,78.84441106481718,161.75355446771025,3.0,1.6401957196631447,1.635642665380649,138.80703243340463,1,0
4.561720440366839,3.9677372719786472,9.88475595640532,695.2102938888962,1298.801832669449,84.10492759778862,178.38040615425183,1.0,1.1497032506243234,1.6847559564053205,118.80183266944891,0,1
5.139986606763953,4.183986438312977,9.812555282824183,676.9647293234274,1264.93785447127,86.94149958786537,189.01911154126083,1.0,1.228490264325033,1.6125552828241858,84.93785447126993,0,0
5.656597445675481,3.624972973314868,9.603036701903552,671.8873737793506,1286.228630933854,78.84344127419917,179.82488610892747,1.0,1.5604523084050297,1.403036701903554,106.228630933854,0,0
5.538502563882736,3.910453094780397,9.230015191695207,670.8134287417737,1243.7137796639545,96.33080776364211,157.4561034632381,3.0,1.4163326929708218,1.0300151916952096,63.71377966395448,1,0
6.066876933461739,3.7434803523879,9.508620669566628,733.168562384043,1264.6933709315542,85.0209793227864,169.60881382440468,1.0,1.6206514688854008,1.3086206695666291,84.69337093155423,0,0
4.731746200781073,3.6744516994719714,9.161470235988531,663.7536629312679,1284.9228229766013,92.07536670086,159.2360111165029,1.0,1.2877421140610708,0.961470235988534,104.92282297660132,0,0
5.614421799011648,3.5583537684771414,9.635876117584464,698.3134857135564,1249.375447537448,87.60367303058358,167.67763050098117,3.0,1.5778143947268688,1.4358761175844652,69.37544753744805,1,1
4.379607459837171,4.055287961026956,9.354442684955018,658.3232577620505,1273.6405830170372,90.16389560063364,180.5574776814583,1.0,1.0799744681135075,1.1544426849550184,93.64058301703722,0,0
4.006218195204028,4.22857777989168,9.421826145141214,734.6189515423282,1328.3746382237252,80.22879229032928,154.36394788753918,2.0,0.9474150418392532,1.221826145141215,148.37463822372524,0,0
5.32202842343496,3.997084265468876,9.30572668559252,706.1786248316556,1260.1935466592015,88.17419853767967,165.34455775167845,2.0,1.3314776643767314,1.1057266855925203,80.1935466592015,0,0
6.169409019218378,3.9396377181231874,9.766243425826232,689.8379658450291,1320.0008061711987,82.42610898149,139.12779125494023,2.0,1.565983843964072,1.566243425826233,140.00080617119875,0,1
5.985605172094416,3.8567652378941126,9.482607340096823,721.9939835939447,1257.7975598205971,85.38545953916712,162.80490098846403,3.0,1.551975503131927,1.282607340096824,77.79755982059714,1,0
4.5799766310561925,3.416460269349936,9.8413836628501,690.1369873061882,1228.1949619460972,87.78468789668806,169.09717580916825,3.0,1.3405619467622498,1.6413836628500995,48.19496194609724,1,1
5.099309566154043,4.374734143675246,9.568743269057371,702.7933983365207,1301.4138750063712,85.77020353418591,157.16093011391595,1.0,1.1656273038581604,1.368743269057374,121.4138750063712,0,0
4.430623776146489,3.7718462731066142,9.842905208911372,711.7979688866678,1230.6501969255696,83.44177319977972,145.46042643524711,1.0,1.1746565088196523,1.6429052089113725,50.65019692556962,0,0
5.186740486057337,3.7390679136052247,9.675716588394954,681.5320327075417,1288.0792529304042,85.53761338839229,159.26293414940952,2.0,1.3871747196132325,1.4757165883949543,108.0792529304042,0,0
5.4826423161806375,4.115097995298721,9.649798339736792,684.8841417837428,1262.0744068321444,88.48375133874748,151.22758809348176,3.0,1.332323633875047,1.4497983397367928,82.0744068321444,1,0
4.871491541091912,3.7918369988258753,9.341731352798975,687.5896172136556,1326.7143034126411,84.15867920043429,199.47109276227692,1.0,1.2847312638480015,1.141731352798976,146.71430341264113,0,0
5.248902781678273,3.774426941405733,9.201501313283645,662.2389845857324,1312.447449509045,86.516330324031,165.57696786597035,2.0,1.3906489281079428,1.0015013132836437,132.44744950904533,0,1
4.686680203916483,3.3764563169632336,9.222992902484714,677.5558725059432,1301.7531262226494,84.6878195650015,180.23491902053092,1.0,1.3880470418002062,1.0229929024847149,121.75312622264936,0,1
4.74392830470804,3.469392978537741,9.503977184352694,674.5707503428532,1288.5366889316706,80.24912952230743,155.0506270093627,2.0,1.3673655111102796,1.3039771843526946,108.5366889316706,0,0
4.53488975091381,3.7265980473013487,9.368386927575749,705.0889694893312,1298.452076837585,91.5107083555104,156.53017618307413,2.0,1.2168980105007288,1.1683869275757477,118.45207683758508,0,0
4.5733394005716885,4.306411709044376,9.620823429152418,659.8645330335818,1321.1888419905465,88.23508058534749,152.35171887668642,1.0,1.0619837833676524,1.4208234291524189,141.18884199054628,0,0
6.152515682012394,3.3582233647325275,9.654592633483414,702.2537579665504,1248.0558385514184,83.39585314061151,170.9012798428299,2.0,1.8320745858637515,1.454592633483415,68.05583855141845,0,1
5.425084244059434,3.35358558999778,9.483027119831297,693.1333742893823,1249.7907132653822,81.34698089917617,157.71539527111733,1.0,1.617696670280996,1.2830271198312977,69.79071326538224,0,0
4.003584414596527,3.449869199193276,9.195268719815546,652.7381066797212,1288.3984898564302,82.76643323859281,168.72410722001,1.0,1.1605032487528018,0.995268719815547,108.39848985643016,0,0
5.364286121274232,4.075324911799036,9.798467963906395,700.2458056587583,1287.0082777283462,87.29892752517335,167.48522086334643,1.0,1.3162842806538106,1.598467963906396,107.00827772834624,0,0
5.394276763738339,3.6890762847690697,9.26463484808665,699.361256479532,1334.2139779482236,85.61858926544603,173.05440929908153,2.0,1.462229660185458,1.0646348480866514,154.2139779482236,0,1
6.20514767748492,3.4510215475478203,9.722657358905568,673.6475915215036,1307.401857434932,88.92393420602822,159.9251800098216,3.0,1.7980611219585192,1.522657358905569,127.40185743493204,1,1
4.377309348118361,4.066170753323769,9.831471499886757,684.0273345492375,1257.3857487562875,80.50118183262468,162.98675080512226,3.0,1.0765188214153925,1.6314714998867554,77.38574875628774,1,1
5.447129898193537,3.41484942377224,9.4956922549362,664.5510163975587,1278.8550157833397,86.19985553504337,193.08795873672216,1.0,1.595130332447043,1.2956922549362009,98.85501578333948,0,0
5.042777034411691,3.837964394311412,9.284119503274994,722.6387610788654,1288.983566478114,84.28637561709861,153.15857670958778,2.0,1.3139197019576627,1.0841195032749944,108.98356647811396,0,0
5.252688979138863,3.2792271126103096,9.421111942902977,682.295558274378,1229.958286132262,82.72099121789796,168.7152856100775,3.0,1.6018070103585609,1.2211119429029775,49.95828613226195,1,0
5.505925169411208,4.36665744254889,10.08612127692878,684.9686573745355,1274.6632141525297,91.3937609171752,168.95759124351432,3.0,1.260901556989643,1.88612127692878,94.66321415252968,1,0
3.7941676097713817,4.259550040943161,9.615034596329515,689.1796295112914,1263.7214003852498,83.48696020869926,162.14120009338026,3.0,0.8907437575356019,1.415034596329516,83.72140038524981,1,0
5.4213289151246,3.806980841488909,9.538610584930671,696.6442606317465,1261.6570803194525,84.92368577817132,149.78682569977795,2.0,1.4240494342966723,1.338610584930672,81.65708031945246,0,1
5.441905805809194,4.4359489933751455,9.44866151269725,694.1229680231479,1246.158284776507,77.47568598726912,157.0216294083959,1.0,1.2267737552234297,1.2486615126972502,66.15828477650666,0,0
5.2604917890238685,3.550012714732866,9.50976314809852,687.1271127619689,1277.510352247098,90.62309892302429,161.7530120217146,2.0,1.481823365226423,1.3097631480985203,97.51035224709813,0,0
4.459057696546955,3.350009274735348,9.478633971415102,677.699478372695,1343.8019417571277,81.31100123251342,162.5573359851198,2.0,1.3310583134335243,1.2786339714151025,163.80194175712745,0,1
5.016330429858783,4.405455005381365,9.432780992842403,692.6087128886326,1242.1081361050674,78.56515103149184,155.92766479354836,2.0,1.1386634121997743,1.2327809928424056,62.10813610506739,0,1
5.950625732065072,3.411378632619676,9.667578047098372,698.266771192552,1261.4196188715275,88.69691937043504,163.82591879518137,2.0,1.7443463101459085,1.4675780470983728,81.41961887152752,0,0
5.075598306844448,3.762877539402099,9.742790521008546,699.3452450260478,1318.2360348918494,89.52553629018668,170.54746810662073,2.0,1.3488608790341,1.5427905210085466,138.2360348918494,0,1
5.575746477670825,4.738655092636451,9.285354070770488,697.616833675671,1320.9465087011158,87.7471613461578,151.5144564014925,2.0,1.1766516801694442,1.0853540707704887,140.94650870111582,0,1
5.410637736109793,3.516138563487153,9.849427772992636,689.4856434131208,1233.263552567622,77.81288800367689,166.2923951283886,3.0,1.538801056009851,1.649427772992638,53.26355256762213,1,0
5.7871561805657565,3.782813965610553,9.81320704804444,702.9879021690477,1272.48341135964,86.64702236453604,166.94849789198582,2.0,1.5298548201541928,1.6132070480444405,92.48341135964006,0,0
6.079453262299729,4.191676506777818,9.532424854108037,657.4207822179332,1296.5185019395567,73.39023763959423,165.64434919001962,1.0,1.45036317831757,1.3324248541080372,116.5185019395567,0,0
3.861193200110241,4.044246145881458,9.977249620969303,653.172064484126,1295.1051053939532,79.92127462231167,180.9012429316332,1.0,0.954737436811958,1.7772496209693038,115.10510539395318,0,0
4.707742174443953,3.302019174547976,9.318524599788828,644.7363813087354,1274.9197111303347,83.53138715693522,181.3406415329649,3.0,1.4257161827846423,1.1185245997888271,94.91971113033468,1,1
5.1257951735373455,4.166780279544795,9.513842282274632,691.8123243119946,1317.5103098237514,89.34008308341615,173.7363770595441,1.0,1.2301572985430282,1.3138422822746332,137.5103098237514,0,0
6.3709964178674605,3.679904269631056,9.79818233275362,728.9060101505551,1304.7945301204115,86.21037033964427,178.0951366043956,2.0,1.731294063466199,1.5981823327536198,124.79453012041154,0,1
5.758976263324115,4.109096818370378,9.479482750088447,709.5960906256412,1270.937401302888,90.47867362889284,173.77715805563514,1.0,1.4015187561841247,1.2794827500884498,90.93740130288802,0,0
5.428588593483108,3.202801283893768,9.327979470179084,679.6517603874122,1242.3681027556274,82.53586926506975,172.9163357610597,3.0,1.694950173489507,1.1279794701790848,62.36810275562743,1,0
5.438853389378477,4.619560367470833,9.535383684554636,687.8142470461061,1319.148517662489,80.22494433962252,155.5522656669727,3.0,1.1773530283313185,1.3353836845546354,139.14851766248898,1,0
4.523008607785258,3.670286136689057,9.677503464021433,667.4372794195272,1366.4916899013597,84.797036560326,166.93669055157494,1.0,1.2323313327917005,1.4775034640214333,186.49168990135945,0,1
5.435747508750718,4.006925457223518,9.524274319726572,712.1802900211851,1269.0143097918915,83.38835721455156,184.41381588520443,2.0,1.3565881285849208,1.3242743197265732,89.01430979189172,0,0
4.162470101155371,3.425587281798845,9.757894837159116,686.5570866792431,1332.3628167200031,85.71871464727145,163.48629272384184,1.0,1.2151113831069758,1.5578948371591164,152.36281672000314,0,0
5.1983097711013455,3.113519953139041,9.612623828610356,678.2336874894293,1292.00014863528,87.37822013417849,166.15175056911204,3.0,1.6695925665068672,1.4126238286103572,112.00014863528008,1,1
5.398460651625991,3.626361261801617,9.115834110860945,674.2763846898011,1292.5413885459293,89.2479049502433,180.89930285160983,2.0,1.4886714975151991,0.9158341108609438,112.5413885459293,0,1
5.65201491476014,4.138842359366989,9.4233258706607,691.8328239437344,1344.3640663375436,85.89539034145183,167.27425680802946,3.0,1.3656028480048172,1.2233258706607,164.3640663375436,1,1
4.217978433577287,4.167208661057637,9.587265860903432,655.7409822680197,1334.464955218573,86.01739986927997,166.79159284425387,2.0,1.012183160392689,1.3872658609034332,154.4649552185731,0,0
4.893517780452547,3.5378521493021977,9.42505888457075,669.630450712263,1253.477249727191,83.70324429557499,167.9540208220419,3.0,1.3831888876516647,1.2250588845707515,73.47724972719107,1,0
4.3540206413492495,4.433732058773749,9.32581805593192,705.7181040968142,1292.7316075145357,86.15858486612025,163.68131903072566,1.0,0.9820215977533456,1.125818055931921,112.73160751453564,0,0
5.89939401598456,3.368357845865543,9.611673889938324,639.6572581275935,1311.9911399851946,92.7685525347298,171.4388981275317,2.0,1.751415462426089,1.411673889938326,131.99113998519465,0,0
6.14217669664286,3.6731769834477648,9.855810619757849,653.6762528458115,1268.106609579633,83.3322639331808,162.12870661878074,3.0,1.6721700921705769,1.6558106197578475,88.10660957963296,1,0
5.652454123779484,3.97356851820406,9.587774874293927,707.022392247835,1311.4516806560173,84.58764141514891,160.6018287926494,3.0,1.422513314281974,1.3877748742939282,131.4516806560173,1,1
4.359941817959892,3.358852800398037,9.622017385533985,711.3395636290697,1247.2346807977249,89.72634123400397,175.45449601019666,3.0,1.2980449206184852,1.4220173855339855,67.23468079772488,1,1
5.437915476926897,4.120584816889921,9.617167141340252,684.8062166465153,1332.7765967983546,80.92343030451852,185.8706880951949,1.0,1.3196950717572071,1.4171671413402525,152.7765967983546,0,0
5.26851331023068,3.852308402289266,9.327701042967444,690.052155050332,1299.4780028261766,81.1073108942936,148.61974269217117,3.0,1.367625007834834,1.1277010429674448,119.47800282617663,1,0
5.426087390056659,3.833928344886896,9.644016663065871,704.0911259607858,1309.669164891234,81.26232946157717,142.32658952807782,3.0,1.4152813773574715,1.4440166630658735,129.669164891234,1,0
5.230931925122636,3.389648102219076,9.540057046339186,675.863778190404,1289.7490875389717,77.01024609551865,163.34317444458745,1.0,1.5432079572374882,1.3400570463391863,109.74908753897172,0,0
5.265578036203658,3.806145752520818,9.57485017670297,680.6134905540387,1278.136923129241,85.36462380242318,171.41678093206627,1.0,1.3834409865499278,1.3748501767029708,98.13692312924104,0,1
4.4994824691681545,3.560201363209105,9.682803035535796,657.6125347728345,1317.616212749176,92.04724092774671,150.1298483920015,2.0,1.2638280841083014,1.482803035535797,137.61621274917593,0,0
5.620695523878886,3.470041896320574,9.25781678978622,663.1925896883185,1341.8830842626523,88.91530906067109,171.14329300704048,3.0,1.619777423499975,1.0578167897862194,161.88308426265235,1,0
4.045780649956657,4.219497080411062,9.45382752602486,692.7186588236353,1312.9549688959908,84.79517572465147,168.05291275866526,1.0,0.9588300624214884,1.2538275260248604,132.95496889599076,0,0
5.655005566147132,3.4329068861128627,9.60092504256064,682.0361013373683,1276.5688392645231,89.93340481455411,180.141007667542,3.0,1.647293606295012,1.400925042560642,96.56883926452316,1,1
3.701281651807379,3.772172153109385,9.594211791982218,672.1633915749279,1338.3642160962845,93.05988792871648,166.85496577613807,2.0,0.981206981175348,1.3942117919822188,158.36421609628428,0,1
5.817469083098519,3.8238130951527896,9.250108828118982,712.9254115782801,1308.541212795214,85.2275753115502,166.0927542934503,2.0,1.521379036269211,1.050108828118983,128.54121279521405,0,0
5.107318415000175,3.4961447224854423,9.37412271567682,667.8895377447203,1255.1161257381,84.91993532221606,172.93600425909406,3.0,1.4608429624470725,1.1741227156768217,75.11612573809998,1,1
4.870721451699355,3.630893035368101,9.489079844271371,675.7877405172062,1288.9065053858517,82.1986609597345,171.72798530358207,1.0,1.3414665215727275,1.289079844271372,108.90650538585167,0,0
5.80704221793917,4.016650428777108,9.65155617997958,685.6396509353747,1289.4016258901954,88.5257026093371,166.30534700230288,2.0,1.4457424960084002,1.4515561799795815,109.40162589019542,0,0
5.543367389976179,4.277305281211223,9.6456474174431,682.0103889484715,1297.774185088855,91.43922679430236,152.3311998853306,3.0,1.2959952643619683,1.4456474174431015,117.77418508885488,1,0
4.823286345894538,3.772161963014782,9.782732833377697,679.812887187901,1247.4672490004086,89.28845397444647,171.95792571722995,1.0,1.2786530355555108,1.5827328333776975,67.46724900040863,0,1
6.037665684154892,3.986705100015018,9.667226851967484,659.7859910688271,1272.6157070676172,80.85189794447304,180.3919472339832,3.0,1.5144500361006632,1.4672268519674851,92.61570706761722,1,1
5.103467988972231,3.565969186041619,9.925139558195436,694.7699089075984,1289.5127721174033,88.35627068839649,149.7792170669829,3.0,1.4311587457114692,1.725139558195437,109.5127721174033,1,0
5.112242221795971,3.591724400396433,9.456294100003335,683.5481389233748,1263.8535568059049,81.81678031306842,155.30430620122027,1.0,1.423339223858148,1.2562941000033376,83.85355680590487,0,1
5.294926368728451,3.446933144557875,9.749376653079551,693.6755104890883,1275.821517127901,76.2734440245923,159.19629433109242,3.0,1.5361267959467442,1.5493766530795536,95.82151712790096,1,0
5.283423838227781,3.9448125868553183,9.21248403472194,687.2758378816242,1332.996341105293,85.20330852586699,176.4704816036037,3.0,1.339334561670578,1.0124840347219397,152.9963411052927,1,0
5.192699753013791,3.488593380975998,9.605118669337044,726.4991419719402,1267.434937038601,89.90670875744406,171.05388263401616,1.0,1.4884795057635976,1.4051186693370443,87.43493703860099,0,1
5.625389401387095,3.5973704686477093,9.519414481664988,709.3923553774541,1303.186435433499,82.44931257150333,154.59163952484863,3.0,1.5637503695686894,1.3194144816649889,123.1864354334989,1,1
4.929640536227771,3.6758873854916367,9.466763401587142,661.2573917612746,1306.0898916745057,82.60572039333283,168.85979858015764,1.0,1.3410749617476037,1.2667634015871432,126.08989167450544,0,1
5.646987157846894,3.234221922541277,9.483472127960264,734.1205165611872,1263.8494909955905,88.04295560946115,160.54447310795024,1.0,1.7460110318168227,1.283472127960266,83.84949099559026,0,1
4.532659091119538,3.477526822332288,9.486716081214658,676.0943783417313,1271.2536791433524,85.34615986346253,162.79062985238548,2.0,1.3034145590791404,1.2867160812146583,91.25367914335244,0,1
5.176091918467176,3.890719301935672,9.564668850225766,672.6417108871402,1296.2304661053158,84.46398615180252,159.0716846893011,2.0,1.3303688895165602,1.3646688502257671,116.23046610531584,0,1
5.333918814109374,3.555806907895993,9.467941587589378,673.5580155746194,1302.2499187308977,82.04832207699224,157.7055028542083,3.0,1.5000586226335468,1.2679415875893785,122.24991873089766,1,0
4.6877104313013,4.560772545604805,9.677039168402688,674.5603299194078,1260.3977991641343,88.57691886036838,149.28097159112778,3.0,1.0278325400794197,1.477039168402689,80.39779916413431,1,0
4.979072609203478,4.175650515301042,9.245823397330629,670.8732073234507,1312.4066296996389,83.93840281601346,174.52554810585758,3.0,1.1924064501485483,1.0458233973306277,132.40662969963887,1,1
5.48765806283726,4.213063287584687,9.57166620154366,694.6920241294382,1312.1963770380926,83.17741443983086,194.8524439116644,1.0,1.302533972776078,1.3716662015436611,132.19637703809258,0,0
4.5938504716567765,3.309774811277639,9.572684380602588,698.7366386258765,1289.9311039153652,86.38860175876374,166.38081675465537,1.0,1.387964659896452,1.3726843806025872,109.93110391536516,0,0
5.555286797231928,3.523607702691258,9.467877889830564,681.2216719901738,1269.4634454637694,79.85992799534814,172.5303128730753,2.0,1.576590603832636,1.2678778898305652,89.4634454637694,0,0
5.424813938650273,3.62888530756717,9.60360547708564,671.2951504566578,1307.3191453801437,84.21909016346423,171.29460467431497,2.0,1.4948981511879769,1.403605477085641,127.31914538014372,0,1
5.040171001031193,3.754590810961437,9.179445523854664,688.4632167739812,1280.918621957742,86.21200765649499,173.1196427988289,3.0,1.342402209309769,0.9794455238546648,100.91862195774206,1,0
4.845052721850462,4.480022748301081,9.485317582094003,683.2741335111397,1300.1700734468154,87.19219708135593,155.8885207569353,1.0,1.0814794908365877,1.285317582094006,120.17007344681542,0,0
4.5874220864581,3.1360081730866067,9.420071880151731,648.2299941183193,1333.6953544897442,86.46193762708357,164.57813376090422,1.0,1.4628221075330046,1.2200718801517318,153.6953544897442,0,1
6.159131924406957,3.7451830211195336,9.658436997661417,700.9291896199999,1300.3014813142147,80.37698060907324,163.01018749476438,1.0,1.6445476464114916,1.4584369976614155,120.3014813142147,0,0
4.865076971523743,3.5615214951494387,9.608322373514586,679.8710344537199,1266.5328610015397,78.14184104711879,175.4681365680782,2.0,1.3660108402500593,1.4083223735145864,86.53286100153946,0,0
4.24900170602104,3.802588571519817,9.595244339459748,707.7726573832208,1241.8171682327395,84.13576927890067,169.16928183648173,2.0,1.11739716905671,1.3952443394597474,61.81716823273973,0,0
4.387756870189557,3.817886975930692,9.638582046491594,659.7577388173155,1292.4426251720515,79.44448193563179,179.41612017764103,1.0,1.1492631648611558,1.4385820464915948,112.44262517205176,0,1
5.25475621363238,3.572611415960412,9.133984396751108,687.3021253143994,1294.295537910418,93.46122787499048,171.30006302451787,1.0,1.4708446008670994,0.933984396751109,114.29553791041803,0,0
4.742936809000569,3.767908961629333,9.57986040315837,703.3794784331604,1251.468402427461,77.79931932865337,181.99848621177884,1.0,1.2587716041023558,1.3798604031583714,71.46840242746066,0,0
4.234676874195153,3.790124671842348,9.763834038826364,705.4659373667006,1239.7614821548366,87.14494426447187,177.64529124939855,3.0,1.117292236991091,1.563834038826366,59.761482154836585,1,0
4.537616184502471,3.364839749770807,9.53476776922007,679.1935684208376,1283.4482643710962,82.80457974276825,167.0919881489561,1.0,1.3485385696192538,1.33476776922007,103.44826437109624,0,0
5.749894631123351,4.643698032393836,9.48067529002474,654.6353752496827,1263.5634778201209,91.73922511666974,149.68398917843786,1.0,1.2382145845347,1.280675290024741,83.56347782012085,0,1
5.646480655613838,3.7368763907904574,9.501506713235234,689.0678110593109,1330.146438638962,86.71689026102122,174.84217236431934,2.0,1.5110161706227665,1.3015067132352345,150.14643863896208,0,0
4.22269128081281,4.499957313726636,9.469927360306569,666.8554273297063,1266.071613305382,89.9735913679493,180.97538983705823,1.0,0.9383847413382254,1.2699273603065695,86.07161330538202,0,0
3.789390593424206,4.085067360561712,9.52544913765152,670.0983997124353,1260.202055761461,81.92932826684951,168.50224224211647,2.0,0.9276200997516796,1.3254491376515212,80.202055761461,0,0
6.046495788325765,3.7902105229917695,9.425151895461294,663.6350157128071,1284.6125721079395,80.05138135391465,166.59916421586678,2.0,1.595292860397032,1.2251518954612948,104.61257210793951,0,0
4.295990649969446,3.628897526860421,9.895387226187356,712.4067168275824,1269.591437390516,81.30212972141388,165.55663912924277,2.0,1.183828040606685,1.695387226187357,89.59143739051592,0,0
4.791508723246132,3.8967079342404696,9.485597443567784,673.8048687969301,1258.376293081522,79.39211478957722,166.07060614340725,1.0,1.2296299345181596,1.2855974435677862,78.37629308152214,0,0
5.099433387192767,3.01101716079606,9.662430016324352,686.8964132710197,1304.903917835766,84.60766137995356,167.4719844687757,3.0,1.693591604821998,1.4624300163243529,124.90391783576592,1,0
4.128761169159624,3.181711018748558,9.468991419502691,660.8362539518457,1305.891037536972,79.71735790893065,179.87668002967945,3.0,1.2976543575242443,1.2689914195026937,125.89103753697192,1,0
5.282073628279679,3.468925446964959,9.48148821266956,706.5661087320034,1306.5854349301355,84.41686820174561,163.27407241084836,1.0,1.5226829482249038,1.2814882126695597,126.58543493013552,0,0
4.288382927422446,3.227245881149021,9.654106539564534,687.845359298619,1306.1750604900883,83.27072495765874,174.32274322148876,2.0,1.3288057631874066,1.4541065395645347,126.17506049008853,0,0
4.748493229832525,3.777452052057871,9.556023559867068,712.8701896539308,1339.4272688426795,91.1298871239384,173.9213393204972,2.0,1.2570624757470028,1.356023559867069,159.4272688426795,0,1
6.348261177488425,3.817471140798422,9.511952587898069,668.0062490519487,1245.3684025495636,83.30302482175648,170.14348427145265,3.0,1.6629493561797404,1.3119525878980678,65.3684025495636,1,1
4.905482103491048,4.514189626627637,9.45140208370588,684.8940413904074,1273.0078418567998,86.53758968100456,182.73440688502083,1.0,1.0866805580050585,1.25140208370588,93.0078418567998,0,0
5.045207494145396,3.932563115752049,9.542759078439095,671.4309839660611,1269.5455293971231,87.04179462270687,152.76486664908674,2.0,1.2829310921047068,1.342759078439096,89.54552939712335,0,0
4.298054427652454,3.854213625552749,9.523939962617046,672.8842336722092,1289.6060285556318,85.97813898499173,151.66583721692766,1.0,1.1151572912414516,1.3239399626170467,109.60602855563184,0,1
3.638717516978204,3.8441313352559736,9.351957311250231,701.8630976042685,1224.020278617737,82.47396141853847,158.73103761997316,1.0,0.9465643076914656,1.151957311250234,44.02027861773695,0,1
5.7173401597227365,3.891636748841429,9.594390467582674,687.3455505918932,1291.4948189871302,85.39474027228898,162.08266505769672,3.0,1.469135103618214,1.3943904675826744,111.4948189871302,1,0
5.64321983136599,3.642933727560748,9.625748169059824,666.7369808784982,1279.5164548552293,89.81194331017596,173.98461583405964,2.0,1.5490866021313858,1.4257481690598262,99.51645485522933,0,1
5.319754670917549,3.718908518295763,9.71625626163594,648.8892521674187,1305.5037784519704,88.09898162572941,164.18485281091057,1.0,1.4304612881214225,1.51625626163594,125.50377845197043,0,1
5.065354417807554,3.46003166597388,9.581721461902706,685.0191393346636,1352.2136828848236,89.42360907040556,161.3732093013691,3.0,1.463961866637388,1.381721461902707,172.21368288482358,1,1
5.2142545905287045,3.097186755176608,9.482817269795644,678.4730508089834,1286.1987151604126,82.03472276181466,184.6502006118568,2.0,1.683545423965831,1.2828172697956433,106.19871516041258,0,0
6.029484612979661,3.622774361314545,9.282142587564945,710.0531877313024,1275.6991842443788,90.27693918833134,165.06683929733845,2.0,1.664327945924708,1.0821425875649435,95.69918424437878,0,0
5.56732573148853,3.899948030475635,9.397525197291102,712.1602282460208,1283.5970487704103,83.85765493203293,171.2857786354132,3.0,1.4275384406550675,1.1975251972911032,103.59704877041054,1,1
5.582770859195869,4.220479279848652,9.587180864935178,696.2633479788503,1287.1128422963786,89.47707094863908,165.84723170383953,3.0,1.3227812501127332,1.3871808649351784,107.11284229637864,1,1
5.173677914453807,3.661020687215149,9.358834899419875,696.9581265333528,1285.5502588676443,90.28306831909408,189.23068892374255,2.0,1.4131790981427423,1.158834899419876,105.55025886764452,0,1
4.343768372856615,3.4074866935723938,9.061842051041864,672.3218704491765,1284.6293804352515,78.55102389855548,172.9611210813497,3.0,1.2747719249426783,0.8618420510418634,104.62938043525172,1,1
4.701925317780544,3.7957388045002833,9.681373574659032,692.3844912114572,1300.0975634149154,85.56298837001488,175.90162155335435,1.0,1.238737847548186,1.4813735746590329,120.09756341491538,0,0
3.1227315223970384,3.468761287238808,9.503395442761445,701.9194516304891,1312.821579522574,80.38807674993066,162.26679901018613,3.0,0.9002439957413562,1.3033954427614454,132.82157952257398,1,0
4.866258889893867,3.2531887683922247,9.467171529513925,679.871256725263,1282.278739352157,83.91211106570616,186.8871403398679,1.0,1.495842766850263,1.2671715295139254,102.27873935215666,0,1
4.4258452004130895,3.354490398234621,9.394644184421756,703.884178311175,1286.4398195062404,89.89808754451454,175.88236895928952,1.0,1.3193793016736357,1.194644184421758,106.43981950624038,0,0
6.289695195168725,3.88131499803284,9.539913982984658,679.3503440906532,1308.705807970874,79.83759098223335,157.17774276794552,3.0,1.6205062451091996,1.3399139829846582,128.70580797087405,1,0
5.221348313025792,3.879806854597472,9.491245200726771,683.8474618018752,1310.3270080046316,85.27675972996767,169.97980909711396,1.0,1.345775320102044,1.2912452007267738,130.32700800463158,0,0
6.217231978225271,4.023073740600362,9.408059942032354,700.9101115349897,1314.1026622547377,86.75227693209467,187.80841944257895,3.0,1.5453934920298236,1.2080599420323548,134.10266225473765,1,1
4.515600315488737,3.895433094781741,9.720730822325562,653.7560171539014,1342.4631684290398,91.70273827127042,185.5139216779575,1.0,1.1592036634844427,1.520730822325563,162.4631684290398,0,1
5.812726084890944,4.273087317776111,9.2447649994461,675.3242121922592,1358.558473160415,78.85040068296149,140.80235688446948,2.0,1.360310625844129,1.0447649994461017,178.5584731604149,0,0
5.367680875088038,4.414999086449175,9.136549215906294,738.3625984922662,1363.8271323002186,86.16301046379124,165.03108946903376,3.0,1.2157830089585109,0.9365492159062948,183.82713230021864,1,0
5.706178968299249,4.053691661603821,9.696705240435318,651.1228185517442,1283.577163498281,84.02555158971747,165.91959155789954,3.0,1.4076499751917442,1.4967052404353185,103.57716349828092,1,1
4.961537180312913,3.543345295480175,9.547207495233112,707.4247980547223,1301.949608310367,87.6135877870988,166.7395795970339,2.0,1.4002409489251628,1.3472074952331123,121.949608310367,0,0
5.033778916882486,3.9375687647459614,9.35051500295696,670.6453720052683,1281.5888319734586,84.57830021889072,153.8880164432224,2.0,1.278397716040611,1.1505150029569613,101.58883197345858,0,1
5.441516973486591,3.664145252326665,9.341092714317629,664.454874813838,1275.7772162760095,86.2286813295405,169.02248422268596,2.0,1.485071305114407,1.1410927143176277,95.77721627600954,0,0
5.199622530091963,3.893214413625592,9.498780244161027,675.4448104031442,1312.9708561002346,85.54586291259054,160.21274662329304,2.0,1.3355602790739198,1.298780244161028,132.97085610023464,0,0
4.80856359315239,3.776505055818469,9.555201197904596,650.9650546123951,1275.433695261134,88.73402386807501,183.49523169560797,3.0,1.2732840339960732,1.3552011979045968,95.43369526113406,1,0
4.278237051002793,3.760941828466832,9.6973188127912,668.055095115854,1309.564656280944,89.219950351331,164.02596560002874,1.0,1.137544063426606,1.4973188127911996,129.56465628094406,0,0
6.003574934056885,3.908650036619292,9.618050529844552,710.0334981182143,1274.7858862881255,82.74990522913802,146.3651930644505,2.0,1.5359714674567242,1.4180505298445532,94.78588628812554,0,1
4.049148148717622,4.547792549427163,9.427216915248186,715.0537319200823,1247.998582669732,78.65399571031357,181.45802125679865,2.0,0.8903546289369104,1.2272169152481869,67.99858266973206,0,0
5.331203189288113,4.048975376491555,9.49838967599535,663.0490791489742,1278.6172962497303,86.63035306714319,155.08808032570607,3.0,1.3166795774863247,1.2983896759953506,98.61729624973054,1,1
5.1580005139447005,3.8719556891714526,9.601228695423549,680.2902915471457,1307.9761744250725,83.37186696343673,178.66039981885132,1.0,1.3321434764963185,1.4012286954235496,127.97617442507249,0,1
3.5429743780924423,3.821184421175789,9.804076276865828,693.1202268552644,1270.856254747914,82.79420722965976,150.12689529592663,1.0,0.9271927200192726,1.6040762768658272,90.85625474791392,0,0
5.230474469263195,4.338849919787791,9.546649504257706,701.2494258905069,1296.094876265936,87.2476903230294,152.79252996641816,3.0,1.2054979003084565,1.346649504257707,116.09487626593592,1,0
5.10049933497321,3.463911814389473,9.558609355580757,715.92479233976,1252.2419451304097,97.4833956073231,146.95212929595044,3.0,1.472468009235311,1.3586093555807557,72.24194513040948,1,0
5.146888895923504,4.06376986252548,9.40186944591319,676.4366609075357,1256.9718283862446,82.0209278381041,169.18662928426912,1.0,1.266530603053977,1.2018694459131911,76.97182838624462,0,0
5.416877965093132,4.836994400146818,9.477463447904295,685.3784039998692,1318.650356720335,83.00115134685456,186.03023517914465,1.0,1.119885101336654,1.2774634479042977,138.6503567203349,0,0
4.201415453773603,3.9767094315583713,9.57239516531289,657.5477154303978,1266.7108634557069,80.92075335537373,147.65675860657024,3.0,1.0565055166906343,1.3723951653128914,86.71086345570666,1,0
5.540672658364319,3.5549920342269816,9.507488209292962,673.8878858629685,1314.6951203780566,83.21371289991713,156.82572437767303,2.0,1.5585612016738468,1.3074882092929627,134.69512037805657,0,1
4.63685578635355,3.405035128860973,9.505699087226423,675.5499339893325,1274.9284233698693,73.41524217450774,182.48165730260988,2.0,1.361764448680702,1.3056990872264258,94.92842336986928,0,1
4.848031962496459,3.69086912611394,9.24093881036412,669.8536765877376,1279.5970612705364,86.07747804373257,185.78295023930605,1.0,1.3135204190475749,1.0409388103641195,99.5970612705364,0,0
5.061023272702365,4.234409145751522,9.529175790651626,696.5145660484626,1312.7621326988613,78.21225610438952,170.95382437342843,3.0,1.195213569899118,1.329175790651627,132.76213269886125,1,0
5.872470588615071,4.13248612842116,9.756736336659984,730.8262724644557,1358.110260291773,83.54544387815689,160.95331949364208,2.0,1.4210502841875556,1.556736336659986,178.11026029177333,0,1
5.025043566568472,3.7160936213811793,9.776474358562892,660.2218028503569,1272.8130028964815,85.73115589157118,173.25178614273813,3.0,1.352238150380224,1.5764743585628924,92.81300289648152,1,0
4.55839540982454,4.155635346344582,9.762897925979406,680.5980752728174,1346.8844062013966,81.55292831759922,167.4693126337214,3.0,1.0969190096858037,1.5628979259794065,166.8844062013966,1,0
5.869447804530591,4.224373600647178,9.250706527570058,682.7248013522618,1279.5915959853307,90.23499526662852,176.21376115903948,1.0,1.3894244112883294,1.050706527570059,99.59159598533074,0,1
4.45421397536076,3.832815420836789,9.699979400493705,718.5379750863561,1280.9841747964972,84.27431237166832,167.415179713303,3.0,1.1621258748813372,1.4999794004937057,100.9841747964972,1,0
4.79262067198401,3.5881837597663155,9.663333735703963,677.7758321211303,1381.65675866701,81.71640734415143,160.57685780197755,3.0,1.3356675665240922,1.463333735703964,201.65675866701008,1,0
5.896599617546393,4.688076027459628,9.907010427711649,687.2646898616737,1283.0360401641533,84.85164939839946,154.98037365625254,3.0,1.2577866872785874,1.7070104277116478,103.03604016415328,1,0
5.446203519165875,3.234660663080142,9.5853817807157,685.9913311757444,1284.7154916055977,93.15170612087144,157.7001324399831,1.0,1.6837016567593006,1.3853817807157007,104.71549160559766,0,1
4.696411158624962,3.874296557293338,9.56794829002846,706.6018262840847,1307.8861457084645,82.73069458888094,170.2602017305682,1.0,1.2121971273912426,1.367948290028462,127.88614570846426,0,1
4.484372332168247,3.6743020889477287,9.555073216762535,707.9140714205877,1290.6028624321334,78.83105631992004,155.8880382677977,1.0,1.2204691455383416,1.355073216762536,110.6028624321334,0,1
5.46946357593023,4.032492301619113,9.949633737774557,674.4472943342876,1302.914041902784,85.36090514967576,179.09111773458966,1.0,1.3563481751416613,1.7496337377745554,122.914041902784,0,0
4.2909715940411886,3.9710848843733375,9.466038960699285,672.640703567174,1276.461799639838,85.91241305904794,155.8755879082491,1.0,1.0805539840878462,1.2660389606992837,96.46179963983808,0,1
5.900029457871863,3.504572507411108,9.725800426758958,698.7627661448173,1282.201508194744,87.33966055548443,165.2360250042425,3.0,1.6835232952696992,1.525800426758959,102.20150819474406,1,1
5.244583581648616,3.505498744471027,9.42657586352464,714.2249728881955,1290.6885639260051,75.87732062599267,136.67092782726178,1.0,1.496101970775035,1.2265758635246409,110.68856392600514,0,0
4.630575508753106,3.779005158361652,9.496526432747332,649.3144332289762,1268.6244214575197,94.63298582190964,167.66678498665115,2.0,1.2253424680519094,1.2965264327473331,88.6244214575197,0,0
5.446509122228521,4.222637656840443,9.47555015760482,676.5255286957747,1337.7610344287664,82.04160408277264,173.17331997608852,2.0,1.2898357764881003,1.2755501576048207,157.76103442876638,0,0
6.363506259489569,3.5698384634538587,9.35134655005804,684.8357792445034,1283.9409564095372,94.39966725998843,176.6562416620241,1.0,1.7825754086223358,1.1513465500580402,103.9409564095372,0,0
5.500868513116762,3.676713111057858,9.71068221516721,641.9741168444566,1305.873461755798,81.28123612482692,169.7213537074662,3.0,1.4961375406410002,1.5106822151672112,125.87346175579796,1,0
4.953619743710348,3.9770858779492655,9.793631852256311,673.244596836228,1317.6007075159243,78.60594956432651,168.5288431757573,2.0,1.2455400497962292,1.5936318522563138,137.60070751592434,0,1
5.442549085800123,4.38473127276583,9.750788040184217,686.7689708316686,1300.5463559263517,87.45620326348079,167.83792478898357,1.0,1.241250317519638,1.5507880401842176,120.54635592635144,0,0
6.235441024929151,3.897374189193133,9.551557253123384,663.9436302526681,1249.903544502558,82.10890536977259,160.28616114028017,1.0,1.599908225548175,1.351557253123385,69.9035445025579,0,1
5.834015541183423,2.9908280440165,9.78023003116328,654.1528232006576,1316.2413132661816,87.54057905560273,171.124575410825,3.0,1.9506355609124424,1.5802300311632802,136.24131326618158,1,1
5.059418627971241,3.22522000102707,9.257005696988347,691.3608598194631,1295.5135536748294,88.3175793702532,188.80691487110917,3.0,1.5687049642478237,1.057005696988348,115.51355367482938,1,1
5.139932033841507,3.395149724985824,9.772039001201932,692.5278781663048,1292.357485071595,78.95033329210507,178.70581780176104,1.0,1.5139043779134258,1.572039001201933,112.35748507159497,0,0
5.421753171728605,3.3360057400004317,9.746989355238384,669.2165154497761,1257.530840337717,84.21958763839987,172.4547442105238,2.0,1.625222974017629,1.5469893552383844,77.53084033771711,0,1
5.092479911203762,4.354501287067181,9.708068618916093,695.7477202304448,1303.3473995746704,87.38859379595995,167.13500888364092,3.0,1.1694748891586952,1.5080686189160932,123.34739957467036,1,0
4.713295375520611,3.8675518169556495,9.619676355843833,631.9767248552972,1252.0071775698248,90.29533337594265,168.4207020060501,1.0,1.218676722995275,1.4196763558438317,72.00717756982476,0,1
5.753372104752771,4.179941459415211,9.690173863258526,696.0549865618474,1243.6714805736106,81.53881178922221,180.61738142274453,1.0,1.3764240861357095,1.4901738632585264,63.67148057361055,0,0
5.399417219973539,3.688526166022505,9.554747646612878,714.8950715119478,1287.4382669563204,82.62158975018146,178.67776313420558,1.0,1.463841376061626,1.3547476466128785,107.43826695632038,0,0
5.763442681926181,3.72473043425659,9.582006150995747,712.4269768216199,1296.2005318737254,86.12522604642554,179.4175491088286,1.0,1.5473449104858907,1.3820061509957495,116.20053187372535,0,1
4.387731186329475,3.5768001410837256,9.487469117330296,685.6224322411035,1263.7442425218796,81.45910998811608,188.9582428120956,1.0,1.2267196969449146,1.2874691173302963,83.74424252187964,0,0
5.019754791115422,3.7530945395764936,9.475643847577674,709.2796003605299,1271.088976942292,83.18253103595963,175.78927701770218,3.0,1.337497560171869,1.2756438475776744,91.088976942292,1,0
4.854905909269858,3.680877427552423,9.335732850426895,681.1477325910924,1319.033482055699,80.33266834424877,188.6041199425774,2.0,1.3189534298563006,1.1357328504268978,139.03348205569932,0,0
4.790679907196183,3.988953498521852,9.226573231063773,705.9734257951172,1321.0089527899945,82.66944898491806,200.7615455591812,3.0,1.200986651704622,1.0265732310637716,141.0089527899945,1,1
4.949936052310379,3.698993628608116,9.918268493091771,662.4065715011511,1299.3758587270736,88.54590842329647,149.18214320117363,1.0,1.3381845301622737,1.718268493091772,119.3758587270736,0,0
4.540504123707962,3.8545137480178058,9.367985001158404,684.9836971906765,1313.670171737382,88.73067076091358,168.56099535937878,3.0,1.1779706648769792,1.1679850011584048,133.6701717373819,1,1
5.958988051937057,3.924335495215714,9.357195211598963,719.1208895876364,1312.9404148614144,80.9779094460212,158.60230929316108,3.0,1.5184705939855,1.157195211598964,132.9404148614144,1,1
4.801523792720327,3.797078591158674,9.750184180777069,693.8819949031546,1252.161252651103,96.08638456542285,167.29867762542307,3.0,1.2645310535936567,1.5501841807770678,72.16125265110304,1,0
4.861379101073331,4.629663013761104,10.011484097850408,702.7199957003429,1290.2227434433953,88.68129955848434,190.73137644459823,2.0,1.0500503137211994,1.8114840978504088,110.2227434433953,0,0
5.13602388060384,3.5816516350216587,9.759736613526067,695.4130964645346,1281.0901060460535,83.38951148552606,186.40929343906805,1.0,1.4339819732744052,1.5597366135260682,101.0901060460535,0,0
5.768656411034307,3.602922357201104,9.613004394100107,680.5043636320606,1294.050498271714,82.21051854243514,171.97264368721525,1.0,1.601104835885092,1.413004394100108,114.05049827171388,0,0
3.9664329324546257,3.375576688137027,9.346150563143311,712.4496365464531,1226.4499782576793,86.24299671334529,173.03016176983434,3.0,1.1750386075419463,1.1461505631433138,46.44997825767928,1,0
5.429775327199577,3.868726552063002,9.807245968086828,665.976475841749,1290.054719756395,84.65462902107996,160.77981350063465,3.0,1.4035045518791291,1.6072459680868274,110.05471975639487,1,0
4.560546679763297,4.134207577252824,9.526373585974616,668.2106525155385,1306.65092945656,82.48123958442869,183.05533758392315,3.0,1.1031247448128014,1.3263735859746166,126.65092945655988,1,1
4.41593455089739,3.8394125565004575,9.165640819724038,693.7898590905534,1265.6273718902416,81.33278678009611,161.33442826857723,3.0,1.150158907062663,0.9656408197240384,85.62737189024165,1,1
4.685834523046136,4.704447398679552,9.441357985853706,724.6590549626795,1292.923826658107,83.12991161585033,175.91368406864953,3.0,0.9960435572869444,1.241357985853707,112.92382665810692,1,0
4.635939634936465,3.6282230805498976,9.708336475927194,646.5582058206478,1324.799485641482,89.33896967708762,160.45722302926774,1.0,1.2777438241079964,1.5083364759271944,144.79948564148185,0,0
5.339454776224061,3.273323318236554,9.3529641308423,658.9335046653309,1240.7637527752686,89.19633921153734,160.26644866096456,2.0,1.6312029871431692,1.1529641308422995,60.763752775268586,0,1
3.6977656123618,3.695104436694736,9.672786766863396,688.4749157209594,1274.9755028960765,92.39943612607172,180.6125509076012,3.0,1.0007201892969295,1.472786766863397,94.97550289607624,1,0
4.5352638852097815,3.1723163165401944,9.315638067560572,695.1914057002326,1284.5453657811056,88.84277619137369,164.0585461600751,2.0,1.4296379778188113,1.1156380675605728,104.5453657811056,0,1
5.747337005969765,3.989877444614968,9.344521663594604,693.2613219906223,1236.4765204365983,87.21372553508766,171.10220576659125,3.0,1.440479584726672,1.1445216635946045,56.47652043659855,1,0
5.8395603138785335,3.239456722469551,9.66450401171593,691.0998618839852,1297.651770279956,87.92814721969924,163.4949180508372,3.0,1.8026356924516025,1.4645040117159311,117.65177027995604,1,0
4.774895640964497,3.6770877028166455,9.373491147738552,672.7957144213852,1259.407719131135,83.42835969946336,171.94331160030234,2.0,1.298553645051321,1.173491147738554,79.40771913113508,0,0
4.439606014369216,3.4846000857884785,9.665194713138597,680.0822136038179,1232.8078952105695,86.26935341142253,168.49101718113857,3.0,1.2740647143990926,1.4651947131385974,52.80789521056954,1,0
4.700414015835608,3.712352080253509,9.166047842932509,687.6327937083986,1287.2677349466203,85.17356657438702,170.72962424885424,2.0,1.266155233381978,0.9660478429325076,107.26773494662052,0,0
5.253900443157093,3.409507943300561,9.415481437823392,722.3189123873921,1365.7561375946648,84.09692096257024,171.90586333008966,1.0,1.5409556243855291,1.2154814378233922,185.7561375946648,0,0
5.49033873478014,3.465507073571377,9.66712591976957,714.5243438193478,1253.4537318261844,81.80396116459039,185.34949091281263,1.0,1.5842814966578012,1.46712591976957,73.45373182618437,0,1
5.131121564344001,3.8484567427468623,9.906092407821824,728.163939244301,1306.8940822996412,84.27667151697759,161.11124951868567,1.0,1.3332932928715562,1.7060924078218245,126.89408229964124,0,0
5.343328315619589,4.034349356462416,9.743003814587471,687.7287505649776,1274.1002999597945,84.54354518996072,199.6776199332549,2.0,1.3244585042532149,1.5430038145874736,94.10029995979426,0,0
5.377732273306783,3.2539915788803278,9.484529013359923,666.814840888889,1324.759422571831,83.44314891568503,162.93844905866558,3.0,1.6526570955369713,1.2845290133599256,144.759422571831,1,1
5.124061686508827,4.284012230421452,9.716980163555188,665.7207812019203,1284.5244122236002,88.61647948674074,159.97162783545107,3.0,1.19608941564778,1.5169801635551892,104.52441222360017,1,0
5.293917950651546,3.6763723687856302,9.508747497892454,689.9375992349084,1236.1516100909282,83.68088977448274,165.910538356816,1.0,1.4399841523562085,1.3087474978924547,56.151610090928216,0,1
6.556512375316121,3.764752856088757,9.721759132800925,696.68261425333,1335.0070034209748,80.92052744626967,175.15055628549987,2.0,1.7415518691939322,1.5217591328009237,155.0070034209748,0,1
4.733636796044703,3.8753754992289338,9.696558681910926,721.0960839306417,1290.5133421541952,81.16290868358583,156.031399206909,1.0,1.2214653252994627,1.4965586819109262,110.51334215419524,0,0
4.282292220592244,3.619573414896695,9.971740118047446,663.3382788450509,1266.7228406896832,83.76634831482313,181.261589693253,2.0,1.1830930688641303,1.7717401180474468,86.72284068968315,0,0
6.23275868303836,4.341253370264031,9.665753806693113,666.5159582358864,1314.7505285503453,81.1208595217914,166.10743454182955,3.0,1.4357048875089231,1.4657538066931135,134.75052855034528,1,1
6.193790970170382,3.71085727845914,9.403736744504096,708.1977817436978,1293.4351309427414,85.31436942223367,140.1417695467118,3.0,1.669099753433021,1.2037367445040967,113.43513094274137,1,0
6.234769159457493,3.294850362884516,9.562253251787576,662.6239613343158,1289.990134039425,87.67696076337813,180.0119705639912,3.0,1.89227687782061,1.3622532517875765,109.99013403942467,1,0
4.83320012139987,4.514725978034404,9.353179654614758,686.1428467786227,1225.6952357464593,81.43039227964563,163.90380739253342,1.0,1.0705411898406247,1.1531796546147586,45.69523574645928,0,0
5.55288839793822,4.578101675510709,9.319317261870282,720.739302921369,1243.1925523873983,89.12744304811372,161.54241801841508,3.0,1.2129237815815537,1.1193172618702825,63.19255238739834,1,0
5.4317356215265535,3.4735778027472795,9.474885930329473,704.2479114103369,1294.662992331009,79.41718197621114,177.0289332690326,2.0,1.56372936735916,1.2748859303294733,114.66299233100904,0,1
3.9902350507797744,4.09397143141003,9.532584113072213,688.6726394505124,1269.2469688302697,85.60538945753599,166.799395239932,2.0,0.9746611857598652,1.3325841130722136,89.24696883026968,0,1
4.820595741525571,4.589143478822765,9.427831773874528,695.9354750886968,1322.0196324495862,78.99355192737619,158.3301436732361,1.0,1.050434740757276,1.2278317738745272,142.0196324495862,0,0
4.695010574076564,3.906601607367106,9.174165756807591,641.8070446907167,1239.596930505891,91.0927238892983,161.36245722209412,1.0,1.2018145295442602,0.9741657568075937,59.596930505890896,0,1
4.811463785403672,3.946609534699177,9.21700755621167,720.5354006911284,1269.6647810258632,86.09686024184455,152.5470072667357,1.0,1.2191385395189034,1.01700755621167,89.66478102586325,0,0
5.601035881935285,4.255720276645739,9.594438597343874,645.8165653554133,1286.190167459553,89.07327166909243,169.8926303262787,2.0,1.3161193679378225,1.3944385973438749,106.19016745955332,0,0
4.628522670863479,4.330905408041646,9.234668278461372,673.5743834536963,1287.235072518312,88.03882222839961,177.32236541173089,3.0,1.0687194093873529,1.034668278461373,107.23507251831212,1,0
4.9453372479476725,4.072910067866802,9.6447912981267,669.925124272582,1311.1073951126027,92.88720388394889,189.96283497515765,2.0,1.2142024165349676,1.4447912981267006,131.10739511260272,0,1
5.5235741274433865,3.25707324891667,9.808842669770852,686.5050569065253,1319.237322369686,84.38520894617392,149.77624166749453,1.0,1.6958704037696122,1.608842669770853,139.23732236968613,0,1
4.501052898320983,3.3449870625004032,9.415209149146476,672.0463786559451,1281.8110069528338,88.4139905329675,171.0782946748976,2.0,1.3456114516660644,1.2152091491464765,101.81100695283384,0,1
4.478529575056137,3.6953056016811408,9.446892543235176,666.9225820438304,1272.1513969584469,83.52938417085086,163.32419700074632,3.0,1.211951068893118,1.2468925432351767,92.15139695844688,1,1
4.735423569468916,4.35774679273325,9.657933383369985,667.2910449953303,1266.7433819344797,81.35969836959319,173.42207935378093,3.0,1.0866679028434585,1.4579333833699837,86.74338193447966,1,0
5.127529180824562,3.3187722772867487,9.444957882060605,752.6552012881065,1318.3036678034962,85.70915251885611,168.76460243050562,1.0,1.545007837498133,1.2449578820606035,138.30366780349618,0,0
5.570271179536697,3.7320716030617103,9.33439149768404,680.2337922506908,1308.9401139420245,90.38240031291868,153.3630659955361,2.0,1.4925413471366482,1.1343914976840406,128.94011394202448,0,1
5.183535494805697,4.212002010584,9.433269495055354,689.0269912227649,1255.4006365475552,83.56551535742138,163.05680701635677,1.0,1.2306583616412694,1.2332694950553549,75.40063654755522,0,0
3.590250349714596,3.4765648608733586,9.435733089051949,702.5298911465161,1282.196750579095,82.14348840083481,171.6020023536413,1.0,1.0327005226014905,1.2357330890519478,102.1967505790949,0,0
4.9878378278631335,3.5996095606604688,9.64281454219981,687.2079840085062,1285.9038377342995,82.68595452453015,164.76891721671842,1.0,1.3856607897113948,1.4428145421998106,105.90383773429949,0,0
5.134425728587686,3.168427531567418,9.349531956864896,658.2794599889289,1284.088980135111,80.39008212108521,146.14544774515767,1.0,1.6204965004919,1.149531956864898,104.08898013511066,0,0
4.767875403163507,3.5156894300357893,9.680358790706231,704.3123747800026,1312.3487407777582,83.23280951889825,163.88474486606512,2.0,1.356170815622585,1.4803587907062337,132.34874077775817,0,1
5.029456012730095,3.4311168587025143,9.6711389037577,682.2612505637851,1275.5368924378297,80.67546425900622,176.23155326249935,1.0,1.465836407905431,1.4711389037577014,95.53689243782948,0,0
4.432372459472337,3.751210924313444,9.314311424280833,670.20256536109,1315.9493541757302,86.22458584420151,178.01467719436502,3.0,1.1815844397238142,1.1143114242808316,135.94935417573015,1,1
4.443268212210231,3.373360233956756,9.70850397552042,660.7851134405796,1257.7700074172778,87.44381366831641,179.48905247495404,1.0,1.3171638671039203,1.508503975520421,77.77000741727784,0,0
4.57533336342941,4.240347716867688,9.06535133796454,682.82125076949,1276.0195061136117,91.59555240313291,166.85578271946315,3.0,1.078999569811264,0.8653513379645403,96.01950611361168,1,0
4.885868087325028,3.3743672534605347,9.330429976939191,729.4588176135254,1273.151916267107,87.16491391013274,161.13242653251837,2.0,1.4479360777539727,1.130429976939192,93.15191626710704,0,0
4.656605823591746,3.617810772748475,9.227480483852922,680.019809745999,1279.166721066635,83.538125875937,172.5731642604111,1.0,1.287133605046722,1.0274804838529228,99.16672106663508,0,0
5.626720294137772,3.504646972751964,9.75881378884926,651.0575743200976,1315.3335693303227,80.67160703624074,166.1095407052672,2.0,1.6055027328798208,1.558813788849262,135.3335693303227,0,0
5.431050322103598,3.61852544131152,9.59423108300754,681.961417139014,1314.6806612612315,85.68865769294091,151.64802714115953,3.0,1.5009015160148311,1.39423108300754,134.6806612612315,1,0
5.661884069137306,4.906040990121984,9.442105407502371,717.7757014456313,1319.0997125336653,81.04668738300995,156.2096808154893,3.0,1.154063751074054,1.2421054075023736,139.0997125336653,1,1
5.137209165845121,3.4731066624588105,9.660751216257,700.4937861408181,1253.5559770059715,89.66256734890754,175.2923245407555,2.0,1.479139474722915,1.460751216257,73.55597700597173,0,0
4.713981201910238,4.025271129916229,9.492767290427455,668.4854468472647,1260.5789060990662,82.9708225343281,165.02509606725158,1.0,1.171096566813686,1.292767290427456,80.57890609906622,0,0
4.973941030903372,3.3595091640731543,9.963641472602395,653.4520197990108,1251.9732832375887,90.66156037173788,155.79916376830735,2.0,1.4805558748327043,1.763641472602396,71.9732832375887,0,1
5.025213267759457,4.279474133070657,9.736568238258808,728.0672495776583,1303.449911472255,85.82889539038193,158.2730420109942,1.0,1.1742595258963393,1.5365682382588073,123.44991147225504,0,0
5.482850044328658,3.873799153585812,9.80344016758272,666.327373312901,1308.6853616104397,82.29745828936458,172.7768236493511,3.0,1.4153676598948215,1.60344016758272,128.6853616104395,1,0
4.884497734129812,3.911269629365316,9.286312267927284,654.5015823632873,1273.7551622709875,86.48760334499507,145.83111953817448,1.0,1.24882664600998,1.0863122679272834,93.75516227098774,0,1
4.969208812212289,4.032557545139251,9.90318500001698,686.2159265797186,1292.9536820839908,84.36148310011414,167.12520777125067,3.0,1.2322722627900953,1.7031850000169817,112.95368208399076,1,1
4.820187753273419,4.326098196846711,9.371172108077856,678.8102516081411,1272.9064125293164,83.10327948200634,173.58632094557623,3.0,1.114211359250384,1.171172108077858,92.9064125293164,1,0
5.4739835231186245,4.4502961019145815,9.16227696765,702.9176819511603,1262.42249729558,89.28203913262271,179.51524402100486,2.0,1.2300268109202015,0.962276967650002,82.42249729558011,0,0
6.435847617736428,4.358185307627949,9.408057221290784,712.1769059458618,1286.5433044390954,85.14532947961087,168.3620726360002,1.0,1.476726472597507,1.208057221290785,106.54330443909544,0,0
5.616079538277383,3.392350914704612,9.697222741651752,674.3599557459014,1256.2443460611228,83.16906685411314,145.22753257570403,2.0,1.6555125568755875,1.4972227416517525,76.24434606112277,0,0
5.018368019742785,4.158508814497615,9.465447138863611,650.8555822875145,1221.459298015413,90.58891576432444,174.52928127843592,2.0,1.2067710427932032,1.265447138863614,41.45929801541297,0,0
5.450943850540845,3.747196549427208,9.537420029108514,689.5073861356911,1297.9087255230888,89.45817970856397,172.56720688373193,1.0,1.4546725204258095,1.3374200291085143,117.90872552308883,0,0
3.946066213430025,4.335466391185538,9.307139620096828,691.6920011746946,1258.793550188004,81.20941540098283,185.4526638452817,3.0,0.9101826323789785,1.107139620096827,78.79355018800402,1,1
5.108186492621142,2.974721263859628,9.526512507857554,740.3001445875461,1279.41799398919,83.40648877196156,186.2165849447809,1.0,1.7171983650919271,1.3265125078575544,99.41799398919012,0,1
4.969268755899606,3.8919627954958993,9.59168196156617,660.484431667771,1250.3591403980224,82.54202343812874,168.61530949863354,1.0,1.276802738292784,1.3916819615661709,70.35914039802242,0,1
5.091093537540938,3.268150696835064,9.488788266043128,715.8979026057908,1311.3509771302536,96.65010010441678,156.52784138429433,3.0,1.557790324942315,1.2887882660431274,131.35097713025357,1,1
5.595420927358612,4.037339857215361,9.478447993827066,721.2809777628461,1306.1587454487887,85.02866954273142,174.76575686710575,3.0,1.3859177388727375,1.2784479938270668,126.15874544878876,1,0
4.525870796711798,3.560319014637965,9.505646172359471,654.0361883905584,1306.6447284564629,85.18974758372455,179.69137349970805,3.0,1.2711981080439272,1.305646172359472,126.64472845646289,1,0
5.874891614430817,3.3684450124984107,9.5004520591976,670.6156927767804,1243.9083793188167,83.02411728061219,169.01850128488925,1.0,1.744096041612166,1.3004520591975997,63.90837931881674,0,0
5.5356798766449655,3.0432296382436284,9.764849277823975,689.0737959991558,1346.407457414311,80.45825056626374,165.69097565192067,3.0,1.819014840438008,1.564849277823976,166.407457414311,1,0
5.570900059804331,3.522355332846459,9.729454584610297,675.2837097927468,1293.067533664863,90.08894558861746,187.8579706486985,1.0,1.5815837789769025,1.5294545846102974,113.06753366486303,0,1
5.105762070714504,3.894090317103629,9.776948707899969,690.1389549103862,1297.6739611156447,85.47117674260896,157.49007727444413,3.0,1.311156561258431,1.5769487078999678,117.67396111564472,1,1
4.960359963952801,3.9789916139156274,9.42397378183177,693.2023954430333,1240.9973660961934,90.82870876275751,162.3920358190591,3.0,1.2466374508954532,1.22397378183177,60.997366096193446,1,1
5.04573900696941,3.723496756585306,9.24921488417888,689.7947093491973,1288.3631329840034,84.63040163396523,173.3612418097619,3.0,1.3551076677294007,1.0492148841788822,108.3631329840034,1,1
4.962507904540532,3.646823720462825,9.383464049523877,686.550837176212,1284.58477881597,83.50165245899267,164.93611617754465,1.0,1.360775371547149,1.1834640495238773,104.58477881597014,0,0
5.113815272620089,4.006363416349746,9.396630525332071,692.1199509797357,1241.577879193856,80.62821427024701,171.71810347035853,2.0,1.2764232147474366,1.196630525332072,61.577879193856006,0,1
5.318130433724543,4.854953679595464,9.22092239429065,663.8351458441917,1265.1703149780612,83.21148808625509,179.8593412412519,1.0,1.0954029190804286,1.0209223942906505,85.17031497806124,0,0
5.866519110826628,3.962512589533573,9.553710161612733,702.0215600107838,1331.731025019775,85.07168524955344,154.02292898839244,1.0,1.4805048505944736,1.3537101616127334,151.73102501977496,0,0
4.745830034889801,3.394411068258904,9.602718881990384,698.9276294429053,1263.672900396606,87.67297058861425,161.6041043431182,2.0,1.398130614724265,1.4027188819903849,83.67290039660611,0,1
5.195818360659546,3.2719757276444565,9.257646301169189,706.8904697282333,1280.1961349248877,87.08580349708112,187.5956045865556,2.0,1.587975826095787,1.0576463011691892,100.1961349248877,0,1
4.357132978707112,3.701447933570415,9.23998053623882,683.4697825868499,1267.3366542051538,86.04694740466726,170.94123552169296,2.0,1.1771428521289722,1.0399805362388204,87.33665420515376,0,1
5.299137509538063,4.078129139621851,9.414435741636089,647.5746346129151,1299.9980262461452,84.59810112586737,167.03487240218442,1.0,1.299404047006228,1.2144357416360876,119.99802624614516,0,0
4.103399730950006,3.482354215367788,9.753742431253524,704.5766903807491,1311.0215542458618,88.13362457236039,162.42122226062423,3.0,1.178340707462548,1.553742431253525,131.0215542458618,1,1
4.5633318822642135,3.453869112389291,9.128161280956558,711.8492492737346,1310.6632134454396,87.19375888001944,177.5219469731724,2.0,1.321223165224754,0.9281612809565588,130.66321344543962,0,0
4.901337229207172,3.4042325549545622,9.672815810580254,661.6839256924594,1287.00023663466,89.32030833206242,157.78972201497743,3.0,1.4397774384226272,1.4728158105802542,107.00023663466004,1,0
4.147742103367131,3.397537986620666,9.54287390182282,652.8904045275135,1318.994415398228,87.09504275981226,179.16899185609313,1.0,1.2208081612273132,1.3428739018228215,138.99441539822806,0,0
4.638333587381808,4.068251357578632,8.915506947302035,673.229119305661,1259.7461350891494,94.1155495272753,162.12507104685176,2.0,1.1401295491737635,0.7155069473020355,79.74613508914945,0,0
5.55328196523855,3.6073530360496298,9.39604421353178,629.9485513910901,1278.8980865690723,83.2370651773686,157.6092066432198,3.0,1.5394340138608806,1.1960442135317813,98.89808656907236,1,0
3.763716968516897,4.061595995099644,9.363327304929465,685.1706563594012,1276.2087180547176,86.16462832175233,153.70570688578894,3.0,0.9266596116726524,1.1633273049294637,96.20871805471756,1,0
5.197681016616607,3.63212295117664,9.618855481546074,699.1706997997682,1320.491743837638,96.03476540225532,167.09379880911155,2.0,1.4310311311189967,1.4188554815460748,140.49174383763807,0,1
5.59967043625401,3.191793928049441,9.3864297754377,674.9724306371312,1224.598373707343,83.60266804753121,168.23807803441323,1.0,1.7543959794176522,1.1864297754377002,44.598373707342944,0,0
6.248827462107421,4.702854031631163,9.408988851798169,675.5946314627132,1240.2243467526455,91.15116752792814,156.87476256162873,2.0,1.328730898035403,1.2089888517981695,60.22434675264572,0,0
4.52464396659269,3.6132253423311327,9.324101042807184,698.8874101697983,1239.2194180956094,84.30086538124145,159.58851326362114,3.0,1.2522451650970916,1.124101042807185,59.2194180956094,1,0
5.110123596965179,4.1377555755519655,9.649920313227,679.8688263290869,1281.3180181963542,84.70937674058325,143.9016412732896,3.0,1.234998902768321,1.4499203132270004,101.31801819635416,1,0
5.889468223250482,3.74175253038485,9.187221139232502,684.3267657696567,1275.9021099567324,84.66098575917336,163.37707226607327,3.0,1.573986567484394,0.9872211392325028,95.90210995673236,1,0
4.580454450188282,4.433072209737162,9.395443729032552,717.0648089613408,1232.866383251703,84.4982408542366,197.65462993326497,1.0,1.03324607235004,1.1954437290325526,52.86638325170293,0,0
5.288805328828979,4.2414577587472255,9.374872984144366,685.2052230356637,1307.5478940359665,89.28428646208033,142.08181049206473,3.0,1.2469310384324497,1.1748729841443666,127.54789403596646,1,0
5.782787677065432,4.553958124604679,9.430142739218525,698.0709838237088,1309.9889238797036,88.22666833340546,172.05659834521475,2.0,1.2698376923036787,1.2301427392185236,129.98892387970363,0,1
5.823442953605976,3.853405990202728,9.2418941622571,685.3417864897522,1289.0158426658486,81.42249894230984,172.71527648246092,1.0,1.5112456270895969,1.0418941622571012,109.0158426658486,0,0
5.058226910106463,3.536177680388915,9.450384477321766,689.0864903851091,1244.7057130874396,85.78700720688362,162.90518081847475,3.0,1.430422158006418,1.2503844773217665,64.70571308743956,1,1
5.003906589726294,3.583463770625277,9.395896453673164,649.9982282262984,1364.036557231635,89.58206420335638,169.69059879909122,1.0,1.396388217832261,1.1958964536731642,184.03655723163504,0,0
4.85854188682056,4.135174599303907,9.330962878256448,628.9943414317945,1309.894259870474,77.49463976641252,159.14306322043905,1.0,1.1749302886662851,1.1309628782564491,129.8942598704739,0,0
5.075050696252817,3.2756247512544103,9.481780659934149,675.551646377701,1319.1448327777264,85.41484141490294,159.66689422187935,2.0,1.5493382423490276,1.2817806599341477,139.14483277772638,0,1
6.15453536804496,3.627043494416323,9.584832714460164,708.0486941018888,1255.991921921633,86.03446483414675,175.13833479221788,2.0,1.6968463090731487,1.384832714460165,75.9919219216331,0,0
5.3284842737371605,3.5341143854448456,9.371782786385513,693.7081757963938,1256.7819688803977,88.68681577977236,138.5144012062529,2.0,1.5077282993936614,1.1717827863855117,76.7819688803977,0,0
3.945298354224908,3.3998246586982663,9.2835338459513,680.6920706950594,1248.7837627474062,86.5798429784178,162.49158345164275,1.0,1.1604417136544485,1.083533845951299,68.78376274740617,0,1
4.926014331814142,3.7516062310239593,9.343353643393025,695.385833608024,1271.9352603916846,86.07065955520858,171.9249882151367,3.0,1.3130414087079174,1.1433536433930254,91.93526039168457,1,1
6.427819376717783,4.455825525477168,9.491858892982368,675.1603792401693,1273.1336985454368,83.7160025419374,165.02442432637716,1.0,1.4425653200563482,1.2918588929823684,93.1336985454368,0,0
5.294346827339727,3.963383158764173,9.340402014039038,696.6434633665407,1277.227495298054,85.98371003712226,181.82879836332933,2.0,1.335815038295401,1.1404020140390383,97.227495298054,0,0
4.841629674467302,3.871711058342179,9.412772724019309,667.283571884994,1312.9531582894124,86.22345060449153,169.25407453450322,1.0,1.25051420425209,1.2127727240193096,132.9531582894124,0,0
3.866808154338496,3.4906942875034583,9.317618930178991,672.9769700071643,1309.0978543280855,91.89590731454513,170.36957666702102,3.0,1.1077475810682595,1.1176189301789936,129.09785432808553,1,1
5.897360173806721,4.361746937974015,9.364651500875407,660.1543956355283,1308.8156007660962,81.76721429173284,172.27538737186958,1.0,1.352063807533483,1.1646515008754097,128.81560076609617,0,0
6.666463329147263,3.079314558753877,9.438126683506471,660.6851859671306,1322.309593022287,80.51026767524827,156.80150064054433,1.0,2.164917938646741,1.238126683506472,142.30959302228666,0,0
5.664242367908584,3.834809045544417,9.528011244078522,674.2999796151901,1293.109407421597,82.45465167884541,173.84703555807369,3.0,1.4770598220562474,1.3280112440785228,113.1094074215971,1,0
5.098571139421464,3.8770670392826623,9.327831112726056,717.3963675999612,1343.3524599220864,83.51545829793211,188.6976154988536,3.0,1.3150588025554868,1.1278311127260563,163.35245992208638,1,1
4.690370183304025,3.598413767943287,9.328870654445463,684.6518962203809,1288.31715482057,85.94614337206406,145.01596396518966,1.0,1.3034549344450188,1.128870654445464,108.31715482057008,0,0
5.066247329844421,4.160648461627175,9.557411012405613,681.5617856069078,1298.7389172820783,89.5149529580764,156.32076183226766,1.0,1.2176581067474803,1.3574110124056131,118.73891728207832,0,0
4.927730501675824,3.963847877493694,9.697027218649833,715.7922086042591,1257.4421439648088,85.78622412907743,172.65764296410143,3.0,1.2431684193562988,1.4970272186498337,77.44214396480879,1,0
5.610938090288292,3.7127710080087817,9.146813528956288,661.0509855137727,1261.278942391535,82.79654913223791,164.7995962257405,1.0,1.51125347528133,0.9468135289562892,81.27894239153534,0,0
5.520450770300115,3.865377640079625,9.442411181009245,667.7113255679449,1294.0753458666084,79.54638400484016,166.88234671963122,2.0,1.4281788955446582,1.2424111810092435,114.07534586660836,0,1
5.279645939064283,3.6667911842801337,9.513133775853444,674.8634617368459,1282.9704083031386,85.03662092947917,170.4746126463551,2.0,1.439854541010884,1.313133775853446,102.97040830313858,0,0
5.348256564346308,4.349600202424794,9.258150540917589,690.2672182055669,1329.6290808125962,90.39691949291766,152.99898000854546,2.0,1.229597276580774,1.0581505409175893,149.62908081259616,0,0
4.585512898082407,3.963566507749919,9.567825083692451,728.0177310261505,1254.5960989534683,83.42636167379956,158.67345827755685,2.0,1.156915845352787,1.3678250836924537,74.5960989534683,0,0
6.103766587652119,4.0617355848550885,9.151382983730644,732.0037961557155,1246.8583396508056,85.18832857780431,171.3355276598674,2.0,1.5027483839441351,0.951382983730646,66.85833965080565,0,0
4.539825748527578,3.457291607951384,9.528539924727337,683.3601799880273,1293.9539869775176,89.5582212913885,161.13703680340308,3.0,1.3131162372226195,1.3285399247273375,113.95398697751762,1,0
4.7373007797509326,3.743652448666617,9.599155110762691,662.936071755379,1269.2203174398192,78.48855292234889,150.99304855192622,1.0,1.2654221628326645,1.3991551107626918,89.22031743981915,0,1
5.592783784628283,3.358991656207764,9.585039105481878,669.9980528136067,1283.8154398862248,84.58017370038043,161.8399600620847,2.0,1.6650186589857172,1.3850391054818785,103.8154398862248,0,0
4.893665549755343,4.1341161742395816,9.378039423968495,673.7419159859239,1297.0394293709394,87.14861338520957,170.64398026901415,1.0,1.1837271480334592,1.178039423968496,117.0394293709394,0,0
5.1355487891964575,3.424522482336989,9.43755742969142,714.0864807682441,1296.6061060814798,83.67343377855347,187.9710749893358,3.0,1.4996393845229414,1.237557429691421,116.60610608147977,1,1
5.03028838397017,4.013518394712749,9.676945916702335,703.3779443950779,1269.6527059849986,85.47297777224536,163.68809211935127,3.0,1.253336321902383,1.4769459167023378,89.65270598499865,1,0
5.463470224118855,4.082975585519285,9.35269834236214,693.7500197393697,1270.3335902665265,86.40914029786364,169.7151962028986,2.0,1.3381099417193514,1.1526983423621395,90.33359026652649,0,0
4.472249581538945,3.7309849289266857,9.504648860647066,652.7971057971428,1314.84121918374,86.64537389966497,154.49154972571912,1.0,1.1986780074254615,1.3046488606470668,134.8412191837399,0,0
5.489446279536081,3.4442719484360698,9.377888139311558,700.512032496977,1286.190740696627,91.31912664103218,143.1017396963941,3.0,1.5937900259109528,1.177888139311559,106.19074069662702,1,1
4.330355936752275,3.693094224175305,9.512866443961752,637.0969211363612,1300.2932687640932,84.1286847010845,154.49748547806635,3.0,1.1725549560129949,1.312866443961754,120.29326876409324,1,0
6.3845621167789,3.500656092817448,9.23605353798538,664.5616251158823,1282.7519593262014,86.42411724283741,166.10623038061658,3.0,1.823818720169272,1.0360535379853817,102.75195932620136,1,0
4.678156620087071,2.9423721020724725,9.323918935624858,674.5704611493255,1278.228423327024,84.99360261573962,175.86728043034515,2.0,1.589926921616088,1.1239189356248591,98.22842332702407,0,1
5.013861242184783,4.524232065666642,9.568082445728564,704.9906632652264,1263.9687888032968,92.55188985391857,159.55448874106634,2.0,1.108223709195998,1.3680824457285643,83.96878880329677,0,0
4.371438039317715,3.656252567105032,9.43885198581222,705.3275886901367,1303.5680070843998,85.95338641317078,166.97322896009115,3.0,1.1956061453334856,1.2388519858122198,123.56800708439982,1,0
4.642489046159521,3.756745868305516,9.825755297601615,681.2904049567699,1294.0339501552594,87.4210292707039,172.72209292928858,1.0,1.2357740469194276,1.625755297601616,114.0339501552594,0,0
3.9465718574534874,3.3776480145290466,9.68924096597021,669.6513575620476,1255.7699394039005,87.49243308276344,141.10089833594276,2.0,1.1684378713556771,1.489240965970211,75.76993940390025,0,1
4.637975615248555,3.654402753254278,9.835171072534294,690.9028338114114,1310.9381452353518,82.4071330750342,177.5126013215596,2.0,1.2691473620003293,1.6351710725342947,130.93814523535184,0,1
4.836267996715034,3.1544506549614164,9.489603048126511,673.8137018456482,1239.0876360706009,86.68955910666828,157.75503705331187,3.0,1.5331569658809678,1.289603048126514,59.08763607060087,1,1
5.837075187277605,3.5907028465145765,9.315631651528586,684.0408614632329,1317.1983702597806,89.32918365557313,175.60874567692258,3.0,1.6256079756969948,1.1156316515285862,137.19837025978063,1,0
5.8273191555166965,3.541320166148546,9.09153213105257,677.5461543928585,1263.0925980211755,75.5511520419287,175.14884818197487,2.0,1.6455216926090095,0.8915321310525712,83.09259802117549,0,0
5.412804639752528,3.07122622767859,9.45072501562619,694.6549419700107,1292.2973551256127,81.79606290673145,182.3701274038607,3.0,1.7624245941925982,1.250725015626191,112.29735512561274,1,0
4.144871976624264,3.993797093541144,9.386109676179135,664.6453022814427,1283.8232790682953,91.41178267611625,171.13652871519247,1.0,1.0378273804369316,1.186109676179136,103.82327906829528,0,0
5.126602175908988,3.951510145330281,9.4909639503725,675.2731255402445,1254.6668391811645,76.55155165320504,172.92081085070512,1.0,1.2973779608461844,1.290963950372502,74.66683918116428,0,1
5.430797673840008,3.36888321898168,9.30587521466328,655.1896004380404,1274.251420955552,91.33519172861406,183.13834103954196,3.0,1.6120468770269634,1.1058752146632802,94.25142095555202,1,0
4.4181491849464045,3.948191149511618,9.143607224558677,670.4463464486996,1326.085929614709,83.2394954274313,156.7014223004786,2.0,1.1190312263310471,0.9436072245586776,146.08592961470868,0,0
4.437512385969206,3.955138825753584,9.387777368088626,696.0191854951288,1309.2816771432624,85.89339842220664,170.35486692441842,1.0,1.1219612206663196,1.1877773680886268,129.2816771432624,0,0
5.0732356872551305,3.423593148992803,9.434731463730282,682.9739502664593,1322.322113338602,88.26012308352124,167.9004146103599,2.0,1.481845378521626,1.2347314637302826,142.3221133386021,0,0
5.868971117340058,4.164020518280645,9.0928412322146,620.0016550887143,1261.4032185547237,87.06182363806874,185.0964190624644,1.0,1.409448173985932,0.892841232214602,81.40321855472371,0,0
5.555100749520157,3.433078370305408,9.3496427051486,682.3187859308724,1263.8074895964037,85.08826553999266,161.4657101057138,2.0,1.618110671737407,1.149642705148601,83.80748959640346,0,0
4.276885588644753,4.870249384372731,9.261100314948123,683.22977033228,1276.660856871266,83.75514609655588,179.39143893862322,1.0,0.8781656236105523,1.0611003149481242,96.6608568712661,0,1
5.346853725196514,4.500350839709069,9.747250545495378,711.5271592696181,1283.5693845175376,83.2588090055547,168.09734977407516,3.0,1.188097087193778,1.5472505454953789,103.56938451753764,1,0
5.495849420855939,3.6710997336677136,9.49440282481605,690.4990204842279,1259.554586431496,78.569307871441,160.13516025246506,2.0,1.497058052919772,1.29440282481605,79.55458643149609,0,1
4.95064765721043,3.984884428881976,9.460622878489025,727.4132146639013,1285.697283532553,88.37339155534998,182.1016088437252,3.0,1.2423566465532498,1.2606228784890252,105.697283532553,1,0
4.709826972056458,3.802522975447787,9.332668366413635,708.2910624363898,1295.5673593630988,88.00844556900368,164.2695136750664,2.0,1.2386057891637643,1.132668366413638,115.56735936309884,0,1
4.899543123763152,3.732211587822672,9.601090073007931,660.9008560247879,1318.6336246717326,81.67436222793518,158.96740288737345,1.0,1.312772067488466,1.401090073007934,138.6336246717326,0,1
5.866849789819292,3.5704101712994527,9.271609357825325,735.2219843887182,1287.982660880513,84.19897874116666,157.6859422247732,2.0,1.6431864986651834,1.0716093578253236,107.98266088051332,0,0
5.046901214138583,3.761183337810419,9.86893530587554,676.9678858593659,1296.820088199215,78.82198400406396,179.68244022199693,2.0,1.3418386607377688,1.6689353058755394,116.82008819921498,0,0
5.633553392863752,3.8006881300815927,9.837634722825824,675.4817019246672,1261.1642639576182,88.06219971626221,171.88842716964947,2.0,1.4822456351504345,1.6376347228258243,81.16426395761823,0,0
5.0258750647867165,3.5470264356936614,9.84335785993451,658.3841823863702,1237.2676895295851,83.57528383103447,157.2151592793048,2.0,1.416926305593469,1.6433578599345111,57.26768952958514,0,0
5.510679101084414,3.666529494892472,9.548150974627289,662.7336729378032,1319.5755414911057,82.04690887421434,170.08683089679948,2.0,1.5029687084906589,1.3481509746272895,139.5755414911057,0,1
